Test_W_2Layers_input_size_10_node1_20_node2_40_node3_0_node4_0,0.22964002838804787
Test_W_2Layers_input_size_10_node1_50_node2_50_node3_0_node4_0,0.22981338749066565
Test_W_2Layers_input_size_10_node1_20_node2_80_node3_0_node4_0,0.23027056723788408
Test_W_2Layers_input_size_10_node1_40_node2_80_node3_0_node4_0,0.23038332374260154
Test_W_2Layers_input_size_10_node1_50_node2_90_node3_0_node4_0,0.2305200487362805
Test_W_2Layers_input_size_10_node1_40_node2_40_node3_0_node4_0,0.23054416683342488
Test_W_2Layers_input_size_5_node1_50_node2_80_node3_0_node4_0,0.23065496454215342
Test_W_2Layers_input_size_10_node1_30_node2_60_node3_0_node4_0,0.23071400475611445
Test_W_2Layers_input_size_10_node1_80_node2_70_node3_0_node4_0,0.23077846987734346
Test_W_2Layers_input_size_10_node1_10_node2_80_node3_0_node4_0,0.23078212607442788
Test_W_2Layers_input_size_15_node1_50_node2_60_node3_0_node4_0,0.2308112283062706
Test_W_2Layers_input_size_10_node1_10_node2_50_node3_0_node4_0,0.23091830035707492
Test_W_2Layers_input_size_10_node1_70_node2_100_node3_0_node4_0,0.23096447503189524
Test_W_2Layers_input_size_15_node1_20_node2_80_node3_0_node4_0,0.2310955849807446
Test_W_2Layers_input_size_30_node1_50_node2_60_node3_0_node4_0,0.23113796091075534
Test_W_2Layers_input_size_40_node1_10_node2_70_node3_0_node4_0,0.23120201779364866
Test_W_2Layers_input_size_10_node1_90_node2_70_node3_0_node4_0,0.23129264206412323
Test_W_2Layers_input_size_15_node1_10_node2_90_node3_0_node4_0,0.23130895726527173
Test_W_2Layers_input_size_10_node1_30_node2_100_node3_0_node4_0,0.23133240533158433
Test_W_2Layers_input_size_5_node1_70_node2_100_node3_0_node4_0,0.2313974628802103
Test_W_2Layers_input_size_30_node1_70_node2_70_node3_0_node4_0,0.23140634136211027
Test_W_2Layers_input_size_10_node1_80_node2_80_node3_0_node4_0,0.2314124506545273
Test_W_2Layers_input_size_20_node1_90_node2_100_node3_0_node4_0,0.231452821054467
Test_W_2Layers_input_size_100_node1_70_node2_10_node3_0_node4_0,0.23158114507518004
Test_W_2Layers_input_size_10_node1_20_node2_70_node3_0_node4_0,0.23166834872793501
Test_W_2Layers_input_size_10_node1_20_node2_50_node3_0_node4_0,0.2317988194845969
Test_W_2Layers_input_size_5_node1_100_node2_90_node3_0_node4_0,0.2317996230443065
Test_W_2Layers_input_size_15_node1_60_node2_90_node3_0_node4_0,0.2318775952648922
Test_W_2Layers_input_size_60_node1_40_node2_100_node3_0_node4_0,0.2320295516828556
Test_W_2Layers_input_size_20_node1_50_node2_10_node3_0_node4_0,0.23207613931431906
Test_W_2Layers_input_size_40_node1_10_node2_80_node3_0_node4_0,0.2321481695916602
Test_W_2Layers_input_size_10_node1_80_node2_90_node3_0_node4_0,0.23215387424327089
Test_W_2Layers_input_size_15_node1_30_node2_40_node3_0_node4_0,0.23219899301848615
Test_W_2Layers_input_size_15_node1_70_node2_50_node3_0_node4_0,0.23229068772290742
Test_W_2Layers_input_size_15_node1_80_node2_20_node3_0_node4_0,0.23231052488206316
Test_W_2Layers_input_size_10_node1_70_node2_90_node3_0_node4_0,0.23240608674608257
Test_W_2Layers_input_size_20_node1_80_node2_100_node3_0_node4_0,0.2324146862681399
Test_W_2Layers_input_size_15_node1_50_node2_40_node3_0_node4_0,0.23244012232083605
Test_W_2Layers_input_size_55_node1_80_node2_100_node3_0_node4_0,0.23245088412263795
Test_W_2Layers_input_size_20_node1_90_node2_10_node3_0_node4_0,0.2325099409577707
Test_W_2Layers_input_size_10_node1_100_node2_50_node3_0_node4_0,0.23254135811235083
Test_W_2Layers_input_size_5_node1_70_node2_60_node3_0_node4_0,0.23256876655333134
Test_W_2Layers_input_size_5_node1_40_node2_70_node3_0_node4_0,0.23261924986161275
Test_W_2Layers_input_size_5_node1_100_node2_80_node3_0_node4_0,0.23263509570931057
Test_W_1Layers_input_size_5_node1_20_node2_0_node3_0_node4_0,0.23264789810971284
Test_W_2Layers_input_size_40_node1_80_node2_100_node3_0_node4_0,0.23268520440212384
Test_W_2Layers_input_size_10_node1_90_node2_40_node3_0_node4_0,0.23268714960908496
Test_W_2Layers_input_size_85_node1_20_node2_80_node3_0_node4_0,0.23269886853656516
Test_W_2Layers_input_size_40_node1_100_node2_70_node3_0_node4_0,0.23271219569791474
Test_W_2Layers_input_size_40_node1_60_node2_90_node3_0_node4_0,0.23274109660696435
Test_W_2Layers_input_size_40_node1_30_node2_60_node3_0_node4_0,0.23277545928717208
Test_W_2Layers_input_size_5_node1_50_node2_90_node3_0_node4_0,0.23279550317510767
Test_W_2Layers_input_size_15_node1_70_node2_40_node3_0_node4_0,0.23285375268012037
Test_W_2Layers_input_size_40_node1_60_node2_70_node3_0_node4_0,0.23288705099409704
Test_W_2Layers_input_size_25_node1_10_node2_90_node3_0_node4_0,0.23290704529162126
Test_W_2Layers_input_size_10_node1_90_node2_100_node3_0_node4_0,0.23295754324491855
Test_W_2Layers_input_size_70_node1_70_node2_90_node3_0_node4_0,0.23296840906917768
Test_W_2Layers_input_size_5_node1_20_node2_70_node3_0_node4_0,0.23300101948993943
Test_W_2Layers_input_size_35_node1_60_node2_90_node3_0_node4_0,0.233028509750819
Test_W_2Layers_input_size_60_node1_50_node2_10_node3_0_node4_0,0.23303679056628968
Test_W_2Layers_input_size_20_node1_90_node2_70_node3_0_node4_0,0.23303711827590684
Test_W_2Layers_input_size_80_node1_90_node2_90_node3_0_node4_0,0.23304822815858062
Test_W_2Layers_input_size_15_node1_40_node2_80_node3_0_node4_0,0.2330500424560176
Test_W_2Layers_input_size_80_node1_30_node2_90_node3_0_node4_0,0.2330541425563483
Test_W_2Layers_input_size_10_node1_60_node2_80_node3_0_node4_0,0.2330550376953653
Test_W_2Layers_input_size_5_node1_30_node2_80_node3_0_node4_0,0.23306478010214662
Test_W_2Layers_input_size_10_node1_30_node2_70_node3_0_node4_0,0.23307183689883149
Test_W_2Layers_input_size_80_node1_90_node2_30_node3_0_node4_0,0.2330855263152922
Test_W_2Layers_input_size_5_node1_80_node2_50_node3_0_node4_0,0.23309099226748536
Test_W_2Layers_input_size_50_node1_40_node2_70_node3_0_node4_0,0.23310633460636365
Test_W_2Layers_input_size_15_node1_10_node2_80_node3_0_node4_0,0.23312607839094593
Test_W_2Layers_input_size_15_node1_80_node2_60_node3_0_node4_0,0.2331337005945005
Test_W_2Layers_input_size_45_node1_50_node2_70_node3_0_node4_0,0.23321544384647935
Test_W_2Layers_input_size_20_node1_70_node2_90_node3_0_node4_0,0.23322553894341763
Test_W_2Layers_input_size_10_node1_90_node2_10_node3_0_node4_0,0.23324877038245206
Test_W_2Layers_input_size_95_node1_70_node2_40_node3_0_node4_0,0.23326173074698783
Test_W_2Layers_input_size_15_node1_40_node2_70_node3_0_node4_0,0.2332647651090787
Test_W_2Layers_input_size_90_node1_40_node2_100_node3_0_node4_0,0.23327548886727148
Test_W_2Layers_input_size_90_node1_100_node2_80_node3_0_node4_0,0.23327619152371887
Test_W_2Layers_input_size_35_node1_40_node2_100_node3_0_node4_0,0.23331212798190354
Test_W_2Layers_input_size_50_node1_100_node2_100_node3_0_node4_0,0.23336423040650894
Test_W_2Layers_input_size_5_node1_100_node2_100_node3_0_node4_0,0.2334147411701351
Test_W_2Layers_input_size_45_node1_50_node2_90_node3_0_node4_0,0.2334473530733878
Test_W_2Layers_input_size_5_node1_20_node2_80_node3_0_node4_0,0.23344775999519934
Test_W_2Layers_input_size_80_node1_60_node2_80_node3_0_node4_0,0.23346499367961115
Test_W_2Layers_input_size_20_node1_100_node2_80_node3_0_node4_0,0.23346932583629254
Test_W_2Layers_input_size_20_node1_90_node2_20_node3_0_node4_0,0.23348924633980084
Test_W_2Layers_input_size_5_node1_70_node2_20_node3_0_node4_0,0.23350564736892734
Test_W_2Layers_input_size_95_node1_90_node2_20_node3_0_node4_0,0.23352108211017986
Test_W_2Layers_input_size_80_node1_70_node2_90_node3_0_node4_0,0.2335234191681143
Test_W_2Layers_input_size_35_node1_10_node2_90_node3_0_node4_0,0.23352515798785337
Test_W_2Layers_input_size_80_node1_100_node2_100_node3_0_node4_0,0.23355611957341324
Test_W_2Layers_input_size_35_node1_60_node2_30_node3_0_node4_0,0.23359494735257808
Test_W_2Layers_input_size_10_node1_10_node2_60_node3_0_node4_0,0.23360293698824244
Test_W_2Layers_input_size_90_node1_100_node2_10_node3_0_node4_0,0.2336664934983022
Test_W_2Layers_input_size_10_node1_10_node2_70_node3_0_node4_0,0.2336826987583139
Test_W_2Layers_input_size_10_node1_40_node2_70_node3_0_node4_0,0.23368723411677564
Test_W_2Layers_input_size_90_node1_80_node2_40_node3_0_node4_0,0.23371259543053818
Test_W_2Layers_input_size_80_node1_80_node2_40_node3_0_node4_0,0.23372029414089554
Test_W_2Layers_input_size_80_node1_60_node2_100_node3_0_node4_0,0.23372303564939723
Test_W_2Layers_input_size_10_node1_90_node2_50_node3_0_node4_0,0.23375887153997296
Test_W_2Layers_input_size_40_node1_100_node2_100_node3_0_node4_0,0.2337870375466669
Test_W_2Layers_input_size_100_node1_90_node2_100_node3_0_node4_0,0.23382714932509313
Test_W_2Layers_input_size_80_node1_100_node2_40_node3_0_node4_0,0.23383057463969023
Test_W_2Layers_input_size_60_node1_40_node2_70_node3_0_node4_0,0.23383685159761053
Test_W_2Layers_input_size_15_node1_60_node2_100_node3_0_node4_0,0.2338445143559071
Test_W_2Layers_input_size_10_node1_60_node2_40_node3_0_node4_0,0.2338521370378421
Test_W_2Layers_input_size_15_node1_80_node2_10_node3_0_node4_0,0.23387258244044304
Test_W_2Layers_input_size_30_node1_30_node2_70_node3_0_node4_0,0.2338730762301645
Test_W_2Layers_input_size_30_node1_100_node2_100_node3_0_node4_0,0.2338739841633831
Test_W_2Layers_input_size_25_node1_30_node2_90_node3_0_node4_0,0.23391459862303704
Test_W_2Layers_input_size_80_node1_90_node2_80_node3_0_node4_0,0.23393048412535283
Test_W_2Layers_input_size_40_node1_20_node2_10_node3_0_node4_0,0.2339489561349107
Test_W_2Layers_input_size_5_node1_90_node2_40_node3_0_node4_0,0.23395042109393455
Test_W_2Layers_input_size_30_node1_100_node2_10_node3_0_node4_0,0.23396059593664642
Test_W_2Layers_input_size_30_node1_70_node2_100_node3_0_node4_0,0.23400044712407034
Test_W_2Layers_input_size_5_node1_30_node2_50_node3_0_node4_0,0.23402044976622208
Test_W_2Layers_input_size_85_node1_70_node2_80_node3_0_node4_0,0.23403199050496842
Test_W_2Layers_input_size_80_node1_20_node2_60_node3_0_node4_0,0.2340346646914895
Test_W_2Layers_input_size_75_node1_50_node2_70_node3_0_node4_0,0.23403632012497547
Test_W_2Layers_input_size_30_node1_60_node2_20_node3_0_node4_0,0.23404871958616866
Test_W_2Layers_input_size_35_node1_30_node2_90_node3_0_node4_0,0.2340619380572389
Test_W_2Layers_input_size_35_node1_60_node2_80_node3_0_node4_0,0.23406784275613812
Test_W_2Layers_input_size_20_node1_30_node2_90_node3_0_node4_0,0.2340684554993799
Test_W_2Layers_input_size_100_node1_10_node2_30_node3_0_node4_0,0.23407895941980594
Test_W_2Layers_input_size_70_node1_70_node2_60_node3_0_node4_0,0.23408654263907097
Test_W_2Layers_input_size_100_node1_10_node2_100_node3_0_node4_0,0.23408918437444454
Test_W_2Layers_input_size_35_node1_40_node2_50_node3_0_node4_0,0.2340907757669071
Test_W_2Layers_input_size_60_node1_50_node2_80_node3_0_node4_0,0.23411038879071147
Test_W_2Layers_input_size_25_node1_100_node2_60_node3_0_node4_0,0.2341113435410038
Test_W_2Layers_input_size_95_node1_30_node2_80_node3_0_node4_0,0.23411163792155856
Test_W_2Layers_input_size_40_node1_100_node2_90_node3_0_node4_0,0.2341223706246961
Test_W_2Layers_input_size_20_node1_100_node2_100_node3_0_node4_0,0.23413003994954446
Test_W_2Layers_input_size_5_node1_80_node2_60_node3_0_node4_0,0.23416604423072557
Test_W_2Layers_input_size_5_node1_30_node2_10_node3_0_node4_0,0.23416861348061258
Test_W_2Layers_input_size_10_node1_50_node2_40_node3_0_node4_0,0.23416990207210847
Test_W_2Layers_input_size_5_node1_40_node2_30_node3_0_node4_0,0.2341827955509001
Test_W_2Layers_input_size_15_node1_20_node2_60_node3_0_node4_0,0.234183606837979
Test_W_2Layers_input_size_10_node1_40_node2_50_node3_0_node4_0,0.23418732122430222
Test_W_2Layers_input_size_65_node1_100_node2_10_node3_0_node4_0,0.23419074922450106
Test_W_2Layers_input_size_15_node1_40_node2_30_node3_0_node4_0,0.2341948214008285
Test_W_1Layers_input_size_90_node1_10_node2_0_node3_0_node4_0,0.23419811408538183
Test_W_2Layers_input_size_10_node1_60_node2_30_node3_0_node4_0,0.23420903369581905
Test_W_2Layers_input_size_5_node1_90_node2_80_node3_0_node4_0,0.23422182959070986
Test_W_2Layers_input_size_15_node1_30_node2_100_node3_0_node4_0,0.2342273167397976
Test_W_2Layers_input_size_55_node1_90_node2_60_node3_0_node4_0,0.23423223915981384
Test_W_2Layers_input_size_15_node1_60_node2_30_node3_0_node4_0,0.23424269597697747
Test_W_2Layers_input_size_5_node1_60_node2_90_node3_0_node4_0,0.23425635672761466
Test_W_2Layers_input_size_50_node1_20_node2_90_node3_0_node4_0,0.23426647852786237
Test_W_2Layers_input_size_15_node1_80_node2_90_node3_0_node4_0,0.2342726404466102
Test_W_2Layers_input_size_25_node1_90_node2_30_node3_0_node4_0,0.23427843647773963
Test_W_2Layers_input_size_40_node1_90_node2_100_node3_0_node4_0,0.23430400408882077
Test_W_2Layers_input_size_60_node1_100_node2_50_node3_0_node4_0,0.23433196944361673
Test_W_2Layers_input_size_75_node1_60_node2_10_node3_0_node4_0,0.23434724643417035
Test_W_2Layers_input_size_75_node1_70_node2_60_node3_0_node4_0,0.23435243656903307
Test_W_2Layers_input_size_15_node1_30_node2_90_node3_0_node4_0,0.23436509747248654
Test_W_2Layers_input_size_50_node1_90_node2_10_node3_0_node4_0,0.23437057331991096
Test_W_2Layers_input_size_75_node1_20_node2_80_node3_0_node4_0,0.23437387942999943
Test_W_2Layers_input_size_60_node1_90_node2_90_node3_0_node4_0,0.23437720138787535
Test_W_2Layers_input_size_40_node1_40_node2_10_node3_0_node4_0,0.23439964323824286
Test_W_2Layers_input_size_25_node1_90_node2_70_node3_0_node4_0,0.23440035841769183
Test_W_2Layers_input_size_35_node1_10_node2_60_node3_0_node4_0,0.23440383098021844
Test_W_2Layers_input_size_60_node1_30_node2_50_node3_0_node4_0,0.23442490364309493
Test_W_2Layers_input_size_35_node1_40_node2_80_node3_0_node4_0,0.2344510193564647
Test_W_2Layers_input_size_35_node1_40_node2_30_node3_0_node4_0,0.2344542925537691
Test_W_2Layers_input_size_95_node1_100_node2_80_node3_0_node4_0,0.23449502891434365
Test_W_2Layers_input_size_80_node1_50_node2_80_node3_0_node4_0,0.23450651452637822
Test_W_2Layers_input_size_40_node1_30_node2_80_node3_0_node4_0,0.23452178808919733
Test_W_2Layers_input_size_35_node1_80_node2_80_node3_0_node4_0,0.23452360687153165
Test_W_2Layers_input_size_65_node1_60_node2_70_node3_0_node4_0,0.2345275064839288
Test_W_2Layers_input_size_10_node1_30_node2_40_node3_0_node4_0,0.23454647943657628
Test_W_2Layers_input_size_65_node1_80_node2_100_node3_0_node4_0,0.23454929070209946
Test_W_2Layers_input_size_20_node1_80_node2_90_node3_0_node4_0,0.2345534281248165
Test_W_2Layers_input_size_55_node1_10_node2_50_node3_0_node4_0,0.2345568904800573
Test_W_2Layers_input_size_30_node1_40_node2_90_node3_0_node4_0,0.2345621156808788
Test_W_2Layers_input_size_80_node1_50_node2_50_node3_0_node4_0,0.23456382297810577
Test_W_2Layers_input_size_30_node1_20_node2_30_node3_0_node4_0,0.23457459057568203
Test_W_2Layers_input_size_15_node1_60_node2_50_node3_0_node4_0,0.23457779058499792
Test_W_2Layers_input_size_100_node1_50_node2_80_node3_0_node4_0,0.2345981489271908
Test_W_1Layers_input_size_55_node1_20_node2_0_node3_0_node4_0,0.2346205458266525
Test_W_2Layers_input_size_80_node1_90_node2_70_node3_0_node4_0,0.23462983423606973
Test_W_2Layers_input_size_5_node1_80_node2_40_node3_0_node4_0,0.2346341051932266
Test_W_2Layers_input_size_10_node1_10_node2_100_node3_0_node4_0,0.23464822737721053
Test_W_2Layers_input_size_15_node1_100_node2_50_node3_0_node4_0,0.23465436339575663
Test_W_2Layers_input_size_35_node1_50_node2_100_node3_0_node4_0,0.2346688494782861
Test_W_2Layers_input_size_15_node1_50_node2_20_node3_0_node4_0,0.23466901616225086
Test_W_2Layers_input_size_15_node1_30_node2_30_node3_0_node4_0,0.23468025515075056
Test_W_2Layers_input_size_15_node1_100_node2_60_node3_0_node4_0,0.2346892634146482
Test_W_2Layers_input_size_40_node1_60_node2_50_node3_0_node4_0,0.23470322355635667
Test_W_2Layers_input_size_65_node1_30_node2_60_node3_0_node4_0,0.23471929375447498
Test_W_2Layers_input_size_30_node1_40_node2_50_node3_0_node4_0,0.23472372179348652
Test_W_2Layers_input_size_35_node1_70_node2_70_node3_0_node4_0,0.23472818942560797
Test_W_2Layers_input_size_80_node1_80_node2_100_node3_0_node4_0,0.23472995899705826
Test_W_2Layers_input_size_10_node1_40_node2_10_node3_0_node4_0,0.23474234562369983
Test_W_2Layers_input_size_10_node1_30_node2_90_node3_0_node4_0,0.23474811418830085
Test_W_2Layers_input_size_50_node1_100_node2_90_node3_0_node4_0,0.23475750863109132
Test_W_2Layers_input_size_75_node1_60_node2_90_node3_0_node4_0,0.2347628721815242
Test_W_2Layers_input_size_30_node1_100_node2_70_node3_0_node4_0,0.23477643919552285
Test_W_2Layers_input_size_55_node1_90_node2_30_node3_0_node4_0,0.23477817666875345
Test_W_2Layers_input_size_35_node1_90_node2_70_node3_0_node4_0,0.23477855748308601
Test_W_2Layers_input_size_70_node1_20_node2_90_node3_0_node4_0,0.2347841744227452
Test_W_2Layers_input_size_5_node1_100_node2_70_node3_0_node4_0,0.23479198872686016
Test_W_2Layers_input_size_100_node1_70_node2_40_node3_0_node4_0,0.23479218705606772
Test_W_2Layers_input_size_70_node1_40_node2_80_node3_0_node4_0,0.23479919986915485
Test_W_2Layers_input_size_55_node1_30_node2_100_node3_0_node4_0,0.2348073309795741
Test_W_2Layers_input_size_15_node1_100_node2_70_node3_0_node4_0,0.2348093458648677
Test_W_2Layers_input_size_45_node1_60_node2_100_node3_0_node4_0,0.23480992494287556
Test_W_2Layers_input_size_35_node1_20_node2_90_node3_0_node4_0,0.23481401017865727
Test_W_2Layers_input_size_70_node1_90_node2_90_node3_0_node4_0,0.23482609888723488
Test_W_2Layers_input_size_20_node1_30_node2_80_node3_0_node4_0,0.2348396463854159
Test_W_2Layers_input_size_50_node1_90_node2_40_node3_0_node4_0,0.23484052678711637
Test_W_2Layers_input_size_100_node1_10_node2_60_node3_0_node4_0,0.2348416768564379
Test_W_2Layers_input_size_90_node1_70_node2_50_node3_0_node4_0,0.2348489261292808
Test_W_2Layers_input_size_25_node1_40_node2_70_node3_0_node4_0,0.2348545017306592
Test_W_2Layers_input_size_10_node1_60_node2_90_node3_0_node4_0,0.23486593011008702
Test_W_2Layers_input_size_90_node1_50_node2_90_node3_0_node4_0,0.2348690071914813
Test_W_2Layers_input_size_15_node1_30_node2_80_node3_0_node4_0,0.23487578773112666
Test_W_2Layers_input_size_35_node1_30_node2_70_node3_0_node4_0,0.23490336783872495
Test_W_2Layers_input_size_90_node1_70_node2_100_node3_0_node4_0,0.2349043193660158
Test_W_2Layers_input_size_35_node1_60_node2_100_node3_0_node4_0,0.23490665059158902
Test_W_2Layers_input_size_5_node1_40_node2_50_node3_0_node4_0,0.23491764034340323
Test_W_2Layers_input_size_15_node1_100_node2_90_node3_0_node4_0,0.2349240944024591
Test_W_2Layers_input_size_30_node1_80_node2_70_node3_0_node4_0,0.23492544227938839
Test_W_2Layers_input_size_35_node1_40_node2_60_node3_0_node4_0,0.23492674257686202
Test_W_2Layers_input_size_80_node1_80_node2_10_node3_0_node4_0,0.2349399671447858
Test_W_2Layers_input_size_40_node1_20_node2_70_node3_0_node4_0,0.23494520760994533
Test_W_2Layers_input_size_35_node1_60_node2_70_node3_0_node4_0,0.2349466822129562
Test_W_2Layers_input_size_45_node1_60_node2_90_node3_0_node4_0,0.2349518194672883
Test_W_2Layers_input_size_15_node1_80_node2_40_node3_0_node4_0,0.23495606078860554
Test_W_2Layers_input_size_30_node1_90_node2_90_node3_0_node4_0,0.23495772558539457
Test_W_2Layers_input_size_100_node1_60_node2_60_node3_0_node4_0,0.23498223637088916
Test_W_2Layers_input_size_90_node1_50_node2_80_node3_0_node4_0,0.23498572411445712
Test_W_2Layers_input_size_45_node1_80_node2_100_node3_0_node4_0,0.234988506345503
Test_W_2Layers_input_size_30_node1_40_node2_80_node3_0_node4_0,0.23500027695852557
Test_W_2Layers_input_size_35_node1_100_node2_40_node3_0_node4_0,0.23500281330971176
Test_W_2Layers_input_size_65_node1_40_node2_10_node3_0_node4_0,0.23501184091259994
Test_W_2Layers_input_size_35_node1_60_node2_10_node3_0_node4_0,0.23501818935277807
Test_W_2Layers_input_size_80_node1_10_node2_100_node3_0_node4_0,0.23502756507499567
Test_W_2Layers_input_size_20_node1_70_node2_50_node3_0_node4_0,0.23503667890123991
Test_W_2Layers_input_size_5_node1_20_node2_20_node3_0_node4_0,0.23503851747378302
Test_W_2Layers_input_size_40_node1_10_node2_40_node3_0_node4_0,0.23504095039034248
Test_W_2Layers_input_size_90_node1_10_node2_100_node3_0_node4_0,0.2350497704923313
Test_W_2Layers_input_size_70_node1_50_node2_40_node3_0_node4_0,0.23505999283796175
Test_W_2Layers_input_size_35_node1_80_node2_100_node3_0_node4_0,0.23506032565104468
Test_W_2Layers_input_size_5_node1_80_node2_10_node3_0_node4_0,0.23506046828507882
Test_W_2Layers_input_size_55_node1_40_node2_10_node3_0_node4_0,0.23506224327915234
Test_W_2Layers_input_size_35_node1_70_node2_50_node3_0_node4_0,0.2350671323676314
Test_W_2Layers_input_size_35_node1_90_node2_100_node3_0_node4_0,0.2350773618818215
Test_W_2Layers_input_size_65_node1_70_node2_30_node3_0_node4_0,0.23507833647536214
Test_W_2Layers_input_size_30_node1_20_node2_100_node3_0_node4_0,0.23507948538125747
Test_W_2Layers_input_size_70_node1_70_node2_80_node3_0_node4_0,0.23508227442600158
Test_W_2Layers_input_size_20_node1_40_node2_60_node3_0_node4_0,0.23508986489725123
Test_W_2Layers_input_size_20_node1_50_node2_90_node3_0_node4_0,0.23509022936047674
Test_W_2Layers_input_size_15_node1_50_node2_100_node3_0_node4_0,0.23509297866268813
Test_W_2Layers_input_size_10_node1_70_node2_70_node3_0_node4_0,0.23509589431405425
Test_W_2Layers_input_size_55_node1_80_node2_80_node3_0_node4_0,0.23511827548792996
Test_W_2Layers_input_size_20_node1_50_node2_100_node3_0_node4_0,0.23514505087206689
Test_W_2Layers_input_size_45_node1_30_node2_60_node3_0_node4_0,0.23516486903012038
Test_W_2Layers_input_size_60_node1_40_node2_90_node3_0_node4_0,0.23518257880859508
Test_W_2Layers_input_size_25_node1_50_node2_20_node3_0_node4_0,0.23520122174092467
Test_W_2Layers_input_size_90_node1_30_node2_90_node3_0_node4_0,0.23520552983793977
Test_W_2Layers_input_size_85_node1_90_node2_100_node3_0_node4_0,0.23523903368616095
Test_W_1Layers_input_size_20_node1_100_node2_0_node3_0_node4_0,0.2352397542317538
Test_W_2Layers_input_size_5_node1_30_node2_70_node3_0_node4_0,0.23526373684724547
Test_W_2Layers_input_size_65_node1_40_node2_60_node3_0_node4_0,0.2352928705754348
Test_W_2Layers_input_size_20_node1_80_node2_40_node3_0_node4_0,0.23529659119942342
Test_W_2Layers_input_size_75_node1_50_node2_30_node3_0_node4_0,0.2353032169309387
Test_W_2Layers_input_size_75_node1_40_node2_90_node3_0_node4_0,0.2353089559143782
Test_W_2Layers_input_size_70_node1_70_node2_70_node3_0_node4_0,0.23531715648091617
Test_W_2Layers_input_size_5_node1_30_node2_60_node3_0_node4_0,0.23533205291801135
Test_W_2Layers_input_size_35_node1_90_node2_20_node3_0_node4_0,0.23533329556436028
Test_W_2Layers_input_size_45_node1_30_node2_100_node3_0_node4_0,0.23534575332500124
Test_W_2Layers_input_size_15_node1_40_node2_90_node3_0_node4_0,0.23536245233818007
Test_W_2Layers_input_size_65_node1_100_node2_50_node3_0_node4_0,0.23536724813907936
Test_W_2Layers_input_size_50_node1_50_node2_60_node3_0_node4_0,0.2354023035838544
Test_W_2Layers_input_size_90_node1_90_node2_80_node3_0_node4_0,0.23541876122434666
Test_W_2Layers_input_size_10_node1_40_node2_30_node3_0_node4_0,0.23541922803486878
Test_W_2Layers_input_size_40_node1_30_node2_30_node3_0_node4_0,0.23543716393475386
Test_W_2Layers_input_size_15_node1_20_node2_20_node3_0_node4_0,0.23543845349466347
Test_W_2Layers_input_size_55_node1_80_node2_50_node3_0_node4_0,0.2354454628808193
Test_W_2Layers_input_size_55_node1_20_node2_70_node3_0_node4_0,0.23545716318582172
Test_W_2Layers_input_size_35_node1_80_node2_60_node3_0_node4_0,0.2354947600272738
Test_W_2Layers_input_size_95_node1_30_node2_60_node3_0_node4_0,0.2355043540519693
Test_W_2Layers_input_size_10_node1_50_node2_70_node3_0_node4_0,0.23551427985742154
Test_W_2Layers_input_size_30_node1_20_node2_80_node3_0_node4_0,0.2355152289165091
Test_W_2Layers_input_size_65_node1_100_node2_90_node3_0_node4_0,0.23553946026318004
Test_W_2Layers_input_size_45_node1_100_node2_60_node3_0_node4_0,0.2355537891163948
Test_W_2Layers_input_size_10_node1_80_node2_20_node3_0_node4_0,0.23556277188229477
Test_W_2Layers_input_size_100_node1_70_node2_20_node3_0_node4_0,0.23557781092245872
Test_W_1Layers_input_size_35_node1_70_node2_0_node3_0_node4_0,0.2355883582358769
Test_W_2Layers_input_size_70_node1_100_node2_50_node3_0_node4_0,0.23559789310682686
Test_W_2Layers_input_size_80_node1_10_node2_80_node3_0_node4_0,0.23560104759360662
Test_W_2Layers_input_size_70_node1_80_node2_80_node3_0_node4_0,0.2356015456666057
Test_W_2Layers_input_size_40_node1_100_node2_80_node3_0_node4_0,0.23560775172599477
Test_W_2Layers_input_size_95_node1_40_node2_60_node3_0_node4_0,0.2356082655961955
Test_W_2Layers_input_size_30_node1_40_node2_60_node3_0_node4_0,0.23561100094794102
Test_W_2Layers_input_size_90_node1_20_node2_90_node3_0_node4_0,0.23561663756974688
Test_W_2Layers_input_size_15_node1_50_node2_80_node3_0_node4_0,0.23561864553428125
Test_W_2Layers_input_size_100_node1_30_node2_90_node3_0_node4_0,0.23562456655841899
Test_W_2Layers_input_size_95_node1_90_node2_80_node3_0_node4_0,0.23563634492239843
Test_W_2Layers_input_size_25_node1_80_node2_10_node3_0_node4_0,0.23565556057327205
Test_W_2Layers_input_size_30_node1_60_node2_30_node3_0_node4_0,0.23565609014738637
Test_W_2Layers_input_size_100_node1_100_node2_40_node3_0_node4_0,0.23566919475160078
Test_W_2Layers_input_size_90_node1_70_node2_80_node3_0_node4_0,0.23567100467886642
Test_W_2Layers_input_size_80_node1_20_node2_40_node3_0_node4_0,0.23568657422143133
Test_W_2Layers_input_size_95_node1_90_node2_100_node3_0_node4_0,0.2356887949708431
Test_W_2Layers_input_size_25_node1_30_node2_70_node3_0_node4_0,0.23570333601575794
Test_W_2Layers_input_size_20_node1_20_node2_50_node3_0_node4_0,0.23571310330095396
Test_W_2Layers_input_size_65_node1_50_node2_90_node3_0_node4_0,0.23572689218529355
Test_W_2Layers_input_size_60_node1_50_node2_40_node3_0_node4_0,0.23573784369865325
Test_W_2Layers_input_size_25_node1_40_node2_100_node3_0_node4_0,0.23574843915916158
Test_W_2Layers_input_size_25_node1_90_node2_100_node3_0_node4_0,0.23578322463475862
Test_W_2Layers_input_size_55_node1_60_node2_60_node3_0_node4_0,0.235792854319292
Test_W_2Layers_input_size_5_node1_50_node2_20_node3_0_node4_0,0.23579648016093424
Test_W_2Layers_input_size_40_node1_80_node2_80_node3_0_node4_0,0.2357987314724592
Test_W_2Layers_input_size_35_node1_100_node2_100_node3_0_node4_0,0.23580136192501158
Test_W_2Layers_input_size_100_node1_60_node2_70_node3_0_node4_0,0.23580798927146365
Test_W_2Layers_input_size_10_node1_90_node2_90_node3_0_node4_0,0.23581133841979962
Test_W_2Layers_input_size_100_node1_60_node2_100_node3_0_node4_0,0.2358126259335066
Test_W_2Layers_input_size_60_node1_40_node2_50_node3_0_node4_0,0.23581741257925967
Test_W_2Layers_input_size_55_node1_70_node2_40_node3_0_node4_0,0.23581898441038665
Test_W_2Layers_input_size_35_node1_50_node2_90_node3_0_node4_0,0.2358199243445975
Test_W_2Layers_input_size_90_node1_80_node2_90_node3_0_node4_0,0.23582425273278246
Test_W_2Layers_input_size_5_node1_60_node2_60_node3_0_node4_0,0.2358361553906759
Test_W_2Layers_input_size_95_node1_10_node2_100_node3_0_node4_0,0.23583741117687942
Test_W_2Layers_input_size_10_node1_50_node2_80_node3_0_node4_0,0.23585042673063866
Test_W_2Layers_input_size_5_node1_50_node2_60_node3_0_node4_0,0.2358618937228685
Test_W_2Layers_input_size_40_node1_30_node2_90_node3_0_node4_0,0.23586326782915912
Test_W_2Layers_input_size_55_node1_40_node2_80_node3_0_node4_0,0.23586395487930245
Test_W_2Layers_input_size_35_node1_50_node2_70_node3_0_node4_0,0.23587086475509597
Test_W_2Layers_input_size_100_node1_20_node2_90_node3_0_node4_0,0.23587157547369636
Test_W_2Layers_input_size_90_node1_90_node2_60_node3_0_node4_0,0.23587325749918578
Test_W_2Layers_input_size_60_node1_70_node2_60_node3_0_node4_0,0.23587962223824627
Test_W_2Layers_input_size_90_node1_30_node2_70_node3_0_node4_0,0.23589127732016352
Test_W_2Layers_input_size_55_node1_10_node2_90_node3_0_node4_0,0.23589234330500977
Test_W_2Layers_input_size_65_node1_70_node2_60_node3_0_node4_0,0.2358952569723451
Test_W_2Layers_input_size_90_node1_60_node2_50_node3_0_node4_0,0.23590605854699243
Test_W_2Layers_input_size_45_node1_100_node2_100_node3_0_node4_0,0.23590763768313375
Test_W_2Layers_input_size_100_node1_90_node2_90_node3_0_node4_0,0.23590861674223287
Test_W_2Layers_input_size_50_node1_10_node2_100_node3_0_node4_0,0.2359161806263819
Test_W_2Layers_input_size_90_node1_50_node2_10_node3_0_node4_0,0.23593536559143674
Test_W_2Layers_input_size_95_node1_100_node2_90_node3_0_node4_0,0.23594288914569844
Test_W_2Layers_input_size_65_node1_20_node2_90_node3_0_node4_0,0.23594590481572963
Test_W_2Layers_input_size_85_node1_50_node2_60_node3_0_node4_0,0.23595485686569753
Test_W_2Layers_input_size_20_node1_40_node2_40_node3_0_node4_0,0.2359602958201389
Test_W_2Layers_input_size_95_node1_10_node2_10_node3_0_node4_0,0.23596441639591179
Test_W_2Layers_input_size_15_node1_80_node2_50_node3_0_node4_0,0.23597298096400163
Test_W_2Layers_input_size_25_node1_100_node2_80_node3_0_node4_0,0.23597564894106757
Test_W_2Layers_input_size_55_node1_20_node2_80_node3_0_node4_0,0.23598163204623404
Test_W_2Layers_input_size_40_node1_90_node2_60_node3_0_node4_0,0.23598690463058233
Test_W_2Layers_input_size_65_node1_90_node2_30_node3_0_node4_0,0.2359924375602379
Test_W_2Layers_input_size_20_node1_60_node2_60_node3_0_node4_0,0.23599428447221477
Test_W_2Layers_input_size_5_node1_70_node2_80_node3_0_node4_0,0.23599805717911174
Test_W_2Layers_input_size_45_node1_40_node2_60_node3_0_node4_0,0.23600430805862777
Test_W_2Layers_input_size_80_node1_10_node2_30_node3_0_node4_0,0.23600512097650003
Test_W_2Layers_input_size_15_node1_50_node2_10_node3_0_node4_0,0.23601572022219885
Test_W_2Layers_input_size_40_node1_20_node2_40_node3_0_node4_0,0.23603003594586147
Test_W_2Layers_input_size_95_node1_30_node2_10_node3_0_node4_0,0.2360330583939228
Test_W_2Layers_input_size_35_node1_100_node2_90_node3_0_node4_0,0.23604189666227318
Test_W_2Layers_input_size_95_node1_90_node2_40_node3_0_node4_0,0.23604849358259578
Test_W_2Layers_input_size_55_node1_40_node2_100_node3_0_node4_0,0.23605412764848208
Test_W_2Layers_input_size_30_node1_100_node2_20_node3_0_node4_0,0.23605824658634925
Test_W_2Layers_input_size_5_node1_100_node2_40_node3_0_node4_0,0.23607109216087335
Test_W_2Layers_input_size_25_node1_40_node2_40_node3_0_node4_0,0.23607166025368026
Test_W_2Layers_input_size_70_node1_10_node2_100_node3_0_node4_0,0.23607188117829156
Test_W_2Layers_input_size_90_node1_70_node2_60_node3_0_node4_0,0.2360729857982467
Test_W_2Layers_input_size_75_node1_10_node2_80_node3_0_node4_0,0.23609061956697105
Test_W_2Layers_input_size_45_node1_100_node2_90_node3_0_node4_0,0.23610351071482172
Test_W_2Layers_input_size_45_node1_20_node2_90_node3_0_node4_0,0.23610452051797343
Test_W_2Layers_input_size_45_node1_80_node2_70_node3_0_node4_0,0.23610583010000344
Test_W_2Layers_input_size_90_node1_60_node2_60_node3_0_node4_0,0.2361127960076396
Test_W_2Layers_input_size_5_node1_90_node2_90_node3_0_node4_0,0.23612182850371324
Test_W_2Layers_input_size_45_node1_70_node2_60_node3_0_node4_0,0.23612210460077093
Test_W_2Layers_input_size_35_node1_10_node2_40_node3_0_node4_0,0.23612933822865192
Test_W_2Layers_input_size_35_node1_80_node2_50_node3_0_node4_0,0.23612943288752608
Test_W_2Layers_input_size_15_node1_20_node2_50_node3_0_node4_0,0.23614034206858314
Test_W_2Layers_input_size_15_node1_70_node2_80_node3_0_node4_0,0.23614934196075585
Test_W_2Layers_input_size_15_node1_10_node2_100_node3_0_node4_0,0.23615115609555387
Test_W_2Layers_input_size_95_node1_40_node2_70_node3_0_node4_0,0.23615646433167464
Test_W_2Layers_input_size_90_node1_30_node2_60_node3_0_node4_0,0.236166039362267
Test_W_2Layers_input_size_90_node1_20_node2_40_node3_0_node4_0,0.23616696214124608
Test_W_2Layers_input_size_100_node1_50_node2_60_node3_0_node4_0,0.23617066110796817
Test_W_2Layers_input_size_25_node1_70_node2_90_node3_0_node4_0,0.23618107942140287
Test_W_2Layers_input_size_10_node1_70_node2_60_node3_0_node4_0,0.23618864246626092
Test_W_2Layers_input_size_80_node1_50_node2_100_node3_0_node4_0,0.23620126803178487
Test_W_2Layers_input_size_60_node1_70_node2_90_node3_0_node4_0,0.2362168893620952
Test_W_2Layers_input_size_20_node1_30_node2_70_node3_0_node4_0,0.2362193653387843
Test_W_2Layers_input_size_90_node1_10_node2_70_node3_0_node4_0,0.23621944419111868
Test_W_2Layers_input_size_45_node1_10_node2_70_node3_0_node4_0,0.23622341831467822
Test_W_2Layers_input_size_45_node1_40_node2_70_node3_0_node4_0,0.23622907186334083
Test_W_2Layers_input_size_45_node1_20_node2_70_node3_0_node4_0,0.23624213679917477
Test_W_2Layers_input_size_80_node1_20_node2_70_node3_0_node4_0,0.2362459055480172
Test_W_2Layers_input_size_30_node1_90_node2_70_node3_0_node4_0,0.2362477031727308
Test_W_2Layers_input_size_80_node1_40_node2_60_node3_0_node4_0,0.23625017094227496
Test_W_2Layers_input_size_100_node1_50_node2_50_node3_0_node4_0,0.2362575031406023
Test_W_2Layers_input_size_25_node1_50_node2_100_node3_0_node4_0,0.23625909569553505
Test_W_2Layers_input_size_25_node1_30_node2_80_node3_0_node4_0,0.23627089761214518
Test_W_2Layers_input_size_45_node1_90_node2_50_node3_0_node4_0,0.23627282906540886
Test_W_2Layers_input_size_30_node1_60_node2_40_node3_0_node4_0,0.2362734518571765
Test_W_2Layers_input_size_75_node1_90_node2_40_node3_0_node4_0,0.2362737908444107
Test_W_2Layers_input_size_70_node1_100_node2_90_node3_0_node4_0,0.23627718069000372
Test_W_2Layers_input_size_95_node1_50_node2_100_node3_0_node4_0,0.2362923003857915
Test_W_2Layers_input_size_65_node1_40_node2_90_node3_0_node4_0,0.23630038800106812
Test_W_2Layers_input_size_90_node1_40_node2_40_node3_0_node4_0,0.23630313898839664
Test_W_2Layers_input_size_40_node1_90_node2_90_node3_0_node4_0,0.23630345428575825
Test_W_1Layers_input_size_15_node1_50_node2_0_node3_0_node4_0,0.23631122623272835
Test_W_2Layers_input_size_45_node1_60_node2_70_node3_0_node4_0,0.23631136022957253
Test_W_2Layers_input_size_65_node1_60_node2_40_node3_0_node4_0,0.23631865900171145
Test_W_2Layers_input_size_60_node1_20_node2_50_node3_0_node4_0,0.2363312618583382
Test_W_2Layers_input_size_25_node1_70_node2_30_node3_0_node4_0,0.23633837086559523
Test_W_1Layers_input_size_5_node1_100_node2_0_node3_0_node4_0,0.23635637886830052
Test_W_2Layers_input_size_20_node1_20_node2_80_node3_0_node4_0,0.23637165898141074
Test_W_2Layers_input_size_50_node1_70_node2_70_node3_0_node4_0,0.23637645794667475
Test_W_2Layers_input_size_55_node1_10_node2_20_node3_0_node4_0,0.23638754483869498
Test_W_1Layers_input_size_75_node1_60_node2_0_node3_0_node4_0,0.23638953049579256
Test_W_2Layers_input_size_50_node1_80_node2_50_node3_0_node4_0,0.23639518007177143
Test_W_2Layers_input_size_55_node1_100_node2_90_node3_0_node4_0,0.23639656683686794
Test_W_2Layers_input_size_70_node1_50_node2_60_node3_0_node4_0,0.23640225564036663
Test_W_2Layers_input_size_100_node1_20_node2_50_node3_0_node4_0,0.2364057775872169
Test_W_2Layers_input_size_45_node1_70_node2_40_node3_0_node4_0,0.23640873220014227
Test_W_2Layers_input_size_90_node1_70_node2_20_node3_0_node4_0,0.23641071767928332
Test_W_2Layers_input_size_65_node1_50_node2_50_node3_0_node4_0,0.2364137273817403
Test_W_2Layers_input_size_75_node1_20_node2_90_node3_0_node4_0,0.23641600433013005
Test_W_2Layers_input_size_95_node1_100_node2_70_node3_0_node4_0,0.23643381734597294
Test_W_2Layers_input_size_5_node1_50_node2_100_node3_0_node4_0,0.23643862292753898
Test_W_2Layers_input_size_70_node1_30_node2_50_node3_0_node4_0,0.23645585131637933
Test_W_2Layers_input_size_20_node1_10_node2_30_node3_0_node4_0,0.23645705654763055
Test_W_2Layers_input_size_100_node1_60_node2_90_node3_0_node4_0,0.23646162534234275
Test_W_2Layers_input_size_70_node1_40_node2_50_node3_0_node4_0,0.2364659892465887
Test_W_2Layers_input_size_40_node1_10_node2_20_node3_0_node4_0,0.23648128590678677
Test_W_2Layers_input_size_90_node1_90_node2_40_node3_0_node4_0,0.23648953245983195
Test_W_2Layers_input_size_5_node1_40_node2_60_node3_0_node4_0,0.23650801724127749
Test_W_2Layers_input_size_55_node1_60_node2_80_node3_0_node4_0,0.23654294299740605
Test_W_2Layers_input_size_10_node1_60_node2_20_node3_0_node4_0,0.23655515595126436
Test_W_2Layers_input_size_40_node1_40_node2_30_node3_0_node4_0,0.23655929766091205
Test_W_2Layers_input_size_55_node1_60_node2_70_node3_0_node4_0,0.23657780848447235
Test_W_2Layers_input_size_95_node1_60_node2_30_node3_0_node4_0,0.23658167423714843
Test_W_2Layers_input_size_40_node1_20_node2_50_node3_0_node4_0,0.23661547129489127
Test_W_2Layers_input_size_100_node1_100_node2_100_node3_0_node4_0,0.23661588851235105
Test_W_2Layers_input_size_90_node1_40_node2_90_node3_0_node4_0,0.2366215877866291
Test_W_2Layers_input_size_25_node1_90_node2_80_node3_0_node4_0,0.23662423270706173
Test_W_2Layers_input_size_100_node1_10_node2_50_node3_0_node4_0,0.2366365044361943
Test_W_1Layers_input_size_70_node1_90_node2_0_node3_0_node4_0,0.2366370711716203
Test_W_2Layers_input_size_40_node1_100_node2_30_node3_0_node4_0,0.236652655863976
Test_W_2Layers_input_size_75_node1_90_node2_80_node3_0_node4_0,0.23665341145933666
Test_W_2Layers_input_size_55_node1_100_node2_100_node3_0_node4_0,0.23667388245306747
Test_W_2Layers_input_size_45_node1_100_node2_50_node3_0_node4_0,0.2366838851281974
Test_W_2Layers_input_size_20_node1_80_node2_30_node3_0_node4_0,0.23668822919533303
Test_W_2Layers_input_size_35_node1_100_node2_20_node3_0_node4_0,0.23669063728515716
Test_W_2Layers_input_size_50_node1_100_node2_50_node3_0_node4_0,0.23669885293664905
Test_W_2Layers_input_size_90_node1_30_node2_80_node3_0_node4_0,0.23670648599714147
Test_W_2Layers_input_size_35_node1_60_node2_60_node3_0_node4_0,0.2367065489491943
Test_W_2Layers_input_size_80_node1_50_node2_60_node3_0_node4_0,0.23671155358382306
Test_W_2Layers_input_size_90_node1_60_node2_20_node3_0_node4_0,0.23671997309201961
Test_W_2Layers_input_size_10_node1_100_node2_20_node3_0_node4_0,0.23672293952029452
Test_W_2Layers_input_size_40_node1_20_node2_100_node3_0_node4_0,0.23672298673105407
Test_W_2Layers_input_size_5_node1_90_node2_50_node3_0_node4_0,0.2367257800175696
Test_W_2Layers_input_size_45_node1_20_node2_20_node3_0_node4_0,0.23672825853997823
Test_W_2Layers_input_size_5_node1_10_node2_80_node3_0_node4_0,0.2367313428871804
Test_W_2Layers_input_size_5_node1_60_node2_30_node3_0_node4_0,0.23673490714652323
Test_W_2Layers_input_size_65_node1_60_node2_100_node3_0_node4_0,0.23673984823848393
Test_W_2Layers_input_size_30_node1_60_node2_60_node3_0_node4_0,0.2367522398546643
Test_W_2Layers_input_size_95_node1_80_node2_50_node3_0_node4_0,0.23680985431849413
Test_W_1Layers_input_size_15_node1_70_node2_0_node3_0_node4_0,0.23681941079662167
Test_W_2Layers_input_size_15_node1_80_node2_30_node3_0_node4_0,0.23682074788626478
Test_W_2Layers_input_size_80_node1_70_node2_50_node3_0_node4_0,0.23682597032877956
Test_W_2Layers_input_size_45_node1_80_node2_90_node3_0_node4_0,0.23682612762947827
Test_W_2Layers_input_size_70_node1_10_node2_90_node3_0_node4_0,0.23682955675874595
Test_W_2Layers_input_size_10_node1_70_node2_10_node3_0_node4_0,0.2368310904128769
Test_W_2Layers_input_size_85_node1_10_node2_80_node3_0_node4_0,0.23683539245633353
Test_W_2Layers_input_size_60_node1_10_node2_30_node3_0_node4_0,0.23683637554487452
Test_W_2Layers_input_size_25_node1_20_node2_50_node3_0_node4_0,0.2368403943683918
Test_W_2Layers_input_size_60_node1_80_node2_80_node3_0_node4_0,0.2368531975236586
Test_W_2Layers_input_size_40_node1_90_node2_50_node3_0_node4_0,0.23686226469595228
Test_W_2Layers_input_size_90_node1_40_node2_10_node3_0_node4_0,0.23686945212970828
Test_W_2Layers_input_size_50_node1_90_node2_60_node3_0_node4_0,0.2368702306242127
Test_W_2Layers_input_size_55_node1_30_node2_60_node3_0_node4_0,0.23688635038996983
Test_W_2Layers_input_size_5_node1_80_node2_100_node3_0_node4_0,0.23689278226350355
Test_W_2Layers_input_size_5_node1_20_node2_50_node3_0_node4_0,0.23690313737024837
Test_W_2Layers_input_size_95_node1_60_node2_80_node3_0_node4_0,0.23690401010343812
Test_W_2Layers_input_size_45_node1_40_node2_90_node3_0_node4_0,0.23690811426505784
Test_W_2Layers_input_size_10_node1_10_node2_30_node3_0_node4_0,0.2369095923748167
Test_W_2Layers_input_size_95_node1_10_node2_70_node3_0_node4_0,0.236911840970913
Test_W_2Layers_input_size_20_node1_30_node2_10_node3_0_node4_0,0.23691312250389557
Test_W_2Layers_input_size_55_node1_30_node2_10_node3_0_node4_0,0.23692089017509768
Test_W_2Layers_input_size_60_node1_90_node2_60_node3_0_node4_0,0.23692342955083
Test_W_2Layers_input_size_100_node1_90_node2_50_node3_0_node4_0,0.2369333902448856
Test_W_2Layers_input_size_45_node1_10_node2_10_node3_0_node4_0,0.23693377545668723
Test_W_2Layers_input_size_80_node1_30_node2_50_node3_0_node4_0,0.23693785551875154
Test_W_2Layers_input_size_30_node1_40_node2_10_node3_0_node4_0,0.23694466332716432
Test_W_2Layers_input_size_5_node1_90_node2_100_node3_0_node4_0,0.23694943496542553
Test_W_2Layers_input_size_80_node1_10_node2_10_node3_0_node4_0,0.23698129321111844
Test_W_2Layers_input_size_65_node1_100_node2_100_node3_0_node4_0,0.23699459175938822
Test_W_2Layers_input_size_20_node1_90_node2_60_node3_0_node4_0,0.2370001326009323
Test_W_2Layers_input_size_90_node1_60_node2_80_node3_0_node4_0,0.23700866760125805
Test_W_2Layers_input_size_25_node1_80_node2_80_node3_0_node4_0,0.2370118033114653
Test_W_2Layers_input_size_75_node1_50_node2_90_node3_0_node4_0,0.23701320218634622
Test_W_2Layers_input_size_35_node1_90_node2_10_node3_0_node4_0,0.23701965419340412
Test_W_2Layers_input_size_70_node1_40_node2_60_node3_0_node4_0,0.2370262160423612
Test_W_2Layers_input_size_45_node1_60_node2_50_node3_0_node4_0,0.2370357952298216
Test_W_2Layers_input_size_55_node1_60_node2_30_node3_0_node4_0,0.23703728825944373
Test_W_2Layers_input_size_60_node1_80_node2_60_node3_0_node4_0,0.2370382940846243
Test_W_2Layers_input_size_60_node1_20_node2_60_node3_0_node4_0,0.2370448397020434
Test_W_2Layers_input_size_90_node1_90_node2_100_node3_0_node4_0,0.2370614426003691
Test_W_2Layers_input_size_100_node1_60_node2_30_node3_0_node4_0,0.23706453046977607
Test_W_2Layers_input_size_5_node1_70_node2_40_node3_0_node4_0,0.23706790115153387
Test_W_2Layers_input_size_35_node1_40_node2_90_node3_0_node4_0,0.2370872207548044
Test_W_2Layers_input_size_75_node1_50_node2_60_node3_0_node4_0,0.2370897033550206
Test_W_2Layers_input_size_40_node1_90_node2_70_node3_0_node4_0,0.23709441708136178
Test_W_2Layers_input_size_50_node1_60_node2_50_node3_0_node4_0,0.23710637381349536
Test_W_2Layers_input_size_30_node1_80_node2_100_node3_0_node4_0,0.23710990101286156
Test_W_2Layers_input_size_90_node1_70_node2_90_node3_0_node4_0,0.23711316107252012
Test_W_2Layers_input_size_40_node1_30_node2_50_node3_0_node4_0,0.23712440204293606
Test_W_2Layers_input_size_75_node1_10_node2_30_node3_0_node4_0,0.23713075676527376
Test_W_2Layers_input_size_15_node1_20_node2_30_node3_0_node4_0,0.23713352953883765
Test_W_2Layers_input_size_95_node1_60_node2_40_node3_0_node4_0,0.23713994685358397
Test_W_2Layers_input_size_60_node1_70_node2_10_node3_0_node4_0,0.23714269595609536
Test_W_2Layers_input_size_30_node1_100_node2_80_node3_0_node4_0,0.23715507437715824
Test_W_2Layers_input_size_95_node1_20_node2_90_node3_0_node4_0,0.23716748356700806
Test_W_2Layers_input_size_10_node1_90_node2_20_node3_0_node4_0,0.23717744971834018
Test_W_2Layers_input_size_85_node1_90_node2_20_node3_0_node4_0,0.23717785024049148
Test_W_2Layers_input_size_70_node1_50_node2_90_node3_0_node4_0,0.2371821067282327
Test_W_2Layers_input_size_75_node1_10_node2_90_node3_0_node4_0,0.2371832847094996
Test_W_2Layers_input_size_40_node1_50_node2_10_node3_0_node4_0,0.23722374874049923
Test_W_2Layers_input_size_15_node1_40_node2_50_node3_0_node4_0,0.23723258190662025
Test_W_2Layers_input_size_25_node1_20_node2_40_node3_0_node4_0,0.23724422547997645
Test_W_2Layers_input_size_80_node1_30_node2_60_node3_0_node4_0,0.23725058484382217
Test_W_2Layers_input_size_100_node1_60_node2_10_node3_0_node4_0,0.23726590942526543
Test_W_2Layers_input_size_45_node1_90_node2_100_node3_0_node4_0,0.23727333583869173
Test_W_1Layers_input_size_10_node1_90_node2_0_node3_0_node4_0,0.23728794462691533
Test_W_2Layers_input_size_80_node1_20_node2_90_node3_0_node4_0,0.237295229060053
Test_W_2Layers_input_size_5_node1_100_node2_30_node3_0_node4_0,0.2373000407450786
Test_W_2Layers_input_size_40_node1_50_node2_30_node3_0_node4_0,0.23730705793790202
Test_W_2Layers_input_size_15_node1_70_node2_90_node3_0_node4_0,0.23731038592996587
Test_W_2Layers_input_size_75_node1_60_node2_60_node3_0_node4_0,0.2373575771716462
Test_W_2Layers_input_size_40_node1_30_node2_100_node3_0_node4_0,0.237376857505228
Test_W_2Layers_input_size_75_node1_90_node2_60_node3_0_node4_0,0.23738154983624105
Test_W_2Layers_input_size_65_node1_40_node2_100_node3_0_node4_0,0.2373852377236126
Test_W_2Layers_input_size_95_node1_10_node2_60_node3_0_node4_0,0.2373891923306672
Test_W_2Layers_input_size_75_node1_100_node2_10_node3_0_node4_0,0.23739264471153654
Test_W_2Layers_input_size_60_node1_40_node2_20_node3_0_node4_0,0.23739498288642655
Test_W_2Layers_input_size_100_node1_40_node2_80_node3_0_node4_0,0.23740824257015838
Test_W_2Layers_input_size_15_node1_50_node2_90_node3_0_node4_0,0.23741542132067633
Test_W_2Layers_input_size_95_node1_60_node2_10_node3_0_node4_0,0.2374205836103741
Test_W_2Layers_input_size_60_node1_10_node2_80_node3_0_node4_0,0.23742327454666912
Test_W_2Layers_input_size_75_node1_50_node2_100_node3_0_node4_0,0.23742482790125827
Test_W_2Layers_input_size_95_node1_10_node2_20_node3_0_node4_0,0.2374377799724064
Test_W_2Layers_input_size_15_node1_70_node2_10_node3_0_node4_0,0.2374524021763966
Test_W_2Layers_input_size_10_node1_60_node2_100_node3_0_node4_0,0.23745330426786132
Test_W_1Layers_input_size_100_node1_80_node2_0_node3_0_node4_0,0.23747911047670586
Test_W_1Layers_input_size_95_node1_100_node2_0_node3_0_node4_0,0.23748344784077588
Test_W_2Layers_input_size_75_node1_30_node2_80_node3_0_node4_0,0.2374867184589424
Test_W_2Layers_input_size_10_node1_40_node2_90_node3_0_node4_0,0.23749863191260773
Test_W_2Layers_input_size_25_node1_20_node2_30_node3_0_node4_0,0.23749911032058318
Test_W_2Layers_input_size_55_node1_20_node2_60_node3_0_node4_0,0.23749938481652744
Test_W_2Layers_input_size_35_node1_20_node2_70_node3_0_node4_0,0.2375075175952721
Test_W_2Layers_input_size_90_node1_30_node2_20_node3_0_node4_0,0.23751898300701113
Test_W_2Layers_input_size_60_node1_100_node2_70_node3_0_node4_0,0.23752522522831637
Test_W_2Layers_input_size_65_node1_50_node2_100_node3_0_node4_0,0.23754266493703022
Test_W_2Layers_input_size_65_node1_50_node2_30_node3_0_node4_0,0.23754965143952986
Test_W_2Layers_input_size_15_node1_20_node2_70_node3_0_node4_0,0.23755964860256185
Test_W_2Layers_input_size_10_node1_10_node2_40_node3_0_node4_0,0.2375718798533157
Test_W_2Layers_input_size_100_node1_20_node2_10_node3_0_node4_0,0.23757367528519782
Test_W_2Layers_input_size_5_node1_30_node2_90_node3_0_node4_0,0.2375823543213532
Test_W_2Layers_input_size_60_node1_20_node2_70_node3_0_node4_0,0.237582714960981
Test_W_1Layers_input_size_100_node1_60_node2_0_node3_0_node4_0,0.23758350679824322
Test_W_2Layers_input_size_95_node1_70_node2_80_node3_0_node4_0,0.23758427511306413
Test_W_2Layers_input_size_40_node1_70_node2_100_node3_0_node4_0,0.23759544675703584
Test_W_2Layers_input_size_65_node1_100_node2_20_node3_0_node4_0,0.23760185159600353
Test_W_2Layers_input_size_90_node1_60_node2_30_node3_0_node4_0,0.2376039760515808
Test_W_2Layers_input_size_65_node1_70_node2_100_node3_0_node4_0,0.23761641667027938
Test_W_2Layers_input_size_45_node1_30_node2_30_node3_0_node4_0,0.23761731813907874
Test_W_2Layers_input_size_25_node1_90_node2_40_node3_0_node4_0,0.23762522740129952
Test_W_2Layers_input_size_95_node1_20_node2_30_node3_0_node4_0,0.2376399321286707
Test_W_2Layers_input_size_25_node1_20_node2_60_node3_0_node4_0,0.23764004186202164
Test_W_2Layers_input_size_85_node1_60_node2_60_node3_0_node4_0,0.23764431358523194
Test_W_2Layers_input_size_45_node1_40_node2_20_node3_0_node4_0,0.23764971387403708
Test_W_2Layers_input_size_90_node1_100_node2_20_node3_0_node4_0,0.2376821208669172
Test_W_2Layers_input_size_50_node1_60_node2_20_node3_0_node4_0,0.23769302931279096
Test_W_2Layers_input_size_70_node1_100_node2_40_node3_0_node4_0,0.23769377376462694
Test_W_2Layers_input_size_100_node1_60_node2_50_node3_0_node4_0,0.2376983344607685
Test_W_2Layers_input_size_80_node1_90_node2_100_node3_0_node4_0,0.23771656853477394
Test_W_2Layers_input_size_15_node1_10_node2_20_node3_0_node4_0,0.23772008668030534
Test_W_2Layers_input_size_85_node1_30_node2_80_node3_0_node4_0,0.2377242707766947
Test_W_1Layers_input_size_55_node1_70_node2_0_node3_0_node4_0,0.2377253912244629
Test_W_2Layers_input_size_95_node1_80_node2_60_node3_0_node4_0,0.2377306016289708
Test_W_2Layers_input_size_35_node1_70_node2_10_node3_0_node4_0,0.23775362789883903
Test_W_2Layers_input_size_65_node1_80_node2_10_node3_0_node4_0,0.23775868100093026
Test_W_2Layers_input_size_55_node1_80_node2_70_node3_0_node4_0,0.23776515978246043
Test_W_2Layers_input_size_45_node1_50_node2_60_node3_0_node4_0,0.23776552797876938
Test_W_2Layers_input_size_5_node1_60_node2_10_node3_0_node4_0,0.23777110569140958
Test_W_2Layers_input_size_25_node1_80_node2_50_node3_0_node4_0,0.2377749050415334
Test_W_2Layers_input_size_60_node1_90_node2_100_node3_0_node4_0,0.23778949868178842
Test_W_2Layers_input_size_55_node1_40_node2_70_node3_0_node4_0,0.23779967374963734
Test_W_2Layers_input_size_35_node1_80_node2_40_node3_0_node4_0,0.2378230614390984
Test_W_2Layers_input_size_20_node1_10_node2_90_node3_0_node4_0,0.2378239464605465
Test_W_2Layers_input_size_65_node1_100_node2_80_node3_0_node4_0,0.23783355617167462
Test_W_2Layers_input_size_70_node1_90_node2_80_node3_0_node4_0,0.2378338224499099
Test_W_2Layers_input_size_80_node1_30_node2_20_node3_0_node4_0,0.2378366418482289
Test_W_2Layers_input_size_25_node1_90_node2_60_node3_0_node4_0,0.23785498278472472
Test_W_2Layers_input_size_20_node1_60_node2_10_node3_0_node4_0,0.23786989256366592
Test_W_2Layers_input_size_30_node1_50_node2_70_node3_0_node4_0,0.23787335362869438
Test_W_2Layers_input_size_90_node1_20_node2_50_node3_0_node4_0,0.23787821626167713
Test_W_2Layers_input_size_10_node1_40_node2_20_node3_0_node4_0,0.2378806279654759
Test_W_2Layers_input_size_85_node1_10_node2_60_node3_0_node4_0,0.23789451827698474
Test_W_2Layers_input_size_20_node1_70_node2_30_node3_0_node4_0,0.23791810802439545
Test_W_2Layers_input_size_20_node1_100_node2_40_node3_0_node4_0,0.23792163101858185
Test_W_2Layers_input_size_80_node1_80_node2_60_node3_0_node4_0,0.23792870816480305
Test_W_1Layers_input_size_30_node1_60_node2_0_node3_0_node4_0,0.23797428182282568
Test_W_2Layers_input_size_50_node1_30_node2_40_node3_0_node4_0,0.23798053558229953
Test_W_2Layers_input_size_5_node1_20_node2_40_node3_0_node4_0,0.23798689092418615
Test_W_2Layers_input_size_65_node1_20_node2_60_node3_0_node4_0,0.23799130512581507
Test_W_2Layers_input_size_95_node1_50_node2_60_node3_0_node4_0,0.23800548636850713
Test_W_2Layers_input_size_35_node1_50_node2_10_node3_0_node4_0,0.23801863378569973
Test_W_2Layers_input_size_20_node1_20_node2_90_node3_0_node4_0,0.23802534025392513
Test_W_2Layers_input_size_35_node1_30_node2_60_node3_0_node4_0,0.23802989459719243
Test_W_2Layers_input_size_45_node1_40_node2_50_node3_0_node4_0,0.23803109185853472
Test_W_2Layers_input_size_95_node1_40_node2_100_node3_0_node4_0,0.23803769625077895
Test_W_2Layers_input_size_50_node1_20_node2_70_node3_0_node4_0,0.2380431423889918
Test_W_2Layers_input_size_40_node1_30_node2_40_node3_0_node4_0,0.23804557589610575
Test_W_2Layers_input_size_90_node1_20_node2_30_node3_0_node4_0,0.23804558372084736
Test_W_2Layers_input_size_75_node1_20_node2_30_node3_0_node4_0,0.2380505836781327
Test_W_2Layers_input_size_95_node1_100_node2_30_node3_0_node4_0,0.2380524928672928
Test_W_2Layers_input_size_95_node1_20_node2_10_node3_0_node4_0,0.23807292179771677
Test_W_2Layers_input_size_45_node1_40_node2_80_node3_0_node4_0,0.23810172744476404
Test_W_2Layers_input_size_15_node1_50_node2_30_node3_0_node4_0,0.23810341718439318
Test_W_2Layers_input_size_15_node1_60_node2_20_node3_0_node4_0,0.23810478617761427
Test_W_2Layers_input_size_65_node1_90_node2_90_node3_0_node4_0,0.23812781537511757
Test_W_2Layers_input_size_65_node1_100_node2_70_node3_0_node4_0,0.23814639199405252
Test_W_2Layers_input_size_70_node1_50_node2_30_node3_0_node4_0,0.23816492023911073
Test_W_2Layers_input_size_100_node1_90_node2_60_node3_0_node4_0,0.23816946409261913
Test_W_2Layers_input_size_25_node1_10_node2_20_node3_0_node4_0,0.2381726861874979
Test_W_2Layers_input_size_100_node1_100_node2_50_node3_0_node4_0,0.23817522003731845
Test_W_2Layers_input_size_35_node1_60_node2_50_node3_0_node4_0,0.23817656515651658
Test_W_2Layers_input_size_75_node1_80_node2_10_node3_0_node4_0,0.2381916581243609
Test_W_2Layers_input_size_15_node1_100_node2_40_node3_0_node4_0,0.23819436380921294
Test_W_2Layers_input_size_50_node1_80_node2_70_node3_0_node4_0,0.2382007447246109
Test_W_2Layers_input_size_95_node1_50_node2_80_node3_0_node4_0,0.23820311406511813
Test_W_2Layers_input_size_100_node1_30_node2_60_node3_0_node4_0,0.23821470238115444
Test_W_2Layers_input_size_10_node1_20_node2_30_node3_0_node4_0,0.23822740040135326
Test_W_2Layers_input_size_30_node1_10_node2_90_node3_0_node4_0,0.2382315599504513
Test_W_2Layers_input_size_10_node1_50_node2_100_node3_0_node4_0,0.2382457425286481
Test_W_2Layers_input_size_80_node1_50_node2_40_node3_0_node4_0,0.23825953337718384
Test_W_2Layers_input_size_5_node1_30_node2_40_node3_0_node4_0,0.238264356858569
Test_W_2Layers_input_size_55_node1_90_node2_40_node3_0_node4_0,0.23829490591222027
Test_W_2Layers_input_size_60_node1_70_node2_80_node3_0_node4_0,0.23831174999212082
Test_W_2Layers_input_size_95_node1_70_node2_20_node3_0_node4_0,0.23832348152258326
Test_W_2Layers_input_size_100_node1_80_node2_20_node3_0_node4_0,0.23833247712844052
Test_W_2Layers_input_size_60_node1_10_node2_50_node3_0_node4_0,0.23833697871163537
Test_W_2Layers_input_size_20_node1_100_node2_50_node3_0_node4_0,0.2383387918252918
Test_W_2Layers_input_size_70_node1_60_node2_100_node3_0_node4_0,0.23836272050728416
Test_W_2Layers_input_size_35_node1_20_node2_60_node3_0_node4_0,0.2383643224397159
Test_W_2Layers_input_size_15_node1_10_node2_30_node3_0_node4_0,0.23837157397966274
Test_W_2Layers_input_size_35_node1_50_node2_30_node3_0_node4_0,0.238384138625752
Test_W_2Layers_input_size_15_node1_90_node2_90_node3_0_node4_0,0.23838656083834567
Test_W_2Layers_input_size_25_node1_20_node2_20_node3_0_node4_0,0.23838725624322044
Test_W_2Layers_input_size_80_node1_60_node2_20_node3_0_node4_0,0.23839232716799955
Test_W_2Layers_input_size_40_node1_70_node2_40_node3_0_node4_0,0.23840785962230332
Test_W_2Layers_input_size_5_node1_40_node2_20_node3_0_node4_0,0.23841033628329225
Test_W_2Layers_input_size_25_node1_60_node2_60_node3_0_node4_0,0.2384148676468932
Test_W_2Layers_input_size_100_node1_30_node2_70_node3_0_node4_0,0.23842175046718903
Test_W_2Layers_input_size_55_node1_50_node2_100_node3_0_node4_0,0.2384380700040831
Test_W_2Layers_input_size_100_node1_10_node2_80_node3_0_node4_0,0.23844991249183653
Test_W_2Layers_input_size_30_node1_10_node2_30_node3_0_node4_0,0.23846252768767784
Test_W_2Layers_input_size_25_node1_70_node2_20_node3_0_node4_0,0.23848219512611007
Test_W_2Layers_input_size_65_node1_100_node2_40_node3_0_node4_0,0.2385023217188193
Test_W_2Layers_input_size_70_node1_90_node2_10_node3_0_node4_0,0.23851015477634602
Test_W_2Layers_input_size_60_node1_80_node2_90_node3_0_node4_0,0.23851127934175256
Test_W_2Layers_input_size_35_node1_100_node2_60_node3_0_node4_0,0.23851798757663098
Test_W_1Layers_input_size_10_node1_80_node2_0_node3_0_node4_0,0.2385194479007775
Test_W_2Layers_input_size_20_node1_50_node2_70_node3_0_node4_0,0.23852061927732052
Test_W_2Layers_input_size_95_node1_80_node2_80_node3_0_node4_0,0.23852742876570135
Test_W_2Layers_input_size_65_node1_40_node2_40_node3_0_node4_0,0.23853501892960463
Test_W_2Layers_input_size_65_node1_30_node2_50_node3_0_node4_0,0.23854125798841447
Test_W_2Layers_input_size_95_node1_90_node2_10_node3_0_node4_0,0.2385524863214477
Test_W_2Layers_input_size_10_node1_60_node2_60_node3_0_node4_0,0.238561176594698
Test_W_2Layers_input_size_70_node1_80_node2_30_node3_0_node4_0,0.2385703115810848
Test_W_2Layers_input_size_70_node1_60_node2_80_node3_0_node4_0,0.23857554256963528
Test_W_2Layers_input_size_30_node1_70_node2_60_node3_0_node4_0,0.23857765054752392
Test_W_1Layers_input_size_5_node1_90_node2_0_node3_0_node4_0,0.23857950867555133
Test_W_2Layers_input_size_95_node1_70_node2_90_node3_0_node4_0,0.23858140582495108
Test_W_2Layers_input_size_75_node1_100_node2_90_node3_0_node4_0,0.23859004820354598
Test_W_2Layers_input_size_60_node1_90_node2_10_node3_0_node4_0,0.23859090695938778
Test_W_2Layers_input_size_5_node1_60_node2_100_node3_0_node4_0,0.23859805793345557
Test_W_2Layers_input_size_65_node1_70_node2_40_node3_0_node4_0,0.23859846387751985
Test_W_2Layers_input_size_95_node1_90_node2_70_node3_0_node4_0,0.23859848729734864
Test_W_2Layers_input_size_80_node1_40_node2_90_node3_0_node4_0,0.2386062937788555
Test_W_1Layers_input_size_5_node1_80_node2_0_node3_0_node4_0,0.23861449811565344
Test_W_2Layers_input_size_50_node1_10_node2_90_node3_0_node4_0,0.23861744879768956
Test_W_1Layers_input_size_40_node1_90_node2_0_node3_0_node4_0,0.238622749005267
Test_W_2Layers_input_size_60_node1_40_node2_60_node3_0_node4_0,0.23863473063122811
Test_W_2Layers_input_size_25_node1_70_node2_70_node3_0_node4_0,0.23863765764711303
Test_W_2Layers_input_size_100_node1_70_node2_100_node3_0_node4_0,0.23863826646190672
Test_W_2Layers_input_size_15_node1_10_node2_40_node3_0_node4_0,0.2386473594723849
Test_W_2Layers_input_size_80_node1_50_node2_10_node3_0_node4_0,0.23867682156845144
Test_W_2Layers_input_size_20_node1_50_node2_80_node3_0_node4_0,0.23868164442081183
Test_W_2Layers_input_size_95_node1_80_node2_90_node3_0_node4_0,0.23868594432512633
Test_W_2Layers_input_size_70_node1_30_node2_20_node3_0_node4_0,0.23868882389105997
Test_W_2Layers_input_size_90_node1_10_node2_30_node3_0_node4_0,0.23870433705236857
Test_W_2Layers_input_size_5_node1_10_node2_50_node3_0_node4_0,0.23870539827806864
Test_W_2Layers_input_size_35_node1_80_node2_70_node3_0_node4_0,0.2387108291827983
Test_W_1Layers_input_size_95_node1_20_node2_0_node3_0_node4_0,0.2387277297423271
Test_W_2Layers_input_size_40_node1_60_node2_10_node3_0_node4_0,0.23872808084929809
Test_W_2Layers_input_size_95_node1_50_node2_40_node3_0_node4_0,0.23874600222371173
Test_W_1Layers_input_size_35_node1_90_node2_0_node3_0_node4_0,0.23875440459906913
Test_W_2Layers_input_size_50_node1_90_node2_100_node3_0_node4_0,0.23878400169786998
Test_W_2Layers_input_size_40_node1_100_node2_40_node3_0_node4_0,0.23879232473343198
Test_W_2Layers_input_size_40_node1_20_node2_80_node3_0_node4_0,0.23879358837419648
Test_W_2Layers_input_size_25_node1_70_node2_80_node3_0_node4_0,0.23879376777944195
Test_W_2Layers_input_size_55_node1_50_node2_90_node3_0_node4_0,0.23879432159478423
Test_W_2Layers_input_size_70_node1_60_node2_40_node3_0_node4_0,0.23879949307605558
Test_W_1Layers_input_size_85_node1_90_node2_0_node3_0_node4_0,0.23882585574972806
Test_W_2Layers_input_size_75_node1_80_node2_50_node3_0_node4_0,0.23882683844402314
Test_W_2Layers_input_size_25_node1_70_node2_60_node3_0_node4_0,0.23882820329050286
Test_W_1Layers_input_size_25_node1_60_node2_0_node3_0_node4_0,0.23882986449312266
Test_W_2Layers_input_size_45_node1_70_node2_50_node3_0_node4_0,0.23884318489258408
Test_W_2Layers_input_size_20_node1_80_node2_50_node3_0_node4_0,0.23885460958482746
Test_W_2Layers_input_size_85_node1_20_node2_60_node3_0_node4_0,0.23885757289697507
Test_W_2Layers_input_size_30_node1_100_node2_60_node3_0_node4_0,0.23886186183628796
Test_W_2Layers_input_size_15_node1_100_node2_20_node3_0_node4_0,0.2388664626128457
Test_W_2Layers_input_size_30_node1_80_node2_10_node3_0_node4_0,0.2388722641437387
Test_W_2Layers_input_size_5_node1_100_node2_50_node3_0_node4_0,0.2388748373583006
Test_W_2Layers_input_size_100_node1_40_node2_100_node3_0_node4_0,0.23887645924899473
Test_W_2Layers_input_size_100_node1_90_node2_20_node3_0_node4_0,0.23890771748133874
Test_W_2Layers_input_size_40_node1_10_node2_60_node3_0_node4_0,0.23893065369726266
Test_W_2Layers_input_size_75_node1_70_node2_70_node3_0_node4_0,0.23893618082455167
Test_W_2Layers_input_size_90_node1_30_node2_50_node3_0_node4_0,0.23893899501090357
Test_W_2Layers_input_size_25_node1_90_node2_90_node3_0_node4_0,0.23893906517025065
Test_W_2Layers_input_size_75_node1_80_node2_90_node3_0_node4_0,0.23893908076121387
Test_W_2Layers_input_size_35_node1_40_node2_20_node3_0_node4_0,0.23894013314887932
Test_W_2Layers_input_size_75_node1_30_node2_100_node3_0_node4_0,0.238947842721606
Test_W_2Layers_input_size_90_node1_80_node2_100_node3_0_node4_0,0.2389537669967481
Test_W_2Layers_input_size_30_node1_60_node2_50_node3_0_node4_0,0.23896683106338504
Test_W_2Layers_input_size_25_node1_10_node2_40_node3_0_node4_0,0.23897123495830003
Test_W_2Layers_input_size_50_node1_100_node2_40_node3_0_node4_0,0.23898604392110875
Test_W_2Layers_input_size_35_node1_30_node2_20_node3_0_node4_0,0.23899055657524404
Test_W_1Layers_input_size_90_node1_30_node2_0_node3_0_node4_0,0.2390002362816732
Test_W_2Layers_input_size_70_node1_10_node2_50_node3_0_node4_0,0.2390088868952929
Test_W_2Layers_input_size_90_node1_10_node2_90_node3_0_node4_0,0.2390148252434027
Test_W_2Layers_input_size_45_node1_20_node2_10_node3_0_node4_0,0.23901783332669876
Test_W_2Layers_input_size_65_node1_10_node2_50_node3_0_node4_0,0.23904226286009597
Test_W_2Layers_input_size_30_node1_70_node2_90_node3_0_node4_0,0.23905169892687786
Test_W_2Layers_input_size_5_node1_50_node2_50_node3_0_node4_0,0.2390571765057608
Test_W_2Layers_input_size_40_node1_90_node2_10_node3_0_node4_0,0.23906651848800228
Test_W_2Layers_input_size_95_node1_60_node2_50_node3_0_node4_0,0.23906803779171848
Test_W_2Layers_input_size_100_node1_40_node2_40_node3_0_node4_0,0.2390710529966521
Test_W_1Layers_input_size_80_node1_90_node2_0_node3_0_node4_0,0.23910399182847186
Test_W_2Layers_input_size_40_node1_80_node2_50_node3_0_node4_0,0.2391078634792011
Test_W_2Layers_input_size_55_node1_90_node2_10_node3_0_node4_0,0.239115481956941
Test_W_2Layers_input_size_55_node1_70_node2_100_node3_0_node4_0,0.23912124628798886
Test_W_1Layers_input_size_75_node1_100_node2_0_node3_0_node4_0,0.23912579533763256
Test_W_2Layers_input_size_80_node1_70_node2_10_node3_0_node4_0,0.23913547735895718
Test_W_2Layers_input_size_50_node1_40_node2_90_node3_0_node4_0,0.23914008066040018
Test_W_2Layers_input_size_70_node1_10_node2_10_node3_0_node4_0,0.23914209019568203
Test_W_2Layers_input_size_90_node1_80_node2_70_node3_0_node4_0,0.23914364017453843
Test_W_2Layers_input_size_90_node1_60_node2_40_node3_0_node4_0,0.239157449341701
Test_W_2Layers_input_size_85_node1_40_node2_100_node3_0_node4_0,0.2391583294251572
Test_W_2Layers_input_size_35_node1_30_node2_100_node3_0_node4_0,0.23916425627453017
Test_W_2Layers_input_size_50_node1_80_node2_40_node3_0_node4_0,0.23916817367778945
Test_W_2Layers_input_size_85_node1_70_node2_70_node3_0_node4_0,0.2391884761692698
Test_W_2Layers_input_size_90_node1_10_node2_10_node3_0_node4_0,0.23920082659261593
Test_W_2Layers_input_size_45_node1_100_node2_70_node3_0_node4_0,0.23920404258181754
Test_W_2Layers_input_size_90_node1_80_node2_50_node3_0_node4_0,0.23921837773658497
Test_W_2Layers_input_size_55_node1_80_node2_30_node3_0_node4_0,0.2392272229005355
Test_W_1Layers_input_size_90_node1_80_node2_0_node3_0_node4_0,0.23923452614328572
Test_W_2Layers_input_size_25_node1_20_node2_80_node3_0_node4_0,0.23924369770377243
Test_W_2Layers_input_size_55_node1_70_node2_20_node3_0_node4_0,0.23924994163801463
Test_W_2Layers_input_size_90_node1_60_node2_90_node3_0_node4_0,0.23925335159814196
Test_W_2Layers_input_size_60_node1_70_node2_70_node3_0_node4_0,0.23926410277525192
Test_W_2Layers_input_size_45_node1_80_node2_30_node3_0_node4_0,0.23927988223058222
Test_W_1Layers_input_size_30_node1_100_node2_0_node3_0_node4_0,0.2392961977314869
Test_W_2Layers_input_size_45_node1_50_node2_10_node3_0_node4_0,0.23933634345018798
Test_W_2Layers_input_size_95_node1_50_node2_50_node3_0_node4_0,0.23934811036445977
Test_W_2Layers_input_size_45_node1_90_node2_20_node3_0_node4_0,0.23935318427861413
Test_W_2Layers_input_size_45_node1_40_node2_100_node3_0_node4_0,0.23935793902999034
Test_W_2Layers_input_size_10_node1_20_node2_10_node3_0_node4_0,0.23935800906653876
Test_W_2Layers_input_size_55_node1_80_node2_20_node3_0_node4_0,0.23935829699435593
Test_W_2Layers_input_size_100_node1_50_node2_10_node3_0_node4_0,0.23935909852132015
Test_W_2Layers_input_size_35_node1_80_node2_90_node3_0_node4_0,0.23938276959302432
Test_W_2Layers_input_size_20_node1_70_node2_100_node3_0_node4_0,0.23938431023253395
Test_W_2Layers_input_size_20_node1_80_node2_80_node3_0_node4_0,0.23938497161514008
Test_W_2Layers_input_size_20_node1_50_node2_50_node3_0_node4_0,0.23939956825312225
Test_W_2Layers_input_size_90_node1_40_node2_20_node3_0_node4_0,0.23941249129267897
Test_W_2Layers_input_size_20_node1_40_node2_70_node3_0_node4_0,0.2394168403104592
Test_W_2Layers_input_size_75_node1_80_node2_30_node3_0_node4_0,0.23942695399982
Test_W_2Layers_input_size_75_node1_40_node2_70_node3_0_node4_0,0.23943471791147955
Test_W_2Layers_input_size_70_node1_60_node2_50_node3_0_node4_0,0.2394489381308996
Test_W_2Layers_input_size_55_node1_40_node2_40_node3_0_node4_0,0.23946374088670158
Test_W_2Layers_input_size_65_node1_10_node2_10_node3_0_node4_0,0.2394698779669352
Test_W_2Layers_input_size_35_node1_50_node2_50_node3_0_node4_0,0.239479561632972
Test_W_2Layers_input_size_40_node1_80_node2_30_node3_0_node4_0,0.23951257649075006
Test_W_2Layers_input_size_5_node1_10_node2_100_node3_0_node4_0,0.23951803575310757
Test_W_2Layers_input_size_35_node1_60_node2_40_node3_0_node4_0,0.2395201354362666
Test_W_2Layers_input_size_15_node1_90_node2_10_node3_0_node4_0,0.2395319944122552
Test_W_2Layers_input_size_25_node1_100_node2_30_node3_0_node4_0,0.2395367533903207
Test_W_2Layers_input_size_55_node1_100_node2_50_node3_0_node4_0,0.23954777954808626
Test_W_2Layers_input_size_60_node1_70_node2_30_node3_0_node4_0,0.2395657406788541
Test_W_2Layers_input_size_60_node1_10_node2_70_node3_0_node4_0,0.23956708576561517
Test_W_2Layers_input_size_55_node1_10_node2_100_node3_0_node4_0,0.23957403655604345
Test_W_2Layers_input_size_65_node1_40_node2_70_node3_0_node4_0,0.23958304740363487
Test_W_2Layers_input_size_70_node1_30_node2_40_node3_0_node4_0,0.23958768097761254
Test_W_2Layers_input_size_45_node1_30_node2_80_node3_0_node4_0,0.23959630260747186
Test_W_2Layers_input_size_65_node1_80_node2_80_node3_0_node4_0,0.239599194554494
Test_W_2Layers_input_size_20_node1_50_node2_40_node3_0_node4_0,0.23961240222363148
Test_W_2Layers_input_size_70_node1_40_node2_30_node3_0_node4_0,0.23961481979348057
Test_W_2Layers_input_size_5_node1_10_node2_10_node3_0_node4_0,0.23962156709411872
Test_W_2Layers_input_size_30_node1_90_node2_50_node3_0_node4_0,0.23962685286512483
Test_W_2Layers_input_size_30_node1_80_node2_50_node3_0_node4_0,0.23962900600606943
Test_W_2Layers_input_size_60_node1_30_node2_40_node3_0_node4_0,0.23963015641279592
Test_W_2Layers_input_size_40_node1_70_node2_20_node3_0_node4_0,0.23963116690063468
Test_W_2Layers_input_size_95_node1_100_node2_40_node3_0_node4_0,0.2396490984645642
Test_W_2Layers_input_size_30_node1_10_node2_100_node3_0_node4_0,0.23965328774366784
Test_W_2Layers_input_size_100_node1_80_node2_50_node3_0_node4_0,0.23966472822188206
Test_W_2Layers_input_size_15_node1_10_node2_10_node3_0_node4_0,0.23966918146689117
Test_W_2Layers_input_size_25_node1_80_node2_20_node3_0_node4_0,0.23967725616259403
Test_W_2Layers_input_size_5_node1_90_node2_70_node3_0_node4_0,0.2396953241545893
Test_W_2Layers_input_size_100_node1_30_node2_20_node3_0_node4_0,0.23969597690816322
Test_W_2Layers_input_size_65_node1_80_node2_20_node3_0_node4_0,0.2396990075264708
Test_W_2Layers_input_size_65_node1_40_node2_80_node3_0_node4_0,0.23970019645088064
Test_W_2Layers_input_size_40_node1_80_node2_60_node3_0_node4_0,0.23970609436125587
Test_W_2Layers_input_size_75_node1_10_node2_50_node3_0_node4_0,0.23970924140820726
Test_W_2Layers_input_size_5_node1_90_node2_30_node3_0_node4_0,0.23971380261032818
Test_W_2Layers_input_size_50_node1_20_node2_40_node3_0_node4_0,0.23972088900772828
Test_W_2Layers_input_size_95_node1_40_node2_40_node3_0_node4_0,0.23972298691413838
Test_W_2Layers_input_size_100_node1_40_node2_20_node3_0_node4_0,0.23973452507123244
Test_W_2Layers_input_size_60_node1_10_node2_100_node3_0_node4_0,0.23973830107476451
Test_W_2Layers_input_size_100_node1_30_node2_40_node3_0_node4_0,0.23975524574105855
Test_W_1Layers_input_size_60_node1_70_node2_0_node3_0_node4_0,0.2397563722353353
Test_W_2Layers_input_size_35_node1_90_node2_50_node3_0_node4_0,0.23976311555247132
Test_W_2Layers_input_size_10_node1_70_node2_20_node3_0_node4_0,0.2397789320821898
Test_W_2Layers_input_size_60_node1_50_node2_30_node3_0_node4_0,0.239783787143568
Test_W_2Layers_input_size_100_node1_80_node2_10_node3_0_node4_0,0.23978470376812433
Test_W_2Layers_input_size_35_node1_10_node2_20_node3_0_node4_0,0.23978618744959884
Test_W_2Layers_input_size_5_node1_30_node2_100_node3_0_node4_0,0.2398030821278436
Test_W_2Layers_input_size_65_node1_60_node2_60_node3_0_node4_0,0.23981631740288625
Test_W_2Layers_input_size_45_node1_30_node2_40_node3_0_node4_0,0.23982034065745234
Test_W_2Layers_input_size_5_node1_70_node2_90_node3_0_node4_0,0.23982442597815903
Test_W_2Layers_input_size_75_node1_90_node2_50_node3_0_node4_0,0.23982864326094483
Test_W_1Layers_input_size_75_node1_10_node2_0_node3_0_node4_0,0.23983374584097134
Test_W_2Layers_input_size_40_node1_50_node2_40_node3_0_node4_0,0.23983469334007548
Test_W_2Layers_input_size_75_node1_20_node2_10_node3_0_node4_0,0.23983530688258062
Test_W_2Layers_input_size_80_node1_40_node2_40_node3_0_node4_0,0.23983578062951705
Test_W_2Layers_input_size_25_node1_10_node2_60_node3_0_node4_0,0.23984012197179744
Test_W_2Layers_input_size_65_node1_10_node2_40_node3_0_node4_0,0.2398707110631315
Test_W_2Layers_input_size_50_node1_100_node2_70_node3_0_node4_0,0.2398802931342227
Test_W_2Layers_input_size_20_node1_80_node2_10_node3_0_node4_0,0.2398898282350611
Test_W_2Layers_input_size_25_node1_60_node2_10_node3_0_node4_0,0.23990110214869895
Test_W_2Layers_input_size_70_node1_30_node2_80_node3_0_node4_0,0.23991115660405832
Test_W_2Layers_input_size_60_node1_50_node2_70_node3_0_node4_0,0.23991242211568714
Test_W_2Layers_input_size_40_node1_70_node2_50_node3_0_node4_0,0.2399197588460519
Test_W_2Layers_input_size_20_node1_50_node2_20_node3_0_node4_0,0.2399341288710094
Test_W_2Layers_input_size_10_node1_80_node2_40_node3_0_node4_0,0.23993947762322437
Test_W_2Layers_input_size_45_node1_10_node2_40_node3_0_node4_0,0.23994317277282107
Test_W_2Layers_input_size_70_node1_40_node2_10_node3_0_node4_0,0.23995133139949765
Test_W_2Layers_input_size_40_node1_80_node2_70_node3_0_node4_0,0.2399714744896069
Test_W_2Layers_input_size_20_node1_20_node2_40_node3_0_node4_0,0.23998294636864756
Test_W_2Layers_input_size_100_node1_60_node2_20_node3_0_node4_0,0.2400067809756294
Test_W_2Layers_input_size_25_node1_60_node2_100_node3_0_node4_0,0.24001009481528313
Test_W_2Layers_input_size_70_node1_20_node2_70_node3_0_node4_0,0.24003002345274985
Test_W_2Layers_input_size_30_node1_90_node2_20_node3_0_node4_0,0.24004736653949094
Test_W_2Layers_input_size_35_node1_50_node2_20_node3_0_node4_0,0.24006728432408456
Test_W_2Layers_input_size_30_node1_50_node2_100_node3_0_node4_0,0.24006814555447373
Test_W_2Layers_input_size_100_node1_20_node2_30_node3_0_node4_0,0.24008484195110336
Test_W_2Layers_input_size_5_node1_10_node2_30_node3_0_node4_0,0.24009422152700202
Test_W_2Layers_input_size_75_node1_20_node2_70_node3_0_node4_0,0.24010185525378766
Test_W_2Layers_input_size_75_node1_80_node2_60_node3_0_node4_0,0.24010900001598376
Test_W_2Layers_input_size_40_node1_80_node2_10_node3_0_node4_0,0.2401122659005394
Test_W_2Layers_input_size_30_node1_100_node2_90_node3_0_node4_0,0.24011704440692083
Test_W_2Layers_input_size_80_node1_10_node2_50_node3_0_node4_0,0.24011920090950278
Test_W_2Layers_input_size_65_node1_20_node2_20_node3_0_node4_0,0.2401208609378661
Test_W_2Layers_input_size_60_node1_60_node2_20_node3_0_node4_0,0.24012923071915687
Test_W_2Layers_input_size_5_node1_20_node2_30_node3_0_node4_0,0.2401336132964161
Test_W_2Layers_input_size_20_node1_10_node2_20_node3_0_node4_0,0.24013381497061273
Test_W_2Layers_input_size_75_node1_50_node2_80_node3_0_node4_0,0.24014276603167728
Test_W_2Layers_input_size_10_node1_80_node2_30_node3_0_node4_0,0.24014383641352546
Test_W_2Layers_input_size_35_node1_30_node2_80_node3_0_node4_0,0.24015101870744263
Train_W_2Layers_input_size_10_node1_20_node2_40_node3_0_node4_0,0.24018073064539516
Test_W_2Layers_input_size_65_node1_70_node2_20_node3_0_node4_0,0.2401831424947194
Test_W_2Layers_input_size_15_node1_70_node2_60_node3_0_node4_0,0.2401846082048246
Test_W_2Layers_input_size_25_node1_50_node2_50_node3_0_node4_0,0.24018832284804784
Test_W_2Layers_input_size_55_node1_90_node2_70_node3_0_node4_0,0.24019325493691093
Test_W_2Layers_input_size_15_node1_90_node2_30_node3_0_node4_0,0.24019747349859916
Test_W_2Layers_input_size_15_node1_10_node2_70_node3_0_node4_0,0.24020891907585526
Test_W_2Layers_input_size_60_node1_100_node2_20_node3_0_node4_0,0.2402363443681585
Test_W_2Layers_input_size_70_node1_10_node2_80_node3_0_node4_0,0.24023811213370055
Test_W_2Layers_input_size_75_node1_40_node2_10_node3_0_node4_0,0.24024854013503583
Test_W_2Layers_input_size_65_node1_70_node2_80_node3_0_node4_0,0.24025295930016355
Test_W_2Layers_input_size_100_node1_70_node2_60_node3_0_node4_0,0.24027006923080274
Test_W_2Layers_input_size_30_node1_90_node2_40_node3_0_node4_0,0.24029062744527982
Test_W_2Layers_input_size_100_node1_70_node2_70_node3_0_node4_0,0.24029335600517823
Test_W_2Layers_input_size_95_node1_60_node2_20_node3_0_node4_0,0.24033318015160707
Test_W_2Layers_input_size_95_node1_100_node2_10_node3_0_node4_0,0.24036059126564505
Test_W_2Layers_input_size_70_node1_70_node2_100_node3_0_node4_0,0.24036519435227674
Train_W_2Layers_input_size_10_node1_40_node2_40_node3_0_node4_0,0.24036548107361175
Test_W_2Layers_input_size_15_node1_100_node2_10_node3_0_node4_0,0.240397041577334
Test_W_2Layers_input_size_55_node1_80_node2_10_node3_0_node4_0,0.24040988000737198
Test_W_2Layers_input_size_10_node1_20_node2_100_node3_0_node4_0,0.24041410251557968
Test_W_2Layers_input_size_85_node1_100_node2_10_node3_0_node4_0,0.240420447760015
Test_W_2Layers_input_size_55_node1_30_node2_20_node3_0_node4_0,0.24043674009315583
Train_W_2Layers_input_size_10_node1_40_node2_80_node3_0_node4_0,0.24045701293856006
Train_W_2Layers_input_size_10_node1_10_node2_80_node3_0_node4_0,0.24049198480829334
Test_W_2Layers_input_size_15_node1_20_node2_10_node3_0_node4_0,0.2405034550936107
Test_W_2Layers_input_size_65_node1_40_node2_20_node3_0_node4_0,0.24051154050281248
Test_W_2Layers_input_size_20_node1_20_node2_30_node3_0_node4_0,0.24051475445491877
Test_W_2Layers_input_size_95_node1_70_node2_30_node3_0_node4_0,0.24052371457173446
Test_W_2Layers_input_size_70_node1_70_node2_40_node3_0_node4_0,0.24052379201294866
Test_W_2Layers_input_size_15_node1_40_node2_60_node3_0_node4_0,0.24052867075917625
Test_W_2Layers_input_size_25_node1_60_node2_30_node3_0_node4_0,0.24054263271940868
Test_W_2Layers_input_size_25_node1_20_node2_10_node3_0_node4_0,0.2405686959742039
Test_W_2Layers_input_size_90_node1_90_node2_50_node3_0_node4_0,0.24057072454641515
Train_W_2Layers_input_size_100_node1_70_node2_10_node3_0_node4_0,0.24060630694767518
Test_W_2Layers_input_size_70_node1_10_node2_40_node3_0_node4_0,0.24062205257096855
Test_W_2Layers_input_size_45_node1_20_node2_50_node3_0_node4_0,0.24063009529168636
Test_W_2Layers_input_size_95_node1_50_node2_30_node3_0_node4_0,0.24064289032703504
Test_W_2Layers_input_size_60_node1_50_node2_100_node3_0_node4_0,0.24064836264805634
Test_W_2Layers_input_size_55_node1_70_node2_50_node3_0_node4_0,0.24064904377690075
Test_W_2Layers_input_size_20_node1_20_node2_60_node3_0_node4_0,0.24067426740684053
Test_W_2Layers_input_size_100_node1_10_node2_40_node3_0_node4_0,0.24068602308356576
Test_W_2Layers_input_size_25_node1_40_node2_30_node3_0_node4_0,0.2406916724145242
Test_W_2Layers_input_size_65_node1_40_node2_30_node3_0_node4_0,0.2407247763766693
Test_W_2Layers_input_size_10_node1_30_node2_20_node3_0_node4_0,0.24072531801187497
Test_W_2Layers_input_size_75_node1_40_node2_50_node3_0_node4_0,0.24074653367788437
Test_W_2Layers_input_size_10_node1_100_node2_70_node3_0_node4_0,0.2407495897557971
Test_W_1Layers_input_size_70_node1_100_node2_0_node3_0_node4_0,0.240763322285319
Test_W_2Layers_input_size_70_node1_100_node2_80_node3_0_node4_0,0.24078369914201112
Test_W_2Layers_input_size_40_node1_10_node2_10_node3_0_node4_0,0.24078481308901836
Test_W_2Layers_input_size_10_node1_20_node2_90_node3_0_node4_0,0.2407983347570228
Test_W_2Layers_input_size_95_node1_30_node2_30_node3_0_node4_0,0.24080707547701433
Test_W_2Layers_input_size_40_node1_60_node2_30_node3_0_node4_0,0.24081808214477415
Test_W_2Layers_input_size_100_node1_20_node2_40_node3_0_node4_0,0.24083398407355394
Train_W_2Layers_input_size_15_node1_50_node2_60_node3_0_node4_0,0.24084503591433504
Test_W_2Layers_input_size_90_node1_20_node2_20_node3_0_node4_0,0.24085579337724575
Train_W_2Layers_input_size_10_node1_10_node2_50_node3_0_node4_0,0.2408644701467972
Test_W_2Layers_input_size_10_node1_30_node2_80_node3_0_node4_0,0.2408729378157168
Test_W_2Layers_input_size_65_node1_30_node2_40_node3_0_node4_0,0.24088568128966498
Test_W_2Layers_input_size_100_node1_20_node2_100_node3_0_node4_0,0.24089245485213417
Test_W_2Layers_input_size_90_node1_80_node2_10_node3_0_node4_0,0.24089758902372949
Test_W_2Layers_input_size_5_node1_80_node2_20_node3_0_node4_0,0.24090559161817848
Test_W_1Layers_input_size_80_node1_50_node2_0_node3_0_node4_0,0.24091342385175826
Test_W_2Layers_input_size_90_node1_30_node2_10_node3_0_node4_0,0.24092733259060473
Test_W_2Layers_input_size_75_node1_20_node2_100_node3_0_node4_0,0.24095442874477316
Test_W_2Layers_input_size_60_node1_80_node2_10_node3_0_node4_0,0.24095750537648492
Test_W_2Layers_input_size_80_node1_20_node2_20_node3_0_node4_0,0.24096079068104753
Test_W_2Layers_input_size_75_node1_40_node2_40_node3_0_node4_0,0.24099470013710875
Test_W_2Layers_input_size_30_node1_10_node2_10_node3_0_node4_0,0.24100477079807747
Test_W_1Layers_input_size_100_node1_30_node2_0_node3_0_node4_0,0.24101045129994514
Test_W_2Layers_input_size_60_node1_30_node2_80_node3_0_node4_0,0.24103598485485386
Train_W_2Layers_input_size_10_node1_80_node2_90_node3_0_node4_0,0.2410378858527488
Test_W_2Layers_input_size_45_node1_10_node2_100_node3_0_node4_0,0.2410466487955417
Test_W_2Layers_input_size_50_node1_10_node2_20_node3_0_node4_0,0.24105481643685672
Test_W_2Layers_input_size_30_node1_80_node2_60_node3_0_node4_0,0.2410920116364362
Test_W_2Layers_input_size_80_node1_100_node2_70_node3_0_node4_0,0.24110552380158257
Test_W_1Layers_input_size_45_node1_40_node2_0_node3_0_node4_0,0.2411100122377727
Test_W_2Layers_input_size_80_node1_20_node2_50_node3_0_node4_0,0.24111992358316603
Test_W_2Layers_input_size_30_node1_100_node2_40_node3_0_node4_0,0.2411310163907174
Test_W_2Layers_input_size_35_node1_90_node2_60_node3_0_node4_0,0.2411381538327276
Test_W_2Layers_input_size_25_node1_80_node2_30_node3_0_node4_0,0.24118172318073736
Test_W_1Layers_input_size_50_node1_80_node2_0_node3_0_node4_0,0.2412479542116777
Train_W_2Layers_input_size_15_node1_60_node2_90_node3_0_node4_0,0.24125458635160932
Test_W_2Layers_input_size_80_node1_40_node2_30_node3_0_node4_0,0.24125853157770116
Test_W_2Layers_input_size_35_node1_100_node2_70_node3_0_node4_0,0.24126042310157658
Test_W_2Layers_input_size_5_node1_60_node2_20_node3_0_node4_0,0.24126148852482224
Test_W_2Layers_input_size_5_node1_50_node2_70_node3_0_node4_0,0.24126368112017543
Test_W_2Layers_input_size_30_node1_20_node2_50_node3_0_node4_0,0.24126734826857418
Test_W_2Layers_input_size_35_node1_80_node2_20_node3_0_node4_0,0.2412695948519546
Train_W_2Layers_input_size_15_node1_70_node2_40_node3_0_node4_0,0.24127408023592117
Test_W_2Layers_input_size_95_node1_20_node2_20_node3_0_node4_0,0.24128142188068183
Test_W_2Layers_input_size_55_node1_90_node2_100_node3_0_node4_0,0.24129775643183074
Test_W_2Layers_input_size_5_node1_100_node2_10_node3_0_node4_0,0.24130494297527968
Test_W_2Layers_input_size_45_node1_100_node2_80_node3_0_node4_0,0.2413083470527379
Test_W_2Layers_input_size_50_node1_70_node2_40_node3_0_node4_0,0.24130994486845414
Test_W_2Layers_input_size_5_node1_100_node2_20_node3_0_node4_0,0.24131358043870418
Test_W_2Layers_input_size_30_node1_10_node2_80_node3_0_node4_0,0.24131551012465313
Train_W_2Layers_input_size_30_node1_70_node2_70_node3_0_node4_0,0.2413493697428293
Test_W_1Layers_input_size_25_node1_30_node2_0_node3_0_node4_0,0.2413516001276088
Test_W_2Layers_input_size_65_node1_70_node2_10_node3_0_node4_0,0.2413632610771535
Test_W_1Layers_input_size_55_node1_60_node2_0_node3_0_node4_0,0.24137027589717724
Test_W_2Layers_input_size_60_node1_50_node2_60_node3_0_node4_0,0.24137072348053476
Test_W_2Layers_input_size_35_node1_20_node2_100_node3_0_node4_0,0.24137915795654974
Test_W_2Layers_input_size_60_node1_50_node2_90_node3_0_node4_0,0.2414028778581367
Test_W_2Layers_input_size_5_node1_80_node2_30_node3_0_node4_0,0.24140465251307627
Test_W_2Layers_input_size_70_node1_40_node2_20_node3_0_node4_0,0.24142752124686148
Test_W_2Layers_input_size_85_node1_20_node2_70_node3_0_node4_0,0.24143162566209617
Test_W_2Layers_input_size_40_node1_90_node2_80_node3_0_node4_0,0.24143722668759932
Test_W_2Layers_input_size_85_node1_60_node2_30_node3_0_node4_0,0.2414431593125776
Train_W_2Layers_input_size_15_node1_20_node2_80_node3_0_node4_0,0.24144757975631015
Test_W_2Layers_input_size_60_node1_30_node2_30_node3_0_node4_0,0.24146737432847032
Test_W_2Layers_input_size_70_node1_80_node2_90_node3_0_node4_0,0.2414728742469191
Train_W_2Layers_input_size_60_node1_40_node2_100_node3_0_node4_0,0.24150165999525192
Test_W_2Layers_input_size_35_node1_60_node2_20_node3_0_node4_0,0.24150168313354084
Test_W_2Layers_input_size_50_node1_60_node2_70_node3_0_node4_0,0.24151457852832028
Test_W_2Layers_input_size_55_node1_10_node2_30_node3_0_node4_0,0.24151656059433874
Test_W_2Layers_input_size_50_node1_60_node2_40_node3_0_node4_0,0.24153116722515167
Test_W_2Layers_input_size_95_node1_40_node2_90_node3_0_node4_0,0.24153209264190958
Train_W_2Layers_input_size_40_node1_80_node2_100_node3_0_node4_0,0.241544485173
Test_W_2Layers_input_size_80_node1_60_node2_30_node3_0_node4_0,0.24156581395233717
Test_W_1Layers_input_size_30_node1_80_node2_0_node3_0_node4_0,0.2415666467081236
Train_W_2Layers_input_size_30_node1_50_node2_60_node3_0_node4_0,0.24158244539210408
Test_W_2Layers_input_size_30_node1_50_node2_40_node3_0_node4_0,0.24159425710551605
Test_W_2Layers_input_size_45_node1_60_node2_30_node3_0_node4_0,0.24159909881593852
Test_W_2Layers_input_size_30_node1_90_node2_60_node3_0_node4_0,0.24161624447519545
Test_W_2Layers_input_size_10_node1_70_node2_50_node3_0_node4_0,0.24161913537251004
Test_W_2Layers_input_size_50_node1_80_node2_20_node3_0_node4_0,0.24162085447637976
Test_W_2Layers_input_size_40_node1_40_node2_50_node3_0_node4_0,0.24163754379523075
Test_W_2Layers_input_size_25_node1_80_node2_40_node3_0_node4_0,0.24164284713418976
Test_W_2Layers_input_size_30_node1_30_node2_100_node3_0_node4_0,0.2416451673083847
Train_W_2Layers_input_size_70_node1_70_node2_90_node3_0_node4_0,0.24165068630432426
Test_W_2Layers_input_size_25_node1_100_node2_20_node3_0_node4_0,0.24165786235216682
Test_W_2Layers_input_size_100_node1_100_node2_90_node3_0_node4_0,0.24166567020512272
Test_W_2Layers_input_size_80_node1_90_node2_50_node3_0_node4_0,0.2416670806788044
Train_W_2Layers_input_size_55_node1_80_node2_100_node3_0_node4_0,0.24167607514521183
Test_W_2Layers_input_size_10_node1_90_node2_80_node3_0_node4_0,0.24172660595408418
Test_W_2Layers_input_size_55_node1_100_node2_20_node3_0_node4_0,0.24173151436252827
Test_W_2Layers_input_size_60_node1_90_node2_70_node3_0_node4_0,0.24176211068688244
Test_W_2Layers_input_size_60_node1_90_node2_30_node3_0_node4_0,0.2417723265775307
Test_W_2Layers_input_size_35_node1_10_node2_50_node3_0_node4_0,0.24177684885885448
Test_W_2Layers_input_size_40_node1_10_node2_30_node3_0_node4_0,0.24178633998173896
Test_W_2Layers_input_size_70_node1_70_node2_30_node3_0_node4_0,0.24178833522722382
Test_W_2Layers_input_size_10_node1_30_node2_50_node3_0_node4_0,0.2417956612576541
Test_W_2Layers_input_size_65_node1_10_node2_70_node3_0_node4_0,0.2418109673998457
Test_W_1Layers_input_size_35_node1_50_node2_0_node3_0_node4_0,0.24181263122002894
Test_W_2Layers_input_size_30_node1_30_node2_80_node3_0_node4_0,0.24181340920609398
Train_W_2Layers_input_size_40_node1_10_node2_70_node3_0_node4_0,0.24182454722721064
Test_W_2Layers_input_size_30_node1_20_node2_10_node3_0_node4_0,0.2418259336669646
Test_W_2Layers_input_size_75_node1_20_node2_50_node3_0_node4_0,0.24184327889699828
Test_W_1Layers_input_size_20_node1_10_node2_0_node3_0_node4_0,0.2418503953188563
Train_W_2Layers_input_size_10_node1_50_node2_50_node3_0_node4_0,0.24185805062979346
Test_W_2Layers_input_size_35_node1_90_node2_40_node3_0_node4_0,0.24187919004394118
Test_W_2Layers_input_size_10_node1_20_node2_20_node3_0_node4_0,0.24188383353660284
Test_W_2Layers_input_size_35_node1_20_node2_40_node3_0_node4_0,0.24188728337061605
Test_W_2Layers_input_size_25_node1_10_node2_70_node3_0_node4_0,0.24189524552290256
Test_W_2Layers_input_size_30_node1_90_node2_100_node3_0_node4_0,0.24189945750327463
Train_W_2Layers_input_size_40_node1_10_node2_80_node3_0_node4_0,0.2419102681738781
Test_W_2Layers_input_size_35_node1_10_node2_10_node3_0_node4_0,0.24191625079460766
Test_W_2Layers_input_size_95_node1_30_node2_100_node3_0_node4_0,0.24192401181185047
Test_W_2Layers_input_size_75_node1_90_node2_20_node3_0_node4_0,0.24193651514929504
Train_W_2Layers_input_size_80_node1_90_node2_90_node3_0_node4_0,0.24194461425702174
Test_W_2Layers_input_size_70_node1_70_node2_50_node3_0_node4_0,0.24195284396614997
Test_W_2Layers_input_size_10_node1_40_node2_100_node3_0_node4_0,0.2419589717997365
Train_W_2Layers_input_size_20_node1_100_node2_80_node3_0_node4_0,0.24196274388143296
Train_W_2Layers_input_size_10_node1_20_node2_80_node3_0_node4_0,0.24196960276094157
Test_W_1Layers_input_size_50_node1_40_node2_0_node3_0_node4_0,0.2419721276418128
Test_W_2Layers_input_size_65_node1_40_node2_50_node3_0_node4_0,0.24197784701537764
Test_W_2Layers_input_size_85_node1_20_node2_10_node3_0_node4_0,0.24197835505548262
Test_W_2Layers_input_size_75_node1_40_node2_30_node3_0_node4_0,0.24198057194527656
Test_W_2Layers_input_size_55_node1_100_node2_10_node3_0_node4_0,0.2419824886148737
Test_W_2Layers_input_size_55_node1_100_node2_80_node3_0_node4_0,0.24198345849008995
Train_W_2Layers_input_size_60_node1_50_node2_80_node3_0_node4_0,0.24198455921677683
Test_W_2Layers_input_size_95_node1_50_node2_10_node3_0_node4_0,0.24200530274498558
Test_W_2Layers_input_size_15_node1_90_node2_40_node3_0_node4_0,0.2420068112958613
Train_W_2Layers_input_size_50_node1_100_node2_100_node3_0_node4_0,0.24201561611948114
Test_W_2Layers_input_size_90_node1_90_node2_70_node3_0_node4_0,0.24202029547579998
Test_W_2Layers_input_size_85_node1_70_node2_50_node3_0_node4_0,0.2420352795821399
Test_W_2Layers_input_size_50_node1_90_node2_30_node3_0_node4_0,0.242035764414463
Test_W_2Layers_input_size_70_node1_30_node2_90_node3_0_node4_0,0.24203796538708303
Test_W_2Layers_input_size_35_node1_20_node2_30_node3_0_node4_0,0.24204158232658923
Test_W_1Layers_input_size_60_node1_40_node2_0_node3_0_node4_0,0.24204534542542855
Test_W_2Layers_input_size_10_node1_60_node2_70_node3_0_node4_0,0.24205384873596789
Test_W_2Layers_input_size_85_node1_10_node2_20_node3_0_node4_0,0.2420539718586324
Test_W_2Layers_input_size_45_node1_70_node2_70_node3_0_node4_0,0.2420594661437819
Test_W_1Layers_input_size_30_node1_30_node2_0_node3_0_node4_0,0.24206941556125716
Train_W_2Layers_input_size_80_node1_60_node2_80_node3_0_node4_0,0.24210520084324244
Train_W_2Layers_input_size_15_node1_60_node2_100_node3_0_node4_0,0.24211128635396748
Test_W_2Layers_input_size_5_node1_70_node2_70_node3_0_node4_0,0.2421196027148266
Test_W_2Layers_input_size_65_node1_10_node2_80_node3_0_node4_0,0.2421199258239148
Test_W_2Layers_input_size_65_node1_10_node2_100_node3_0_node4_0,0.2421242723685435
Test_W_2Layers_input_size_40_node1_100_node2_10_node3_0_node4_0,0.24212919579387293
Test_W_2Layers_input_size_55_node1_10_node2_40_node3_0_node4_0,0.24213134206826867
Test_W_2Layers_input_size_90_node1_10_node2_20_node3_0_node4_0,0.24213150361503394
Test_W_1Layers_input_size_45_node1_80_node2_0_node3_0_node4_0,0.2421327498293148
Test_W_2Layers_input_size_95_node1_90_node2_90_node3_0_node4_0,0.242137465384559
Test_W_2Layers_input_size_45_node1_20_node2_100_node3_0_node4_0,0.24216039567451614
Test_W_2Layers_input_size_50_node1_80_node2_10_node3_0_node4_0,0.24216238014632913
Test_W_2Layers_input_size_10_node1_30_node2_30_node3_0_node4_0,0.24217935517674485
Test_W_2Layers_input_size_30_node1_40_node2_70_node3_0_node4_0,0.2421944909471132
Train_W_2Layers_input_size_95_node1_90_node2_20_node3_0_node4_0,0.24220248914295184
Test_W_2Layers_input_size_70_node1_100_node2_10_node3_0_node4_0,0.24221243268543755
Train_W_2Layers_input_size_60_node1_40_node2_70_node3_0_node4_0,0.24223690144387028
Test_W_1Layers_input_size_90_node1_90_node2_0_node3_0_node4_0,0.242238570027818
Train_W_2Layers_input_size_90_node1_100_node2_10_node3_0_node4_0,0.2422526179724326
Test_W_2Layers_input_size_50_node1_50_node2_40_node3_0_node4_0,0.2422570620896115
Test_W_2Layers_input_size_50_node1_90_node2_70_node3_0_node4_0,0.24226335906414806
Train_W_2Layers_input_size_15_node1_70_node2_50_node3_0_node4_0,0.24226603465213234
Test_W_1Layers_input_size_40_node1_20_node2_0_node3_0_node4_0,0.24226842574167815
Test_W_1Layers_input_size_45_node1_100_node2_0_node3_0_node4_0,0.24230777153673494
Test_W_2Layers_input_size_20_node1_70_node2_20_node3_0_node4_0,0.24231894064208478
Test_W_2Layers_input_size_15_node1_30_node2_50_node3_0_node4_0,0.24232639667500466
Test_W_2Layers_input_size_55_node1_70_node2_10_node3_0_node4_0,0.24232810307502095
Train_W_2Layers_input_size_15_node1_100_node2_60_node3_0_node4_0,0.24233273027946028
Test_W_1Layers_input_size_90_node1_40_node2_0_node3_0_node4_0,0.24234355236613556
Train_W_2Layers_input_size_10_node1_30_node2_100_node3_0_node4_0,0.24234721085999722
Test_W_2Layers_input_size_15_node1_60_node2_40_node3_0_node4_0,0.24235362846266437
Test_W_1Layers_input_size_5_node1_30_node2_0_node3_0_node4_0,0.24235393588846685
Train_W_2Layers_input_size_10_node1_90_node2_40_node3_0_node4_0,0.24236033794218417
Test_W_2Layers_input_size_75_node1_10_node2_10_node3_0_node4_0,0.24237560073980727
Test_W_2Layers_input_size_10_node1_100_node2_40_node3_0_node4_0,0.24238629027399142
Train_W_2Layers_input_size_25_node1_10_node2_90_node3_0_node4_0,0.24239687944117372
Test_W_2Layers_input_size_75_node1_60_node2_30_node3_0_node4_0,0.2423970561795167
Test_W_2Layers_input_size_85_node1_70_node2_60_node3_0_node4_0,0.24239754797248853
Test_W_2Layers_input_size_90_node1_80_node2_80_node3_0_node4_0,0.24239781692134796
Test_W_1Layers_input_size_100_node1_50_node2_0_node3_0_node4_0,0.24242694615854235
Train_W_2Layers_input_size_15_node1_80_node2_60_node3_0_node4_0,0.24243149464459746
Train_W_2Layers_input_size_40_node1_30_node2_60_node3_0_node4_0,0.24246807151195074
Train_W_2Layers_input_size_10_node1_30_node2_70_node3_0_node4_0,0.2424791794618582
Test_W_2Layers_input_size_25_node1_40_node2_80_node3_0_node4_0,0.2424848945573272
Test_W_2Layers_input_size_10_node1_30_node2_10_node3_0_node4_0,0.24249658550237846
Test_W_2Layers_input_size_60_node1_100_node2_90_node3_0_node4_0,0.2425247582106353
Test_W_2Layers_input_size_90_node1_20_node2_60_node3_0_node4_0,0.24253067959321603
Test_W_2Layers_input_size_5_node1_40_node2_80_node3_0_node4_0,0.24253199287637964
Train_W_2Layers_input_size_20_node1_70_node2_90_node3_0_node4_0,0.24253688498557982
Test_W_2Layers_input_size_30_node1_80_node2_30_node3_0_node4_0,0.24253710770091869
Test_W_2Layers_input_size_65_node1_10_node2_30_node3_0_node4_0,0.24255430992294402
Test_W_2Layers_input_size_15_node1_30_node2_60_node3_0_node4_0,0.24256896924663582
Train_W_2Layers_input_size_60_node1_90_node2_90_node3_0_node4_0,0.2425837582166007
Test_W_2Layers_input_size_25_node1_50_node2_40_node3_0_node4_0,0.2425869600711148
Test_W_2Layers_input_size_50_node1_90_node2_50_node3_0_node4_0,0.24258907926093257
Train_W_2Layers_input_size_55_node1_90_node2_60_node3_0_node4_0,0.24258992386041067
Test_W_2Layers_input_size_70_node1_30_node2_30_node3_0_node4_0,0.2425903922279447
Test_W_2Layers_input_size_80_node1_60_node2_50_node3_0_node4_0,0.24259509120955172
Train_W_2Layers_input_size_25_node1_90_node2_70_node3_0_node4_0,0.24259932942861873
Test_W_2Layers_input_size_60_node1_70_node2_50_node3_0_node4_0,0.2426026078552597
Train_W_2Layers_input_size_60_node1_100_node2_50_node3_0_node4_0,0.2426184695935772
Train_W_2Layers_input_size_70_node1_40_node2_80_node3_0_node4_0,0.24262036586946542
Test_W_2Layers_input_size_30_node1_60_node2_80_node3_0_node4_0,0.2426239510955228
Test_W_2Layers_input_size_70_node1_60_node2_60_node3_0_node4_0,0.2426243042412618
Test_W_2Layers_input_size_55_node1_90_node2_50_node3_0_node4_0,0.24263512867653192
Train_W_2Layers_input_size_60_node1_50_node2_10_node3_0_node4_0,0.2426439107003896
Test_W_2Layers_input_size_95_node1_40_node2_10_node3_0_node4_0,0.24265673771825783
Train_W_2Layers_input_size_70_node1_20_node2_90_node3_0_node4_0,0.2426631548108548
Train_W_2Layers_input_size_80_node1_70_node2_90_node3_0_node4_0,0.24266564944817362
Test_W_1Layers_input_size_15_node1_60_node2_0_node3_0_node4_0,0.24266733043547342
Train_W_2Layers_input_size_30_node1_30_node2_70_node3_0_node4_0,0.24267396216219225
Train_W_2Layers_input_size_45_node1_50_node2_90_node3_0_node4_0,0.2426923136001648
Test_W_2Layers_input_size_5_node1_20_node2_60_node3_0_node4_0,0.24270285104254652
Train_W_2Layers_input_size_30_node1_90_node2_90_node3_0_node4_0,0.24270419409227925
Train_W_2Layers_input_size_35_node1_40_node2_100_node3_0_node4_0,0.24271320384518258
Train_W_2Layers_input_size_80_node1_90_node2_30_node3_0_node4_0,0.24271457753451187
Test_W_2Layers_input_size_45_node1_20_node2_60_node3_0_node4_0,0.24271965781521315
Train_W_2Layers_input_size_100_node1_10_node2_30_node3_0_node4_0,0.24273009431205697
Train_W_2Layers_input_size_45_node1_50_node2_70_node3_0_node4_0,0.2427512652092127
Train_W_2Layers_input_size_20_node1_90_node2_100_node3_0_node4_0,0.24275186370719545
Train_W_2Layers_input_size_20_node1_30_node2_90_node3_0_node4_0,0.24279689261207293
Test_W_2Layers_input_size_90_node1_100_node2_30_node3_0_node4_0,0.2427981737689934
Test_W_2Layers_input_size_20_node1_30_node2_20_node3_0_node4_0,0.24279881818069748
Train_W_2Layers_input_size_80_node1_50_node2_50_node3_0_node4_0,0.24280029878682396
Test_W_2Layers_input_size_20_node1_80_node2_20_node3_0_node4_0,0.24280215528537472
Train_W_2Layers_input_size_100_node1_10_node2_100_node3_0_node4_0,0.24280293777224704
Test_W_1Layers_input_size_15_node1_40_node2_0_node3_0_node4_0,0.2428088830558202
Train_W_2Layers_input_size_75_node1_50_node2_70_node3_0_node4_0,0.2428152270881952
Test_W_2Layers_input_size_45_node1_90_node2_80_node3_0_node4_0,0.24281653883237203
Test_W_2Layers_input_size_70_node1_10_node2_30_node3_0_node4_0,0.24281741332455312
Train_W_2Layers_input_size_20_node1_30_node2_80_node3_0_node4_0,0.24283379796417215
Test_W_2Layers_input_size_20_node1_10_node2_60_node3_0_node4_0,0.24283964277875184
Train_W_2Layers_input_size_90_node1_80_node2_40_node3_0_node4_0,0.24287439427665924
Train_W_2Layers_input_size_15_node1_40_node2_80_node3_0_node4_0,0.2428860894801497
Train_W_2Layers_input_size_55_node1_80_node2_80_node3_0_node4_0,0.24290919447939502
Train_W_2Layers_input_size_15_node1_100_node2_90_node3_0_node4_0,0.24291687776584733
Test_W_2Layers_input_size_45_node1_50_node2_50_node3_0_node4_0,0.24292577228497975
Test_W_2Layers_input_size_15_node1_100_node2_80_node3_0_node4_0,0.24292792685656314
Train_W_2Layers_input_size_30_node1_100_node2_100_node3_0_node4_0,0.2429293606711908
Test_W_2Layers_input_size_75_node1_70_node2_80_node3_0_node4_0,0.24293821639751995
Test_W_2Layers_input_size_80_node1_60_node2_10_node3_0_node4_0,0.24294942552067206
Test_W_1Layers_input_size_70_node1_50_node2_0_node3_0_node4_0,0.2429585258442454
Test_W_2Layers_input_size_85_node1_20_node2_50_node3_0_node4_0,0.24295984448122326
Train_W_2Layers_input_size_15_node1_80_node2_50_node3_0_node4_0,0.24296036580084515
Train_W_2Layers_input_size_90_node1_20_node2_90_node3_0_node4_0,0.24297674080075649
Train_W_2Layers_input_size_40_node1_100_node2_70_node3_0_node4_0,0.24300344746846256
Test_W_2Layers_input_size_25_node1_60_node2_70_node3_0_node4_0,0.24300841440096524
Test_W_2Layers_input_size_85_node1_80_node2_20_node3_0_node4_0,0.24302978331682593
Train_W_2Layers_input_size_65_node1_100_node2_50_node3_0_node4_0,0.24303506393942212
Test_W_2Layers_input_size_90_node1_50_node2_60_node3_0_node4_0,0.24304480481591936
Test_W_2Layers_input_size_100_node1_40_node2_70_node3_0_node4_0,0.24304675141162482
Train_W_2Layers_input_size_30_node1_100_node2_70_node3_0_node4_0,0.24304944903029346
Test_W_2Layers_input_size_60_node1_60_node2_40_node3_0_node4_0,0.243053924558859
Test_W_2Layers_input_size_55_node1_50_node2_10_node3_0_node4_0,0.24305589407185793
Test_W_2Layers_input_size_65_node1_60_node2_30_node3_0_node4_0,0.24306168756621405
Train_W_2Layers_input_size_80_node1_80_node2_40_node3_0_node4_0,0.24306580270253184
Train_W_2Layers_input_size_30_node1_70_node2_100_node3_0_node4_0,0.24307048483063198
Test_W_2Layers_input_size_20_node1_60_node2_30_node3_0_node4_0,0.24308390234466595
Test_W_2Layers_input_size_85_node1_50_node2_50_node3_0_node4_0,0.24309713522675774
Train_W_2Layers_input_size_25_node1_100_node2_60_node3_0_node4_0,0.2431049428256667
Test_W_2Layers_input_size_55_node1_30_node2_50_node3_0_node4_0,0.24310980808188343
Test_W_2Layers_input_size_55_node1_60_node2_50_node3_0_node4_0,0.24311716324500152
Train_W_2Layers_input_size_55_node1_30_node2_100_node3_0_node4_0,0.2431185882821226
Train_W_2Layers_input_size_85_node1_20_node2_80_node3_0_node4_0,0.24311868788117896
Train_W_2Layers_input_size_55_node1_90_node2_30_node3_0_node4_0,0.24312116252155533
Test_W_2Layers_input_size_55_node1_30_node2_70_node3_0_node4_0,0.2431271076846515
Train_W_2Layers_input_size_80_node1_60_node2_100_node3_0_node4_0,0.24314175545585498
Train_W_2Layers_input_size_90_node1_100_node2_80_node3_0_node4_0,0.24314317268815097
Test_W_2Layers_input_size_70_node1_50_node2_100_node3_0_node4_0,0.24316125125102553
Train_W_2Layers_input_size_75_node1_40_node2_90_node3_0_node4_0,0.24316213982369664
Train_W_2Layers_input_size_40_node1_30_node2_80_node3_0_node4_0,0.24316444550143188
Train_W_2Layers_input_size_40_node1_100_node2_100_node3_0_node4_0,0.24317161517689145
Train_W_2Layers_input_size_35_node1_60_node2_30_node3_0_node4_0,0.24317326968736233
Test_W_2Layers_input_size_100_node1_50_node2_100_node3_0_node4_0,0.24317402034117852
Train_W_2Layers_input_size_15_node1_10_node2_80_node3_0_node4_0,0.24319398075488977
Train_W_2Layers_input_size_100_node1_10_node2_60_node3_0_node4_0,0.24320012326935417
Train_W_2Layers_input_size_5_node1_50_node2_90_node3_0_node4_0,0.2432063728505333
Test_W_1Layers_input_size_20_node1_70_node2_0_node3_0_node4_0,0.24321109822379974
Train_W_2Layers_input_size_35_node1_60_node2_90_node3_0_node4_0,0.24321581584685362
Test_W_2Layers_input_size_75_node1_50_node2_10_node3_0_node4_0,0.2432222564799357
Train_W_2Layers_input_size_20_node1_90_node2_70_node3_0_node4_0,0.24323272501665893
Train_W_2Layers_input_size_10_node1_80_node2_70_node3_0_node4_0,0.24323868276834962
Test_W_2Layers_input_size_55_node1_20_node2_30_node3_0_node4_0,0.24323929538235736
Test_W_1Layers_input_size_70_node1_60_node2_0_node3_0_node4_0,0.24324984741647215
Train_W_2Layers_input_size_80_node1_80_node2_100_node3_0_node4_0,0.24325489354675614
Train_W_2Layers_input_size_45_node1_60_node2_100_node3_0_node4_0,0.2432556975487419
Train_W_2Layers_input_size_65_node1_70_node2_30_node3_0_node4_0,0.24326366851037518
Test_W_2Layers_input_size_85_node1_60_node2_100_node3_0_node4_0,0.24326691501355513
Test_W_2Layers_input_size_90_node1_10_node2_40_node3_0_node4_0,0.24326910484736367
Train_W_2Layers_input_size_80_node1_50_node2_80_node3_0_node4_0,0.24327401275993069
Train_W_2Layers_input_size_40_node1_60_node2_70_node3_0_node4_0,0.24327983168554224
Test_W_2Layers_input_size_100_node1_20_node2_80_node3_0_node4_0,0.24328746498612155
Train_W_2Layers_input_size_40_node1_60_node2_50_node3_0_node4_0,0.2433006867966442
Test_W_2Layers_input_size_65_node1_80_node2_50_node3_0_node4_0,0.24330447635507346
Train_W_2Layers_input_size_80_node1_90_node2_80_node3_0_node4_0,0.24331556908685267
Train_W_2Layers_input_size_25_node1_50_node2_20_node3_0_node4_0,0.2433191823450832
Test_W_2Layers_input_size_10_node1_100_node2_60_node3_0_node4_0,0.24332627856683817
Train_W_2Layers_input_size_25_node1_90_node2_30_node3_0_node4_0,0.24333227230166207
Test_W_2Layers_input_size_65_node1_20_node2_80_node3_0_node4_0,0.243332762204495
Test_W_2Layers_input_size_5_node1_50_node2_10_node3_0_node4_0,0.24333795970662278
Test_W_2Layers_input_size_100_node1_50_node2_20_node3_0_node4_0,0.24334181757456402
Test_W_2Layers_input_size_70_node1_90_node2_60_node3_0_node4_0,0.2433421543696561
Train_W_2Layers_input_size_80_node1_10_node2_100_node3_0_node4_0,0.24334412920422496
Train_W_2Layers_input_size_15_node1_10_node2_90_node3_0_node4_0,0.2433479410488841
Train_W_2Layers_input_size_10_node1_30_node2_60_node3_0_node4_0,0.24335403375290238
Train_W_2Layers_input_size_80_node1_30_node2_90_node3_0_node4_0,0.243361236112039
Train_W_2Layers_input_size_65_node1_30_node2_60_node3_0_node4_0,0.2433699536664901
Train_W_2Layers_input_size_50_node1_40_node2_70_node3_0_node4_0,0.24337561723075385
Test_W_2Layers_input_size_70_node1_20_node2_10_node3_0_node4_0,0.2433807525919843
Train_W_2Layers_input_size_60_node1_70_node2_90_node3_0_node4_0,0.24338131127601492
Test_W_2Layers_input_size_35_node1_20_node2_10_node3_0_node4_0,0.24338294905468694
Train_W_2Layers_input_size_20_node1_80_node2_40_node3_0_node4_0,0.24338463274089842
Test_W_2Layers_input_size_40_node1_70_node2_10_node3_0_node4_0,0.24338849752201258
Test_W_2Layers_input_size_20_node1_40_node2_50_node3_0_node4_0,0.24339253060439223
Train_W_2Layers_input_size_100_node1_90_node2_100_node3_0_node4_0,0.24339276784245104
Test_W_2Layers_input_size_25_node1_30_node2_20_node3_0_node4_0,0.24339948694048497
Test_W_2Layers_input_size_60_node1_30_node2_10_node3_0_node4_0,0.2434036346282304
Test_W_2Layers_input_size_30_node1_10_node2_60_node3_0_node4_0,0.24340501207347148
Train_W_2Layers_input_size_75_node1_20_node2_80_node3_0_node4_0,0.2434177607244879
Train_W_2Layers_input_size_15_node1_100_node2_50_node3_0_node4_0,0.24342180862587462
Test_W_2Layers_input_size_95_node1_10_node2_80_node3_0_node4_0,0.2434239894144104
Test_W_2Layers_input_size_30_node1_60_node2_10_node3_0_node4_0,0.24342576463837232
Train_W_2Layers_input_size_55_node1_20_node2_80_node3_0_node4_0,0.24342718021716772
Test_W_2Layers_input_size_50_node1_10_node2_70_node3_0_node4_0,0.2434273944662141
Test_W_2Layers_input_size_35_node1_100_node2_50_node3_0_node4_0,0.2434306617408071
Test_W_2Layers_input_size_60_node1_10_node2_10_node3_0_node4_0,0.2434348012458751
Test_W_2Layers_input_size_70_node1_80_node2_50_node3_0_node4_0,0.243438504551197
Train_W_2Layers_input_size_15_node1_40_node2_30_node3_0_node4_0,0.24344076935478887
Test_W_2Layers_input_size_100_node1_60_node2_40_node3_0_node4_0,0.24344111366430063
Train_W_2Layers_input_size_75_node1_60_node2_10_node3_0_node4_0,0.24344298057850788
Test_W_2Layers_input_size_30_node1_50_node2_30_node3_0_node4_0,0.24344956057180397
Train_W_2Layers_input_size_85_node1_90_node2_100_node3_0_node4_0,0.24345009614482666
Train_W_2Layers_input_size_10_node1_50_node2_80_node3_0_node4_0,0.24345122084433918
Train_W_2Layers_input_size_20_node1_80_node2_100_node3_0_node4_0,0.24347437931809715
Train_W_2Layers_input_size_65_node1_100_node2_10_node3_0_node4_0,0.24347472358007943
Train_W_2Layers_input_size_25_node1_90_node2_100_node3_0_node4_0,0.2434773093545207
Train_W_2Layers_input_size_45_node1_100_node2_100_node3_0_node4_0,0.24348375072055276
Train_W_2Layers_input_size_80_node1_90_node2_70_node3_0_node4_0,0.24348553315872346
Train_W_2Layers_input_size_15_node1_30_node2_40_node3_0_node4_0,0.24348590035466558
Train_W_2Layers_input_size_45_node1_60_node2_90_node3_0_node4_0,0.24348822591610642
Train_W_2Layers_input_size_35_node1_80_node2_100_node3_0_node4_0,0.2434903602111717
Train_W_2Layers_input_size_35_node1_40_node2_80_node3_0_node4_0,0.2434940091239177
Train_W_2Layers_input_size_85_node1_70_node2_80_node3_0_node4_0,0.24349830819204113
Test_W_2Layers_input_size_90_node1_50_node2_70_node3_0_node4_0,0.2434991113903038
Test_W_2Layers_input_size_35_node1_50_node2_80_node3_0_node4_0,0.24350186519280512
Train_W_2Layers_input_size_35_node1_30_node2_70_node3_0_node4_0,0.24351424162064514
Test_W_2Layers_input_size_45_node1_10_node2_50_node3_0_node4_0,0.24351713293279953
Train_W_2Layers_input_size_10_node1_50_node2_70_node3_0_node4_0,0.24352426927856538
Train_W_2Layers_input_size_35_node1_60_node2_10_node3_0_node4_0,0.24353769238484016
Test_W_2Layers_input_size_25_node1_60_node2_90_node3_0_node4_0,0.2435407440305669
Train_W_2Layers_input_size_35_node1_40_node2_50_node3_0_node4_0,0.24354382623041873
Test_W_2Layers_input_size_50_node1_10_node2_10_node3_0_node4_0,0.243550717062199
Train_W_2Layers_input_size_65_node1_40_node2_60_node3_0_node4_0,0.24355317966511422
Test_W_2Layers_input_size_80_node1_30_node2_100_node3_0_node4_0,0.24355792890042147
Test_W_2Layers_input_size_50_node1_70_node2_30_node3_0_node4_0,0.24356811535367331
Train_W_2Layers_input_size_50_node1_50_node2_60_node3_0_node4_0,0.24357459255395073
Test_W_1Layers_input_size_95_node1_80_node2_0_node3_0_node4_0,0.24358075605803442
Train_W_2Layers_input_size_80_node1_100_node2_100_node3_0_node4_0,0.243581857213559
Train_W_2Layers_input_size_50_node1_90_node2_40_node3_0_node4_0,0.24358851756898683
Train_W_2Layers_input_size_55_node1_40_node2_80_node3_0_node4_0,0.24359089567703351
Train_W_2Layers_input_size_55_node1_20_node2_70_node3_0_node4_0,0.2435998802808411
Train_W_2Layers_input_size_50_node1_100_node2_90_node3_0_node4_0,0.24361586058703957
Test_W_2Layers_input_size_85_node1_60_node2_20_node3_0_node4_0,0.2436242555623549
Train_W_2Layers_input_size_95_node1_100_node2_80_node3_0_node4_0,0.24362671742193573
Test_W_2Layers_input_size_40_node1_70_node2_80_node3_0_node4_0,0.2436391563133958
Test_W_2Layers_input_size_100_node1_30_node2_50_node3_0_node4_0,0.2436506848479466
Train_W_2Layers_input_size_5_node1_100_node2_100_node3_0_node4_0,0.24365373507849716
Test_W_2Layers_input_size_5_node1_80_node2_80_node3_0_node4_0,0.24366111968906898
Train_W_2Layers_input_size_90_node1_70_node2_100_node3_0_node4_0,0.24366747210977674
Train_W_2Layers_input_size_65_node1_20_node2_90_node3_0_node4_0,0.24367251723566571
Train_W_2Layers_input_size_10_node1_90_node2_50_node3_0_node4_0,0.2436744970368321
Train_W_2Layers_input_size_20_node1_20_node2_80_node3_0_node4_0,0.2436763774508447
Train_W_2Layers_input_size_50_node1_90_node2_10_node3_0_node4_0,0.2436901590667433
Test_W_1Layers_input_size_5_node1_70_node2_0_node3_0_node4_0,0.24369100749350145
Train_W_2Layers_input_size_40_node1_60_node2_90_node3_0_node4_0,0.2436953107296811
Train_W_2Layers_input_size_20_node1_10_node2_30_node3_0_node4_0,0.24370031706335818
Train_W_2Layers_input_size_60_node1_20_node2_50_node3_0_node4_0,0.24370138710607106
Train_W_2Layers_input_size_90_node1_70_node2_50_node3_0_node4_0,0.24370561372885555
Test_W_2Layers_input_size_60_node1_100_node2_100_node3_0_node4_0,0.2437071346836763
Test_W_1Layers_input_size_35_node1_30_node2_0_node3_0_node4_0,0.24371918734176062
Train_W_2Layers_input_size_60_node1_40_node2_90_node3_0_node4_0,0.24375244561215612
Test_W_2Layers_input_size_35_node1_20_node2_20_node3_0_node4_0,0.24375508957219824
Test_W_1Layers_input_size_50_node1_20_node2_0_node3_0_node4_0,0.2437652907099344
Train_W_1Layers_input_size_20_node1_100_node2_0_node3_0_node4_0,0.24376769001664791
Train_W_2Layers_input_size_70_node1_70_node2_80_node3_0_node4_0,0.24377033381134755
Train_W_2Layers_input_size_60_node1_50_node2_40_node3_0_node4_0,0.2437742688861963
Test_W_2Layers_input_size_45_node1_10_node2_30_node3_0_node4_0,0.24377670630846734
Train_W_2Layers_input_size_55_node1_40_node2_100_node3_0_node4_0,0.24377783714187168
Train_W_2Layers_input_size_80_node1_20_node2_60_node3_0_node4_0,0.24378155815800395
Test_W_1Layers_input_size_20_node1_20_node2_0_node3_0_node4_0,0.2437872962050287
Test_W_2Layers_input_size_70_node1_60_node2_70_node3_0_node4_0,0.24379585336115273
Test_W_2Layers_input_size_5_node1_90_node2_20_node3_0_node4_0,0.24379728971149123
Train_W_2Layers_input_size_70_node1_90_node2_90_node3_0_node4_0,0.2437994747814157
Train_W_2Layers_input_size_10_node1_100_node2_20_node3_0_node4_0,0.24381141591900624
Train_W_2Layers_input_size_5_node1_70_node2_60_node3_0_node4_0,0.2438117520654076
Train_W_2Layers_input_size_75_node1_70_node2_60_node3_0_node4_0,0.24381187430034773
Train_W_2Layers_input_size_65_node1_70_node2_60_node3_0_node4_0,0.24381703867057838
Test_W_2Layers_input_size_75_node1_40_node2_60_node3_0_node4_0,0.24381909369280455
Train_W_2Layers_input_size_45_node1_100_node2_60_node3_0_node4_0,0.24383261515434904
Train_W_2Layers_input_size_15_node1_50_node2_20_node3_0_node4_0,0.24383547213557855
Test_W_2Layers_input_size_95_node1_20_node2_70_node3_0_node4_0,0.2438370839471172
Test_W_2Layers_input_size_75_node1_70_node2_20_node3_0_node4_0,0.24383958949081952
Test_W_2Layers_input_size_50_node1_40_node2_100_node3_0_node4_0,0.24384151446422447
Train_W_2Layers_input_size_15_node1_70_node2_80_node3_0_node4_0,0.2438458303215891
Test_W_2Layers_input_size_5_node1_60_node2_40_node3_0_node4_0,0.24384844271495212
Test_W_2Layers_input_size_55_node1_100_node2_60_node3_0_node4_0,0.2438500238868126
Train_W_2Layers_input_size_65_node1_80_node2_100_node3_0_node4_0,0.24385562283324091
Train_W_2Layers_input_size_25_node1_40_node2_70_node3_0_node4_0,0.24386245902599477
Train_W_2Layers_input_size_10_node1_80_node2_80_node3_0_node4_0,0.24386356654756414
Train_W_2Layers_input_size_100_node1_60_node2_60_node3_0_node4_0,0.24387017338208133
Test_W_2Layers_input_size_65_node1_30_node2_20_node3_0_node4_0,0.24388235545736486
Train_W_2Layers_input_size_100_node1_70_node2_40_node3_0_node4_0,0.24388638037295104
Train_W_2Layers_input_size_5_node1_100_node2_90_node3_0_node4_0,0.243891084933918
Test_W_2Layers_input_size_15_node1_50_node2_50_node3_0_node4_0,0.24390238009210782
Test_W_2Layers_input_size_55_node1_10_node2_80_node3_0_node4_0,0.24391184959850787
Test_W_2Layers_input_size_90_node1_20_node2_70_node3_0_node4_0,0.24393314700796104
Train_W_2Layers_input_size_15_node1_60_node2_50_node3_0_node4_0,0.2439348956190686
Train_W_2Layers_input_size_90_node1_40_node2_100_node3_0_node4_0,0.24394116455412138
Test_W_2Layers_input_size_25_node1_100_node2_70_node3_0_node4_0,0.2439432948863612
Test_W_2Layers_input_size_80_node1_10_node2_90_node3_0_node4_0,0.24396398639291625
Test_W_2Layers_input_size_70_node1_20_node2_20_node3_0_node4_0,0.24396906356087752
Train_W_2Layers_input_size_15_node1_40_node2_70_node3_0_node4_0,0.24397227777349448
Test_W_2Layers_input_size_75_node1_30_node2_10_node3_0_node4_0,0.24397766778321714
Train_W_2Layers_input_size_95_node1_70_node2_40_node3_0_node4_0,0.24397938553749787
Train_W_2Layers_input_size_70_node1_50_node2_60_node3_0_node4_0,0.24398640148385178
Train_W_2Layers_input_size_70_node1_50_node2_40_node3_0_node4_0,0.24398776800487915
Train_W_2Layers_input_size_90_node1_30_node2_90_node3_0_node4_0,0.24398921085955652
Train_W_2Layers_input_size_15_node1_50_node2_40_node3_0_node4_0,0.24399219578579934
Train_W_2Layers_input_size_15_node1_80_node2_20_node3_0_node4_0,0.244005127499693
Train_W_2Layers_input_size_55_node1_60_node2_80_node3_0_node4_0,0.2440144098186506
Train_W_2Layers_input_size_65_node1_60_node2_70_node3_0_node4_0,0.24401553955047317
Test_W_2Layers_input_size_70_node1_90_node2_70_node3_0_node4_0,0.2440192493087248
Train_W_2Layers_input_size_55_node1_100_node2_90_node3_0_node4_0,0.2440251725918152
Train_W_2Layers_input_size_65_node1_50_node2_50_node3_0_node4_0,0.24402980578133557
Train_W_2Layers_input_size_80_node1_100_node2_40_node3_0_node4_0,0.2440302103225381
Test_W_1Layers_input_size_55_node1_50_node2_0_node3_0_node4_0,0.24403388169411178
Train_W_2Layers_input_size_90_node1_10_node2_70_node3_0_node4_0,0.24403435492301948
Train_W_2Layers_input_size_45_node1_30_node2_100_node3_0_node4_0,0.2440433766276541
Train_W_2Layers_input_size_10_node1_70_node2_90_node3_0_node4_0,0.24404607849460044
Test_W_2Layers_input_size_45_node1_30_node2_20_node3_0_node4_0,0.24404982594980318
Test_W_2Layers_input_size_55_node1_80_node2_90_node3_0_node4_0,0.2440682570966573
Train_W_2Layers_input_size_55_node1_10_node2_50_node3_0_node4_0,0.24406906605092676
Train_W_2Layers_input_size_55_node1_100_node2_100_node3_0_node4_0,0.24407189736975532
Train_W_2Layers_input_size_15_node1_70_node2_10_node3_0_node4_0,0.24407479733881945
Train_W_2Layers_input_size_75_node1_60_node2_90_node3_0_node4_0,0.2440772699168083
Train_W_2Layers_input_size_75_node1_50_node2_90_node3_0_node4_0,0.24408293233129585
Train_W_2Layers_input_size_65_node1_60_node2_40_node3_0_node4_0,0.24408696157050574
Train_W_2Layers_input_size_50_node1_20_node2_90_node3_0_node4_0,0.24408928903633312
Test_W_2Layers_input_size_35_node1_10_node2_80_node3_0_node4_0,0.24409534797443305
Test_W_2Layers_input_size_35_node1_90_node2_80_node3_0_node4_0,0.2440959813308165
Test_W_2Layers_input_size_65_node1_50_node2_20_node3_0_node4_0,0.2441140427423027
Train_W_2Layers_input_size_10_node1_10_node2_60_node3_0_node4_0,0.24411533987716036
Test_W_2Layers_input_size_70_node1_20_node2_50_node3_0_node4_0,0.24411633942931926
Train_W_2Layers_input_size_20_node1_20_node2_50_node3_0_node4_0,0.24411839193199047
Train_W_2Layers_input_size_60_node1_80_node2_60_node3_0_node4_0,0.24412532758471048
Train_W_2Layers_input_size_45_node1_20_node2_90_node3_0_node4_0,0.2441404342650622
Test_W_2Layers_input_size_65_node1_60_node2_20_node3_0_node4_0,0.24414276122112283
Train_W_2Layers_input_size_80_node1_10_node2_80_node3_0_node4_0,0.24415235872681973
Test_W_2Layers_input_size_45_node1_70_node2_20_node3_0_node4_0,0.2441524807912351
Train_W_2Layers_input_size_100_node1_60_node2_70_node3_0_node4_0,0.24415361751317327
Test_W_2Layers_input_size_35_node1_10_node2_70_node3_0_node4_0,0.24416025464298763
Test_W_2Layers_input_size_30_node1_90_node2_30_node3_0_node4_0,0.24418574869862086
Train_W_2Layers_input_size_80_node1_50_node2_100_node3_0_node4_0,0.24418723615110235
Train_W_2Layers_input_size_5_node1_30_node2_80_node3_0_node4_0,0.244212018064824
Train_W_2Layers_input_size_35_node1_50_node2_70_node3_0_node4_0,0.244223084829254
Train_W_2Layers_input_size_60_node1_70_node2_60_node3_0_node4_0,0.24422871335647098
Train_W_2Layers_input_size_40_node1_40_node2_10_node3_0_node4_0,0.2442302615600447
Test_W_2Layers_input_size_60_node1_70_node2_40_node3_0_node4_0,0.2442339299244096
Train_W_2Layers_input_size_40_node1_20_node2_70_node3_0_node4_0,0.2442434399596509
Train_W_2Layers_input_size_35_node1_40_node2_60_node3_0_node4_0,0.24424446949217476
Train_W_2Layers_input_size_10_node1_60_node2_40_node3_0_node4_0,0.24425008227465053
Train_W_2Layers_input_size_65_node1_50_node2_90_node3_0_node4_0,0.244257570867817
Train_W_2Layers_input_size_35_node1_80_node2_80_node3_0_node4_0,0.24425824193216675
Test_W_2Layers_input_size_60_node1_60_node2_60_node3_0_node4_0,0.24425865372074135
Train_W_2Layers_input_size_100_node1_50_node2_80_node3_0_node4_0,0.24425995771331424
Test_W_2Layers_input_size_50_node1_10_node2_30_node3_0_node4_0,0.2442602093602024
Train_W_2Layers_input_size_35_node1_40_node2_30_node3_0_node4_0,0.24426374764051337
Test_W_2Layers_input_size_70_node1_90_node2_20_node3_0_node4_0,0.24427455280430116
Test_W_2Layers_input_size_10_node1_100_node2_80_node3_0_node4_0,0.24427511706930652
Train_W_2Layers_input_size_10_node1_50_node2_90_node3_0_node4_0,0.24427752661871643
Train_W_2Layers_input_size_60_node1_80_node2_80_node3_0_node4_0,0.2442779841254132
Train_W_2Layers_input_size_90_node1_50_node2_90_node3_0_node4_0,0.2442789982622029
Train_W_2Layers_input_size_20_node1_50_node2_100_node3_0_node4_0,0.2442793032649251
Train_W_2Layers_input_size_15_node1_40_node2_50_node3_0_node4_0,0.24428021064577207
Test_W_2Layers_input_size_45_node1_20_node2_80_node3_0_node4_0,0.24428403838333893
Train_W_2Layers_input_size_5_node1_100_node2_80_node3_0_node4_0,0.2442876678161521
Train_W_2Layers_input_size_5_node1_20_node2_20_node3_0_node4_0,0.24428809480470265
Train_W_2Layers_input_size_25_node1_30_node2_80_node3_0_node4_0,0.24428877340997057
Train_W_2Layers_input_size_15_node1_20_node2_50_node3_0_node4_0,0.24429023736098268
Test_W_2Layers_input_size_65_node1_80_node2_90_node3_0_node4_0,0.24429621506990085
Train_W_2Layers_input_size_20_node1_50_node2_10_node3_0_node4_0,0.24430139207460916
Train_W_2Layers_input_size_35_node1_60_node2_100_node3_0_node4_0,0.24430743050408493
Train_W_2Layers_input_size_25_node1_100_node2_80_node3_0_node4_0,0.2443083072838347
Train_W_2Layers_input_size_65_node1_40_node2_90_node3_0_node4_0,0.24431073175406667
Train_W_2Layers_input_size_60_node1_30_node2_50_node3_0_node4_0,0.2443248206520964
Train_W_2Layers_input_size_65_node1_90_node2_30_node3_0_node4_0,0.24432641398823718
Train_W_2Layers_input_size_95_node1_30_node2_60_node3_0_node4_0,0.24433275673531737
Train_W_2Layers_input_size_20_node1_40_node2_60_node3_0_node4_0,0.24433331324252852
Train_W_2Layers_input_size_100_node1_20_node2_90_node3_0_node4_0,0.2443458152622243
Train_W_2Layers_input_size_55_node1_60_node2_70_node3_0_node4_0,0.24434781247684464
Train_W_2Layers_input_size_15_node1_30_node2_30_node3_0_node4_0,0.24435174587469852
Test_W_2Layers_input_size_85_node1_70_node2_40_node3_0_node4_0,0.24435304174772202
Test_W_2Layers_input_size_95_node1_60_node2_60_node3_0_node4_0,0.24437265432797903
Train_W_2Layers_input_size_50_node1_10_node2_100_node3_0_node4_0,0.2443828296870514
Train_W_2Layers_input_size_45_node1_80_node2_100_node3_0_node4_0,0.2443959846169849
Train_W_2Layers_input_size_35_node1_10_node2_90_node3_0_node4_0,0.24440157867735754
Test_W_2Layers_input_size_80_node1_40_node2_70_node3_0_node4_0,0.24440244749813494
Train_W_2Layers_input_size_50_node1_80_node2_50_node3_0_node4_0,0.24440892545042683
Test_W_2Layers_input_size_40_node1_40_node2_20_node3_0_node4_0,0.24441531940202257
Test_W_2Layers_input_size_90_node1_90_node2_90_node3_0_node4_0,0.24443440119038087
Train_W_2Layers_input_size_40_node1_100_node2_90_node3_0_node4_0,0.24443818079278878
Train_W_2Layers_input_size_65_node1_60_node2_100_node3_0_node4_0,0.2444397657699544
Train_W_2Layers_input_size_60_node1_90_node2_60_node3_0_node4_0,0.2444537024584125
Test_W_2Layers_input_size_45_node1_10_node2_60_node3_0_node4_0,0.2444593713924834
Test_W_1Layers_input_size_10_node1_50_node2_0_node3_0_node4_0,0.24446184770011684
Train_W_2Layers_input_size_55_node1_80_node2_50_node3_0_node4_0,0.24447812213168
Train_W_2Layers_input_size_60_node1_40_node2_20_node3_0_node4_0,0.24448189343943322
Train_W_2Layers_input_size_5_node1_50_node2_80_node3_0_node4_0,0.2444837295500302
Train_W_2Layers_input_size_20_node1_40_node2_40_node3_0_node4_0,0.2444877978953381
Train_W_2Layers_input_size_90_node1_80_node2_90_node3_0_node4_0,0.24450047485182586
Test_W_2Layers_input_size_95_node1_20_node2_50_node3_0_node4_0,0.24450990595916114
Train_W_2Layers_input_size_70_node1_70_node2_70_node3_0_node4_0,0.24451780556474273
Train_W_2Layers_input_size_75_node1_10_node2_90_node3_0_node4_0,0.24452210186796133
Test_W_2Layers_input_size_70_node1_20_node2_40_node3_0_node4_0,0.24452364059649928
Train_W_2Layers_input_size_35_node1_100_node2_90_node3_0_node4_0,0.24452395291150555
Test_W_2Layers_input_size_5_node1_50_node2_30_node3_0_node4_0,0.2445246308622196
Train_W_2Layers_input_size_100_node1_70_node2_20_node3_0_node4_0,0.24454545598309682
Test_W_2Layers_input_size_85_node1_30_node2_30_node3_0_node4_0,0.24455227289231615
Train_W_2Layers_input_size_95_node1_30_node2_80_node3_0_node4_0,0.2445611612471943
Train_W_2Layers_input_size_60_node1_40_node2_50_node3_0_node4_0,0.2445619228735455
Train_W_2Layers_input_size_100_node1_50_node2_50_node3_0_node4_0,0.2445643752942814
Train_W_2Layers_input_size_25_node1_80_node2_10_node3_0_node4_0,0.24458456494158282
Train_W_2Layers_input_size_45_node1_20_node2_20_node3_0_node4_0,0.24459578999967124
Train_W_2Layers_input_size_80_node1_10_node2_10_node3_0_node4_0,0.2446001382385621
Train_W_2Layers_input_size_90_node1_20_node2_40_node3_0_node4_0,0.2446140353314143
Train_W_2Layers_input_size_30_node1_100_node2_20_node3_0_node4_0,0.24461900001919923
Train_W_1Layers_input_size_90_node1_10_node2_0_node3_0_node4_0,0.24462370571920752
Train_W_2Layers_input_size_15_node1_10_node2_100_node3_0_node4_0,0.2446410581574312
Train_W_2Layers_input_size_45_node1_60_node2_50_node3_0_node4_0,0.24465135939569485
Train_W_2Layers_input_size_40_node1_80_node2_80_node3_0_node4_0,0.24465830277943493
Train_W_2Layers_input_size_25_node1_30_node2_90_node3_0_node4_0,0.24465981781175888
Test_W_2Layers_input_size_40_node1_70_node2_70_node3_0_node4_0,0.24466341121774607
Train_W_2Layers_input_size_80_node1_10_node2_30_node3_0_node4_0,0.24467058264565658
Train_W_1Layers_input_size_55_node1_20_node2_0_node3_0_node4_0,0.24467340700383808
Train_W_2Layers_input_size_30_node1_100_node2_80_node3_0_node4_0,0.2446758887579712
Train_W_2Layers_input_size_75_node1_10_node2_30_node3_0_node4_0,0.244680014808821
Train_W_2Layers_input_size_45_node1_40_node2_70_node3_0_node4_0,0.2446830217577688
Train_W_2Layers_input_size_95_node1_90_node2_100_node3_0_node4_0,0.24469343541182517
Train_W_2Layers_input_size_10_node1_90_node2_70_node3_0_node4_0,0.24470304937880935
Train_W_2Layers_input_size_75_node1_90_node2_80_node3_0_node4_0,0.24470501323059365
Train_W_2Layers_input_size_40_node1_90_node2_90_node3_0_node4_0,0.2447068400553132
Train_W_2Layers_input_size_30_node1_40_node2_90_node3_0_node4_0,0.24472586105745445
Train_W_2Layers_input_size_5_node1_20_node2_80_node3_0_node4_0,0.24472650039318908
Test_W_2Layers_input_size_100_node1_10_node2_10_node3_0_node4_0,0.24472758878232395
Test_W_1Layers_input_size_30_node1_40_node2_0_node3_0_node4_0,0.24474061102095607
Train_W_2Layers_input_size_85_node1_10_node2_60_node3_0_node4_0,0.24474194288824536
Train_W_2Layers_input_size_95_node1_50_node2_100_node3_0_node4_0,0.2447508015239594
Train_W_2Layers_input_size_25_node1_40_node2_40_node3_0_node4_0,0.2447556492842212
Train_W_2Layers_input_size_75_node1_90_node2_40_node3_0_node4_0,0.24475686691692317
Train_W_2Layers_input_size_60_node1_100_node2_70_node3_0_node4_0,0.24475946958651162
Train_W_2Layers_input_size_35_node1_20_node2_70_node3_0_node4_0,0.24475947719661603
Train_W_2Layers_input_size_40_node1_20_node2_10_node3_0_node4_0,0.24476436283481387
Test_W_2Layers_input_size_65_node1_90_node2_50_node3_0_node4_0,0.24476454547360324
Train_W_2Layers_input_size_45_node1_100_node2_50_node3_0_node4_0,0.2447672317700532
Test_W_2Layers_input_size_30_node1_40_node2_30_node3_0_node4_0,0.24477029091594207
Train_W_2Layers_input_size_5_node1_70_node2_100_node3_0_node4_0,0.2447740957704147
Train_W_2Layers_input_size_70_node1_40_node2_50_node3_0_node4_0,0.24477526004406536
Train_W_2Layers_input_size_45_node1_40_node2_60_node3_0_node4_0,0.24477895828833995
Train_W_2Layers_input_size_35_node1_80_node2_60_node3_0_node4_0,0.24478432292609198
Train_W_2Layers_input_size_25_node1_90_node2_80_node3_0_node4_0,0.2447927158752574
Test_W_2Layers_input_size_100_node1_100_node2_10_node3_0_node4_0,0.24479724323062152
Train_W_2Layers_input_size_45_node1_90_node2_50_node3_0_node4_0,0.2448008422281738
Train_W_2Layers_input_size_40_node1_90_node2_70_node3_0_node4_0,0.24481449967620175
Test_W_2Layers_input_size_45_node1_10_node2_80_node3_0_node4_0,0.24481465184403273
Test_W_2Layers_input_size_65_node1_30_node2_10_node3_0_node4_0,0.24481487248721964
Test_W_2Layers_input_size_65_node1_80_node2_40_node3_0_node4_0,0.24482366761920432
Train_W_2Layers_input_size_70_node1_90_node2_80_node3_0_node4_0,0.24482387303806116
Train_W_2Layers_input_size_80_node1_20_node2_70_node3_0_node4_0,0.24483872360396605
Train_W_2Layers_input_size_70_node1_70_node2_60_node3_0_node4_0,0.24484523565819036
Test_W_2Layers_input_size_95_node1_60_node2_70_node3_0_node4_0,0.24484966314754952
Test_W_2Layers_input_size_20_node1_100_node2_20_node3_0_node4_0,0.24486063263023491
Test_W_2Layers_input_size_45_node1_70_node2_90_node3_0_node4_0,0.2448630516317106
Train_W_2Layers_input_size_95_node1_40_node2_60_node3_0_node4_0,0.24486335590693376
Test_W_2Layers_input_size_90_node1_10_node2_60_node3_0_node4_0,0.2448742867435546
Test_W_2Layers_input_size_20_node1_100_node2_30_node3_0_node4_0,0.24487915487839224
Train_W_2Layers_input_size_95_node1_10_node2_10_node3_0_node4_0,0.24488341441698894
Train_W_2Layers_input_size_65_node1_50_node2_100_node3_0_node4_0,0.24489220708733828
Test_W_2Layers_input_size_80_node1_40_node2_100_node3_0_node4_0,0.24490176761716714
Test_W_2Layers_input_size_30_node1_30_node2_20_node3_0_node4_0,0.2449019501534851
Train_W_2Layers_input_size_15_node1_60_node2_30_node3_0_node4_0,0.24490789011524966
Train_W_2Layers_input_size_20_node1_90_node2_10_node3_0_node4_0,0.2449121263379979
Train_W_2Layers_input_size_45_node1_70_node2_60_node3_0_node4_0,0.244913023768959
Train_W_2Layers_input_size_95_node1_10_node2_60_node3_0_node4_0,0.2449170089311297
Train_W_2Layers_input_size_15_node1_90_node2_90_node3_0_node4_0,0.24491942737579223
Train_W_2Layers_input_size_45_node1_30_node2_60_node3_0_node4_0,0.24492154159401525
Train_W_2Layers_input_size_100_node1_90_node2_50_node3_0_node4_0,0.24492745826599585
Train_W_2Layers_input_size_25_node1_70_node2_30_node3_0_node4_0,0.2449319755260191
Train_W_2Layers_input_size_95_node1_90_node2_80_node3_0_node4_0,0.24494200597892984
Train_W_2Layers_input_size_55_node1_40_node2_70_node3_0_node4_0,0.24494281204753435
Test_W_2Layers_input_size_40_node1_60_node2_20_node3_0_node4_0,0.24494652297066677
Train_W_2Layers_input_size_10_node1_10_node2_100_node3_0_node4_0,0.24494966352357508
Train_W_2Layers_input_size_90_node1_90_node2_80_node3_0_node4_0,0.24495526775160933
Test_W_1Layers_input_size_80_node1_20_node2_0_node3_0_node4_0,0.24496830069793557
Train_W_2Layers_input_size_35_node1_20_node2_90_node3_0_node4_0,0.24497177552628502
Test_W_2Layers_input_size_70_node1_90_node2_100_node3_0_node4_0,0.2449771131315946
Train_W_2Layers_input_size_75_node1_20_node2_90_node3_0_node4_0,0.2449808083286835
Train_W_2Layers_input_size_65_node1_100_node2_100_node3_0_node4_0,0.2449837963793982
Train_W_2Layers_input_size_15_node1_20_node2_60_node3_0_node4_0,0.2449864042412044
Train_W_2Layers_input_size_30_node1_60_node2_20_node3_0_node4_0,0.24498650308090178
Test_W_2Layers_input_size_25_node1_10_node2_10_node3_0_node4_0,0.2449891565317185
Train_W_2Layers_input_size_45_node1_20_node2_70_node3_0_node4_0,0.24499319367539857
Test_W_1Layers_input_size_65_node1_60_node2_0_node3_0_node4_0,0.24499857643015532
Train_W_2Layers_input_size_35_node1_50_node2_100_node3_0_node4_0,0.2450014730331358
Test_W_2Layers_input_size_5_node1_20_node2_10_node3_0_node4_0,0.24500608015787534
Train_W_2Layers_input_size_10_node1_70_node2_70_node3_0_node4_0,0.24500899187685246
Train_W_2Layers_input_size_100_node1_50_node2_60_node3_0_node4_0,0.24501456433914356
Train_W_2Layers_input_size_70_node1_80_node2_80_node3_0_node4_0,0.24501529414746537
Train_W_2Layers_input_size_5_node1_90_node2_90_node3_0_node4_0,0.24501885953395292
Train_W_2Layers_input_size_100_node1_90_node2_90_node3_0_node4_0,0.24502392244566187
Train_W_2Layers_input_size_55_node1_20_node2_60_node3_0_node4_0,0.24502797422006087
Train_W_2Layers_input_size_40_node1_50_node2_10_node3_0_node4_0,0.2450466662479429
Train_W_2Layers_input_size_10_node1_20_node2_70_node3_0_node4_0,0.2450527167168491
Train_W_2Layers_input_size_35_node1_90_node2_70_node3_0_node4_0,0.24505352242128645
Test_W_2Layers_input_size_40_node1_20_node2_60_node3_0_node4_0,0.24505751289949598
Test_W_2Layers_input_size_60_node1_30_node2_90_node3_0_node4_0,0.2450699551734264
Train_W_2Layers_input_size_100_node1_100_node2_40_node3_0_node4_0,0.245074028987784
Train_W_2Layers_input_size_65_node1_40_node2_10_node3_0_node4_0,0.2450741885948038
Test_W_2Layers_input_size_30_node1_50_node2_80_node3_0_node4_0,0.24507447740724206
Train_W_2Layers_input_size_60_node1_70_node2_80_node3_0_node4_0,0.24507560225244163
Train_W_2Layers_input_size_10_node1_70_node2_100_node3_0_node4_0,0.24508268561845642
Test_W_2Layers_input_size_5_node1_90_node2_10_node3_0_node4_0,0.24508335442355403
Train_W_2Layers_input_size_35_node1_70_node2_50_node3_0_node4_0,0.24508640962362924
Train_W_2Layers_input_size_90_node1_60_node2_20_node3_0_node4_0,0.24508909999216008
Train_W_2Layers_input_size_100_node1_30_node2_90_node3_0_node4_0,0.24509258070762513
Train_W_2Layers_input_size_70_node1_100_node2_50_node3_0_node4_0,0.2450991468135734
Train_W_2Layers_input_size_10_node1_20_node2_50_node3_0_node4_0,0.24511185294497823
Test_W_2Layers_input_size_75_node1_10_node2_70_node3_0_node4_0,0.2451160552466029
Test_W_2Layers_input_size_95_node1_80_node2_70_node3_0_node4_0,0.24512669366283538
Train_W_2Layers_input_size_20_node1_70_node2_50_node3_0_node4_0,0.24513206588758343
Train_W_2Layers_input_size_100_node1_100_node2_100_node3_0_node4_0,0.2451346645735699
Train_W_2Layers_input_size_100_node1_40_node2_80_node3_0_node4_0,0.2451378635029935
Train_W_2Layers_input_size_50_node1_60_node2_50_node3_0_node4_0,0.24513920840860015
Train_W_2Layers_input_size_35_node1_100_node2_40_node3_0_node4_0,0.24514690538178824
Test_W_2Layers_input_size_25_node1_40_node2_10_node3_0_node4_0,0.24514818945349745
Train_W_2Layers_input_size_15_node1_80_node2_10_node3_0_node4_0,0.24515351561996232
Test_W_2Layers_input_size_70_node1_50_node2_70_node3_0_node4_0,0.24515878848675654
Train_W_2Layers_input_size_80_node1_30_node2_60_node3_0_node4_0,0.2451694934251094
Train_W_2Layers_input_size_15_node1_20_node2_30_node3_0_node4_0,0.24517276787286837
Test_W_2Layers_input_size_70_node1_30_node2_10_node3_0_node4_0,0.24517478114270339
Test_W_2Layers_input_size_65_node1_60_node2_80_node3_0_node4_0,0.2451763537608476
Test_W_2Layers_input_size_5_node1_40_node2_10_node3_0_node4_0,0.24518483964700521
Train_W_2Layers_input_size_90_node1_70_node2_80_node3_0_node4_0,0.24518619948865614
Train_W_2Layers_input_size_80_node1_30_node2_50_node3_0_node4_0,0.24518837977768593
Train_W_2Layers_input_size_20_node1_20_node2_90_node3_0_node4_0,0.24519021059774934
Test_W_2Layers_input_size_20_node1_10_node2_40_node3_0_node4_0,0.245196933616395
Train_W_2Layers_input_size_80_node1_70_node2_50_node3_0_node4_0,0.24519899226659497
Test_W_2Layers_input_size_80_node1_40_node2_20_node3_0_node4_0,0.24521027275513338
Test_W_2Layers_input_size_25_node1_50_node2_10_node3_0_node4_0,0.24521147293818465
Train_W_2Layers_input_size_75_node1_50_node2_100_node3_0_node4_0,0.24521824094909822
Train_W_2Layers_input_size_15_node1_50_node2_90_node3_0_node4_0,0.2452243707371697
Train_W_2Layers_input_size_15_node1_20_node2_20_node3_0_node4_0,0.24523451835188212
Test_W_2Layers_input_size_90_node1_40_node2_50_node3_0_node4_0,0.24523559689103452
Train_W_2Layers_input_size_35_node1_70_node2_70_node3_0_node4_0,0.24523802738441175
Train_W_2Layers_input_size_50_node1_100_node2_50_node3_0_node4_0,0.24525374905659508
Train_W_2Layers_input_size_10_node1_10_node2_70_node3_0_node4_0,0.2452565135363054
Test_W_2Layers_input_size_10_node1_50_node2_30_node3_0_node4_0,0.2452637815389781
Train_W_2Layers_input_size_10_node1_50_node2_100_node3_0_node4_0,0.24526889255502918
Train_W_2Layers_input_size_65_node1_80_node2_10_node3_0_node4_0,0.24527240868996789
Train_W_2Layers_input_size_20_node1_50_node2_80_node3_0_node4_0,0.24527906870373262
Test_W_2Layers_input_size_50_node1_60_node2_10_node3_0_node4_0,0.24528345798680123
Test_W_1Layers_input_size_45_node1_90_node2_0_node3_0_node4_0,0.24528706503779335
Test_W_2Layers_input_size_55_node1_20_node2_90_node3_0_node4_0,0.24531375556673082
Test_W_1Layers_input_size_30_node1_50_node2_0_node3_0_node4_0,0.24532017908408238
Train_W_2Layers_input_size_95_node1_60_node2_30_node3_0_node4_0,0.24532095353935157
Train_W_2Layers_input_size_95_node1_60_node2_80_node3_0_node4_0,0.24532619243725817
Train_W_1Layers_input_size_15_node1_70_node2_0_node3_0_node4_0,0.24533307116810207
Test_W_2Layers_input_size_25_node1_80_node2_70_node3_0_node4_0,0.24533713302124227
Test_W_1Layers_input_size_60_node1_20_node2_0_node3_0_node4_0,0.24533876533580437
Train_W_2Layers_input_size_95_node1_100_node2_70_node3_0_node4_0,0.24533931196895123
Train_W_2Layers_input_size_45_node1_30_node2_30_node3_0_node4_0,0.24533947140338963
Train_W_2Layers_input_size_20_node1_100_node2_50_node3_0_node4_0,0.24534139220062348
Train_W_2Layers_input_size_40_node1_100_node2_80_node3_0_node4_0,0.24534290301475922
Test_W_2Layers_input_size_65_node1_20_node2_40_node3_0_node4_0,0.24534721523709838
Test_W_2Layers_input_size_20_node1_90_node2_40_node3_0_node4_0,0.2453532279276461
Train_W_2Layers_input_size_90_node1_90_node2_60_node3_0_node4_0,0.2453546551608336
Test_W_2Layers_input_size_40_node1_50_node2_60_node3_0_node4_0,0.24537468109994337
Train_W_2Layers_input_size_40_node1_30_node2_50_node3_0_node4_0,0.24537685971422524
Train_W_2Layers_input_size_60_node1_20_node2_60_node3_0_node4_0,0.24539536576912413
Train_W_2Layers_input_size_65_node1_50_node2_30_node3_0_node4_0,0.24539565420356074
Train_W_2Layers_input_size_55_node1_30_node2_60_node3_0_node4_0,0.24539765046418446
Train_W_2Layers_input_size_60_node1_10_node2_80_node3_0_node4_0,0.245399191293029
Train_W_2Layers_input_size_90_node1_40_node2_90_node3_0_node4_0,0.24540201485575394
Test_W_2Layers_input_size_15_node1_20_node2_40_node3_0_node4_0,0.24540366950913498
Test_W_1Layers_input_size_65_node1_30_node2_0_node3_0_node4_0,0.2454064474800896
Train_W_2Layers_input_size_45_node1_10_node2_10_node3_0_node4_0,0.2454162839768885
Test_W_2Layers_input_size_85_node1_100_node2_40_node3_0_node4_0,0.24542237087079927
Train_W_2Layers_input_size_20_node1_90_node2_20_node3_0_node4_0,0.2454226137362523
Train_W_2Layers_input_size_5_node1_50_node2_100_node3_0_node4_0,0.24543399778470257
Test_W_2Layers_input_size_60_node1_20_node2_30_node3_0_node4_0,0.2454487051935288
Test_W_2Layers_input_size_60_node1_90_node2_80_node3_0_node4_0,0.24544911498487
Test_W_2Layers_input_size_45_node1_80_node2_80_node3_0_node4_0,0.2454540855475855
Train_W_2Layers_input_size_90_node1_60_node2_30_node3_0_node4_0,0.24547288930014452
Train_W_2Layers_input_size_45_node1_50_node2_60_node3_0_node4_0,0.24547916448537507
Test_W_1Layers_input_size_10_node1_40_node2_0_node3_0_node4_0,0.24547935418013322
Train_W_2Layers_input_size_70_node1_90_node2_10_node3_0_node4_0,0.2454901210143268
Train_W_2Layers_input_size_15_node1_80_node2_30_node3_0_node4_0,0.24549770835168153
Test_W_2Layers_input_size_55_node1_10_node2_10_node3_0_node4_0,0.24550188128727535
Train_W_2Layers_input_size_30_node1_60_node2_60_node3_0_node4_0,0.24550304969653106
Train_W_2Layers_input_size_95_node1_80_node2_60_node3_0_node4_0,0.24550482506098986
Test_W_2Layers_input_size_50_node1_50_node2_80_node3_0_node4_0,0.2455089599412614
Train_W_2Layers_input_size_45_node1_10_node2_70_node3_0_node4_0,0.24551423276094878
Train_W_2Layers_input_size_60_node1_70_node2_10_node3_0_node4_0,0.24551859508012613
Train_W_2Layers_input_size_65_node1_100_node2_90_node3_0_node4_0,0.2455200516981378
Train_W_2Layers_input_size_50_node1_90_node2_100_node3_0_node4_0,0.24552310146411116
Train_W_2Layers_input_size_20_node1_100_node2_40_node3_0_node4_0,0.24553311535463032
Train_W_2Layers_input_size_65_node1_40_node2_100_node3_0_node4_0,0.24553737113443166
Train_W_2Layers_input_size_5_node1_80_node2_40_node3_0_node4_0,0.24553917659448699
Test_W_2Layers_input_size_100_node1_10_node2_20_node3_0_node4_0,0.2455466334590276
Train_W_2Layers_input_size_30_node1_20_node2_30_node3_0_node4_0,0.24555404458424962
Train_W_2Layers_input_size_20_node1_50_node2_70_node3_0_node4_0,0.24555850480563518
Train_W_2Layers_input_size_60_node1_80_node2_90_node3_0_node4_0,0.24556376139112218
Train_W_2Layers_input_size_95_node1_50_node2_60_node3_0_node4_0,0.24556771323771676
Test_W_1Layers_input_size_80_node1_70_node2_0_node3_0_node4_0,0.24556855517762166
Test_W_2Layers_input_size_30_node1_70_node2_40_node3_0_node4_0,0.24557519957505086
Train_W_2Layers_input_size_40_node1_90_node2_100_node3_0_node4_0,0.24557818039356297
Test_W_2Layers_input_size_50_node1_20_node2_10_node3_0_node4_0,0.24557920433050445
Train_W_2Layers_input_size_100_node1_60_node2_100_node3_0_node4_0,0.2455903460054
Test_W_2Layers_input_size_75_node1_40_node2_100_node3_0_node4_0,0.24559366793181542
Train_W_2Layers_input_size_25_node1_50_node2_100_node3_0_node4_0,0.24559389545937776
Train_W_2Layers_input_size_25_node1_30_node2_70_node3_0_node4_0,0.24559410781824578
Train_W_2Layers_input_size_100_node1_10_node2_80_node3_0_node4_0,0.24559423675032604
Test_W_2Layers_input_size_60_node1_50_node2_50_node3_0_node4_0,0.24559985660640432
Test_W_2Layers_input_size_40_node1_30_node2_20_node3_0_node4_0,0.24560555217278887
Train_W_2Layers_input_size_5_node1_10_node2_80_node3_0_node4_0,0.2456111793536727
Train_W_2Layers_input_size_70_node1_80_node2_30_node3_0_node4_0,0.24561755717505818
Test_W_2Layers_input_size_25_node1_80_node2_100_node3_0_node4_0,0.2456217887416129
Test_W_2Layers_input_size_70_node1_60_node2_90_node3_0_node4_0,0.24562307791406787
Test_W_2Layers_input_size_75_node1_70_node2_90_node3_0_node4_0,0.24563844887845884
Train_W_2Layers_input_size_30_node1_40_node2_50_node3_0_node4_0,0.2456461984523682
Train_W_2Layers_input_size_20_node1_70_node2_100_node3_0_node4_0,0.245653773386668
Train_W_2Layers_input_size_40_node1_10_node2_40_node3_0_node4_0,0.24566030174624348
Train_W_2Layers_input_size_40_node1_50_node2_30_node3_0_node4_0,0.24567569312685633
Test_W_1Layers_input_size_5_node1_10_node2_0_node3_0_node4_0,0.24568745967978198
Test_W_1Layers_input_size_50_node1_100_node2_0_node3_0_node4_0,0.2456888319021614
Train_W_2Layers_input_size_35_node1_30_node2_20_node3_0_node4_0,0.24569150051158378
Train_W_2Layers_input_size_25_node1_70_node2_60_node3_0_node4_0,0.24569224347154883
Train_W_2Layers_input_size_55_node1_60_node2_60_node3_0_node4_0,0.245695109153226
Test_W_2Layers_input_size_85_node1_20_node2_40_node3_0_node4_0,0.24569921050721166
Train_W_2Layers_input_size_40_node1_60_node2_10_node3_0_node4_0,0.24570256128534565
Train_W_2Layers_input_size_80_node1_40_node2_60_node3_0_node4_0,0.2457070870375684
Train_W_2Layers_input_size_35_node1_60_node2_80_node3_0_node4_0,0.24570982367476674
Train_W_2Layers_input_size_90_node1_60_node2_80_node3_0_node4_0,0.24572614431577594
Train_W_2Layers_input_size_75_node1_50_node2_30_node3_0_node4_0,0.24573213257454413
Train_W_1Layers_input_size_70_node1_90_node2_0_node3_0_node4_0,0.24573599075510946
Train_W_2Layers_input_size_45_node1_80_node2_70_node3_0_node4_0,0.24576127587728486
Train_W_2Layers_input_size_30_node1_70_node2_60_node3_0_node4_0,0.2457619428356986
Train_W_2Layers_input_size_100_node1_60_node2_30_node3_0_node4_0,0.2457631100085673
Train_W_2Layers_input_size_60_node1_20_node2_70_node3_0_node4_0,0.2457697036732616
Test_W_2Layers_input_size_10_node1_100_node2_10_node3_0_node4_0,0.24577025692673757
Test_W_1Layers_input_size_15_node1_10_node2_0_node3_0_node4_0,0.2457785858936303
Train_W_2Layers_input_size_90_node1_90_node2_40_node3_0_node4_0,0.24578222357041174
Train_W_2Layers_input_size_45_node1_100_node2_90_node3_0_node4_0,0.24578339064697158
Train_W_2Layers_input_size_55_node1_70_node2_40_node3_0_node4_0,0.24578510335968143
Train_W_2Layers_input_size_45_node1_40_node2_80_node3_0_node4_0,0.24578755115403156
Train_W_1Layers_input_size_5_node1_20_node2_0_node3_0_node4_0,0.2458022828751513
Train_W_2Layers_input_size_20_node1_100_node2_100_node3_0_node4_0,0.24582275728870656
Test_W_2Layers_input_size_30_node1_70_node2_30_node3_0_node4_0,0.24582577299087482
Train_W_2Layers_input_size_20_node1_80_node2_90_node3_0_node4_0,0.24583952503300366
Train_W_2Layers_input_size_95_node1_40_node2_100_node3_0_node4_0,0.24585398089586083
Train_W_2Layers_input_size_90_node1_40_node2_40_node3_0_node4_0,0.24585481427923092
Train_W_2Layers_input_size_25_node1_90_node2_90_node3_0_node4_0,0.24585631436217828
Test_W_1Layers_input_size_25_node1_40_node2_0_node3_0_node4_0,0.24585657195125857
Test_W_2Layers_input_size_5_node1_40_node2_40_node3_0_node4_0,0.24586448889578638
Train_W_2Layers_input_size_55_node1_70_node2_100_node3_0_node4_0,0.24586493587356834
Train_W_2Layers_input_size_75_node1_30_node2_100_node3_0_node4_0,0.2458655646714453
Train_W_2Layers_input_size_95_node1_90_node2_40_node3_0_node4_0,0.24586871621247955
Test_W_2Layers_input_size_20_node1_10_node2_80_node3_0_node4_0,0.24586926166740383
Train_W_2Layers_input_size_35_node1_90_node2_10_node3_0_node4_0,0.245871314688284
Test_W_1Layers_input_size_65_node1_90_node2_0_node3_0_node4_0,0.24588929114628688
Train_W_2Layers_input_size_100_node1_10_node2_50_node3_0_node4_0,0.24589373771169656
Train_W_2Layers_input_size_30_node1_80_node2_70_node3_0_node4_0,0.24589789635172254
Test_W_2Layers_input_size_10_node1_70_node2_40_node3_0_node4_0,0.24590075963675936
Train_W_2Layers_input_size_100_node1_60_node2_10_node3_0_node4_0,0.24590951593120655
Train_W_2Layers_input_size_50_node1_100_node2_40_node3_0_node4_0,0.2459114019780389
Test_W_2Layers_input_size_20_node1_60_node2_40_node3_0_node4_0,0.2459141363415336
Train_W_2Layers_input_size_20_node1_50_node2_90_node3_0_node4_0,0.24591999126139197
Train_W_2Layers_input_size_90_node1_30_node2_80_node3_0_node4_0,0.2459209001627127
Train_W_2Layers_input_size_70_node1_100_node2_90_node3_0_node4_0,0.24592811066082512
Train_W_2Layers_input_size_75_node1_60_node2_60_node3_0_node4_0,0.2459289437929905
Test_W_2Layers_input_size_75_node1_90_node2_100_node3_0_node4_0,0.24594306116711692
Train_W_2Layers_input_size_50_node1_40_node2_90_node3_0_node4_0,0.2459431066079999
Test_W_2Layers_input_size_75_node1_30_node2_50_node3_0_node4_0,0.24594406086460313
Train_W_2Layers_input_size_85_node1_60_node2_60_node3_0_node4_0,0.24595412577425543
Train_W_2Layers_input_size_30_node1_60_node2_40_node3_0_node4_0,0.24595511785365914
Train_W_2Layers_input_size_10_node1_40_node2_70_node3_0_node4_0,0.2459587907845583
Train_W_2Layers_input_size_60_node1_10_node2_100_node3_0_node4_0,0.24595927545587953
Train_W_2Layers_input_size_40_node1_30_node2_90_node3_0_node4_0,0.24595945720737875
Train_W_2Layers_input_size_60_node1_10_node2_30_node3_0_node4_0,0.24596496269955884
Train_W_2Layers_input_size_25_node1_20_node2_50_node3_0_node4_0,0.24597272470408438
Train_W_2Layers_input_size_5_node1_20_node2_40_node3_0_node4_0,0.24597340623424752
Train_W_2Layers_input_size_30_node1_100_node2_60_node3_0_node4_0,0.24597844192637416
Train_W_2Layers_input_size_40_node1_30_node2_100_node3_0_node4_0,0.24598656696863933
Test_W_2Layers_input_size_10_node1_50_node2_10_node3_0_node4_0,0.2459936165315774
Train_W_2Layers_input_size_75_node1_30_node2_80_node3_0_node4_0,0.24599588809850925
Train_W_2Layers_input_size_30_node1_40_node2_80_node3_0_node4_0,0.24599616068513147
Train_W_2Layers_input_size_30_node1_70_node2_90_node3_0_node4_0,0.24599652413349127
Test_W_2Layers_input_size_65_node1_60_node2_10_node3_0_node4_0,0.24599904554170274
Train_W_2Layers_input_size_15_node1_10_node2_20_node3_0_node4_0,0.24599921212031414
Test_W_2Layers_input_size_95_node1_100_node2_50_node3_0_node4_0,0.2460080481967889
Train_W_2Layers_input_size_5_node1_30_node2_10_node3_0_node4_0,0.24601125848359087
Train_W_2Layers_input_size_25_node1_20_node2_40_node3_0_node4_0,0.24601270461325198
Train_W_2Layers_input_size_80_node1_80_node2_60_node3_0_node4_0,0.24601686881348467
Test_W_2Layers_input_size_25_node1_30_node2_60_node3_0_node4_0,0.2460198897073576
Test_W_2Layers_input_size_55_node1_60_node2_20_node3_0_node4_0,0.24602514400582623
Train_W_2Layers_input_size_65_node1_10_node2_10_node3_0_node4_0,0.2460289370247473
Train_W_2Layers_input_size_5_node1_40_node2_70_node3_0_node4_0,0.2460366818698025
Train_W_2Layers_input_size_5_node1_30_node2_60_node3_0_node4_0,0.24604018703234354
Train_W_2Layers_input_size_60_node1_90_node2_10_node3_0_node4_0,0.24604156485794204
Train_W_2Layers_input_size_95_node1_40_node2_70_node3_0_node4_0,0.24605097474626247
Test_W_2Layers_input_size_10_node1_80_node2_100_node3_0_node4_0,0.24606189067426973
Test_W_2Layers_input_size_100_node1_30_node2_10_node3_0_node4_0,0.2460622161764766
Test_W_2Layers_input_size_65_node1_50_node2_10_node3_0_node4_0,0.24606416161092173
Train_W_2Layers_input_size_95_node1_80_node2_50_node3_0_node4_0,0.24606506997971417
Train_W_2Layers_input_size_45_node1_60_node2_70_node3_0_node4_0,0.24607188263877336
Train_W_2Layers_input_size_75_node1_80_node2_10_node3_0_node4_0,0.24607732506087357
Train_W_2Layers_input_size_100_node1_20_node2_50_node3_0_node4_0,0.2460815562905755
Train_W_2Layers_input_size_55_node1_40_node2_10_node3_0_node4_0,0.2460837589233969
Train_W_2Layers_input_size_10_node1_60_node2_30_node3_0_node4_0,0.24608431903993927
Train_W_2Layers_input_size_90_node1_30_node2_60_node3_0_node4_0,0.24608489429343952
Train_W_2Layers_input_size_65_node1_100_node2_40_node3_0_node4_0,0.24608742993428837
Train_W_2Layers_input_size_60_node1_70_node2_70_node3_0_node4_0,0.24609150204313
Train_W_2Layers_input_size_55_node1_60_node2_30_node3_0_node4_0,0.24609166099024998
Train_W_2Layers_input_size_95_node1_30_node2_10_node3_0_node4_0,0.2460948853239483
Train_W_2Layers_input_size_95_node1_10_node2_70_node3_0_node4_0,0.24609869997405043
Train_W_2Layers_input_size_15_node1_30_node2_90_node3_0_node4_0,0.24610609447459705
Test_W_2Layers_input_size_35_node1_70_node2_80_node3_0_node4_0,0.24610750220489988
Train_W_2Layers_input_size_90_node1_70_node2_60_node3_0_node4_0,0.2461277696013883
Train_W_2Layers_input_size_65_node1_100_node2_70_node3_0_node4_0,0.2461286550321173
Test_W_2Layers_input_size_70_node1_100_node2_100_node3_0_node4_0,0.24613137184669523
Train_W_2Layers_input_size_25_node1_10_node2_60_node3_0_node4_0,0.24613274916185063
Train_W_2Layers_input_size_90_node1_10_node2_30_node3_0_node4_0,0.24613489079593112
Test_W_2Layers_input_size_80_node1_10_node2_40_node3_0_node4_0,0.24614020317882745
Train_W_2Layers_input_size_65_node1_100_node2_20_node3_0_node4_0,0.2461403696619086
Train_W_2Layers_input_size_35_node1_20_node2_60_node3_0_node4_0,0.24614950335658056
Train_W_2Layers_input_size_35_node1_60_node2_70_node3_0_node4_0,0.2461541646641696
Test_W_2Layers_input_size_30_node1_50_node2_50_node3_0_node4_0,0.24615511810257518
Test_W_2Layers_input_size_45_node1_20_node2_30_node3_0_node4_0,0.24615874264820595
Train_W_2Layers_input_size_35_node1_80_node2_50_node3_0_node4_0,0.2461627454768767
Test_W_2Layers_input_size_10_node1_10_node2_90_node3_0_node4_0,0.2461636080817138
Train_W_2Layers_input_size_95_node1_70_node2_80_node3_0_node4_0,0.24617103089841907
Train_W_2Layers_input_size_10_node1_70_node2_10_node3_0_node4_0,0.2461755858698219
Train_W_2Layers_input_size_85_node1_10_node2_80_node3_0_node4_0,0.24617697050389317
Test_W_2Layers_input_size_80_node1_20_node2_100_node3_0_node4_0,0.24618039800719285
Test_W_2Layers_input_size_60_node1_30_node2_20_node3_0_node4_0,0.24618356821610768
Train_W_2Layers_input_size_95_node1_100_node2_30_node3_0_node4_0,0.24618678378010422
Train_W_2Layers_input_size_60_node1_40_node2_60_node3_0_node4_0,0.24618892494412956
Test_W_1Layers_input_size_30_node1_20_node2_0_node3_0_node4_0,0.24620039460821083
Train_W_2Layers_input_size_55_node1_90_node2_40_node3_0_node4_0,0.24620118142573924
Test_W_2Layers_input_size_10_node1_90_node2_30_node3_0_node4_0,0.24620121925344166
Train_W_2Layers_input_size_35_node1_10_node2_60_node3_0_node4_0,0.2462012949088291
Train_W_2Layers_input_size_50_node1_60_node2_20_node3_0_node4_0,0.24620855015246823
Train_W_2Layers_input_size_100_node1_80_node2_20_node3_0_node4_0,0.24621038851706276
Train_W_2Layers_input_size_35_node1_40_node2_90_node3_0_node4_0,0.24621184860755704
Train_W_2Layers_input_size_75_node1_100_node2_90_node3_0_node4_0,0.24621485954403602
Train_W_2Layers_input_size_70_node1_100_node2_40_node3_0_node4_0,0.2462188463304072
Train_W_2Layers_input_size_10_node1_40_node2_10_node3_0_node4_0,0.2462226590600205
Test_W_1Layers_input_size_10_node1_20_node2_0_node3_0_node4_0,0.24622680457998608
Train_W_2Layers_input_size_15_node1_80_node2_40_node3_0_node4_0,0.24622723577057365
Train_W_2Layers_input_size_70_node1_10_node2_100_node3_0_node4_0,0.2462290437369219
Train_W_2Layers_input_size_70_node1_60_node2_80_node3_0_node4_0,0.24623277309837563
Train_W_2Layers_input_size_20_node1_80_node2_80_node3_0_node4_0,0.24623390778132265
Train_W_2Layers_input_size_45_node1_40_node2_50_node3_0_node4_0,0.24623443729824185
Train_W_2Layers_input_size_10_node1_90_node2_100_node3_0_node4_0,0.24624513329620107
Train_W_2Layers_input_size_65_node1_80_node2_80_node3_0_node4_0,0.24627227211696956
Train_W_2Layers_input_size_40_node1_70_node2_40_node3_0_node4_0,0.2462795933378639
Train_W_2Layers_input_size_40_node1_30_node2_30_node3_0_node4_0,0.2462809017562776
Train_W_2Layers_input_size_55_node1_70_node2_20_node3_0_node4_0,0.24628158243362844
Test_W_2Layers_input_size_75_node1_50_node2_20_node3_0_node4_0,0.24628276983294828
Train_W_2Layers_input_size_55_node1_10_node2_90_node3_0_node4_0,0.24628521268106085
Train_W_2Layers_input_size_40_node1_90_node2_60_node3_0_node4_0,0.24629378136539204
Train_W_2Layers_input_size_100_node1_30_node2_60_node3_0_node4_0,0.2462943031909064
Train_W_2Layers_input_size_40_node1_100_node2_30_node3_0_node4_0,0.2463024102510856
Train_W_2Layers_input_size_40_node1_90_node2_50_node3_0_node4_0,0.24630294718314938
Train_W_2Layers_input_size_70_node1_10_node2_10_node3_0_node4_0,0.2463073938431422
Test_W_2Layers_input_size_60_node1_100_node2_60_node3_0_node4_0,0.24630784001717926
Train_W_1Layers_input_size_35_node1_70_node2_0_node3_0_node4_0,0.2463165969643418
Train_W_2Layers_input_size_60_node1_10_node2_70_node3_0_node4_0,0.24634072611209942
Test_W_2Layers_input_size_25_node1_60_node2_80_node3_0_node4_0,0.24634578454003644
Test_W_2Layers_input_size_65_node1_10_node2_20_node3_0_node4_0,0.24634816627507108
Train_W_2Layers_input_size_100_node1_60_node2_50_node3_0_node4_0,0.24634926262155393
Train_W_2Layers_input_size_10_node1_90_node2_10_node3_0_node4_0,0.24635835076798615
Train_W_2Layers_input_size_65_node1_20_node2_60_node3_0_node4_0,0.24636275106451422
Train_W_2Layers_input_size_85_node1_20_node2_60_node3_0_node4_0,0.24636897334281246
Train_W_2Layers_input_size_55_node1_100_node2_50_node3_0_node4_0,0.24637506694057335
Train_W_2Layers_input_size_95_node1_70_node2_20_node3_0_node4_0,0.24637608756566107
Train_W_2Layers_input_size_75_node1_20_node2_30_node3_0_node4_0,0.2463786958105657
Train_W_2Layers_input_size_35_node1_30_node2_90_node3_0_node4_0,0.2463806689861913
Test_W_2Layers_input_size_35_node1_10_node2_100_node3_0_node4_0,0.24639265134172778
Test_W_2Layers_input_size_80_node1_10_node2_70_node3_0_node4_0,0.24639299152628033
Train_W_2Layers_input_size_25_node1_100_node2_30_node3_0_node4_0,0.24640954660691067
Train_W_2Layers_input_size_70_node1_50_node2_30_node3_0_node4_0,0.24641092992630806
Train_W_2Layers_input_size_35_node1_90_node2_100_node3_0_node4_0,0.24643717372804
Train_W_2Layers_input_size_80_node1_20_node2_40_node3_0_node4_0,0.24645304563890244
Test_W_2Layers_input_size_45_node1_40_node2_30_node3_0_node4_0,0.24645397524770754
Test_W_2Layers_input_size_95_node1_90_node2_50_node3_0_node4_0,0.24646086784751417
Test_W_1Layers_input_size_35_node1_20_node2_0_node3_0_node4_0,0.24646110213205874
Train_W_2Layers_input_size_5_node1_30_node2_90_node3_0_node4_0,0.24646844797320244
Train_W_2Layers_input_size_5_node1_20_node2_50_node3_0_node4_0,0.24648085680837217
Train_W_2Layers_input_size_5_node1_50_node2_60_node3_0_node4_0,0.24648752195401802
Train_W_2Layers_input_size_5_node1_100_node2_70_node3_0_node4_0,0.24650534013192552
Train_W_2Layers_input_size_70_node1_10_node2_90_node3_0_node4_0,0.2465056574923765
Train_W_2Layers_input_size_90_node1_70_node2_20_node3_0_node4_0,0.24651111300577164
Test_W_1Layers_input_size_25_node1_100_node2_0_node3_0_node4_0,0.2465131531251931
Train_W_2Layers_input_size_40_node1_20_node2_40_node3_0_node4_0,0.24651389360880685
Train_W_2Layers_input_size_40_node1_20_node2_80_node3_0_node4_0,0.24651667418047807
Test_W_2Layers_input_size_55_node1_50_node2_70_node3_0_node4_0,0.24652213700576622
Test_W_2Layers_input_size_55_node1_40_node2_90_node3_0_node4_0,0.24652277168301276
Train_W_2Layers_input_size_5_node1_100_node2_50_node3_0_node4_0,0.24652345169253514
Train_W_2Layers_input_size_25_node1_20_node2_20_node3_0_node4_0,0.24652717660030676
Test_W_1Layers_input_size_75_node1_70_node2_0_node3_0_node4_0,0.24652836281672683
Train_W_2Layers_input_size_95_node1_100_node2_90_node3_0_node4_0,0.24652883125730793
Train_W_2Layers_input_size_30_node1_40_node2_10_node3_0_node4_0,0.2465329036306616
Train_W_2Layers_input_size_60_node1_50_node2_70_node3_0_node4_0,0.24654131260433262
Train_W_2Layers_input_size_95_node1_10_node2_20_node3_0_node4_0,0.24654987994291483
Train_W_2Layers_input_size_70_node1_60_node2_100_node3_0_node4_0,0.24656121949853288
Train_W_2Layers_input_size_95_node1_10_node2_100_node3_0_node4_0,0.24657752911074052
Train_W_2Layers_input_size_80_node1_50_node2_60_node3_0_node4_0,0.246578035227812
Test_W_1Layers_input_size_10_node1_10_node2_0_node3_0_node4_0,0.246587394429415
Train_W_2Layers_input_size_25_node1_50_node2_50_node3_0_node4_0,0.2465887843047668
Test_W_2Layers_input_size_55_node1_50_node2_30_node3_0_node4_0,0.24659893620018708
Test_W_2Layers_input_size_95_node1_20_node2_100_node3_0_node4_0,0.2466039213529682
Train_W_2Layers_input_size_40_node1_10_node2_20_node3_0_node4_0,0.24661123272809338
Train_W_2Layers_input_size_15_node1_40_node2_90_node3_0_node4_0,0.2466138233802846
Train_W_2Layers_input_size_65_node1_70_node2_40_node3_0_node4_0,0.24661534905776342
Train_W_2Layers_input_size_100_node1_60_node2_90_node3_0_node4_0,0.2466173732093554
Train_W_2Layers_input_size_30_node1_100_node2_10_node3_0_node4_0,0.2466218519633438
Test_W_2Layers_input_size_40_node1_10_node2_90_node3_0_node4_0,0.2466255376223134
Test_W_2Layers_input_size_85_node1_70_node2_10_node3_0_node4_0,0.24664160131648502
Train_W_2Layers_input_size_20_node1_60_node2_10_node3_0_node4_0,0.24664803556342027
Test_W_2Layers_input_size_55_node1_20_node2_50_node3_0_node4_0,0.24665424309328143
Train_W_2Layers_input_size_50_node1_90_node2_60_node3_0_node4_0,0.24665553442110438
Train_W_2Layers_input_size_70_node1_60_node2_40_node3_0_node4_0,0.24665724107791376
Train_W_2Layers_input_size_25_node1_60_node2_30_node3_0_node4_0,0.24665761865525862
Test_W_1Layers_input_size_65_node1_50_node2_0_node3_0_node4_0,0.24665801888661312
Test_W_2Layers_input_size_70_node1_100_node2_60_node3_0_node4_0,0.24665831339606303
Train_W_2Layers_input_size_95_node1_60_node2_40_node3_0_node4_0,0.24665990676160449
Train_W_2Layers_input_size_90_node1_70_node2_90_node3_0_node4_0,0.24666017861441308
Train_W_2Layers_input_size_90_node1_20_node2_30_node3_0_node4_0,0.24666551744079507
Train_W_2Layers_input_size_45_node1_40_node2_100_node3_0_node4_0,0.24667297801167856
Test_W_2Layers_input_size_60_node1_60_node2_10_node3_0_node4_0,0.24667941899107562
Test_W_2Layers_input_size_90_node1_70_node2_70_node3_0_node4_0,0.2466973139127826
Train_W_2Layers_input_size_10_node1_100_node2_70_node3_0_node4_0,0.24669824260113551
Test_W_2Layers_input_size_30_node1_90_node2_80_node3_0_node4_0,0.24670071908631844
Test_W_2Layers_input_size_100_node1_80_node2_30_node3_0_node4_0,0.24670306719412596
Test_W_2Layers_input_size_75_node1_70_node2_50_node3_0_node4_0,0.24670349000216057
Train_W_2Layers_input_size_100_node1_90_node2_60_node3_0_node4_0,0.2467078916927672
Train_W_2Layers_input_size_10_node1_80_node2_30_node3_0_node4_0,0.2467102170825158
Train_W_2Layers_input_size_40_node1_80_node2_70_node3_0_node4_0,0.2467117874631939
Test_W_2Layers_input_size_55_node1_40_node2_20_node3_0_node4_0,0.2467129350427527
Train_W_2Layers_input_size_80_node1_10_node2_50_node3_0_node4_0,0.24671577376925402
Test_W_2Layers_input_size_75_node1_30_node2_20_node3_0_node4_0,0.24672493900897832
Train_W_2Layers_input_size_35_node1_80_node2_90_node3_0_node4_0,0.2467249918553371
Train_W_2Layers_input_size_90_node1_40_node2_10_node3_0_node4_0,0.2467262677139923
Train_W_2Layers_input_size_10_node1_50_node2_40_node3_0_node4_0,0.24673683670359084
Train_W_2Layers_input_size_15_node1_90_node2_30_node3_0_node4_0,0.24674150201354228
Train_W_2Layers_input_size_50_node1_100_node2_70_node3_0_node4_0,0.24674479334419405
Train_W_2Layers_input_size_95_node1_50_node2_40_node3_0_node4_0,0.24674709573976764
Test_W_2Layers_input_size_50_node1_50_node2_90_node3_0_node4_0,0.24675071913847246
Train_W_2Layers_input_size_35_node1_30_node2_100_node3_0_node4_0,0.2467522515181653
Test_W_2Layers_input_size_100_node1_90_node2_10_node3_0_node4_0,0.24675417641513187
Test_W_2Layers_input_size_5_node1_40_node2_100_node3_0_node4_0,0.2467547123641638
Train_W_2Layers_input_size_15_node1_70_node2_60_node3_0_node4_0,0.2467562069764412
Train_W_2Layers_input_size_25_node1_10_node2_20_node3_0_node4_0,0.24675761099790988
Train_W_2Layers_input_size_90_node1_50_node2_80_node3_0_node4_0,0.2467602303069305
Train_W_2Layers_input_size_75_node1_90_node2_60_node3_0_node4_0,0.24676488762634674
Train_W_2Layers_input_size_20_node1_80_node2_30_node3_0_node4_0,0.2467667671355441
Train_W_2Layers_input_size_15_node1_100_node2_70_node3_0_node4_0,0.24678213479418545
Test_W_2Layers_input_size_25_node1_30_node2_40_node3_0_node4_0,0.24678236877373305
Train_W_2Layers_input_size_20_node1_80_node2_50_node3_0_node4_0,0.24678911634653095
Train_W_2Layers_input_size_50_node1_10_node2_90_node3_0_node4_0,0.24678977297967103
Train_W_2Layers_input_size_85_node1_50_node2_60_node3_0_node4_0,0.246790074879379
Test_W_2Layers_input_size_40_node1_60_node2_60_node3_0_node4_0,0.24679321461444936
Train_W_2Layers_input_size_5_node1_70_node2_40_node3_0_node4_0,0.24679348632041406
Test_W_2Layers_input_size_15_node1_30_node2_70_node3_0_node4_0,0.24679485239309273
Train_W_2Layers_input_size_10_node1_60_node2_80_node3_0_node4_0,0.24681927438337195
Train_W_2Layers_input_size_25_node1_20_node2_60_node3_0_node4_0,0.24683695542260997
Test_W_1Layers_input_size_75_node1_20_node2_0_node3_0_node4_0,0.24684425989540948
Test_W_2Layers_input_size_90_node1_40_node2_70_node3_0_node4_0,0.24684857607319344
Train_W_2Layers_input_size_70_node1_70_node2_100_node3_0_node4_0,0.2468525148968488
Train_W_2Layers_input_size_35_node1_10_node2_40_node3_0_node4_0,0.24685382027856204
Train_W_2Layers_input_size_20_node1_30_node2_70_node3_0_node4_0,0.24686330483898528
Train_W_2Layers_input_size_75_node1_80_node2_90_node3_0_node4_0,0.24686565140032865
Test_W_2Layers_input_size_95_node1_90_node2_60_node3_0_node4_0,0.24686712270554942
Train_W_2Layers_input_size_100_node1_80_node2_10_node3_0_node4_0,0.24686834501398747
Test_W_2Layers_input_size_10_node1_10_node2_10_node3_0_node4_0,0.2468762219676426
Train_W_2Layers_input_size_30_node1_20_node2_80_node3_0_node4_0,0.24687641813377903
Test_W_2Layers_input_size_5_node1_10_node2_70_node3_0_node4_0,0.24688004717918793
Test_W_2Layers_input_size_15_node1_100_node2_100_node3_0_node4_0,0.24688299715392464
Train_W_2Layers_input_size_25_node1_60_node2_100_node3_0_node4_0,0.2468918770441548
Train_W_2Layers_input_size_45_node1_30_node2_80_node3_0_node4_0,0.24689253340399345
Train_W_2Layers_input_size_70_node1_30_node2_50_node3_0_node4_0,0.24689284272239292
Test_W_2Layers_input_size_90_node1_20_node2_10_node3_0_node4_0,0.24689305396400404
Train_W_2Layers_input_size_45_node1_70_node2_40_node3_0_node4_0,0.2468996174525839
Test_W_2Layers_input_size_100_node1_100_node2_60_node3_0_node4_0,0.24691475807626664
Train_W_2Layers_input_size_75_node1_80_node2_50_node3_0_node4_0,0.2469371240652086
Test_W_2Layers_input_size_85_node1_10_node2_30_node3_0_node4_0,0.24694157439133718
Test_W_2Layers_input_size_65_node1_90_node2_60_node3_0_node4_0,0.24694287175944896
Train_W_2Layers_input_size_70_node1_50_node2_90_node3_0_node4_0,0.24694410877851003
Test_W_2Layers_input_size_60_node1_80_node2_40_node3_0_node4_0,0.24695148550742613
Test_W_2Layers_input_size_30_node1_30_node2_40_node3_0_node4_0,0.24695205119839939
Train_W_2Layers_input_size_30_node1_100_node2_90_node3_0_node4_0,0.24695456285067152
Test_W_2Layers_input_size_25_node1_20_node2_90_node3_0_node4_0,0.24695931455536213
Test_W_2Layers_input_size_25_node1_40_node2_60_node3_0_node4_0,0.24696043081558322
Test_W_2Layers_input_size_45_node1_50_node2_80_node3_0_node4_0,0.24696268594752874
Train_W_2Layers_input_size_55_node1_80_node2_30_node3_0_node4_0,0.24696310831108848
Train_W_2Layers_input_size_75_node1_70_node2_70_node3_0_node4_0,0.24696770901021955
Train_W_2Layers_input_size_90_node1_60_node2_60_node3_0_node4_0,0.24696915708139303
Train_W_2Layers_input_size_60_node1_70_node2_30_node3_0_node4_0,0.24698145026029847
Test_W_2Layers_input_size_15_node1_90_node2_80_node3_0_node4_0,0.2469885996314065
Train_W_1Layers_input_size_10_node1_90_node2_0_node3_0_node4_0,0.24699850886055041
Train_W_2Layers_input_size_85_node1_70_node2_70_node3_0_node4_0,0.24700738459814656
Train_W_2Layers_input_size_65_node1_100_node2_80_node3_0_node4_0,0.24700938291479088
Train_W_2Layers_input_size_35_node1_50_node2_50_node3_0_node4_0,0.24701070254899485
Train_W_2Layers_input_size_100_node1_100_node2_50_node3_0_node4_0,0.24701358309745242
Train_W_2Layers_input_size_90_node1_30_node2_70_node3_0_node4_0,0.24701469157180894
Test_W_2Layers_input_size_60_node1_90_node2_50_node3_0_node4_0,0.2470391823075953
Train_W_2Layers_input_size_10_node1_40_node2_50_node3_0_node4_0,0.24704223593907212
Train_W_2Layers_input_size_40_node1_10_node2_60_node3_0_node4_0,0.2470436911131385
Test_W_2Layers_input_size_30_node1_10_node2_20_node3_0_node4_0,0.2470449653258779
Test_W_2Layers_input_size_60_node1_90_node2_20_node3_0_node4_0,0.24705432945693326
Train_W_2Layers_input_size_25_node1_100_node2_20_node3_0_node4_0,0.24705675713667705
Test_W_2Layers_input_size_60_node1_20_node2_20_node3_0_node4_0,0.24706630929711798
Train_W_2Layers_input_size_70_node1_100_node2_80_node3_0_node4_0,0.24707076483523008
Train_W_2Layers_input_size_70_node1_10_node2_80_node3_0_node4_0,0.24707167704209174
Train_W_2Layers_input_size_65_node1_40_node2_70_node3_0_node4_0,0.2470935840729156
Train_W_1Layers_input_size_100_node1_80_node2_0_node3_0_node4_0,0.2470962299730487
Train_W_2Layers_input_size_10_node1_100_node2_50_node3_0_node4_0,0.24710342878869326
Train_W_2Layers_input_size_5_node1_90_node2_50_node3_0_node4_0,0.2471160017144714
Train_W_2Layers_input_size_15_node1_30_node2_80_node3_0_node4_0,0.24711719264189974
Train_W_2Layers_input_size_100_node1_40_node2_20_node3_0_node4_0,0.24711754690401452
Train_W_2Layers_input_size_100_node1_50_node2_10_node3_0_node4_0,0.24713225963949023
Train_W_2Layers_input_size_50_node1_70_node2_70_node3_0_node4_0,0.2471376937839018
Train_W_2Layers_input_size_45_node1_40_node2_90_node3_0_node4_0,0.24713951016336408
Train_W_2Layers_input_size_10_node1_10_node2_30_node3_0_node4_0,0.24715199835285995
Train_W_2Layers_input_size_40_node1_40_node2_30_node3_0_node4_0,0.24715627901127984
Test_W_2Layers_input_size_50_node1_20_node2_50_node3_0_node4_0,0.24715651263663044
Train_W_2Layers_input_size_45_node1_80_node2_30_node3_0_node4_0,0.2471574998897059
Test_W_2Layers_input_size_30_node1_30_node2_60_node3_0_node4_0,0.2471583213415492
Test_W_2Layers_input_size_100_node1_20_node2_60_node3_0_node4_0,0.2471589996024813
Test_W_1Layers_input_size_10_node1_70_node2_0_node3_0_node4_0,0.24716930893949526
Train_W_2Layers_input_size_5_node1_60_node2_90_node3_0_node4_0,0.24718289580801456
Train_W_2Layers_input_size_5_node1_30_node2_100_node3_0_node4_0,0.2471862867569115
Test_W_2Layers_input_size_75_node1_60_node2_20_node3_0_node4_0,0.24718737938609117
Train_W_1Layers_input_size_75_node1_60_node2_0_node3_0_node4_0,0.24719224717878224
Train_W_2Layers_input_size_15_node1_80_node2_90_node3_0_node4_0,0.24720486833099808
Train_W_2Layers_input_size_10_node1_30_node2_40_node3_0_node4_0,0.2472055841382319
Train_W_2Layers_input_size_75_node1_10_node2_80_node3_0_node4_0,0.24720950973894582
Train_W_2Layers_input_size_85_node1_90_node2_20_node3_0_node4_0,0.24720991661146213
Train_W_2Layers_input_size_20_node1_20_node2_60_node3_0_node4_0,0.24722102999995024
Train_W_2Layers_input_size_25_node1_10_node2_40_node3_0_node4_0,0.24722151973100095
Train_W_2Layers_input_size_35_node1_80_node2_70_node3_0_node4_0,0.2472270950622657
Test_W_2Layers_input_size_45_node1_90_node2_30_node3_0_node4_0,0.24722909913710794
Train_W_2Layers_input_size_10_node1_80_node2_20_node3_0_node4_0,0.24723178125696582
Train_W_2Layers_input_size_35_node1_50_node2_90_node3_0_node4_0,0.24723772551440787
Train_W_2Layers_input_size_90_node1_60_node2_40_node3_0_node4_0,0.24723986511075122
Test_W_2Layers_input_size_90_node1_40_node2_30_node3_0_node4_0,0.247244611332321
Test_W_1Layers_input_size_35_node1_10_node2_0_node3_0_node4_0,0.24724522155419842
Train_W_2Layers_input_size_50_node1_30_node2_40_node3_0_node4_0,0.2472567778175201
Train_W_2Layers_input_size_55_node1_90_node2_70_node3_0_node4_0,0.2472598513611627
Test_W_2Layers_input_size_100_node1_90_node2_40_node3_0_node4_0,0.24726306046154856
Train_W_2Layers_input_size_15_node1_30_node2_100_node3_0_node4_0,0.24726608119639276
Train_W_2Layers_input_size_10_node1_90_node2_80_node3_0_node4_0,0.2472666687664643
Train_W_2Layers_input_size_5_node1_50_node2_50_node3_0_node4_0,0.24727609229569233
Train_W_2Layers_input_size_65_node1_30_node2_50_node3_0_node4_0,0.24727840480953728
Test_W_2Layers_input_size_70_node1_40_node2_40_node3_0_node4_0,0.24728565104837058
Train_W_2Layers_input_size_45_node1_100_node2_70_node3_0_node4_0,0.2472892062978839
Train_W_2Layers_input_size_30_node1_40_node2_60_node3_0_node4_0,0.24728986160312627
Train_W_2Layers_input_size_5_node1_70_node2_20_node3_0_node4_0,0.2472978230465016
Test_W_2Layers_input_size_15_node1_60_node2_80_node3_0_node4_0,0.24730090361191745
Train_W_2Layers_input_size_5_node1_90_node2_70_node3_0_node4_0,0.24731043127918895
Train_W_2Layers_input_size_5_node1_50_node2_20_node3_0_node4_0,0.24732035020762347
Test_W_2Layers_input_size_15_node1_10_node2_60_node3_0_node4_0,0.24732597602895348
Train_W_2Layers_input_size_65_node1_70_node2_100_node3_0_node4_0,0.24734014921766376
Test_W_2Layers_input_size_80_node1_60_node2_40_node3_0_node4_0,0.2473404805683641
Train_W_2Layers_input_size_80_node1_20_node2_90_node3_0_node4_0,0.24734107549237122
Train_W_1Layers_input_size_15_node1_50_node2_0_node3_0_node4_0,0.24734615111495883
Train_W_2Layers_input_size_10_node1_60_node2_90_node3_0_node4_0,0.24734701712324805
Train_W_2Layers_input_size_70_node1_30_node2_80_node3_0_node4_0,0.2473515052567626
Test_W_2Layers_input_size_25_node1_90_node2_50_node3_0_node4_0,0.24735216792729453
Train_W_2Layers_input_size_30_node1_20_node2_100_node3_0_node4_0,0.2473531845206825
Train_W_1Layers_input_size_95_node1_20_node2_0_node3_0_node4_0,0.24735627945705255
Train_W_2Layers_input_size_55_node1_10_node2_20_node3_0_node4_0,0.2473647733900123
Train_W_2Layers_input_size_90_node1_60_node2_50_node3_0_node4_0,0.24736551885424873
Test_W_2Layers_input_size_90_node1_10_node2_50_node3_0_node4_0,0.24736651280306937
Train_W_2Layers_input_size_65_node1_70_node2_80_node3_0_node4_0,0.24736709260470374
Train_W_2Layers_input_size_90_node1_10_node2_10_node3_0_node4_0,0.24736890729973726
Train_W_2Layers_input_size_35_node1_60_node2_50_node3_0_node4_0,0.24737130177322694
Test_W_2Layers_input_size_25_node1_90_node2_10_node3_0_node4_0,0.24737132436248913
Train_W_2Layers_input_size_60_node1_50_node2_30_node3_0_node4_0,0.24737791280925417
Train_W_2Layers_input_size_80_node1_40_node2_90_node3_0_node4_0,0.24737828928662653
Train_W_2Layers_input_size_35_node1_100_node2_100_node3_0_node4_0,0.24738100743625333
Test_W_2Layers_input_size_70_node1_80_node2_20_node3_0_node4_0,0.2473873396302176
Test_W_2Layers_input_size_80_node1_80_node2_30_node3_0_node4_0,0.2473932048591051
Test_W_1Layers_input_size_40_node1_40_node2_0_node3_0_node4_0,0.24740129849604667
Train_W_2Layers_input_size_75_node1_50_node2_80_node3_0_node4_0,0.24741908098045903
Train_W_2Layers_input_size_90_node1_60_node2_90_node3_0_node4_0,0.2474231612855933
Test_W_2Layers_input_size_45_node1_30_node2_10_node3_0_node4_0,0.24742435826271061
Train_W_2Layers_input_size_65_node1_40_node2_20_node3_0_node4_0,0.24743927105816374
Test_W_1Layers_input_size_65_node1_20_node2_0_node3_0_node4_0,0.24744517269364827
Train_W_2Layers_input_size_90_node1_10_node2_100_node3_0_node4_0,0.247445639398612
Train_W_2Layers_input_size_15_node1_50_node2_10_node3_0_node4_0,0.24744983217631036
Train_W_2Layers_input_size_55_node1_90_node2_100_node3_0_node4_0,0.24745958744876095
Test_W_2Layers_input_size_60_node1_10_node2_40_node3_0_node4_0,0.2474615896407569
Train_W_2Layers_input_size_30_node1_60_node2_50_node3_0_node4_0,0.24746186813986393
Train_W_1Layers_input_size_80_node1_90_node2_0_node3_0_node4_0,0.24746571440628684
Train_W_2Layers_input_size_65_node1_90_node2_90_node3_0_node4_0,0.24747405405065118
Train_W_2Layers_input_size_90_node1_80_node2_100_node3_0_node4_0,0.24747572495643058
Train_W_2Layers_input_size_95_node1_100_node2_40_node3_0_node4_0,0.24747693673239315
Train_W_2Layers_input_size_45_node1_100_node2_80_node3_0_node4_0,0.24748280736423234
Train_W_2Layers_input_size_55_node1_90_node2_10_node3_0_node4_0,0.24748835423072274
Train_W_2Layers_input_size_90_node1_100_node2_20_node3_0_node4_0,0.24749618887375296
Train_W_2Layers_input_size_80_node1_80_node2_10_node3_0_node4_0,0.24751724559975108
Test_W_2Layers_input_size_30_node1_40_node2_20_node3_0_node4_0,0.247523657084776
Train_W_2Layers_input_size_55_node1_50_node2_90_node3_0_node4_0,0.2475237172857263
Train_W_2Layers_input_size_80_node1_90_node2_100_node3_0_node4_0,0.2475255458826153
Train_W_2Layers_input_size_5_node1_80_node2_10_node3_0_node4_0,0.2475275776410929
Train_W_2Layers_input_size_65_node1_60_node2_60_node3_0_node4_0,0.2475432140982812
Train_W_2Layers_input_size_5_node1_70_node2_80_node3_0_node4_0,0.24754660763587952
Train_W_2Layers_input_size_5_node1_60_node2_30_node3_0_node4_0,0.24754667535566857
Test_W_2Layers_input_size_30_node1_40_node2_40_node3_0_node4_0,0.2475560882260991
Train_W_1Layers_input_size_95_node1_100_node2_0_node3_0_node4_0,0.2475595116833404
Test_W_2Layers_input_size_5_node1_20_node2_90_node3_0_node4_0,0.24756368748467453
Train_W_2Layers_input_size_95_node1_20_node2_90_node3_0_node4_0,0.2475650643550786
Train_W_2Layers_input_size_90_node1_30_node2_20_node3_0_node4_0,0.2475650794028003
Train_W_2Layers_input_size_55_node1_80_node2_10_node3_0_node4_0,0.24757605647206732
Test_W_2Layers_input_size_45_node1_40_node2_10_node3_0_node4_0,0.24759387154307158
Train_W_1Layers_input_size_60_node1_70_node2_0_node3_0_node4_0,0.24759506769490477
Train_W_2Layers_input_size_95_node1_20_node2_30_node3_0_node4_0,0.2475955642090629
Train_W_2Layers_input_size_35_node1_90_node2_20_node3_0_node4_0,0.2475988291409992
Train_W_2Layers_input_size_5_node1_70_node2_90_node3_0_node4_0,0.2476063969973998
Train_W_2Layers_input_size_35_node1_30_node2_60_node3_0_node4_0,0.24760796169432042
Train_W_1Layers_input_size_40_node1_90_node2_0_node3_0_node4_0,0.2476146792471169
Train_W_2Layers_input_size_45_node1_40_node2_20_node3_0_node4_0,0.2476164319492794
Train_W_2Layers_input_size_70_node1_40_node2_60_node3_0_node4_0,0.24761865854014406
Test_W_1Layers_input_size_20_node1_80_node2_0_node3_0_node4_0,0.2476272563027576
Train_W_2Layers_input_size_35_node1_60_node2_60_node3_0_node4_0,0.24762822663517198
Test_W_2Layers_input_size_35_node1_100_node2_80_node3_0_node4_0,0.24763004693843663
Test_W_2Layers_input_size_50_node1_10_node2_80_node3_0_node4_0,0.24764357092137274
Train_W_2Layers_input_size_30_node1_90_node2_50_node3_0_node4_0,0.24764579726823008
Test_W_2Layers_input_size_30_node1_20_node2_40_node3_0_node4_0,0.24764949777345432
Train_W_2Layers_input_size_25_node1_40_node2_30_node3_0_node4_0,0.24765097194306074
Train_W_2Layers_input_size_100_node1_30_node2_70_node3_0_node4_0,0.24766405857423474
Train_W_2Layers_input_size_95_node1_50_node2_50_node3_0_node4_0,0.24767360235368388
Test_W_1Layers_input_size_45_node1_10_node2_0_node3_0_node4_0,0.24767689633876117
Train_W_2Layers_input_size_20_node1_10_node2_90_node3_0_node4_0,0.24767904718208766
Test_W_2Layers_input_size_30_node1_60_node2_90_node3_0_node4_0,0.2476947342366999
Test_W_2Layers_input_size_85_node1_90_node2_50_node3_0_node4_0,0.24769690748470327
Train_W_2Layers_input_size_70_node1_40_node2_20_node3_0_node4_0,0.24770442722685462
Test_W_2Layers_input_size_90_node1_30_node2_30_node3_0_node4_0,0.2477079463877649
Train_W_2Layers_input_size_80_node1_60_node2_20_node3_0_node4_0,0.24770914198874708
Train_W_2Layers_input_size_45_node1_50_node2_10_node3_0_node4_0,0.24771120983845954
Train_W_2Layers_input_size_5_node1_20_node2_70_node3_0_node4_0,0.24771351077094012
Train_W_2Layers_input_size_20_node1_50_node2_20_node3_0_node4_0,0.24771663128247673
Test_W_2Layers_input_size_25_node1_70_node2_100_node3_0_node4_0,0.24771999236779807
Test_W_2Layers_input_size_65_node1_60_node2_50_node3_0_node4_0,0.24773539863839297
Train_W_2Layers_input_size_65_node1_40_node2_40_node3_0_node4_0,0.24773657906958418
Train_W_2Layers_input_size_45_node1_80_node2_90_node3_0_node4_0,0.24775321728795136
Train_W_2Layers_input_size_40_node1_70_node2_50_node3_0_node4_0,0.2477631861505389
Train_W_2Layers_input_size_20_node1_20_node2_40_node3_0_node4_0,0.24776595270193286
Test_W_2Layers_input_size_50_node1_100_node2_30_node3_0_node4_0,0.24777475584335854
Test_W_1Layers_input_size_25_node1_80_node2_0_node3_0_node4_0,0.2477782063489098
Train_W_2Layers_input_size_40_node1_20_node2_50_node3_0_node4_0,0.24779129377742987
Train_W_2Layers_input_size_100_node1_70_node2_70_node3_0_node4_0,0.24779150425311378
Train_W_1Layers_input_size_30_node1_100_node2_0_node3_0_node4_0,0.2477941427009841
Train_W_2Layers_input_size_30_node1_30_node2_80_node3_0_node4_0,0.24781455777529754
Test_W_2Layers_input_size_80_node1_100_node2_10_node3_0_node4_0,0.24782043544142943
Test_W_1Layers_input_size_80_node1_40_node2_0_node3_0_node4_0,0.24782865792713765
Train_W_2Layers_input_size_40_node1_20_node2_100_node3_0_node4_0,0.24783037153697335
Train_W_2Layers_input_size_25_node1_20_node2_30_node3_0_node4_0,0.24783567763965092
Train_W_2Layers_input_size_5_node1_80_node2_50_node3_0_node4_0,0.2478403222651823
Train_W_2Layers_input_size_60_node1_90_node2_100_node3_0_node4_0,0.2478457484003002
Train_W_2Layers_input_size_45_node1_30_node2_40_node3_0_node4_0,0.24785456373773915
Train_W_2Layers_input_size_100_node1_30_node2_40_node3_0_node4_0,0.24786068093170394
Train_W_2Layers_input_size_10_node1_30_node2_90_node3_0_node4_0,0.2478782651448617
Train_W_2Layers_input_size_95_node1_60_node2_20_node3_0_node4_0,0.2478811957257806
Train_W_2Layers_input_size_80_node1_30_node2_20_node3_0_node4_0,0.24790046155416492
Train_W_2Layers_input_size_30_node1_100_node2_40_node3_0_node4_0,0.24791544338266452
Train_W_2Layers_input_size_15_node1_50_node2_100_node3_0_node4_0,0.2479235800746197
Test_W_2Layers_input_size_60_node1_30_node2_60_node3_0_node4_0,0.24792468448036845
Train_W_2Layers_input_size_25_node1_60_node2_60_node3_0_node4_0,0.24793332421950356
Train_W_2Layers_input_size_45_node1_20_node2_10_node3_0_node4_0,0.24794487094860868
Test_W_2Layers_input_size_20_node1_20_node2_10_node3_0_node4_0,0.24794704951644164
Test_W_2Layers_input_size_50_node1_100_node2_10_node3_0_node4_0,0.24795484712995342
Train_W_2Layers_input_size_75_node1_80_node2_60_node3_0_node4_0,0.24795675517915292
Train_W_2Layers_input_size_10_node1_60_node2_20_node3_0_node4_0,0.2479599777958379
Train_W_2Layers_input_size_5_node1_40_node2_20_node3_0_node4_0,0.2479755193847569
Train_W_2Layers_input_size_30_node1_80_node2_60_node3_0_node4_0,0.24798508873313366
Train_W_2Layers_input_size_60_node1_30_node2_30_node3_0_node4_0,0.24799385405239074
Train_W_2Layers_input_size_85_node1_30_node2_80_node3_0_node4_0,0.2480011394718742
Train_W_2Layers_input_size_40_node1_80_node2_60_node3_0_node4_0,0.24800133474821412
Train_W_2Layers_input_size_95_node1_70_node2_90_node3_0_node4_0,0.24800188302326967
Test_W_2Layers_input_size_45_node1_50_node2_40_node3_0_node4_0,0.2480063818371945
Train_W_2Layers_input_size_15_node1_60_node2_20_node3_0_node4_0,0.2480122324263842
Train_W_2Layers_input_size_95_node1_100_node2_10_node3_0_node4_0,0.24801429023880983
Test_W_2Layers_input_size_70_node1_50_node2_10_node3_0_node4_0,0.24801436534113017
Train_W_2Layers_input_size_30_node1_10_node2_30_node3_0_node4_0,0.24801437285136094
Train_W_2Layers_input_size_60_node1_90_node2_30_node3_0_node4_0,0.24802815374177092
Train_W_2Layers_input_size_65_node1_70_node2_20_node3_0_node4_0,0.24803854710573645
Test_W_1Layers_input_size_85_node1_40_node2_0_node3_0_node4_0,0.24803982371723168
Train_W_1Layers_input_size_50_node1_80_node2_0_node3_0_node4_0,0.24804105526562395
Test_W_2Layers_input_size_65_node1_10_node2_90_node3_0_node4_0,0.24804165601871833
Train_W_2Layers_input_size_75_node1_50_node2_60_node3_0_node4_0,0.24804809900417354
Train_W_2Layers_input_size_25_node1_60_node2_10_node3_0_node4_0,0.24804909021785118
Train_W_1Layers_input_size_55_node1_70_node2_0_node3_0_node4_0,0.24806455864536253
Train_W_2Layers_input_size_10_node1_30_node2_20_node3_0_node4_0,0.2480660003137387
Train_W_2Layers_input_size_70_node1_30_node2_40_node3_0_node4_0,0.24806707405088746
Train_W_2Layers_input_size_100_node1_20_node2_10_node3_0_node4_0,0.24806814027478594
Test_W_2Layers_input_size_50_node1_20_node2_20_node3_0_node4_0,0.24807575388125602
Train_W_1Layers_input_size_25_node1_60_node2_0_node3_0_node4_0,0.2480796957454604
Test_W_2Layers_input_size_75_node1_60_node2_50_node3_0_node4_0,0.24809623587569343
Train_W_2Layers_input_size_20_node1_70_node2_30_node3_0_node4_0,0.24810565792623973
Train_W_2Layers_input_size_20_node1_60_node2_60_node3_0_node4_0,0.24811525228412243
Train_W_1Layers_input_size_80_node1_50_node2_0_node3_0_node4_0,0.24812126546014307
Test_W_2Layers_input_size_70_node1_30_node2_60_node3_0_node4_0,0.24812195610274043
Train_W_2Layers_input_size_55_node1_80_node2_70_node3_0_node4_0,0.24813620393089905
Train_W_2Layers_input_size_75_node1_20_node2_100_node3_0_node4_0,0.24813789289738453
Test_W_2Layers_input_size_35_node1_40_node2_70_node3_0_node4_0,0.24815624559203345
Train_W_2Layers_input_size_65_node1_20_node2_20_node3_0_node4_0,0.2481613795998438
Train_W_2Layers_input_size_30_node1_30_node2_100_node3_0_node4_0,0.24816880270695377
Train_W_2Layers_input_size_55_node1_30_node2_20_node3_0_node4_0,0.24817281814758163
Test_W_2Layers_input_size_40_node1_10_node2_100_node3_0_node4_0,0.24817678849135047
Train_W_1Layers_input_size_75_node1_100_node2_0_node3_0_node4_0,0.24817679599666606
Train_W_1Layers_input_size_5_node1_90_node2_0_node3_0_node4_0,0.2481770136507196
Train_W_2Layers_input_size_90_node1_50_node2_10_node3_0_node4_0,0.24818431620884077
Test_W_2Layers_input_size_65_node1_100_node2_60_node3_0_node4_0,0.2481864476446984
Train_W_2Layers_input_size_25_node1_40_node2_100_node3_0_node4_0,0.24818875167625196
Test_W_2Layers_input_size_30_node1_80_node2_90_node3_0_node4_0,0.2481952583860236
Train_W_2Layers_input_size_75_node1_20_node2_70_node3_0_node4_0,0.24819531091931837
Train_W_2Layers_input_size_10_node1_70_node2_50_node3_0_node4_0,0.24819747227951994
Train_W_2Layers_input_size_15_node1_30_node2_50_node3_0_node4_0,0.24819826027074487
Test_W_2Layers_input_size_10_node1_50_node2_60_node3_0_node4_0,0.2481988456340353
Train_W_2Layers_input_size_60_node1_30_node2_80_node3_0_node4_0,0.24820006888876228
Test_W_2Layers_input_size_65_node1_90_node2_10_node3_0_node4_0,0.2482077459878351
Test_W_2Layers_input_size_90_node1_20_node2_80_node3_0_node4_0,0.2482118358410298
Train_W_2Layers_input_size_60_node1_10_node2_50_node3_0_node4_0,0.2482204055534016
Train_W_2Layers_input_size_15_node1_10_node2_10_node3_0_node4_0,0.24822758677453802
Train_W_2Layers_input_size_60_node1_100_node2_90_node3_0_node4_0,0.24824160343944832
Train_W_2Layers_input_size_70_node1_80_node2_90_node3_0_node4_0,0.24825904812943322
Train_W_2Layers_input_size_5_node1_10_node2_10_node3_0_node4_0,0.24826033861264182
Train_W_2Layers_input_size_35_node1_100_node2_20_node3_0_node4_0,0.24826493778022007
Train_W_2Layers_input_size_100_node1_40_node2_100_node3_0_node4_0,0.24826780377630636
Train_W_2Layers_input_size_5_node1_40_node2_30_node3_0_node4_0,0.24827513367337484
Train_W_2Layers_input_size_90_node1_30_node2_50_node3_0_node4_0,0.24829505159441773
Test_W_1Layers_input_size_95_node1_10_node2_0_node3_0_node4_0,0.24829739962822403
Train_W_2Layers_input_size_45_node1_10_node2_100_node3_0_node4_0,0.2482999651861032
Train_W_1Layers_input_size_100_node1_60_node2_0_node3_0_node4_0,0.2483036784466106
Train_W_2Layers_input_size_80_node1_50_node2_40_node3_0_node4_0,0.24831256004042804
Train_W_2Layers_input_size_45_node1_90_node2_100_node3_0_node4_0,0.2483236915894939
Train_W_2Layers_input_size_25_node1_70_node2_90_node3_0_node4_0,0.24832477921409166
Test_W_2Layers_input_size_50_node1_20_node2_60_node3_0_node4_0,0.2483277120263344
Train_W_2Layers_input_size_65_node1_10_node2_40_node3_0_node4_0,0.2483300447499595
Test_W_1Layers_input_size_55_node1_90_node2_0_node3_0_node4_0,0.24834137802460118
Test_W_1Layers_input_size_30_node1_70_node2_0_node3_0_node4_0,0.2483488557525189
Train_W_2Layers_input_size_95_node1_90_node2_10_node3_0_node4_0,0.24834940326036062
Test_W_1Layers_input_size_40_node1_50_node2_0_node3_0_node4_0,0.24834992076666304
Train_W_2Layers_input_size_95_node1_80_node2_80_node3_0_node4_0,0.2483525082819998
Train_W_2Layers_input_size_80_node1_60_node2_10_node3_0_node4_0,0.248354398276165
Train_W_1Layers_input_size_70_node1_100_node2_0_node3_0_node4_0,0.24836990768499556
Test_W_2Layers_input_size_15_node1_50_node2_70_node3_0_node4_0,0.24837202252934484
Test_W_2Layers_input_size_25_node1_100_node2_100_node3_0_node4_0,0.24837438483418817
Train_W_2Layers_input_size_25_node1_90_node2_40_node3_0_node4_0,0.24837490228843975
Train_W_2Layers_input_size_35_node1_20_node2_100_node3_0_node4_0,0.24839291502393723
Train_W_2Layers_input_size_30_node1_60_node2_80_node3_0_node4_0,0.24839546459786735
Train_W_2Layers_input_size_20_node1_90_node2_60_node3_0_node4_0,0.24839827659758892
Train_W_2Layers_input_size_70_node1_40_node2_30_node3_0_node4_0,0.24840023373060702
Train_W_2Layers_input_size_5_node1_10_node2_100_node3_0_node4_0,0.2484018984063255
Test_W_2Layers_input_size_85_node1_80_node2_70_node3_0_node4_0,0.24842156623030803
Train_W_2Layers_input_size_35_node1_60_node2_20_node3_0_node4_0,0.24842395055757854
Test_W_2Layers_input_size_25_node1_70_node2_50_node3_0_node4_0,0.2484263573552936
Test_W_2Layers_input_size_90_node1_50_node2_20_node3_0_node4_0,0.24843201061398082
Train_W_2Layers_input_size_80_node1_20_node2_50_node3_0_node4_0,0.24843792615410104
Test_W_2Layers_input_size_80_node1_20_node2_80_node3_0_node4_0,0.24844056523429425
Train_W_2Layers_input_size_35_node1_30_node2_80_node3_0_node4_0,0.24845874563578838
Train_W_2Layers_input_size_80_node1_100_node2_70_node3_0_node4_0,0.2484633711174014
Train_W_2Layers_input_size_70_node1_20_node2_70_node3_0_node4_0,0.24847490071132453
Test_W_2Layers_input_size_30_node1_70_node2_50_node3_0_node4_0,0.24847529051919448
Train_W_2Layers_input_size_90_node1_90_node2_100_node3_0_node4_0,0.24847733700047894
Train_W_2Layers_input_size_20_node1_50_node2_40_node3_0_node4_0,0.24848048540031253
Test_W_1Layers_input_size_15_node1_20_node2_0_node3_0_node4_0,0.24849847549128193
Train_W_2Layers_input_size_10_node1_60_node2_70_node3_0_node4_0,0.24850517646724798
Train_W_2Layers_input_size_75_node1_40_node2_40_node3_0_node4_0,0.24851134510306305
Train_W_2Layers_input_size_30_node1_90_node2_100_node3_0_node4_0,0.24851291159737773
Train_W_2Layers_input_size_100_node1_70_node2_100_node3_0_node4_0,0.24851423823795069
Train_W_2Layers_input_size_40_node1_50_node2_40_node3_0_node4_0,0.24851535500898808
Train_W_2Layers_input_size_25_node1_80_node2_80_node3_0_node4_0,0.2485186378370727
Train_W_2Layers_input_size_10_node1_30_node2_30_node3_0_node4_0,0.24856101090827099
Train_W_2Layers_input_size_40_node1_30_node2_40_node3_0_node4_0,0.24857817092119147
Train_W_2Layers_input_size_25_node1_70_node2_20_node3_0_node4_0,0.2485789277329139
Train_W_2Layers_input_size_50_node1_60_node2_70_node3_0_node4_0,0.24857904013049795
Train_W_2Layers_input_size_60_node1_30_node2_40_node3_0_node4_0,0.2485798568847489
Test_W_2Layers_input_size_100_node1_10_node2_90_node3_0_node4_0,0.24858539425793463
Train_W_2Layers_input_size_5_node1_30_node2_50_node3_0_node4_0,0.24858935051938646
Train_W_1Layers_input_size_90_node1_30_node2_0_node3_0_node4_0,0.24859651359014615
Train_W_2Layers_input_size_95_node1_50_node2_80_node3_0_node4_0,0.24859956307750664
Train_W_2Layers_input_size_95_node1_80_node2_90_node3_0_node4_0,0.24860204309984257
Train_W_2Layers_input_size_10_node1_70_node2_20_node3_0_node4_0,0.24860632875988234
Train_W_2Layers_input_size_70_node1_10_node2_50_node3_0_node4_0,0.24861321413241694
Test_W_2Layers_input_size_40_node1_80_node2_40_node3_0_node4_0,0.24861430049042688
Train_W_2Layers_input_size_70_node1_30_node2_20_node3_0_node4_0,0.24862681948742577
Train_W_2Layers_input_size_5_node1_60_node2_10_node3_0_node4_0,0.24863298510525234
Test_W_2Layers_input_size_80_node1_80_node2_90_node3_0_node4_0,0.24864408732678714
Test_W_2Layers_input_size_50_node1_50_node2_20_node3_0_node4_0,0.24865678460405388
Train_W_2Layers_input_size_35_node1_20_node2_40_node3_0_node4_0,0.24865847003459182
Train_W_2Layers_input_size_30_node1_90_node2_70_node3_0_node4_0,0.24867327136942918
Train_W_2Layers_input_size_70_node1_70_node2_50_node3_0_node4_0,0.2486839823122924
Train_W_2Layers_input_size_5_node1_90_node2_40_node3_0_node4_0,0.2486883564388065
Train_W_2Layers_input_size_65_node1_10_node2_50_node3_0_node4_0,0.24868968963330182
Train_W_2Layers_input_size_5_node1_40_node2_60_node3_0_node4_0,0.24869075318783038
Test_W_2Layers_input_size_60_node1_50_node2_20_node3_0_node4_0,0.24869443814439682
Train_W_2Layers_input_size_35_node1_40_node2_20_node3_0_node4_0,0.24869475271133035
Train_W_2Layers_input_size_25_node1_10_node2_70_node3_0_node4_0,0.24870189776737628
Train_W_2Layers_input_size_30_node1_20_node2_50_node3_0_node4_0,0.24870336569896473
Test_W_1Layers_input_size_45_node1_60_node2_0_node3_0_node4_0,0.2487344448698885
Train_W_2Layers_input_size_75_node1_10_node2_10_node3_0_node4_0,0.24873566549059717
Train_W_2Layers_input_size_70_node1_60_node2_50_node3_0_node4_0,0.24874471137640453
Test_W_2Layers_input_size_80_node1_60_node2_60_node3_0_node4_0,0.2487458795297268
Train_W_2Layers_input_size_70_node1_30_node2_90_node3_0_node4_0,0.24878159541602152
Train_W_2Layers_input_size_40_node1_80_node2_30_node3_0_node4_0,0.24878234412186662
Test_W_2Layers_input_size_100_node1_40_node2_50_node3_0_node4_0,0.24879474236306745
Train_W_2Layers_input_size_50_node1_80_node2_70_node3_0_node4_0,0.24879561081574517
Train_W_2Layers_input_size_95_node1_30_node2_30_node3_0_node4_0,0.24881000722322982
Train_W_2Layers_input_size_95_node1_50_node2_30_node3_0_node4_0,0.2488176879610248
Test_W_2Layers_input_size_45_node1_70_node2_80_node3_0_node4_0,0.24882563794867857
Train_W_2Layers_input_size_90_node1_40_node2_20_node3_0_node4_0,0.2488286921136882
Train_W_1Layers_input_size_15_node1_60_node2_0_node3_0_node4_0,0.24883667169142654
Train_W_2Layers_input_size_40_node1_70_node2_10_node3_0_node4_0,0.24884429172474629
Test_W_2Layers_input_size_30_node1_50_node2_90_node3_0_node4_0,0.2488461480432933
Test_W_2Layers_input_size_80_node1_100_node2_60_node3_0_node4_0,0.2488463651118965
Train_W_2Layers_input_size_25_node1_70_node2_70_node3_0_node4_0,0.24884736811608696
Train_W_2Layers_input_size_90_node1_20_node2_20_node3_0_node4_0,0.24884829626561702
Test_W_2Layers_input_size_90_node1_100_node2_50_node3_0_node4_0,0.24885263007929637
Test_W_2Layers_input_size_20_node1_70_node2_60_node3_0_node4_0,0.2488609232463663
Train_W_2Layers_input_size_30_node1_80_node2_100_node3_0_node4_0,0.2488621956392424
Train_W_2Layers_input_size_100_node1_40_node2_40_node3_0_node4_0,0.24886361771769946
Train_W_2Layers_input_size_45_node1_10_node2_50_node3_0_node4_0,0.24886587057272658
Train_W_2Layers_input_size_70_node1_10_node2_30_node3_0_node4_0,0.2488821414184432
Test_W_2Layers_input_size_10_node1_50_node2_20_node3_0_node4_0,0.2488893634170974
Test_W_2Layers_input_size_10_node1_40_node2_60_node3_0_node4_0,0.2488998181050258
Train_W_2Layers_input_size_90_node1_90_node2_50_node3_0_node4_0,0.2489001922804196
Train_W_2Layers_input_size_70_node1_10_node2_40_node3_0_node4_0,0.24890593206046488
Train_W_1Layers_input_size_85_node1_90_node2_0_node3_0_node4_0,0.2489068749582188
Test_W_2Layers_input_size_30_node1_10_node2_50_node3_0_node4_0,0.24891264451667874
Train_W_2Layers_input_size_75_node1_90_node2_50_node3_0_node4_0,0.24891452277468945
Train_W_1Layers_input_size_75_node1_10_node2_0_node3_0_node4_0,0.2489167901350004
Train_W_2Layers_input_size_20_node1_80_node2_20_node3_0_node4_0,0.24892753549573504
Train_W_2Layers_input_size_75_node1_80_node2_30_node3_0_node4_0,0.24893197268556608
Train_W_2Layers_input_size_30_node1_10_node2_80_node3_0_node4_0,0.24893613294685316
Train_W_2Layers_input_size_100_node1_20_node2_30_node3_0_node4_0,0.2489581602220984
Train_W_2Layers_input_size_40_node1_70_node2_100_node3_0_node4_0,0.24896109305465589
Test_W_2Layers_input_size_30_node1_10_node2_40_node3_0_node4_0,0.24898925995500837
Train_W_2Layers_input_size_10_node1_10_node2_40_node3_0_node4_0,0.24898987338192533
Train_W_2Layers_input_size_5_node1_40_node2_50_node3_0_node4_0,0.24899088328880137
Test_W_2Layers_input_size_65_node1_30_node2_100_node3_0_node4_0,0.24901324980596895
Train_W_2Layers_input_size_100_node1_70_node2_60_node3_0_node4_0,0.24904030387457254
Train_W_1Layers_input_size_90_node1_80_node2_0_node3_0_node4_0,0.24904360969968967
Test_W_1Layers_input_size_10_node1_60_node2_0_node3_0_node4_0,0.249043721887555
Test_W_1Layers_input_size_90_node1_70_node2_0_node3_0_node4_0,0.24905231532784186
Train_W_2Layers_input_size_75_node1_40_node2_30_node3_0_node4_0,0.24905881443431815
Train_W_2Layers_input_size_40_node1_40_node2_50_node3_0_node4_0,0.24905920332829232
Train_W_2Layers_input_size_10_node1_30_node2_50_node3_0_node4_0,0.24906056445241984
Train_W_2Layers_input_size_30_node1_60_node2_30_node3_0_node4_0,0.24906826737737062
Train_W_2Layers_input_size_45_node1_70_node2_50_node3_0_node4_0,0.24908021765740918
Test_W_2Layers_input_size_55_node1_10_node2_70_node3_0_node4_0,0.2490810402463326
Train_W_2Layers_input_size_60_node1_30_node2_10_node3_0_node4_0,0.24908538496639776
Train_W_2Layers_input_size_10_node1_100_node2_40_node3_0_node4_0,0.24909553979965976
Train_W_2Layers_input_size_30_node1_50_node2_70_node3_0_node4_0,0.24909657918854558
Train_W_2Layers_input_size_60_node1_100_node2_20_node3_0_node4_0,0.24910812433892274
Train_W_2Layers_input_size_30_node1_10_node2_60_node3_0_node4_0,0.2491233176592321
Test_W_2Layers_input_size_35_node1_70_node2_100_node3_0_node4_0,0.24913180368237095
Train_W_2Layers_input_size_100_node1_30_node2_20_node3_0_node4_0,0.24913477932952316
Test_W_2Layers_input_size_35_node1_40_node2_40_node3_0_node4_0,0.24914099966303926
Train_W_2Layers_input_size_5_node1_100_node2_40_node3_0_node4_0,0.24915021773226795
Test_W_2Layers_input_size_75_node1_40_node2_20_node3_0_node4_0,0.24915570505030704
Test_W_2Layers_input_size_25_node1_10_node2_50_node3_0_node4_0,0.24915596670414306
Train_W_2Layers_input_size_60_node1_60_node2_20_node3_0_node4_0,0.24917732420639474
Train_W_2Layers_input_size_55_node1_30_node2_10_node3_0_node4_0,0.24919034562831416
Train_W_2Layers_input_size_85_node1_70_node2_50_node3_0_node4_0,0.24919295431587313
Train_W_2Layers_input_size_90_node1_10_node2_90_node3_0_node4_0,0.24921853893593965
Train_W_2Layers_input_size_75_node1_20_node2_10_node3_0_node4_0,0.24923057169365279
Train_W_2Layers_input_size_75_node1_40_node2_50_node3_0_node4_0,0.249231834725834
Test_W_2Layers_input_size_75_node1_90_node2_90_node3_0_node4_0,0.24923312017213275
Test_W_1Layers_input_size_55_node1_30_node2_0_node3_0_node4_0,0.24924779770518124
Train_W_2Layers_input_size_55_node1_100_node2_20_node3_0_node4_0,0.24925187049267175
Test_W_1Layers_input_size_60_node1_50_node2_0_node3_0_node4_0,0.24925495679923573
Test_W_2Layers_input_size_70_node1_40_node2_90_node3_0_node4_0,0.24925973190527506
Test_W_2Layers_input_size_50_node1_80_node2_90_node3_0_node4_0,0.2492748412625572
Train_W_2Layers_input_size_55_node1_80_node2_20_node3_0_node4_0,0.24927661218067335
Train_W_2Layers_input_size_40_node1_10_node2_30_node3_0_node4_0,0.24928876168471598
Train_W_2Layers_input_size_50_node1_90_node2_50_node3_0_node4_0,0.2493105934382878
Train_W_2Layers_input_size_95_node1_60_node2_50_node3_0_node4_0,0.2493229205860217
Train_W_1Layers_input_size_35_node1_90_node2_0_node3_0_node4_0,0.24933036887625873
Train_W_2Layers_input_size_35_node1_60_node2_40_node3_0_node4_0,0.2493378991180284
Train_W_2Layers_input_size_70_node1_30_node2_30_node3_0_node4_0,0.24934333748454035
Test_W_2Layers_input_size_25_node1_50_node2_30_node3_0_node4_0,0.2493433524249443
Train_W_1Layers_input_size_5_node1_100_node2_0_node3_0_node4_0,0.24934409944400093
Train_W_2Layers_input_size_90_node1_20_node2_50_node3_0_node4_0,0.24935199529858448
Train_W_2Layers_input_size_90_node1_50_node2_60_node3_0_node4_0,0.2493597190998456
Train_W_2Layers_input_size_55_node1_60_node2_50_node3_0_node4_0,0.24936580684036685
Train_W_2Layers_input_size_15_node1_20_node2_70_node3_0_node4_0,0.24937252185661007
Train_W_2Layers_input_size_95_node1_50_node2_10_node3_0_node4_0,0.24938657126673217
Train_W_1Layers_input_size_30_node1_80_node2_0_node3_0_node4_0,0.2493894915923355
Test_W_2Layers_input_size_10_node1_100_node2_90_node3_0_node4_0,0.2493918816031891
Train_W_2Layers_input_size_70_node1_50_node2_100_node3_0_node4_0,0.2493921579467168
Train_W_2Layers_input_size_15_node1_10_node2_40_node3_0_node4_0,0.24940294257388204
Train_W_2Layers_input_size_100_node1_80_node2_50_node3_0_node4_0,0.24940882761695965
Train_W_2Layers_input_size_75_node1_90_node2_20_node3_0_node4_0,0.2494237935222388
Train_W_2Layers_input_size_25_node1_90_node2_60_node3_0_node4_0,0.24944391094410076
Train_W_2Layers_input_size_75_node1_100_node2_10_node3_0_node4_0,0.24947332993902255
Train_W_1Layers_input_size_45_node1_40_node2_0_node3_0_node4_0,0.24947798887278744
Test_W_2Layers_input_size_75_node1_90_node2_70_node3_0_node4_0,0.24948028097653785
Train_W_2Layers_input_size_75_node1_40_node2_10_node3_0_node4_0,0.24948143075354975
Test_W_2Layers_input_size_55_node1_40_node2_50_node3_0_node4_0,0.2494948095874002
Test_W_2Layers_input_size_30_node1_70_node2_20_node3_0_node4_0,0.2495108303942608
Train_W_1Layers_input_size_30_node1_60_node2_0_node3_0_node4_0,0.24951368954471795
Train_W_2Layers_input_size_90_node1_80_node2_70_node3_0_node4_0,0.24951761615748674
Train_W_2Layers_input_size_55_node1_10_node2_40_node3_0_node4_0,0.24952871634260596
Test_W_2Layers_input_size_5_node1_10_node2_20_node3_0_node4_0,0.24952974646252074
Train_W_2Layers_input_size_55_node1_90_node2_50_node3_0_node4_0,0.24952997040106994
Test_W_2Layers_input_size_80_node1_50_node2_20_node3_0_node4_0,0.24953227695643115
Test_W_2Layers_input_size_10_node1_90_node2_60_node3_0_node4_0,0.24953932338832455
Train_W_2Layers_input_size_25_node1_50_node2_40_node3_0_node4_0,0.24955219157037545
Test_W_2Layers_input_size_55_node1_90_node2_80_node3_0_node4_0,0.2495592075850096
Train_W_2Layers_input_size_40_node1_90_node2_10_node3_0_node4_0,0.24955978229236156
Train_W_2Layers_input_size_25_node1_60_node2_90_node3_0_node4_0,0.24956486503613473
Test_W_2Layers_input_size_55_node1_30_node2_40_node3_0_node4_0,0.24956519343305325
Test_W_2Layers_input_size_5_node1_20_node2_100_node3_0_node4_0,0.24956557407439534
Train_W_2Layers_input_size_95_node1_40_node2_10_node3_0_node4_0,0.24956931328495102
Train_W_2Layers_input_size_5_node1_20_node2_30_node3_0_node4_0,0.24957208220516724
Train_W_2Layers_input_size_5_node1_100_node2_20_node3_0_node4_0,0.2495758287814599
Train_W_2Layers_input_size_60_node1_50_node2_60_node3_0_node4_0,0.24959060556588172
Test_W_2Layers_input_size_25_node1_30_node2_50_node3_0_node4_0,0.24959825482022
Test_W_2Layers_input_size_55_node1_70_node2_70_node3_0_node4_0,0.24960070253209898
Train_W_2Layers_input_size_65_node1_20_node2_80_node3_0_node4_0,0.24960107565680137
Train_W_2Layers_input_size_90_node1_80_node2_80_node3_0_node4_0,0.24960117266913265
Train_W_2Layers_input_size_50_node1_20_node2_70_node3_0_node4_0,0.24960291888464767
Test_W_1Layers_input_size_70_node1_20_node2_0_node3_0_node4_0,0.2496082544674743
Train_W_2Layers_input_size_25_node1_80_node2_50_node3_0_node4_0,0.24962497686300997
Test_W_2Layers_input_size_40_node1_30_node2_70_node3_0_node4_0,0.2496306477467963
Test_W_1Layers_input_size_65_node1_80_node2_0_node3_0_node4_0,0.24963687064733447
Train_W_2Layers_input_size_70_node1_60_node2_60_node3_0_node4_0,0.2496373631004656
Train_W_2Layers_input_size_20_node1_20_node2_30_node3_0_node4_0,0.2496509723298872
Train_W_2Layers_input_size_75_node1_20_node2_50_node3_0_node4_0,0.24965512807061332
Train_W_2Layers_input_size_35_node1_80_node2_20_node3_0_node4_0,0.2496553966618889
Test_W_1Layers_input_size_55_node1_80_node2_0_node3_0_node4_0,0.2496586421169612
Train_W_2Layers_input_size_10_node1_100_node2_60_node3_0_node4_0,0.2496751149487348
Train_W_2Layers_input_size_75_node1_70_node2_80_node3_0_node4_0,0.2496798074179441
Train_W_2Layers_input_size_95_node1_90_node2_70_node3_0_node4_0,0.2496907138975697
Train_W_2Layers_input_size_30_node1_90_node2_20_node3_0_node4_0,0.2497044246509192
Train_W_2Layers_input_size_35_node1_50_node2_10_node3_0_node4_0,0.24971649366821866
Train_W_2Layers_input_size_65_node1_70_node2_10_node3_0_node4_0,0.24973197069522116
Train_W_2Layers_input_size_15_node1_20_node2_10_node3_0_node4_0,0.24973314914761707
Train_W_2Layers_input_size_65_node1_40_node2_30_node3_0_node4_0,0.24973473781198227
Train_W_2Layers_input_size_15_node1_50_node2_80_node3_0_node4_0,0.24975238398635094
Train_W_2Layers_input_size_5_node1_80_node2_60_node3_0_node4_0,0.249770349583762
Test_W_2Layers_input_size_5_node1_90_node2_60_node3_0_node4_0,0.2497794400267334
Test_W_1Layers_input_size_100_node1_20_node2_0_node3_0_node4_0,0.24978932056778164
Train_W_2Layers_input_size_75_node1_10_node2_50_node3_0_node4_0,0.24981202568866215
Test_W_2Layers_input_size_25_node1_100_node2_40_node3_0_node4_0,0.24982561049179203
Train_W_2Layers_input_size_45_node1_90_node2_20_node3_0_node4_0,0.2498341994043658
Test_W_1Layers_input_size_80_node1_100_node2_0_node3_0_node4_0,0.2498390827255934
Train_W_2Layers_input_size_30_node1_10_node2_10_node3_0_node4_0,0.24983967915523303
Test_W_2Layers_input_size_80_node1_10_node2_20_node3_0_node4_0,0.2498458893942592
Train_W_2Layers_input_size_25_node1_80_node2_30_node3_0_node4_0,0.24984996734240664
Test_W_2Layers_input_size_50_node1_50_node2_10_node3_0_node4_0,0.24985079485209727
Train_W_2Layers_input_size_10_node1_40_node2_20_node3_0_node4_0,0.24985266605759823
Train_W_2Layers_input_size_90_node1_80_node2_50_node3_0_node4_0,0.24985880888072695
Train_W_1Layers_input_size_90_node1_40_node2_0_node3_0_node4_0,0.24987277876814623
Train_W_2Layers_input_size_35_node1_80_node2_40_node3_0_node4_0,0.2498737031088145
Train_W_2Layers_input_size_80_node1_10_node2_90_node3_0_node4_0,0.24988360973885146
Test_W_2Layers_input_size_75_node1_80_node2_100_node3_0_node4_0,0.24988473529800434
Train_W_2Layers_input_size_35_node1_100_node2_60_node3_0_node4_0,0.24988992324021675
Train_W_2Layers_input_size_50_node1_90_node2_30_node3_0_node4_0,0.24989564028742145
Test_W_1Layers_input_size_50_node1_60_node2_0_node3_0_node4_0,0.2499130142396471
Train_W_2Layers_input_size_45_node1_90_node2_80_node3_0_node4_0,0.2499231727091805
Test_W_2Layers_input_size_65_node1_50_node2_60_node3_0_node4_0,0.24992625817870043
Train_W_2Layers_input_size_5_node1_50_node2_70_node3_0_node4_0,0.24992982058163665
Train_W_2Layers_input_size_35_node1_20_node2_20_node3_0_node4_0,0.2499304615106665
Train_W_2Layers_input_size_45_node1_10_node2_80_node3_0_node4_0,0.24993469458205333
Test_W_2Layers_input_size_40_node1_100_node2_20_node3_0_node4_0,0.24994128252941353
Train_W_2Layers_input_size_50_node1_80_node2_10_node3_0_node4_0,0.2499604715449358
Train_W_2Layers_input_size_50_node1_10_node2_20_node3_0_node4_0,0.24997961438033983
Test_W_2Layers_input_size_40_node1_70_node2_60_node3_0_node4_0,0.2499932571336273
Train_W_2Layers_input_size_5_node1_80_node2_30_node3_0_node4_0,0.2500038742718904
Train_W_2Layers_input_size_65_node1_30_node2_40_node3_0_node4_0,0.25000889583496094
Train_W_2Layers_input_size_20_node1_30_node2_10_node3_0_node4_0,0.2500322291342281
Train_W_2Layers_input_size_40_node1_100_node2_40_node3_0_node4_0,0.2500347321940922
Train_W_2Layers_input_size_5_node1_20_node2_60_node3_0_node4_0,0.25004034908841505
Train_W_2Layers_input_size_20_node1_10_node2_60_node3_0_node4_0,0.2500494073683427
Test_W_2Layers_input_size_70_node1_60_node2_10_node3_0_node4_0,0.2500497947216812
Test_W_2Layers_input_size_50_node1_30_node2_100_node3_0_node4_0,0.2500540704667417
Train_W_2Layers_input_size_100_node1_20_node2_80_node3_0_node4_0,0.2500549494436002
Test_W_2Layers_input_size_75_node1_80_node2_70_node3_0_node4_0,0.250081853579582
Train_W_2Layers_input_size_80_node1_60_node2_30_node3_0_node4_0,0.2501143402647705
Test_W_2Layers_input_size_25_node1_10_node2_80_node3_0_node4_0,0.2501155913869656
Train_W_2Layers_input_size_100_node1_90_node2_20_node3_0_node4_0,0.2501259575872664
Train_W_2Layers_input_size_80_node1_50_node2_10_node3_0_node4_0,0.2501356382771855
Train_W_2Layers_input_size_85_node1_40_node2_100_node3_0_node4_0,0.25014038912487807
Test_W_2Layers_input_size_100_node1_30_node2_30_node3_0_node4_0,0.25014573558223957
Train_W_2Layers_input_size_60_node1_60_node2_60_node3_0_node4_0,0.2501502330706889
Train_W_1Layers_input_size_15_node1_40_node2_0_node3_0_node4_0,0.2501504415615698
Train_W_2Layers_input_size_10_node1_40_node2_30_node3_0_node4_0,0.25015093300367286
Test_W_2Layers_input_size_60_node1_20_node2_40_node3_0_node4_0,0.2501532412794217
Train_W_2Layers_input_size_70_node1_60_node2_70_node3_0_node4_0,0.25015869170408417
Train_W_2Layers_input_size_95_node1_20_node2_20_node3_0_node4_0,0.2501603000034248
Test_W_1Layers_input_size_65_node1_10_node2_0_node3_0_node4_0,0.25016588429585546
Train_W_2Layers_input_size_55_node1_100_node2_60_node3_0_node4_0,0.25016653951132956
Train_W_2Layers_input_size_80_node1_70_node2_10_node3_0_node4_0,0.25016664374999675
Train_W_2Layers_input_size_5_node1_100_node2_30_node3_0_node4_0,0.25020934816726925
Train_W_2Layers_input_size_60_node1_60_node2_40_node3_0_node4_0,0.250210345707746
Train_W_2Layers_input_size_55_node1_40_node2_40_node3_0_node4_0,0.25021777502589143
Train_W_2Layers_input_size_50_node1_80_node2_40_node3_0_node4_0,0.2502190107427834
Train_W_2Layers_input_size_40_node1_10_node2_10_node3_0_node4_0,0.25022450439822524
Test_W_2Layers_input_size_35_node1_40_node2_10_node3_0_node4_0,0.2502254572150796
Train_W_2Layers_input_size_55_node1_70_node2_50_node3_0_node4_0,0.2502314122382208
Train_W_2Layers_input_size_35_node1_50_node2_30_node3_0_node4_0,0.2502450338208145
Train_W_2Layers_input_size_55_node1_10_node2_100_node3_0_node4_0,0.25024875543572606
Train_W_2Layers_input_size_95_node1_20_node2_10_node3_0_node4_0,0.25025396560362184
Test_W_2Layers_input_size_25_node1_100_node2_50_node3_0_node4_0,0.2502550076241843
Train_W_2Layers_input_size_20_node1_80_node2_10_node3_0_node4_0,0.2502605451463786
Train_W_2Layers_input_size_15_node1_90_node2_10_node3_0_node4_0,0.25027071183722294
Train_W_2Layers_input_size_70_node1_90_node2_70_node3_0_node4_0,0.2502922644514101
Test_W_2Layers_input_size_45_node1_10_node2_90_node3_0_node4_0,0.25030832351457816
Train_W_2Layers_input_size_80_node1_30_node2_100_node3_0_node4_0,0.2503128627293467
Train_W_2Layers_input_size_35_node1_10_node2_70_node3_0_node4_0,0.25031755068442324
Train_W_2Layers_input_size_10_node1_20_node2_10_node3_0_node4_0,0.2503201104196614
Test_W_2Layers_input_size_20_node1_10_node2_50_node3_0_node4_0,0.25033127174997366
Train_W_2Layers_input_size_65_node1_80_node2_90_node3_0_node4_0,0.25034839970374534
Train_W_2Layers_input_size_35_node1_50_node2_80_node3_0_node4_0,0.2503671036978232
Train_W_2Layers_input_size_100_node1_10_node2_40_node3_0_node4_0,0.25038097083275496
Train_W_2Layers_input_size_5_node1_90_node2_20_node3_0_node4_0,0.25039434623631085
Train_W_2Layers_input_size_5_node1_90_node2_30_node3_0_node4_0,0.25039991043179866
Train_W_2Layers_input_size_55_node1_20_node2_90_node3_0_node4_0,0.2504020973945716
Test_W_1Layers_input_size_5_node1_40_node2_0_node3_0_node4_0,0.250402394939051
Train_W_2Layers_input_size_90_node1_20_node2_60_node3_0_node4_0,0.25042346018961104
Train_W_2Layers_input_size_25_node1_20_node2_80_node3_0_node4_0,0.25042900886259234
Train_W_2Layers_input_size_5_node1_80_node2_80_node3_0_node4_0,0.2504359110616873
Train_W_2Layers_input_size_20_node1_40_node2_70_node3_0_node4_0,0.25043787458357036
Test_W_2Layers_input_size_50_node1_80_node2_30_node3_0_node4_0,0.25043824646098095
Train_W_2Layers_input_size_5_node1_70_node2_70_node3_0_node4_0,0.25044031408931355
Train_W_2Layers_input_size_70_node1_40_node2_10_node3_0_node4_0,0.2504506222262338
Train_W_2Layers_input_size_100_node1_40_node2_70_node3_0_node4_0,0.25046534740019155
Train_W_2Layers_input_size_55_node1_50_node2_100_node3_0_node4_0,0.2504700622476624
Train_W_2Layers_input_size_55_node1_10_node2_80_node3_0_node4_0,0.2504748811167724
Test_W_2Layers_input_size_20_node1_70_node2_10_node3_0_node4_0,0.2504794024405255
Train_W_2Layers_input_size_30_node1_10_node2_90_node3_0_node4_0,0.2504830164662822
Test_W_2Layers_input_size_20_node1_50_node2_60_node3_0_node4_0,0.25048826637788546
Train_W_2Layers_input_size_100_node1_60_node2_20_node3_0_node4_0,0.2504894115281212
Train_W_2Layers_input_size_95_node1_40_node2_40_node3_0_node4_0,0.25049531566119443
Train_W_2Layers_input_size_25_node1_80_node2_20_node3_0_node4_0,0.25051084123116235
Test_W_1Layers_input_size_85_node1_30_node2_0_node3_0_node4_0,0.2505201204227659
Test_W_2Layers_input_size_5_node1_10_node2_40_node3_0_node4_0,0.25052147360949206
Test_W_2Layers_input_size_100_node1_70_node2_80_node3_0_node4_0,0.25052991970870564
Test_W_2Layers_input_size_30_node1_20_node2_90_node3_0_node4_0,0.2505312579729408
Train_W_2Layers_input_size_80_node1_60_node2_50_node3_0_node4_0,0.2505465880232649
Test_W_2Layers_input_size_55_node1_40_node2_60_node3_0_node4_0,0.25055072147472573
Train_W_2Layers_input_size_30_node1_50_node2_80_node3_0_node4_0,0.25056153057402797
Train_W_2Layers_input_size_65_node1_80_node2_20_node3_0_node4_0,0.25057192292720426
Train_W_2Layers_input_size_35_node1_90_node2_50_node3_0_node4_0,0.2505775277799704
Train_W_2Layers_input_size_10_node1_80_node2_100_node3_0_node4_0,0.2505789252568898
Train_W_2Layers_input_size_40_node1_80_node2_50_node3_0_node4_0,0.2505793415251039
Train_W_2Layers_input_size_75_node1_30_node2_10_node3_0_node4_0,0.25058560033167504
Train_W_2Layers_input_size_95_node1_70_node2_30_node3_0_node4_0,0.25058604632142606
Test_W_2Layers_input_size_15_node1_60_node2_60_node3_0_node4_0,0.25058714642608476
Test_W_2Layers_input_size_40_node1_90_node2_20_node3_0_node4_0,0.250598994544479
Train_W_2Layers_input_size_70_node1_90_node2_100_node3_0_node4_0,0.25061342857170166
Test_W_2Layers_input_size_95_node1_80_node2_10_node3_0_node4_0,0.25061393397056697
Train_W_2Layers_input_size_90_node1_80_node2_10_node3_0_node4_0,0.25061573258767283
Train_W_2Layers_input_size_5_node1_80_node2_20_node3_0_node4_0,0.2506178284805774
Train_W_2Layers_input_size_90_node1_20_node2_70_node3_0_node4_0,0.2506241011900731
Test_W_2Layers_input_size_45_node1_80_node2_50_node3_0_node4_0,0.25063021024201637
Train_W_2Layers_input_size_80_node1_40_node2_40_node3_0_node4_0,0.2506395890563061
Train_W_2Layers_input_size_15_node1_70_node2_90_node3_0_node4_0,0.2506399457713162
Train_W_2Layers_input_size_10_node1_90_node2_90_node3_0_node4_0,0.2506401835810409
Train_W_2Layers_input_size_15_node1_100_node2_20_node3_0_node4_0,0.2506469164752447
Train_W_2Layers_input_size_60_node1_50_node2_100_node3_0_node4_0,0.2506494728468643
Train_W_2Layers_input_size_45_node1_10_node2_40_node3_0_node4_0,0.25065659190716866
Train_W_2Layers_input_size_70_node1_20_node2_50_node3_0_node4_0,0.25066085730155035
Train_W_2Layers_input_size_35_node1_90_node2_80_node3_0_node4_0,0.25066865966442947
Train_W_2Layers_input_size_60_node1_70_node2_40_node3_0_node4_0,0.2506886326068333
Train_W_2Layers_input_size_90_node1_10_node2_60_node3_0_node4_0,0.25071270502080834
Test_W_2Layers_input_size_5_node1_100_node2_60_node3_0_node4_0,0.2507464322314594
Train_W_2Layers_input_size_70_node1_70_node2_40_node3_0_node4_0,0.25075359310816187
Train_W_2Layers_input_size_60_node1_10_node2_10_node3_0_node4_0,0.25075591069250336
Train_W_1Layers_input_size_55_node1_60_node2_0_node3_0_node4_0,0.25077849116248796
Train_W_2Layers_input_size_5_node1_90_node2_80_node3_0_node4_0,0.2508044413363465
Train_W_2Layers_input_size_85_node1_80_node2_20_node3_0_node4_0,0.2508079170000352
Train_W_2Layers_input_size_65_node1_40_node2_80_node3_0_node4_0,0.2508221756290093
Test_W_2Layers_input_size_50_node1_30_node2_60_node3_0_node4_0,0.2508276115178871
Train_W_1Layers_input_size_60_node1_40_node2_0_node3_0_node4_0,0.25083444334230226
Test_W_2Layers_input_size_95_node1_10_node2_50_node3_0_node4_0,0.2508500518777104
Test_W_2Layers_input_size_75_node1_50_node2_40_node3_0_node4_0,0.2508506310530099
Train_W_2Layers_input_size_90_node1_90_node2_90_node3_0_node4_0,0.2508579077569328
Test_W_1Layers_input_size_65_node1_40_node2_0_node3_0_node4_0,0.25086320922259386
Train_W_1Layers_input_size_45_node1_80_node2_0_node3_0_node4_0,0.2508878885207713
Test_W_2Layers_input_size_50_node1_30_node2_70_node3_0_node4_0,0.2508883488215614
Train_W_2Layers_input_size_35_node1_50_node2_20_node3_0_node4_0,0.25089595108665086
Train_W_2Layers_input_size_45_node1_50_node2_50_node3_0_node4_0,0.25090943266218013
Train_W_2Layers_input_size_100_node1_20_node2_40_node3_0_node4_0,0.2509103086425752
Train_W_2Layers_input_size_70_node1_50_node2_70_node3_0_node4_0,0.25091326319796475
Test_W_1Layers_input_size_70_node1_40_node2_0_node3_0_node4_0,0.25091425793994077
Train_W_2Layers_input_size_95_node1_20_node2_70_node3_0_node4_0,0.25091480727337157
Test_W_1Layers_input_size_5_node1_50_node2_0_node3_0_node4_0,0.25092751584077855
Train_W_2Layers_input_size_90_node1_30_node2_10_node3_0_node4_0,0.2509300545078374
Train_W_2Layers_input_size_25_node1_30_node2_20_node3_0_node4_0,0.2509331424425048
Test_W_1Layers_input_size_40_node1_10_node2_0_node3_0_node4_0,0.2509399417031569
Test_W_1Layers_input_size_60_node1_60_node2_0_node3_0_node4_0,0.25094105510164844
Train_W_2Layers_input_size_100_node1_50_node2_100_node3_0_node4_0,0.25095736953435854
Train_W_2Layers_input_size_75_node1_40_node2_70_node3_0_node4_0,0.2509598039902456
Train_W_2Layers_input_size_65_node1_10_node2_80_node3_0_node4_0,0.2509720649761553
Train_W_2Layers_input_size_35_node1_100_node2_50_node3_0_node4_0,0.25097210950648946
Test_W_2Layers_input_size_100_node1_100_node2_70_node3_0_node4_0,0.2509753898860389
Test_W_2Layers_input_size_100_node1_70_node2_50_node3_0_node4_0,0.2510036201586435
Train_W_1Layers_input_size_25_node1_30_node2_0_node3_0_node4_0,0.25100618773884414
Train_W_2Layers_input_size_20_node1_70_node2_20_node3_0_node4_0,0.25101844645914156
Train_W_2Layers_input_size_50_node1_20_node2_40_node3_0_node4_0,0.25102657903283476
Test_W_1Layers_input_size_35_node1_60_node2_0_node3_0_node4_0,0.25102733588304377
Test_W_2Layers_input_size_60_node1_70_node2_20_node3_0_node4_0,0.2510296361000649
Train_W_2Layers_input_size_55_node1_10_node2_30_node3_0_node4_0,0.25103818381862714
Test_W_1Layers_input_size_20_node1_60_node2_0_node3_0_node4_0,0.2510524590468874
Test_W_2Layers_input_size_85_node1_50_node2_20_node3_0_node4_0,0.2510659470562499
Test_W_1Layers_input_size_25_node1_10_node2_0_node3_0_node4_0,0.25106605092149725
Test_W_2Layers_input_size_60_node1_100_node2_10_node3_0_node4_0,0.25107735713865303
Train_W_2Layers_input_size_25_node1_20_node2_10_node3_0_node4_0,0.25108183793948735
Train_W_2Layers_input_size_45_node1_10_node2_30_node3_0_node4_0,0.251081956635111
Test_W_2Layers_input_size_20_node1_40_node2_20_node3_0_node4_0,0.25109257966619236
Train_W_2Layers_input_size_90_node1_10_node2_40_node3_0_node4_0,0.25111153976953354
Train_W_2Layers_input_size_15_node1_100_node2_100_node3_0_node4_0,0.25112557347803255
Train_W_1Layers_input_size_5_node1_30_node2_0_node3_0_node4_0,0.25113629850032093
Train_W_1Layers_input_size_45_node1_100_node2_0_node3_0_node4_0,0.25114884752996036
Train_W_2Layers_input_size_30_node1_80_node2_10_node3_0_node4_0,0.25115660506799237
Test_W_2Layers_input_size_5_node1_30_node2_30_node3_0_node4_0,0.25117447764233286
Train_W_1Layers_input_size_70_node1_50_node2_0_node3_0_node4_0,0.25118413275298135
Test_W_2Layers_input_size_5_node1_60_node2_70_node3_0_node4_0,0.25118474081972386
Train_W_2Layers_input_size_20_node1_40_node2_50_node3_0_node4_0,0.2511965162610059
Train_W_2Layers_input_size_15_node1_10_node2_30_node3_0_node4_0,0.2512062150134351
Test_W_2Layers_input_size_45_node1_90_node2_40_node3_0_node4_0,0.2512183749996518
Train_W_2Layers_input_size_85_node1_70_node2_10_node3_0_node4_0,0.25122056966616807
Train_W_2Layers_input_size_30_node1_80_node2_50_node3_0_node4_0,0.25122783565498175
Train_W_2Layers_input_size_80_node1_40_node2_100_node3_0_node4_0,0.251228176706436
Test_W_1Layers_input_size_45_node1_70_node2_0_node3_0_node4_0,0.2512457921259367
Train_W_2Layers_input_size_35_node1_70_node2_10_node3_0_node4_0,0.25125582999017854
Test_W_2Layers_input_size_40_node1_80_node2_90_node3_0_node4_0,0.25126653462656834
Train_W_2Layers_input_size_45_node1_70_node2_90_node3_0_node4_0,0.2512739623680168
Test_W_2Layers_input_size_20_node1_60_node2_20_node3_0_node4_0,0.2512821607977646
Train_W_2Layers_input_size_10_node1_90_node2_30_node3_0_node4_0,0.2512971633798474
Train_W_2Layers_input_size_50_node1_50_node2_40_node3_0_node4_0,0.2513047977491977
Test_W_2Layers_input_size_30_node1_20_node2_20_node3_0_node4_0,0.2513099860231862
Test_W_2Layers_input_size_80_node1_10_node2_60_node3_0_node4_0,0.2513117055417899
Train_W_2Layers_input_size_35_node1_10_node2_20_node3_0_node4_0,0.25131901336460316
Test_W_2Layers_input_size_55_node1_100_node2_40_node3_0_node4_0,0.25132011026084194
Test_W_2Layers_input_size_75_node1_10_node2_100_node3_0_node4_0,0.2513224522665177
Train_W_2Layers_input_size_45_node1_70_node2_20_node3_0_node4_0,0.2513265581351908
Train_W_2Layers_input_size_60_node1_50_node2_50_node3_0_node4_0,0.2513273881943527
Train_W_2Layers_input_size_70_node1_20_node2_20_node3_0_node4_0,0.25132789215750634
Test_W_2Layers_input_size_5_node1_30_node2_20_node3_0_node4_0,0.25133121236008243
Train_W_2Layers_input_size_100_node1_100_node2_10_node3_0_node4_0,0.25134221021784575
Train_W_2Layers_input_size_70_node1_70_node2_30_node3_0_node4_0,0.2513492355516418
Train_W_2Layers_input_size_100_node1_30_node2_50_node3_0_node4_0,0.25136221856316754
Train_W_2Layers_input_size_95_node1_60_node2_10_node3_0_node4_0,0.25137472667517996
Test_W_2Layers_input_size_50_node1_80_node2_60_node3_0_node4_0,0.2513810397749912
Train_W_2Layers_input_size_40_node1_70_node2_20_node3_0_node4_0,0.25138192893124106
Test_W_2Layers_input_size_95_node1_40_node2_20_node3_0_node4_0,0.25139436197001785
Train_W_1Layers_input_size_100_node1_30_node2_0_node3_0_node4_0,0.2513980072974708
Train_W_2Layers_input_size_50_node1_60_node2_10_node3_0_node4_0,0.2514043049947492
Train_W_2Layers_input_size_80_node1_20_node2_20_node3_0_node4_0,0.2514072537446596
Test_W_2Layers_input_size_95_node1_30_node2_40_node3_0_node4_0,0.25141815937348483
Train_W_2Layers_input_size_75_node1_40_node2_60_node3_0_node4_0,0.25141858906928166
Train_W_2Layers_input_size_65_node1_80_node2_40_node3_0_node4_0,0.2514241454143022
Train_W_2Layers_input_size_100_node1_100_node2_90_node3_0_node4_0,0.25144444355111517
Train_W_1Layers_input_size_20_node1_20_node2_0_node3_0_node4_0,0.2514453324831578
Train_W_2Layers_input_size_30_node1_10_node2_100_node3_0_node4_0,0.25144592510277364
Test_W_2Layers_input_size_95_node1_70_node2_10_node3_0_node4_0,0.25147041388703434
Train_W_2Layers_input_size_60_node1_90_node2_70_node3_0_node4_0,0.25147967248545045
Test_W_2Layers_input_size_55_node1_90_node2_90_node3_0_node4_0,0.2514850793492674
Train_W_2Layers_input_size_45_node1_20_node2_80_node3_0_node4_0,0.25149433740778415
Train_W_2Layers_input_size_85_node1_20_node2_10_node3_0_node4_0,0.25151577035705763
Train_W_2Layers_input_size_40_node1_50_node2_60_node3_0_node4_0,0.251524197878979
Train_W_2Layers_input_size_5_node1_60_node2_40_node3_0_node4_0,0.2515280042418283
Train_W_2Layers_input_size_10_node1_70_node2_60_node3_0_node4_0,0.251540652208956
Test_W_1Layers_input_size_90_node1_100_node2_0_node3_0_node4_0,0.25155911946838927
Train_W_2Layers_input_size_100_node1_90_node2_10_node3_0_node4_0,0.25157181029535663
Train_W_2Layers_input_size_50_node1_70_node2_40_node3_0_node4_0,0.2515869584840072
Test_W_2Layers_input_size_35_node1_80_node2_30_node3_0_node4_0,0.25159328106519147
Train_W_2Layers_input_size_85_node1_100_node2_10_node3_0_node4_0,0.25160388250751586
Train_W_2Layers_input_size_80_node1_90_node2_50_node3_0_node4_0,0.2516043266922764
Train_W_2Layers_input_size_60_node1_80_node2_10_node3_0_node4_0,0.2516177407026272
Test_W_1Layers_input_size_25_node1_20_node2_0_node3_0_node4_0,0.2516294514669273
Test_W_2Layers_input_size_50_node1_70_node2_100_node3_0_node4_0,0.25164961461587765
Train_W_2Layers_input_size_65_node1_10_node2_70_node3_0_node4_0,0.25165637971577937
Train_W_2Layers_input_size_20_node1_50_node2_50_node3_0_node4_0,0.25166563147264587
Test_W_2Layers_input_size_10_node1_10_node2_20_node3_0_node4_0,0.25166576469546065
Train_W_2Layers_input_size_95_node1_60_node2_70_node3_0_node4_0,0.25166913964991233
Train_W_1Layers_input_size_30_node1_50_node2_0_node3_0_node4_0,0.2516706938900311
Train_W_2Layers_input_size_50_node1_50_node2_90_node3_0_node4_0,0.251677976487303
Train_W_2Layers_input_size_85_node1_60_node2_30_node3_0_node4_0,0.2516805371878936
Test_W_2Layers_input_size_55_node1_70_node2_80_node3_0_node4_0,0.2516821357623365
Train_W_2Layers_input_size_55_node1_40_node2_90_node3_0_node4_0,0.251686620597544
Train_W_2Layers_input_size_25_node1_40_node2_60_node3_0_node4_0,0.25169234863718654
Test_W_2Layers_input_size_15_node1_90_node2_70_node3_0_node4_0,0.25169807654647275
Train_W_2Layers_input_size_40_node1_20_node2_60_node3_0_node4_0,0.25172169724484766
Train_W_2Layers_input_size_55_node1_100_node2_80_node3_0_node4_0,0.2517397220761829
Train_W_2Layers_input_size_15_node1_100_node2_40_node3_0_node4_0,0.25174963666308187
Test_W_2Layers_input_size_25_node1_20_node2_70_node3_0_node4_0,0.25175592556432
Test_W_2Layers_input_size_30_node1_80_node2_80_node3_0_node4_0,0.2517649369160268
Train_W_2Layers_input_size_75_node1_40_node2_100_node3_0_node4_0,0.25177415509150824
Train_W_2Layers_input_size_25_node1_20_node2_90_node3_0_node4_0,0.25177418468382345
Train_W_2Layers_input_size_30_node1_70_node2_40_node3_0_node4_0,0.25178146428769876
Test_W_2Layers_input_size_40_node1_60_node2_40_node3_0_node4_0,0.2517821005032395
Train_W_2Layers_input_size_15_node1_50_node2_30_node3_0_node4_0,0.2517845861671514
Train_W_2Layers_input_size_5_node1_60_node2_60_node3_0_node4_0,0.2517865983532977
Test_W_2Layers_input_size_25_node1_10_node2_100_node3_0_node4_0,0.2517904155445931
Train_W_2Layers_input_size_30_node1_20_node2_10_node3_0_node4_0,0.25180140814042795
Train_W_2Layers_input_size_50_node1_10_node2_10_node3_0_node4_0,0.2518114386503264
Train_W_2Layers_input_size_25_node1_70_node2_80_node3_0_node4_0,0.2518222823951936
Test_W_2Layers_input_size_75_node1_100_node2_50_node3_0_node4_0,0.25182993043102175
Train_W_2Layers_input_size_15_node1_90_node2_80_node3_0_node4_0,0.2518361433645773
Train_W_2Layers_input_size_10_node1_70_node2_40_node3_0_node4_0,0.2518384066094274
Test_W_2Layers_input_size_80_node1_50_node2_30_node3_0_node4_0,0.25186875875137865
Test_W_2Layers_input_size_50_node1_70_node2_20_node3_0_node4_0,0.25187610957277556
Test_W_2Layers_input_size_25_node1_10_node2_30_node3_0_node4_0,0.25188118254975217
Train_W_2Layers_input_size_60_node1_70_node2_50_node3_0_node4_0,0.2518818924625791
Train_W_2Layers_input_size_5_node1_30_node2_70_node3_0_node4_0,0.2518874977456731
Train_W_2Layers_input_size_15_node1_60_node2_80_node3_0_node4_0,0.25188933163707133
Test_W_2Layers_input_size_55_node1_20_node2_40_node3_0_node4_0,0.25190031991633915
Test_W_2Layers_input_size_20_node1_40_node2_10_node3_0_node4_0,0.2519040762302699
Test_W_2Layers_input_size_80_node1_90_node2_60_node3_0_node4_0,0.2519233005821447
Train_W_2Layers_input_size_80_node1_40_node2_30_node3_0_node4_0,0.25192680517127014
Test_W_2Layers_input_size_70_node1_20_node2_80_node3_0_node4_0,0.2519329122079718
Train_W_1Layers_input_size_20_node1_70_node2_0_node3_0_node4_0,0.25196445055206274
Train_W_2Layers_input_size_55_node1_50_node2_70_node3_0_node4_0,0.25196832418802023
Train_W_2Layers_input_size_65_node1_60_node2_30_node3_0_node4_0,0.2519928213385619
Train_W_2Layers_input_size_85_node1_60_node2_20_node3_0_node4_0,0.2520012920380576
Train_W_2Layers_input_size_40_node1_60_node2_20_node3_0_node4_0,0.25200906768258236
Test_W_2Layers_input_size_5_node1_70_node2_10_node3_0_node4_0,0.25201728654411043
Train_W_2Layers_input_size_85_node1_10_node2_20_node3_0_node4_0,0.25204525231701086
Train_W_2Layers_input_size_20_node1_10_node2_20_node3_0_node4_0,0.2520584655086976
Test_W_2Layers_input_size_70_node1_20_node2_30_node3_0_node4_0,0.25208095885700654
Test_W_2Layers_input_size_5_node1_80_node2_70_node3_0_node4_0,0.25209074180267504
Train_W_2Layers_input_size_45_node1_20_node2_50_node3_0_node4_0,0.2521020463954619
Train_W_2Layers_input_size_80_node1_10_node2_70_node3_0_node4_0,0.2521055337230829
Train_W_2Layers_input_size_85_node1_50_node2_50_node3_0_node4_0,0.2521164239229575
Train_W_2Layers_input_size_65_node1_10_node2_100_node3_0_node4_0,0.25211898017036266
Train_W_2Layers_input_size_35_node1_70_node2_80_node3_0_node4_0,0.2521271067962983
Train_W_2Layers_input_size_85_node1_30_node2_30_node3_0_node4_0,0.25213512973549745
Test_W_2Layers_input_size_90_node1_80_node2_20_node3_0_node4_0,0.2521371686738362
Train_W_2Layers_input_size_30_node1_30_node2_20_node3_0_node4_0,0.2521537898387214
Train_W_2Layers_input_size_35_node1_10_node2_100_node3_0_node4_0,0.2521583992477274
Train_W_2Layers_input_size_75_node1_50_node2_10_node3_0_node4_0,0.252159876604578
Train_W_2Layers_input_size_30_node1_90_node2_40_node3_0_node4_0,0.25217519628487456
Train_W_2Layers_input_size_25_node1_30_node2_40_node3_0_node4_0,0.25217560991811183
Train_W_2Layers_input_size_15_node1_30_node2_70_node3_0_node4_0,0.25218883105166645
Train_W_2Layers_input_size_75_node1_60_node2_30_node3_0_node4_0,0.2521932034751584
Train_W_2Layers_input_size_95_node1_80_node2_70_node3_0_node4_0,0.25220191855260504
Test_W_2Layers_input_size_65_node1_90_node2_40_node3_0_node4_0,0.25220552266609964
Test_W_2Layers_input_size_60_node1_40_node2_40_node3_0_node4_0,0.2522164528592895
Train_W_2Layers_input_size_10_node1_90_node2_20_node3_0_node4_0,0.25221859453083306
Train_W_2Layers_input_size_50_node1_60_node2_40_node3_0_node4_0,0.25223042509215043
Train_W_2Layers_input_size_90_node1_90_node2_70_node3_0_node4_0,0.2522365986229128
Test_W_2Layers_input_size_30_node1_80_node2_20_node3_0_node4_0,0.25224026131615956
Train_W_2Layers_input_size_50_node1_20_node2_10_node3_0_node4_0,0.25225720058065565
Train_W_2Layers_input_size_55_node1_30_node2_50_node3_0_node4_0,0.2522573187232313
Test_W_2Layers_input_size_90_node1_100_node2_70_node3_0_node4_0,0.2522697972212256
Train_W_2Layers_input_size_30_node1_50_node2_40_node3_0_node4_0,0.2522846820068155
Train_W_2Layers_input_size_75_node1_90_node2_100_node3_0_node4_0,0.25233520694124845
Train_W_2Layers_input_size_65_node1_20_node2_40_node3_0_node4_0,0.25234111217619976
Test_W_2Layers_input_size_95_node1_100_node2_60_node3_0_node4_0,0.2523514017179169
Test_W_2Layers_input_size_35_node1_90_node2_90_node3_0_node4_0,0.2523601999029032
Train_W_2Layers_input_size_65_node1_60_node2_20_node3_0_node4_0,0.2523672411823254
Train_W_2Layers_input_size_50_node1_70_node2_30_node3_0_node4_0,0.25238133791239015
Train_W_2Layers_input_size_60_node1_50_node2_90_node3_0_node4_0,0.25240315307969174
Train_W_1Layers_input_size_10_node1_80_node2_0_node3_0_node4_0,0.2524064738971737
Train_W_2Layers_input_size_65_node1_50_node2_20_node3_0_node4_0,0.25242121779917975
Train_W_1Layers_input_size_10_node1_40_node2_0_node3_0_node4_0,0.25242470071734624
Train_W_2Layers_input_size_85_node1_100_node2_40_node3_0_node4_0,0.25242673731671966
Test_W_2Layers_input_size_25_node1_50_node2_70_node3_0_node4_0,0.25244294097847064
Train_W_2Layers_input_size_90_node1_40_node2_50_node3_0_node4_0,0.2524481501314881
Train_W_2Layers_input_size_75_node1_70_node2_90_node3_0_node4_0,0.25246839545057775
Train_W_2Layers_input_size_50_node1_20_node2_20_node3_0_node4_0,0.25248273736184323
Train_W_2Layers_input_size_50_node1_10_node2_30_node3_0_node4_0,0.25249361129270076
Test_W_2Layers_input_size_70_node1_10_node2_70_node3_0_node4_0,0.2525038356064777
Train_W_2Layers_input_size_55_node1_100_node2_10_node3_0_node4_0,0.252505237175667
Train_W_2Layers_input_size_30_node1_50_node2_50_node3_0_node4_0,0.252517069060249
Train_W_2Layers_input_size_25_node1_50_node2_10_node3_0_node4_0,0.25252053590395146
Test_W_1Layers_input_size_85_node1_50_node2_0_node3_0_node4_0,0.25253195402285405
Train_W_2Layers_input_size_95_node1_30_node2_100_node3_0_node4_0,0.2525347715929331
Train_W_2Layers_input_size_75_node1_50_node2_20_node3_0_node4_0,0.2525391970322111
Train_W_2Layers_input_size_95_node1_40_node2_90_node3_0_node4_0,0.2525628275653213
Train_W_2Layers_input_size_85_node1_70_node2_60_node3_0_node4_0,0.25257170688204483
Test_W_2Layers_input_size_50_node1_10_node2_50_node3_0_node4_0,0.2525789782494653
Test_W_2Layers_input_size_40_node1_70_node2_90_node3_0_node4_0,0.25259762031226335
Test_W_2Layers_input_size_65_node1_80_node2_30_node3_0_node4_0,0.2526001864378612
Train_W_2Layers_input_size_30_node1_40_node2_40_node3_0_node4_0,0.25260760445893643
Test_W_1Layers_input_size_80_node1_60_node2_0_node3_0_node4_0,0.25260938888080686
Train_W_2Layers_input_size_65_node1_10_node2_90_node3_0_node4_0,0.252623118184521
Train_W_2Layers_input_size_65_node1_40_node2_50_node3_0_node4_0,0.25262422416469726
Train_W_1Layers_input_size_40_node1_20_node2_0_node3_0_node4_0,0.25262720291389007
Train_W_1Layers_input_size_50_node1_40_node2_0_node3_0_node4_0,0.25263215758722474
Train_W_2Layers_input_size_20_node1_10_node2_40_node3_0_node4_0,0.2526324377593022
Train_W_2Layers_input_size_30_node1_30_node2_60_node3_0_node4_0,0.25263771673299573
Train_W_1Layers_input_size_95_node1_80_node2_0_node3_0_node4_0,0.252655292855964
Train_W_2Layers_input_size_65_node1_60_node2_10_node3_0_node4_0,0.2526589199908837
Train_W_1Layers_input_size_45_node1_90_node2_0_node3_0_node4_0,0.2526632400470529
Test_W_2Layers_input_size_25_node1_20_node2_100_node3_0_node4_0,0.25267024339414845
Train_W_2Layers_input_size_60_node1_100_node2_60_node3_0_node4_0,0.2526744600526712
Train_W_2Layers_input_size_65_node1_30_node2_20_node3_0_node4_0,0.2526751235065213
Train_W_2Layers_input_size_25_node1_70_node2_100_node3_0_node4_0,0.2526770401411917
Train_W_2Layers_input_size_70_node1_90_node2_20_node3_0_node4_0,0.25267788050719325
Train_W_2Layers_input_size_10_node1_40_node2_90_node3_0_node4_0,0.2526958371338445
Test_W_2Layers_input_size_45_node1_80_node2_40_node3_0_node4_0,0.25270334079766005
Train_W_1Layers_input_size_65_node1_90_node2_0_node3_0_node4_0,0.2527053898930557
Test_W_2Layers_input_size_50_node1_20_node2_80_node3_0_node4_0,0.2527056994671743
Test_W_2Layers_input_size_80_node1_100_node2_30_node3_0_node4_0,0.2527270886463102
Test_W_2Layers_input_size_70_node1_70_node2_20_node3_0_node4_0,0.25272770774100933
Train_W_2Layers_input_size_100_node1_20_node2_100_node3_0_node4_0,0.2527571424697571
Test_W_2Layers_input_size_35_node1_70_node2_60_node3_0_node4_0,0.2527588226663218
Test_W_2Layers_input_size_40_node1_40_node2_80_node3_0_node4_0,0.2527592942984377
Test_W_2Layers_input_size_5_node1_10_node2_90_node3_0_node4_0,0.25276580862701364
Test_W_2Layers_input_size_75_node1_100_node2_100_node3_0_node4_0,0.2527943105248663
Train_W_2Layers_input_size_65_node1_30_node2_10_node3_0_node4_0,0.2528042426959343
Test_W_2Layers_input_size_95_node1_50_node2_20_node3_0_node4_0,0.2528097096443614
Train_W_2Layers_input_size_10_node1_60_node2_100_node3_0_node4_0,0.252813349299189
Train_W_2Layers_input_size_70_node1_100_node2_100_node3_0_node4_0,0.25281536803251403
Train_W_2Layers_input_size_25_node1_40_node2_10_node3_0_node4_0,0.25281606058694844
Train_W_2Layers_input_size_25_node1_100_node2_100_node3_0_node4_0,0.2528178288024308
Train_W_2Layers_input_size_35_node1_20_node2_10_node3_0_node4_0,0.2528231039051394
Test_W_1Layers_input_size_55_node1_10_node2_0_node3_0_node4_0,0.25284551449712694
Test_W_2Layers_input_size_65_node1_90_node2_70_node3_0_node4_0,0.2528572567953164
Train_W_2Layers_input_size_35_node1_20_node2_30_node3_0_node4_0,0.25286248687807467
Test_W_2Layers_input_size_100_node1_50_node2_90_node3_0_node4_0,0.2528687775667043
Test_W_2Layers_input_size_55_node1_60_node2_90_node3_0_node4_0,0.25287253422649836
Test_W_1Layers_input_size_10_node1_30_node2_0_node3_0_node4_0,0.25289284868650347
Train_W_2Layers_input_size_60_node1_30_node2_20_node3_0_node4_0,0.252905708266215
Train_W_1Layers_input_size_35_node1_50_node2_0_node3_0_node4_0,0.2529075053146282
Test_W_2Layers_input_size_10_node1_60_node2_50_node3_0_node4_0,0.25291413366148063
Train_W_2Layers_input_size_70_node1_80_node2_50_node3_0_node4_0,0.25293121926569234
Train_W_1Layers_input_size_10_node1_50_node2_0_node3_0_node4_0,0.2529476115234815
Train_W_2Layers_input_size_95_node1_20_node2_100_node3_0_node4_0,0.2529478471636469
Train_W_2Layers_input_size_70_node1_100_node2_10_node3_0_node4_0,0.2529635167419974
Train_W_2Layers_input_size_35_node1_90_node2_60_node3_0_node4_0,0.2529769175850279
Train_W_2Layers_input_size_25_node1_10_node2_10_node3_0_node4_0,0.25297694703664836
Test_W_2Layers_input_size_40_node1_40_node2_90_node3_0_node4_0,0.25298107022967214
Test_W_2Layers_input_size_45_node1_50_node2_20_node3_0_node4_0,0.252998180762637
Train_W_2Layers_input_size_5_node1_30_node2_40_node3_0_node4_0,0.2530000507765557
Train_W_1Layers_input_size_35_node1_30_node2_0_node3_0_node4_0,0.2530090178166053
Test_W_2Layers_input_size_20_node1_10_node2_10_node3_0_node4_0,0.25300941536274774
Test_W_2Layers_input_size_45_node1_60_node2_40_node3_0_node4_0,0.2530137294344208
Train_W_2Layers_input_size_30_node1_90_node2_30_node3_0_node4_0,0.25301505456112294
Train_W_2Layers_input_size_45_node1_60_node2_30_node3_0_node4_0,0.25303475395962255
Test_W_2Layers_input_size_10_node1_70_node2_80_node3_0_node4_0,0.25304092258896943
Train_W_1Layers_input_size_90_node1_90_node2_0_node3_0_node4_0,0.25304158508198543
Train_W_2Layers_input_size_40_node1_100_node2_10_node3_0_node4_0,0.25305346549562485
Train_W_2Layers_input_size_90_node1_10_node2_50_node3_0_node4_0,0.2530545548736667
Test_W_2Layers_input_size_75_node1_30_node2_40_node3_0_node4_0,0.25306019306615213
Train_W_2Layers_input_size_90_node1_100_node2_30_node3_0_node4_0,0.2530866599775489
Test_W_2Layers_input_size_95_node1_30_node2_20_node3_0_node4_0,0.25309260655568866
Train_W_2Layers_input_size_70_node1_30_node2_10_node3_0_node4_0,0.2530935780130978
Train_W_2Layers_input_size_95_node1_10_node2_80_node3_0_node4_0,0.2530941373353692
Train_W_2Layers_input_size_65_node1_90_node2_60_node3_0_node4_0,0.25309603607806996
Train_W_2Layers_input_size_5_node1_40_node2_10_node3_0_node4_0,0.2531044257008793
Train_W_1Layers_input_size_25_node1_40_node2_0_node3_0_node4_0,0.25311436042088736
Train_W_2Layers_input_size_45_node1_70_node2_80_node3_0_node4_0,0.2531386142177811
Train_W_1Layers_input_size_25_node1_100_node2_0_node3_0_node4_0,0.25315388938501066
Train_W_2Layers_input_size_25_node1_90_node2_50_node3_0_node4_0,0.25316424889683464
Train_W_2Layers_input_size_50_node1_90_node2_70_node3_0_node4_0,0.2531708558072719
Train_W_2Layers_input_size_35_node1_10_node2_10_node3_0_node4_0,0.2531955602987712
Train_W_2Layers_input_size_75_node1_30_node2_20_node3_0_node4_0,0.25319632537854836
Train_W_2Layers_input_size_85_node1_20_node2_70_node3_0_node4_0,0.25320200455231423
Train_W_2Layers_input_size_100_node1_10_node2_20_node3_0_node4_0,0.2532144070718595
Train_W_2Layers_input_size_15_node1_10_node2_60_node3_0_node4_0,0.2532324139193164
Train_W_1Layers_input_size_60_node1_20_node2_0_node3_0_node4_0,0.2532414609941885
Test_W_2Layers_input_size_40_node1_50_node2_90_node3_0_node4_0,0.2532586421913541
Train_W_2Layers_input_size_65_node1_90_node2_50_node3_0_node4_0,0.2532595100462439
Test_W_2Layers_input_size_30_node1_80_node2_40_node3_0_node4_0,0.25326745298673076
Train_W_2Layers_input_size_15_node1_10_node2_70_node3_0_node4_0,0.25326845319120667
Train_W_2Layers_input_size_10_node1_20_node2_30_node3_0_node4_0,0.2532863238260047
Train_W_2Layers_input_size_45_node1_70_node2_70_node3_0_node4_0,0.2533024430865718
Train_W_2Layers_input_size_95_node1_90_node2_90_node3_0_node4_0,0.25330448733555616
Train_W_2Layers_input_size_30_node1_50_node2_100_node3_0_node4_0,0.253318076024591
Train_W_2Layers_input_size_65_node1_80_node2_50_node3_0_node4_0,0.2533204289702984
Train_W_2Layers_input_size_40_node1_60_node2_30_node3_0_node4_0,0.25332213484227
Train_W_2Layers_input_size_75_node1_70_node2_20_node3_0_node4_0,0.2533300611139289
Test_W_2Layers_input_size_75_node1_70_node2_10_node3_0_node4_0,0.25334572175650155
Train_W_2Layers_input_size_65_node1_10_node2_30_node3_0_node4_0,0.25336048451809134
Test_W_2Layers_input_size_35_node1_70_node2_30_node3_0_node4_0,0.25336201367928873
Test_W_2Layers_input_size_20_node1_30_node2_100_node3_0_node4_0,0.25338093628537317
Test_W_2Layers_input_size_100_node1_100_node2_30_node3_0_node4_0,0.253383906138754
Test_W_2Layers_input_size_70_node1_60_node2_20_node3_0_node4_0,0.25340084245909794
Test_W_1Layers_input_size_95_node1_40_node2_0_node3_0_node4_0,0.2534152786023896
Train_W_2Layers_input_size_95_node1_90_node2_50_node3_0_node4_0,0.2534167045311825
Train_W_1Layers_input_size_50_node1_20_node2_0_node3_0_node4_0,0.25342395165350673
Train_W_2Layers_input_size_60_node1_90_node2_50_node3_0_node4_0,0.25342986091831976
Test_W_2Layers_input_size_60_node1_20_node2_100_node3_0_node4_0,0.2534343736222893
Train_W_2Layers_input_size_90_node1_40_node2_70_node3_0_node4_0,0.25344464817620316
Test_W_2Layers_input_size_95_node1_50_node2_90_node3_0_node4_0,0.2534549811057558
Train_W_2Layers_input_size_100_node1_80_node2_30_node3_0_node4_0,0.2534705605445172
Train_W_2Layers_input_size_75_node1_10_node2_70_node3_0_node4_0,0.25348715306351466
Train_W_2Layers_input_size_95_node1_90_node2_60_node3_0_node4_0,0.25348993062443037
Test_W_2Layers_input_size_50_node1_20_node2_30_node3_0_node4_0,0.25349378094954306
Train_W_2Layers_input_size_50_node1_10_node2_80_node3_0_node4_0,0.25350524340328845
Train_W_2Layers_input_size_45_node1_40_node2_30_node3_0_node4_0,0.253518733165714
Train_W_2Layers_input_size_60_node1_20_node2_30_node3_0_node4_0,0.2535215691573474
Train_W_2Layers_input_size_40_node1_40_node2_20_node3_0_node4_0,0.2535326777102608
Train_W_2Layers_input_size_50_node1_80_node2_20_node3_0_node4_0,0.2535455783024012
Test_W_2Layers_input_size_35_node1_70_node2_90_node3_0_node4_0,0.2535546435877824
Test_W_2Layers_input_size_30_node1_100_node2_30_node3_0_node4_0,0.25356251851590234
Test_W_2Layers_input_size_80_node1_70_node2_80_node3_0_node4_0,0.25356580945817797
Train_W_1Layers_input_size_55_node1_50_node2_0_node3_0_node4_0,0.25356657342081207
Train_W_2Layers_input_size_5_node1_90_node2_100_node3_0_node4_0,0.2535665881123786
Train_W_2Layers_input_size_60_node1_100_node2_100_node3_0_node4_0,0.25356929134613776
Train_W_2Layers_input_size_30_node1_80_node2_90_node3_0_node4_0,0.2535700259155493
Train_W_2Layers_input_size_55_node1_70_node2_10_node3_0_node4_0,0.2535741100826705
Train_W_1Layers_input_size_70_node1_60_node2_0_node3_0_node4_0,0.25358675883040943
Test_W_2Layers_input_size_85_node1_100_node2_90_node3_0_node4_0,0.25358833069807474
Test_W_2Layers_input_size_90_node1_40_node2_80_node3_0_node4_0,0.2535971153491953
Train_W_2Layers_input_size_50_node1_100_node2_30_node3_0_node4_0,0.25359902501569415
Test_W_2Layers_input_size_85_node1_30_node2_10_node3_0_node4_0,0.25364295806403947
Train_W_2Layers_input_size_5_node1_20_node2_90_node3_0_node4_0,0.25364423584222845
Train_W_2Layers_input_size_55_node1_20_node2_50_node3_0_node4_0,0.2536510211771752
Train_W_2Layers_input_size_65_node1_100_node2_60_node3_0_node4_0,0.25365147646371444
Train_W_2Layers_input_size_100_node1_30_node2_10_node3_0_node4_0,0.25366954039922984
Train_W_2Layers_input_size_45_node1_90_node2_30_node3_0_node4_0,0.2536993651067122
Train_W_2Layers_input_size_70_node1_80_node2_20_node3_0_node4_0,0.2537092177969287
Train_W_1Layers_input_size_100_node1_50_node2_0_node3_0_node4_0,0.25371168458048926
Train_W_2Layers_input_size_10_node1_50_node2_20_node3_0_node4_0,0.2537160160769236
Train_W_2Layers_input_size_90_node1_20_node2_10_node3_0_node4_0,0.253718805815137
Test_W_2Layers_input_size_20_node1_20_node2_20_node3_0_node4_0,0.2537289367117418
Train_W_2Layers_input_size_65_node1_90_node2_10_node3_0_node4_0,0.25373439841860845
Test_W_2Layers_input_size_70_node1_90_node2_30_node3_0_node4_0,0.25373621896143866
Train_W_2Layers_input_size_80_node1_60_node2_40_node3_0_node4_0,0.25374400016663157
Train_W_2Layers_input_size_75_node1_60_node2_20_node3_0_node4_0,0.25375261793994147
Test_W_2Layers_input_size_60_node1_100_node2_30_node3_0_node4_0,0.25375492281437145
Train_W_2Layers_input_size_80_node1_80_node2_30_node3_0_node4_0,0.2537687516213332
Train_W_2Layers_input_size_55_node1_80_node2_90_node3_0_node4_0,0.25377742727158126
Train_W_2Layers_input_size_35_node1_100_node2_70_node3_0_node4_0,0.2537841650085298
Train_W_2Layers_input_size_80_node1_40_node2_20_node3_0_node4_0,0.25379008056474006
Train_W_2Layers_input_size_25_node1_80_node2_40_node3_0_node4_0,0.25379932793219395
Test_W_2Layers_input_size_20_node1_30_node2_60_node3_0_node4_0,0.2538097785196983
Test_W_2Layers_input_size_65_node1_20_node2_30_node3_0_node4_0,0.2538457211459358
Train_W_2Layers_input_size_40_node1_90_node2_80_node3_0_node4_0,0.25386585501141967
Train_W_2Layers_input_size_35_node1_90_node2_40_node3_0_node4_0,0.2538835808831289
Test_W_2Layers_input_size_15_node1_80_node2_80_node3_0_node4_0,0.25388707308609143
Test_W_2Layers_input_size_95_node1_20_node2_40_node3_0_node4_0,0.25390154027238765
Train_W_2Layers_input_size_15_node1_40_node2_60_node3_0_node4_0,0.25391163453481524
Train_W_2Layers_input_size_30_node1_20_node2_40_node3_0_node4_0,0.2539308389348229
Test_W_2Layers_input_size_80_node1_70_node2_20_node3_0_node4_0,0.25393236466138974
Train_W_2Layers_input_size_20_node1_70_node2_60_node3_0_node4_0,0.2539361642675175
Test_W_1Layers_input_size_75_node1_90_node2_0_node3_0_node4_0,0.2539558362225214
Train_W_2Layers_input_size_75_node1_60_node2_50_node3_0_node4_0,0.253963155971881
Train_W_1Layers_input_size_5_node1_80_node2_0_node3_0_node4_0,0.25396501888042333
Train_W_2Layers_input_size_55_node1_50_node2_30_node3_0_node4_0,0.25397556532545207
Train_W_2Layers_input_size_60_node1_10_node2_40_node3_0_node4_0,0.2539780881931464
Train_W_2Layers_input_size_100_node1_60_node2_40_node3_0_node4_0,0.25398473260268234
Test_W_2Layers_input_size_65_node1_20_node2_100_node3_0_node4_0,0.25399485289247087
Test_W_2Layers_input_size_60_node1_80_node2_50_node3_0_node4_0,0.2540003088814066
Train_W_2Layers_input_size_55_node1_30_node2_70_node3_0_node4_0,0.25400680604868525
Train_W_2Layers_input_size_10_node1_50_node2_60_node3_0_node4_0,0.25401619218198757
Train_W_1Layers_input_size_10_node1_20_node2_0_node3_0_node4_0,0.2540191399429114
Test_W_2Layers_input_size_100_node1_20_node2_70_node3_0_node4_0,0.2540193599236983
Train_W_2Layers_input_size_75_node1_70_node2_50_node3_0_node4_0,0.25401978521934604
Train_W_2Layers_input_size_85_node1_20_node2_50_node3_0_node4_0,0.2540284962907848
Test_W_2Layers_input_size_100_node1_80_node2_40_node3_0_node4_0,0.2540292148675158
Train_W_2Layers_input_size_55_node1_20_node2_30_node3_0_node4_0,0.2540365325025603
Train_W_1Layers_input_size_30_node1_30_node2_0_node3_0_node4_0,0.254041151742808
Train_W_2Layers_input_size_30_node1_40_node2_20_node3_0_node4_0,0.2540413717045343
Train_W_2Layers_input_size_70_node1_30_node2_60_node3_0_node4_0,0.2540421928932963
Test_W_2Layers_input_size_25_node1_60_node2_20_node3_0_node4_0,0.25404263281475553
Test_W_2Layers_input_size_90_node1_50_node2_50_node3_0_node4_0,0.2540533080086289
Test_W_2Layers_input_size_5_node1_10_node2_60_node3_0_node4_0,0.2540591879719106
Test_W_2Layers_input_size_95_node1_80_node2_30_node3_0_node4_0,0.25409008120401777
Train_W_2Layers_input_size_30_node1_90_node2_60_node3_0_node4_0,0.2540928961575647
Train_W_2Layers_input_size_55_node1_70_node2_70_node3_0_node4_0,0.2540933066690181
Train_W_1Layers_input_size_20_node1_10_node2_0_node3_0_node4_0,0.2541263066880706
Train_W_2Layers_input_size_30_node1_10_node2_50_node3_0_node4_0,0.25413140804112955
Test_W_2Layers_input_size_15_node1_40_node2_20_node3_0_node4_0,0.25414348669871306
Train_W_2Layers_input_size_100_node1_50_node2_20_node3_0_node4_0,0.25414797207343914
Train_W_2Layers_input_size_30_node1_40_node2_70_node3_0_node4_0,0.2541709400557762
Train_W_1Layers_input_size_65_node1_60_node2_0_node3_0_node4_0,0.2541976137290108
Train_W_2Layers_input_size_55_node1_50_node2_10_node3_0_node4_0,0.25420511702715387
Test_W_2Layers_input_size_55_node1_30_node2_30_node3_0_node4_0,0.25422274597534955
Train_W_2Layers_input_size_70_node1_90_node2_60_node3_0_node4_0,0.25423004338666266
Test_W_2Layers_input_size_40_node1_50_node2_80_node3_0_node4_0,0.254232036217597
Train_W_2Layers_input_size_30_node1_70_node2_30_node3_0_node4_0,0.25423709149070184
Test_W_2Layers_input_size_60_node1_60_node2_100_node3_0_node4_0,0.25426509148755005
Test_W_2Layers_input_size_60_node1_70_node2_100_node3_0_node4_0,0.2542729590635873
Train_W_2Layers_input_size_70_node1_40_node2_90_node3_0_node4_0,0.2542969851632766
Train_W_2Layers_input_size_50_node1_80_node2_90_node3_0_node4_0,0.2543026251076884
Test_W_2Layers_input_size_90_node1_60_node2_10_node3_0_node4_0,0.2543158528502314
Train_W_2Layers_input_size_25_node1_50_node2_30_node3_0_node4_0,0.25432188787075816
Test_W_2Layers_input_size_65_node1_60_node2_90_node3_0_node4_0,0.25432695600551863
Train_W_1Layers_input_size_25_node1_80_node2_0_node3_0_node4_0,0.25433860061462865
Train_W_2Layers_input_size_65_node1_10_node2_20_node3_0_node4_0,0.2543430825484944
Test_W_1Layers_input_size_15_node1_80_node2_0_node3_0_node4_0,0.25435071337183474
Train_W_2Layers_input_size_70_node1_20_node2_40_node3_0_node4_0,0.254376797048796
Test_W_2Layers_input_size_90_node1_90_node2_20_node3_0_node4_0,0.2543932718842538
Train_W_2Layers_input_size_10_node1_60_node2_60_node3_0_node4_0,0.2543997150852149
Train_W_2Layers_input_size_5_node1_10_node2_50_node3_0_node4_0,0.25440605562139634
Train_W_2Layers_input_size_10_node1_100_node2_90_node3_0_node4_0,0.25441990760567795
Train_W_2Layers_input_size_35_node1_40_node2_40_node3_0_node4_0,0.2544402302937769
Train_W_2Layers_input_size_5_node1_100_node2_10_node3_0_node4_0,0.25447125293878503
Train_W_2Layers_input_size_85_node1_80_node2_70_node3_0_node4_0,0.25449864166343195
Test_W_2Layers_input_size_35_node1_10_node2_30_node3_0_node4_0,0.2545103076915898
Test_W_2Layers_input_size_30_node1_60_node2_100_node3_0_node4_0,0.25451749440134913
Train_W_1Layers_input_size_75_node1_20_node2_0_node3_0_node4_0,0.25452725687752764
Train_W_1Layers_input_size_35_node1_20_node2_0_node3_0_node4_0,0.25453022799160835
Train_W_2Layers_input_size_50_node1_10_node2_70_node3_0_node4_0,0.2545333747002315
Train_W_2Layers_input_size_20_node1_10_node2_50_node3_0_node4_0,0.25456037625186245
Train_W_1Layers_input_size_80_node1_20_node2_0_node3_0_node4_0,0.254561737229862
Train_W_2Layers_input_size_60_node1_60_node2_10_node3_0_node4_0,0.2545702102518103
Train_W_2Layers_input_size_35_node1_40_node2_70_node3_0_node4_0,0.25457316623110826
Train_W_2Layers_input_size_40_node1_80_node2_40_node3_0_node4_0,0.25457351743428813
Train_W_2Layers_input_size_90_node1_20_node2_80_node3_0_node4_0,0.25457721967166824
Train_W_1Layers_input_size_65_node1_30_node2_0_node3_0_node4_0,0.254635409428443
Train_W_2Layers_input_size_55_node1_40_node2_50_node3_0_node4_0,0.2546406761375835
Train_W_2Layers_input_size_50_node1_30_node2_100_node3_0_node4_0,0.254650580181687
Train_W_1Layers_input_size_75_node1_70_node2_0_node3_0_node4_0,0.25473091012970556
Test_W_2Layers_input_size_75_node1_60_node2_80_node3_0_node4_0,0.25473548753017305
Test_W_2Layers_input_size_60_node1_30_node2_70_node3_0_node4_0,0.254750725440021
Train_W_2Layers_input_size_25_node1_100_node2_50_node3_0_node4_0,0.25476410538665595
Train_W_2Layers_input_size_90_node1_40_node2_30_node3_0_node4_0,0.2547668251587207
Test_W_1Layers_input_size_60_node1_30_node2_0_node3_0_node4_0,0.25478694472118374
Train_W_2Layers_input_size_5_node1_80_node2_100_node3_0_node4_0,0.2548015654994146
Train_W_2Layers_input_size_45_node1_10_node2_90_node3_0_node4_0,0.2548055129657002
Train_W_2Layers_input_size_15_node1_60_node2_60_node3_0_node4_0,0.2548117556856993
Train_W_1Layers_input_size_45_node1_60_node2_0_node3_0_node4_0,0.2548225156122352
Train_W_2Layers_input_size_100_node1_40_node2_50_node3_0_node4_0,0.2548397217788279
Train_W_2Layers_input_size_35_node1_70_node2_100_node3_0_node4_0,0.25484005799650916
Train_W_2Layers_input_size_30_node1_10_node2_40_node3_0_node4_0,0.25486503919114584
Train_W_2Layers_input_size_95_node1_60_node2_60_node3_0_node4_0,0.25486560924249385
Train_W_2Layers_input_size_20_node1_60_node2_20_node3_0_node4_0,0.25486642777553303
Train_W_2Layers_input_size_60_node1_50_node2_20_node3_0_node4_0,0.25487486143608873
Train_W_1Layers_input_size_65_node1_20_node2_0_node3_0_node4_0,0.2548854286965754
Test_W_2Layers_input_size_90_node1_80_node2_30_node3_0_node4_0,0.2549052466096499
Train_W_2Layers_input_size_10_node1_30_node2_80_node3_0_node4_0,0.2549187499686871
Train_W_2Layers_input_size_80_node1_20_node2_80_node3_0_node4_0,0.2549294761532219
Test_W_2Layers_input_size_55_node1_50_node2_50_node3_0_node4_0,0.2549331586084214
Train_W_2Layers_input_size_20_node1_30_node2_20_node3_0_node4_0,0.2549554567842341
Test_W_2Layers_input_size_95_node1_30_node2_90_node3_0_node4_0,0.2549571371050948
Train_W_2Layers_input_size_25_node1_10_node2_50_node3_0_node4_0,0.25495935803393616
Test_W_2Layers_input_size_45_node1_30_node2_50_node3_0_node4_0,0.25496391672200025
Test_W_2Layers_input_size_85_node1_100_node2_20_node3_0_node4_0,0.25497677412099395
Test_W_2Layers_input_size_40_node1_90_node2_40_node3_0_node4_0,0.2549861245494162
Test_W_2Layers_input_size_100_node1_80_node2_100_node3_0_node4_0,0.25498770240039986
Train_W_2Layers_input_size_55_node1_90_node2_80_node3_0_node4_0,0.25498882734375017
Train_W_2Layers_input_size_45_node1_30_node2_20_node3_0_node4_0,0.25499562072733406
Train_W_2Layers_input_size_10_node1_90_node2_60_node3_0_node4_0,0.2550068257624416
Train_W_2Layers_input_size_15_node1_60_node2_40_node3_0_node4_0,0.2550104632755387
Train_W_2Layers_input_size_50_node1_50_node2_20_node3_0_node4_0,0.255020499036597
Train_W_2Layers_input_size_10_node1_20_node2_90_node3_0_node4_0,0.2550370783589172
Test_W_2Layers_input_size_85_node1_10_node2_70_node3_0_node4_0,0.2550400289270942
Train_W_2Layers_input_size_10_node1_20_node2_20_node3_0_node4_0,0.2550418985763897
Test_W_2Layers_input_size_85_node1_100_node2_50_node3_0_node4_0,0.25504774114210116
Train_W_2Layers_input_size_45_node1_20_node2_100_node3_0_node4_0,0.25507248292440216
Train_W_2Layers_input_size_45_node1_20_node2_60_node3_0_node4_0,0.255084210333448
Train_W_2Layers_input_size_10_node1_30_node2_10_node3_0_node4_0,0.25511620603859453
Train_W_1Layers_input_size_40_node1_40_node2_0_node3_0_node4_0,0.2551175640514038
Train_W_1Layers_input_size_65_node1_50_node2_0_node3_0_node4_0,0.2551382984029833
Train_W_2Layers_input_size_30_node1_20_node2_90_node3_0_node4_0,0.25514825613344266
Test_W_2Layers_input_size_25_node1_50_node2_80_node3_0_node4_0,0.25516552793193487
Train_W_2Layers_input_size_30_node1_10_node2_20_node3_0_node4_0,0.25517364512738167
Train_W_2Layers_input_size_55_node1_60_node2_20_node3_0_node4_0,0.25517719266948596
Train_W_2Layers_input_size_90_node1_50_node2_70_node3_0_node4_0,0.2552331876654166
Train_W_2Layers_input_size_5_node1_90_node2_60_node3_0_node4_0,0.25523826689565476
Train_W_2Layers_input_size_5_node1_60_node2_100_node3_0_node4_0,0.2552558974622498
Test_W_2Layers_input_size_65_node1_80_node2_60_node3_0_node4_0,0.2552775107586303
Train_W_2Layers_input_size_25_node1_10_node2_80_node3_0_node4_0,0.25530293067358717
Test_W_2Layers_input_size_75_node1_20_node2_20_node3_0_node4_0,0.2553187329384762
Train_W_2Layers_input_size_65_node1_60_node2_80_node3_0_node4_0,0.25532513819479463
Train_W_1Layers_input_size_15_node1_10_node2_0_node3_0_node4_0,0.25533174755051785
Train_W_2Layers_input_size_80_node1_10_node2_20_node3_0_node4_0,0.25534343387340025
Train_W_2Layers_input_size_95_node1_20_node2_50_node3_0_node4_0,0.25535128281373615
Train_W_2Layers_input_size_85_node1_60_node2_100_node3_0_node4_0,0.2553599338755292
Test_W_2Layers_input_size_40_node1_20_node2_20_node3_0_node4_0,0.25539678149010114
Train_W_2Layers_input_size_70_node1_50_node2_10_node3_0_node4_0,0.25539790463159334
Train_W_1Layers_input_size_95_node1_10_node2_0_node3_0_node4_0,0.2553981525972312
Test_W_1Layers_input_size_75_node1_50_node2_0_node3_0_node4_0,0.2554183828649898
Test_W_2Layers_input_size_30_node1_10_node2_70_node3_0_node4_0,0.25544097411087197
Train_W_1Layers_input_size_20_node1_60_node2_0_node3_0_node4_0,0.25544847005440835
Train_W_2Layers_input_size_80_node1_40_node2_70_node3_0_node4_0,0.2554568990822581
Test_W_1Layers_input_size_100_node1_10_node2_0_node3_0_node4_0,0.2554751707430899
Train_W_2Layers_input_size_10_node1_100_node2_10_node3_0_node4_0,0.25548546529325766
Train_W_2Layers_input_size_75_node1_90_node2_70_node3_0_node4_0,0.2554877982781328
Train_W_2Layers_input_size_15_node1_90_node2_70_node3_0_node4_0,0.25550455139999706
Test_W_2Layers_input_size_25_node1_40_node2_50_node3_0_node4_0,0.25552745576205993
Train_W_2Layers_input_size_85_node1_90_node2_50_node3_0_node4_0,0.25553959963549433
Train_W_2Layers_input_size_85_node1_70_node2_40_node3_0_node4_0,0.25554124695922614
Test_W_1Layers_input_size_40_node1_100_node2_0_node3_0_node4_0,0.25554299631793437
Test_W_2Layers_input_size_25_node1_70_node2_40_node3_0_node4_0,0.2555432732986317
Train_W_2Layers_input_size_25_node1_100_node2_40_node3_0_node4_0,0.2555444978412748
Test_W_2Layers_input_size_75_node1_80_node2_80_node3_0_node4_0,0.25554598477802426
Test_W_2Layers_input_size_50_node1_80_node2_100_node3_0_node4_0,0.2555547312896561
Train_W_2Layers_input_size_80_node1_50_node2_20_node3_0_node4_0,0.25559376623729874
Train_W_2Layers_input_size_90_node1_10_node2_20_node3_0_node4_0,0.2556111828210578
Train_W_2Layers_input_size_30_node1_80_node2_30_node3_0_node4_0,0.2556128296834642
Test_W_2Layers_input_size_100_node1_70_node2_90_node3_0_node4_0,0.25562591676151253
Train_W_2Layers_input_size_80_node1_60_node2_60_node3_0_node4_0,0.2556272137739581
Test_W_2Layers_input_size_35_node1_70_node2_40_node3_0_node4_0,0.25563264949610703
Test_W_2Layers_input_size_95_node1_10_node2_40_node3_0_node4_0,0.25564570641537154
Train_W_2Layers_input_size_60_node1_30_node2_90_node3_0_node4_0,0.25567253221160324
Train_W_2Layers_input_size_100_node1_90_node2_40_node3_0_node4_0,0.2556831976342799
Test_W_2Layers_input_size_40_node1_50_node2_70_node3_0_node4_0,0.25568930236863713
Train_W_2Layers_input_size_35_node1_10_node2_80_node3_0_node4_0,0.25570774681420205
Test_W_2Layers_input_size_75_node1_10_node2_60_node3_0_node4_0,0.25570904341158757
Train_W_2Layers_input_size_25_node1_20_node2_70_node3_0_node4_0,0.25572671435877253
Train_W_1Layers_input_size_80_node1_70_node2_0_node3_0_node4_0,0.25573382318352916
Train_W_2Layers_input_size_30_node1_40_node2_30_node3_0_node4_0,0.2557408589773892
Train_W_2Layers_input_size_50_node1_80_node2_60_node3_0_node4_0,0.25575149241857537
Test_W_2Layers_input_size_55_node1_50_node2_60_node3_0_node4_0,0.2557636256545599
Test_W_2Layers_input_size_25_node1_80_node2_90_node3_0_node4_0,0.2557791518612926
Train_W_2Layers_input_size_70_node1_60_node2_90_node3_0_node4_0,0.25577961792422255
Train_W_2Layers_input_size_100_node1_10_node2_10_node3_0_node4_0,0.25578780301600923
Test_W_2Layers_input_size_75_node1_60_node2_70_node3_0_node4_0,0.25579508490597547
Train_W_2Layers_input_size_95_node1_10_node2_50_node3_0_node4_0,0.2557972111787428
Test_W_2Layers_input_size_5_node1_60_node2_50_node3_0_node4_0,0.2558070267567814
Train_W_1Layers_input_size_30_node1_40_node2_0_node3_0_node4_0,0.2558390776758674
Test_W_2Layers_input_size_95_node1_80_node2_100_node3_0_node4_0,0.25583944170231737
Train_W_2Layers_input_size_25_node1_60_node2_70_node3_0_node4_0,0.2558504204966713
Train_W_2Layers_input_size_20_node1_60_node2_30_node3_0_node4_0,0.25587870983421684
Train_W_2Layers_input_size_5_node1_100_node2_60_node3_0_node4_0,0.2559406209762375
Train_W_2Layers_input_size_20_node1_40_node2_10_node3_0_node4_0,0.2559423093844613
Test_W_2Layers_input_size_60_node1_40_node2_30_node3_0_node4_0,0.25595187196913305
Test_W_2Layers_input_size_50_node1_30_node2_30_node3_0_node4_0,0.2559564711976865
Train_W_2Layers_input_size_55_node1_30_node2_40_node3_0_node4_0,0.2559618999275766
Train_W_2Layers_input_size_50_node1_30_node2_60_node3_0_node4_0,0.2559687984691449
Test_W_2Layers_input_size_60_node1_60_node2_30_node3_0_node4_0,0.25597556584509246
Train_W_2Layers_input_size_15_node1_50_node2_50_node3_0_node4_0,0.2559829006053649
Train_W_2Layers_input_size_45_node1_10_node2_60_node3_0_node4_0,0.2559990683525612
Train_W_2Layers_input_size_60_node1_90_node2_80_node3_0_node4_0,0.2560149004043881
Train_W_2Layers_input_size_25_node1_100_node2_70_node3_0_node4_0,0.2560257407207593
Train_W_1Layers_input_size_15_node1_20_node2_0_node3_0_node4_0,0.25602716666110253
Train_W_2Layers_input_size_50_node1_20_node2_80_node3_0_node4_0,0.2560555383128355
Test_W_2Layers_input_size_30_node1_90_node2_10_node3_0_node4_0,0.25607622581232486
Train_W_2Layers_input_size_40_node1_70_node2_80_node3_0_node4_0,0.2561035010789662
Test_W_2Layers_input_size_100_node1_90_node2_30_node3_0_node4_0,0.256109013966612
Test_W_1Layers_input_size_95_node1_60_node2_0_node3_0_node4_0,0.25614028535791405
Train_W_2Layers_input_size_80_node1_10_node2_40_node3_0_node4_0,0.2561413761514887
Test_W_2Layers_input_size_85_node1_10_node2_50_node3_0_node4_0,0.25615144032105597
Train_W_2Layers_input_size_60_node1_90_node2_20_node3_0_node4_0,0.2561604133873534
Train_W_2Layers_input_size_25_node1_40_node2_80_node3_0_node4_0,0.2561620712614727
Train_W_2Layers_input_size_25_node1_20_node2_100_node3_0_node4_0,0.2561762645516372
Train_W_2Layers_input_size_35_node1_10_node2_50_node3_0_node4_0,0.25618711258132354
Train_W_2Layers_input_size_40_node1_70_node2_60_node3_0_node4_0,0.25620493957878243
Test_W_2Layers_input_size_70_node1_10_node2_60_node3_0_node4_0,0.25620783307718437
Train_W_2Layers_input_size_45_node1_80_node2_50_node3_0_node4_0,0.2562437155580983
Train_W_1Layers_input_size_80_node1_40_node2_0_node3_0_node4_0,0.2562604337987158
Train_W_1Layers_input_size_10_node1_10_node2_0_node3_0_node4_0,0.25627393843323315
Train_W_2Layers_input_size_55_node1_100_node2_40_node3_0_node4_0,0.2563047536643557
Train_W_2Layers_input_size_35_node1_40_node2_10_node3_0_node4_0,0.25631529104187056
Test_W_1Layers_input_size_35_node1_40_node2_0_node3_0_node4_0,0.25632077030698047
Train_W_2Layers_input_size_30_node1_70_node2_20_node3_0_node4_0,0.2563324987380757
Train_W_2Layers_input_size_5_node1_60_node2_20_node3_0_node4_0,0.25635278605823436
Test_W_2Layers_input_size_25_node1_30_node2_10_node3_0_node4_0,0.25636008096284907
Test_W_1Layers_input_size_55_node1_40_node2_0_node3_0_node4_0,0.2563732606725591
Train_W_2Layers_input_size_10_node1_80_node2_40_node3_0_node4_0,0.256386061924953
Train_W_2Layers_input_size_80_node1_100_node2_10_node3_0_node4_0,0.2563876747502346
Train_W_2Layers_input_size_30_node1_50_node2_30_node3_0_node4_0,0.2564021751921536
Train_W_1Layers_input_size_50_node1_100_node2_0_node3_0_node4_0,0.2564262342365467
Test_W_2Layers_input_size_65_node1_90_node2_20_node3_0_node4_0,0.2564775991343631
Train_W_2Layers_input_size_50_node1_70_node2_100_node3_0_node4_0,0.2564874177229959
Test_W_2Layers_input_size_95_node1_80_node2_20_node3_0_node4_0,0.25649016279370906
Test_W_2Layers_input_size_55_node1_60_node2_40_node3_0_node4_0,0.2564914990079755
Train_W_2Layers_input_size_5_node1_10_node2_30_node3_0_node4_0,0.2565140102670486
Train_W_2Layers_input_size_85_node1_20_node2_40_node3_0_node4_0,0.25652930227296084
Train_W_2Layers_input_size_15_node1_30_node2_60_node3_0_node4_0,0.25655417706444505
Train_W_2Layers_input_size_10_node1_10_node2_20_node3_0_node4_0,0.25658842859498315
Train_W_2Layers_input_size_15_node1_90_node2_40_node3_0_node4_0,0.2566065325802271
Train_W_2Layers_input_size_30_node1_60_node2_10_node3_0_node4_0,0.2566124411425722
Train_W_2Layers_input_size_95_node1_30_node2_40_node3_0_node4_0,0.25665054592425285
Train_W_2Layers_input_size_45_node1_30_node2_10_node3_0_node4_0,0.2566604159546675
Train_W_2Layers_input_size_50_node1_40_node2_100_node3_0_node4_0,0.25666292694595805
Train_W_2Layers_input_size_5_node1_30_node2_20_node3_0_node4_0,0.2566640880896935
Train_W_2Layers_input_size_10_node1_20_node2_100_node3_0_node4_0,0.2566814175357201
Train_W_2Layers_input_size_20_node1_30_node2_100_node3_0_node4_0,0.2566988473979647
Train_W_2Layers_input_size_15_node1_100_node2_80_node3_0_node4_0,0.2567093976221703
Train_W_2Layers_input_size_60_node1_80_node2_40_node3_0_node4_0,0.25671925087878167
Train_W_2Layers_input_size_55_node1_70_node2_80_node3_0_node4_0,0.25673294903429583
Test_W_2Layers_input_size_100_node1_90_node2_80_node3_0_node4_0,0.25673567696952165
Train_W_2Layers_input_size_70_node1_10_node2_70_node3_0_node4_0,0.2567511734132409
Train_W_2Layers_input_size_40_node1_80_node2_90_node3_0_node4_0,0.2567520729908
Train_W_2Layers_input_size_60_node1_20_node2_20_node3_0_node4_0,0.2567685259985538
Train_W_2Layers_input_size_70_node1_100_node2_60_node3_0_node4_0,0.25678140909933506
Train_W_2Layers_input_size_45_node1_80_node2_80_node3_0_node4_0,0.2567880680162808
Train_W_2Layers_input_size_5_node1_80_node2_70_node3_0_node4_0,0.25679176733997194
Train_W_2Layers_input_size_40_node1_80_node2_10_node3_0_node4_0,0.25679938342682923
Train_W_2Layers_input_size_20_node1_20_node2_10_node3_0_node4_0,0.2568006600059513
Train_W_2Layers_input_size_5_node1_10_node2_40_node3_0_node4_0,0.25680856595121104
Test_W_2Layers_input_size_45_node1_80_node2_20_node3_0_node4_0,0.2568093782914303
Test_W_2Layers_input_size_70_node1_20_node2_60_node3_0_node4_0,0.25682060573056237
Train_W_2Layers_input_size_10_node1_70_node2_80_node3_0_node4_0,0.2568249283088206
Train_W_2Layers_input_size_25_node1_10_node2_100_node3_0_node4_0,0.2568568957230202
Test_W_2Layers_input_size_75_node1_70_node2_100_node3_0_node4_0,0.256863306132056
Train_W_2Layers_input_size_25_node1_30_node2_60_node3_0_node4_0,0.2568897292515563
Train_W_2Layers_input_size_60_node1_70_node2_20_node3_0_node4_0,0.25689748744500646
Train_W_1Layers_input_size_35_node1_10_node2_0_node3_0_node4_0,0.25690053265317025
Train_W_2Layers_input_size_30_node1_20_node2_20_node3_0_node4_0,0.25690475238196026
Test_W_2Layers_input_size_85_node1_40_node2_90_node3_0_node4_0,0.2569275609188615
Train_W_2Layers_input_size_55_node1_10_node2_10_node3_0_node4_0,0.2569281553927474
Train_W_2Layers_input_size_65_node1_60_node2_50_node3_0_node4_0,0.2569353614668024
Train_W_2Layers_input_size_75_node1_50_node2_40_node3_0_node4_0,0.25696869236712233
Train_W_2Layers_input_size_40_node1_30_node2_20_node3_0_node4_0,0.2570004099747991
Train_W_2Layers_input_size_30_node1_80_node2_80_node3_0_node4_0,0.2570122813266395
Train_W_2Layers_input_size_90_node1_50_node2_20_node3_0_node4_0,0.25702867419682734
Test_W_1Layers_input_size_45_node1_50_node2_0_node3_0_node4_0,0.2570311236163817
Train_W_2Layers_input_size_5_node1_50_node2_10_node3_0_node4_0,0.25703173234424725
Train_W_2Layers_input_size_70_node1_20_node2_30_node3_0_node4_0,0.2570469935503104
Train_W_2Layers_input_size_55_node1_40_node2_60_node3_0_node4_0,0.2570577178823757
Train_W_1Layers_input_size_40_node1_50_node2_0_node3_0_node4_0,0.2570686881213014
Test_W_2Layers_input_size_70_node1_60_node2_30_node3_0_node4_0,0.2570717602839594
Test_W_2Layers_input_size_50_node1_10_node2_60_node3_0_node4_0,0.2570787159882747
Train_W_2Layers_input_size_35_node1_90_node2_90_node3_0_node4_0,0.25710020502754416
Train_W_2Layers_input_size_65_node1_80_node2_30_node3_0_node4_0,0.25711481017328996
Test_W_2Layers_input_size_40_node1_40_node2_70_node3_0_node4_0,0.2571224601566384
Train_W_2Layers_input_size_25_node1_50_node2_70_node3_0_node4_0,0.25713431138595716
Train_W_2Layers_input_size_60_node1_20_node2_40_node3_0_node4_0,0.2571351806477795
Train_W_2Layers_input_size_5_node1_60_node2_70_node3_0_node4_0,0.25714929125367547
Test_W_1Layers_input_size_95_node1_30_node2_0_node3_0_node4_0,0.25715895381947285
Test_W_2Layers_input_size_85_node1_90_node2_30_node3_0_node4_0,0.2571970066014647
Train_W_2Layers_input_size_15_node1_80_node2_80_node3_0_node4_0,0.25720775364587434
Test_W_2Layers_input_size_95_node1_40_node2_50_node3_0_node4_0,0.2572240616453075
Train_W_2Layers_input_size_50_node1_50_node2_80_node3_0_node4_0,0.2572374432810676
Test_W_2Layers_input_size_55_node1_80_node2_60_node3_0_node4_0,0.2572506938902725
Train_W_2Layers_input_size_75_node1_80_node2_70_node3_0_node4_0,0.25726298810741016
Test_W_2Layers_input_size_90_node1_60_node2_100_node3_0_node4_0,0.25729886822268117
Train_W_2Layers_input_size_95_node1_100_node2_50_node3_0_node4_0,0.2573162273056411
Test_W_1Layers_input_size_70_node1_10_node2_0_node3_0_node4_0,0.2573282433327205
Test_W_2Layers_input_size_75_node1_90_node2_10_node3_0_node4_0,0.25734351590672255
Train_W_2Layers_input_size_60_node1_30_node2_60_node3_0_node4_0,0.2573539528506293
Train_W_1Layers_input_size_80_node1_100_node2_0_node3_0_node4_0,0.25736136412661004
Train_W_2Layers_input_size_100_node1_100_node2_60_node3_0_node4_0,0.2573935688531042
Train_W_2Layers_input_size_50_node1_10_node2_50_node3_0_node4_0,0.2573989238550903
Train_W_1Layers_input_size_65_node1_80_node2_0_node3_0_node4_0,0.25740063164310417
Train_W_2Layers_input_size_20_node1_90_node2_40_node3_0_node4_0,0.2574036853713928
Train_W_2Layers_input_size_55_node1_40_node2_20_node3_0_node4_0,0.2574149881926481
Test_W_2Layers_input_size_70_node1_10_node2_20_node3_0_node4_0,0.25741843248765856
Train_W_1Layers_input_size_50_node1_60_node2_0_node3_0_node4_0,0.25743919858397596
Train_W_2Layers_input_size_70_node1_20_node2_10_node3_0_node4_0,0.2574659966730079
Test_W_2Layers_input_size_75_node1_20_node2_40_node3_0_node4_0,0.2574710897308578
Test_W_2Layers_input_size_25_node1_30_node2_100_node3_0_node4_0,0.2575024850503209
Train_W_2Layers_input_size_70_node1_40_node2_40_node3_0_node4_0,0.25751865865641294
Test_W_2Layers_input_size_45_node1_30_node2_70_node3_0_node4_0,0.2575743181886251
Train_W_2Layers_input_size_15_node1_40_node2_20_node3_0_node4_0,0.2575776157252629
Train_W_1Layers_input_size_45_node1_70_node2_0_node3_0_node4_0,0.2575807541310117
Train_W_2Layers_input_size_65_node1_90_node2_70_node3_0_node4_0,0.2576033292778114
Test_W_2Layers_input_size_50_node1_60_node2_60_node3_0_node4_0,0.25760403788268105
Train_W_1Layers_input_size_55_node1_80_node2_0_node3_0_node4_0,0.2576121505464691
Train_W_2Layers_input_size_15_node1_100_node2_10_node3_0_node4_0,0.25761734193879676
Train_W_2Layers_input_size_30_node1_30_node2_40_node3_0_node4_0,0.25761939532973
Train_W_2Layers_input_size_100_node1_70_node2_50_node3_0_node4_0,0.2576271893900126
Train_W_2Layers_input_size_65_node1_90_node2_40_node3_0_node4_0,0.25766465253760373
Train_W_2Layers_input_size_40_node1_40_node2_90_node3_0_node4_0,0.2576725319737232
Test_W_1Layers_input_size_50_node1_90_node2_0_node3_0_node4_0,0.2576725608886413
Train_W_1Layers_input_size_85_node1_40_node2_0_node3_0_node4_0,0.257681524356871
Train_W_2Layers_input_size_100_node1_100_node2_70_node3_0_node4_0,0.2576974120610385
Train_W_2Layers_input_size_90_node1_70_node2_70_node3_0_node4_0,0.25772418330110625
Train_W_2Layers_input_size_30_node1_80_node2_20_node3_0_node4_0,0.2577397648483945
Train_W_1Layers_input_size_30_node1_20_node2_0_node3_0_node4_0,0.25775627043225807
Train_W_2Layers_input_size_40_node1_70_node2_70_node3_0_node4_0,0.2577668351855291
Train_W_2Layers_input_size_20_node1_30_node2_60_node3_0_node4_0,0.25777817988986634
Train_W_2Layers_input_size_45_node1_20_node2_30_node3_0_node4_0,0.25779672054205455
Test_W_2Layers_input_size_5_node1_70_node2_50_node3_0_node4_0,0.2577981800379484
Test_W_2Layers_input_size_45_node1_50_node2_30_node3_0_node4_0,0.2578028474792535
Train_W_2Layers_input_size_65_node1_50_node2_10_node3_0_node4_0,0.2578213430101847
Train_W_1Layers_input_size_60_node1_50_node2_0_node3_0_node4_0,0.2578216319923277
Train_W_2Layers_input_size_80_node1_20_node2_100_node3_0_node4_0,0.25783183285445704
Test_W_2Layers_input_size_20_node1_100_node2_60_node3_0_node4_0,0.25787118763955524
Test_W_2Layers_input_size_35_node1_50_node2_40_node3_0_node4_0,0.2578817765764232
Test_W_2Layers_input_size_35_node1_20_node2_80_node3_0_node4_0,0.2579273921547251
Train_W_2Layers_input_size_60_node1_100_node2_30_node3_0_node4_0,0.2579351191372681
Train_W_2Layers_input_size_10_node1_50_node2_10_node3_0_node4_0,0.2579581109573161
Test_W_2Layers_input_size_40_node1_60_node2_80_node3_0_node4_0,0.25797250868556154
Test_W_2Layers_input_size_65_node1_20_node2_10_node3_0_node4_0,0.25797744734004613
Test_W_2Layers_input_size_70_node1_30_node2_100_node3_0_node4_0,0.2580128960177218
Train_W_2Layers_input_size_60_node1_20_node2_100_node3_0_node4_0,0.258050736257807
Train_W_2Layers_input_size_10_node1_40_node2_100_node3_0_node4_0,0.25809601886609723
Train_W_2Layers_input_size_20_node1_100_node2_30_node3_0_node4_0,0.2581084027161475
Test_W_1Layers_input_size_5_node1_60_node2_0_node3_0_node4_0,0.25812729488119296
Train_W_2Layers_input_size_45_node1_50_node2_40_node3_0_node4_0,0.258147874077269
Test_W_2Layers_input_size_75_node1_100_node2_70_node3_0_node4_0,0.2581819286100836
Train_W_1Layers_input_size_5_node1_70_node2_0_node3_0_node4_0,0.25818331378413983
Train_W_2Layers_input_size_20_node1_10_node2_10_node3_0_node4_0,0.25823089577230735
Test_W_2Layers_input_size_55_node1_60_node2_10_node3_0_node4_0,0.2582396379009427
Train_W_1Layers_input_size_10_node1_30_node2_0_node3_0_node4_0,0.258244614723165
Train_W_1Layers_input_size_65_node1_40_node2_0_node3_0_node4_0,0.2582871085516164
Test_W_2Layers_input_size_55_node1_20_node2_20_node3_0_node4_0,0.2583138186764695
Train_W_2Layers_input_size_10_node1_60_node2_50_node3_0_node4_0,0.25834901932551835
Train_W_1Layers_input_size_55_node1_90_node2_0_node3_0_node4_0,0.2583565462486458
Test_W_2Layers_input_size_15_node1_90_node2_20_node3_0_node4_0,0.25836188129124144
Train_W_2Layers_input_size_100_node1_20_node2_60_node3_0_node4_0,0.2584335764595189
Test_W_2Layers_input_size_90_node1_100_node2_40_node3_0_node4_0,0.25843598373411103
Train_W_2Layers_input_size_25_node1_50_node2_80_node3_0_node4_0,0.2584379873767026
Test_W_2Layers_input_size_70_node1_30_node2_70_node3_0_node4_0,0.25846305321840246
Test_W_1Layers_input_size_90_node1_50_node2_0_node3_0_node4_0,0.25847959908956836
Train_W_2Layers_input_size_30_node1_60_node2_100_node3_0_node4_0,0.25849414070985494
Train_W_1Layers_input_size_15_node1_80_node2_0_node3_0_node4_0,0.2585275300167651
Train_W_1Layers_input_size_100_node1_20_node2_0_node3_0_node4_0,0.2585307145290116
Train_W_2Layers_input_size_25_node1_80_node2_70_node3_0_node4_0,0.2585349652874005
Train_W_1Layers_input_size_35_node1_60_node2_0_node3_0_node4_0,0.25857608596539045
Train_W_2Layers_input_size_75_node1_40_node2_20_node3_0_node4_0,0.25857669105618564
Train_W_2Layers_input_size_35_node1_70_node2_30_node3_0_node4_0,0.2585983005134826
Test_W_2Layers_input_size_25_node1_100_node2_10_node3_0_node4_0,0.2586133396300443
Test_W_2Layers_input_size_10_node1_100_node2_30_node3_0_node4_0,0.2586506023318115
Train_W_2Layers_input_size_5_node1_10_node2_60_node3_0_node4_0,0.25866232593714683
Train_W_2Layers_input_size_20_node1_60_node2_40_node3_0_node4_0,0.2586624987627351
Test_W_2Layers_input_size_50_node1_50_node2_30_node3_0_node4_0,0.2586727672758529
Train_W_1Layers_input_size_10_node1_60_node2_0_node3_0_node4_0,0.25868587235968404
Test_W_1Layers_input_size_30_node1_10_node2_0_node3_0_node4_0,0.2586971191604904
Train_W_2Layers_input_size_50_node1_20_node2_60_node3_0_node4_0,0.25873435539827444
Test_W_2Layers_input_size_30_node1_30_node2_90_node3_0_node4_0,0.25875426724273776
Test_W_2Layers_input_size_45_node1_60_node2_10_node3_0_node4_0,0.2587812170602874
Train_W_1Layers_input_size_40_node1_10_node2_0_node3_0_node4_0,0.2588876644363312
Test_W_2Layers_input_size_75_node1_70_node2_30_node3_0_node4_0,0.25889401017277647
Test_W_2Layers_input_size_5_node1_50_node2_40_node3_0_node4_0,0.25889562176361447
Train_W_2Layers_input_size_25_node1_60_node2_20_node3_0_node4_0,0.2589020680266497
Train_W_2Layers_input_size_85_node1_10_node2_30_node3_0_node4_0,0.25890664362488996
Train_W_2Layers_input_size_60_node1_80_node2_50_node3_0_node4_0,0.2589152766089014
Train_W_1Layers_input_size_70_node1_20_node2_0_node3_0_node4_0,0.258944382032149
Train_W_2Layers_input_size_75_node1_30_node2_50_node3_0_node4_0,0.25895429410620474
Test_W_2Layers_input_size_55_node1_50_node2_20_node3_0_node4_0,0.25896377424005884
Train_W_2Layers_input_size_40_node1_60_node2_60_node3_0_node4_0,0.25899183858067953
Train_W_2Layers_input_size_60_node1_60_node2_100_node3_0_node4_0,0.2589926728405176
Test_W_2Layers_input_size_95_node1_30_node2_50_node3_0_node4_0,0.2590023241684443
Train_W_2Layers_input_size_95_node1_40_node2_20_node3_0_node4_0,0.25900439534544945
Test_W_2Layers_input_size_55_node1_70_node2_90_node3_0_node4_0,0.2590297227746134
Train_W_2Layers_input_size_50_node1_20_node2_50_node3_0_node4_0,0.25906046904537416
Train_W_2Layers_input_size_10_node1_10_node2_10_node3_0_node4_0,0.2590672131789533
Train_W_2Layers_input_size_45_node1_50_node2_80_node3_0_node4_0,0.25907729310247873
Test_W_2Layers_input_size_40_node1_70_node2_30_node3_0_node4_0,0.25909273576244624
Test_W_2Layers_input_size_20_node1_10_node2_70_node3_0_node4_0,0.25909331089029036
Train_W_2Layers_input_size_65_node1_20_node2_100_node3_0_node4_0,0.2591095145926243
Train_W_2Layers_input_size_40_node1_20_node2_20_node3_0_node4_0,0.25913135276216986
Train_W_2Layers_input_size_85_node1_30_node2_10_node3_0_node4_0,0.25917305438386873
Train_W_2Layers_input_size_70_node1_60_node2_20_node3_0_node4_0,0.25917845885985247
Train_W_2Layers_input_size_5_node1_40_node2_80_node3_0_node4_0,0.25918611979893214
Train_W_2Layers_input_size_5_node1_90_node2_10_node3_0_node4_0,0.25921283788762484
Test_W_1Layers_input_size_25_node1_90_node2_0_node3_0_node4_0,0.2592214463032209
Train_W_2Layers_input_size_65_node1_50_node2_60_node3_0_node4_0,0.259222409163316
Train_W_2Layers_input_size_100_node1_50_node2_90_node3_0_node4_0,0.2592232857940236
Train_W_2Layers_input_size_40_node1_50_node2_80_node3_0_node4_0,0.25922565699337813
Train_W_2Layers_input_size_25_node1_80_node2_100_node3_0_node4_0,0.25923094540835245
Train_W_2Layers_input_size_50_node1_20_node2_30_node3_0_node4_0,0.25924484135416354
Train_W_2Layers_input_size_75_node1_60_node2_80_node3_0_node4_0,0.2592522273138116
Test_W_2Layers_input_size_60_node1_80_node2_20_node3_0_node4_0,0.2592700016110052
Train_W_2Layers_input_size_30_node1_10_node2_70_node3_0_node4_0,0.25927550464272414
Test_W_1Layers_input_size_40_node1_30_node2_0_node3_0_node4_0,0.2592790535333441
Train_W_2Layers_input_size_25_node1_60_node2_80_node3_0_node4_0,0.25928492992962554
Train_W_1Layers_input_size_55_node1_30_node2_0_node3_0_node4_0,0.25929577720618885
Test_W_2Layers_input_size_90_node1_90_node2_10_node3_0_node4_0,0.25929944075337635
Train_W_1Layers_input_size_60_node1_60_node2_0_node3_0_node4_0,0.2593062074044408
Test_W_2Layers_input_size_75_node1_30_node2_30_node3_0_node4_0,0.2593105891118929
Test_W_2Layers_input_size_50_node1_40_node2_20_node3_0_node4_0,0.2593196683487278
Train_W_2Layers_input_size_15_node1_20_node2_40_node3_0_node4_0,0.2593329562156464
Train_W_1Layers_input_size_5_node1_50_node2_0_node3_0_node4_0,0.25937020170989994
Train_W_2Layers_input_size_30_node1_100_node2_30_node3_0_node4_0,0.25937303117211663
Test_W_2Layers_input_size_55_node1_70_node2_30_node3_0_node4_0,0.25937665054071884
Train_W_2Layers_input_size_90_node1_30_node2_30_node3_0_node4_0,0.2593849231935928
Train_W_1Layers_input_size_90_node1_70_node2_0_node3_0_node4_0,0.25940218576184654
Train_W_2Layers_input_size_20_node1_10_node2_80_node3_0_node4_0,0.2594492857619412
Test_W_2Layers_input_size_25_node1_50_node2_90_node3_0_node4_0,0.2594494006295374
Test_W_2Layers_input_size_35_node1_30_node2_10_node3_0_node4_0,0.25945541674880546
Test_W_2Layers_input_size_80_node1_50_node2_70_node3_0_node4_0,0.25948507891555067
Test_W_2Layers_input_size_30_node1_20_node2_70_node3_0_node4_0,0.25950954119096803
Test_W_2Layers_input_size_50_node1_40_node2_10_node3_0_node4_0,0.2595111058942021
Train_W_2Layers_input_size_5_node1_50_node2_30_node3_0_node4_0,0.25951205332460225
Train_W_2Layers_input_size_75_node1_100_node2_100_node3_0_node4_0,0.25952531698703835
Test_W_2Layers_input_size_25_node1_60_node2_40_node3_0_node4_0,0.2595312165151778
Train_W_2Layers_input_size_85_node1_100_node2_90_node3_0_node4_0,0.2595723515897617
Train_W_2Layers_input_size_35_node1_10_node2_30_node3_0_node4_0,0.25958380395000613
Train_W_2Layers_input_size_55_node1_50_node2_50_node3_0_node4_0,0.2595960020236494
Train_W_2Layers_input_size_25_node1_80_node2_90_node3_0_node4_0,0.2596090031040592
Train_W_2Layers_input_size_25_node1_70_node2_40_node3_0_node4_0,0.25965609428280806
Test_W_2Layers_input_size_95_node1_80_node2_40_node3_0_node4_0,0.25967741307431713
Train_W_1Layers_input_size_20_node1_80_node2_0_node3_0_node4_0,0.25968830133766635
Train_W_2Layers_input_size_80_node1_100_node2_60_node3_0_node4_0,0.2596922749379888
Train_W_2Layers_input_size_75_node1_30_node2_40_node3_0_node4_0,0.2597295836492265
Train_W_2Layers_input_size_55_node1_10_node2_70_node3_0_node4_0,0.2597845543869546
Test_W_2Layers_input_size_30_node1_30_node2_30_node3_0_node4_0,0.25978891368672763
Test_W_1Layers_input_size_55_node1_100_node2_0_node3_0_node4_0,0.2598053894584096
Test_W_2Layers_input_size_80_node1_60_node2_70_node3_0_node4_0,0.25981098151938975
Test_W_2Layers_input_size_25_node1_40_node2_90_node3_0_node4_0,0.25981650176922655
Train_W_2Layers_input_size_100_node1_20_node2_70_node3_0_node4_0,0.2598682286975309
Test_W_2Layers_input_size_15_node1_40_node2_10_node3_0_node4_0,0.25989317093111713
Train_W_2Layers_input_size_20_node1_100_node2_20_node3_0_node4_0,0.25989317093111713
Train_W_2Layers_input_size_80_node1_100_node2_30_node3_0_node4_0,0.2599180391084207
Train_W_2Layers_input_size_65_node1_20_node2_30_node3_0_node4_0,0.25997682461245486
Train_W_1Layers_input_size_100_node1_10_node2_0_node3_0_node4_0,0.2600010973421195
Train_W_2Layers_input_size_80_node1_80_node2_90_node3_0_node4_0,0.26003482321764415
Train_W_2Layers_input_size_95_node1_50_node2_90_node3_0_node4_0,0.26003725864678107
Train_W_2Layers_input_size_90_node1_100_node2_50_node3_0_node4_0,0.26004785966082217
Train_W_2Layers_input_size_55_node1_30_node2_30_node3_0_node4_0,0.26004790263702654
Train_W_2Layers_input_size_55_node1_50_node2_60_node3_0_node4_0,0.26007751155378717
Test_W_2Layers_input_size_80_node1_30_node2_70_node3_0_node4_0,0.26010783320602626
Train_W_2Layers_input_size_95_node1_30_node2_20_node3_0_node4_0,0.2601427338213556
Train_W_2Layers_input_size_30_node1_90_node2_80_node3_0_node4_0,0.26014996541081864
Train_W_2Layers_input_size_90_node1_40_node2_80_node3_0_node4_0,0.26015925878211127
Test_W_2Layers_input_size_55_node1_100_node2_70_node3_0_node4_0,0.26019506880825094
Train_W_2Layers_input_size_5_node1_60_node2_50_node3_0_node4_0,0.26020496187298753
Train_W_1Layers_input_size_70_node1_40_node2_0_node3_0_node4_0,0.26020952887727483
Train_W_2Layers_input_size_40_node1_50_node2_70_node3_0_node4_0,0.26025400644840796
Train_W_2Layers_input_size_75_node1_90_node2_90_node3_0_node4_0,0.26026757581929766
Train_W_2Layers_input_size_95_node1_20_node2_40_node3_0_node4_0,0.26032339174031566
Test_W_2Layers_input_size_60_node1_20_node2_90_node3_0_node4_0,0.26035724756740336
Test_W_2Layers_input_size_90_node1_90_node2_30_node3_0_node4_0,0.26036624738254693
Test_W_2Layers_input_size_100_node1_80_node2_80_node3_0_node4_0,0.2603763342460111
Train_W_2Layers_input_size_50_node1_80_node2_100_node3_0_node4_0,0.260389367897989
Train_W_2Layers_input_size_40_node1_10_node2_90_node3_0_node4_0,0.26039753684671274
Test_W_2Layers_input_size_45_node1_100_node2_40_node3_0_node4_0,0.26042106942587623
Test_W_1Layers_input_size_60_node1_80_node2_0_node3_0_node4_0,0.2604340150140862
Train_W_2Layers_input_size_90_node1_90_node2_20_node3_0_node4_0,0.2604783112362063
Train_W_1Layers_input_size_30_node1_70_node2_0_node3_0_node4_0,0.26051647975527215
Train_W_2Layers_input_size_10_node1_50_node2_30_node3_0_node4_0,0.2605767600379507
Train_W_2Layers_input_size_75_node1_80_node2_100_node3_0_node4_0,0.26061702967652994
Train_W_2Layers_input_size_35_node1_100_node2_80_node3_0_node4_0,0.2606413857136937
Test_W_1Layers_input_size_50_node1_10_node2_0_node3_0_node4_0,0.26065099028569905
Train_W_2Layers_input_size_95_node1_80_node2_10_node3_0_node4_0,0.2606648962784141
Train_W_2Layers_input_size_45_node1_40_node2_10_node3_0_node4_0,0.2606729708463723
Train_W_2Layers_input_size_20_node1_100_node2_60_node3_0_node4_0,0.26069039105348957
Test_W_2Layers_input_size_45_node1_90_node2_10_node3_0_node4_0,0.26071579760329566
Test_W_2Layers_input_size_100_node1_80_node2_60_node3_0_node4_0,0.2607272711784135
Test_W_2Layers_input_size_50_node1_30_node2_80_node3_0_node4_0,0.2607298715947419
Train_W_2Layers_input_size_85_node1_10_node2_50_node3_0_node4_0,0.26073140039882897
Test_W_2Layers_input_size_70_node1_50_node2_50_node3_0_node4_0,0.26077811747247204
Train_W_2Layers_input_size_40_node1_90_node2_40_node3_0_node4_0,0.26079060251460007
Train_W_1Layers_input_size_5_node1_10_node2_0_node3_0_node4_0,0.260845235399674
Train_W_2Layers_input_size_85_node1_100_node2_20_node3_0_node4_0,0.26086380083385924
Train_W_2Layers_input_size_100_node1_10_node2_90_node3_0_node4_0,0.2609088236647229
Test_W_2Layers_input_size_95_node1_20_node2_60_node3_0_node4_0,0.2609337378133596
Test_W_2Layers_input_size_50_node1_70_node2_50_node3_0_node4_0,0.26093398051829364
Test_W_2Layers_input_size_40_node1_40_node2_100_node3_0_node4_0,0.26094968447533684
Train_W_2Layers_input_size_5_node1_20_node2_10_node3_0_node4_0,0.26095739334477613
Test_W_2Layers_input_size_60_node1_80_node2_30_node3_0_node4_0,0.2610153453315029
Train_W_2Layers_input_size_35_node1_70_node2_40_node3_0_node4_0,0.26101764316229625
Train_W_2Layers_input_size_25_node1_30_node2_100_node3_0_node4_0,0.2610249646869932
Train_W_1Layers_input_size_85_node1_30_node2_0_node3_0_node4_0,0.26102624914383565
Test_W_2Layers_input_size_60_node1_40_node2_10_node3_0_node4_0,0.2610337702253759
Train_W_1Layers_input_size_80_node1_60_node2_0_node3_0_node4_0,0.26116198060843065
Train_W_2Layers_input_size_25_node1_30_node2_50_node3_0_node4_0,0.2611822921679192
Train_W_2Layers_input_size_85_node1_100_node2_50_node3_0_node4_0,0.261194743628101
Train_W_2Layers_input_size_70_node1_10_node2_60_node3_0_node4_0,0.2612225112416073
Train_W_2Layers_input_size_95_node1_30_node2_90_node3_0_node4_0,0.26122814426992247
Train_W_2Layers_input_size_10_node1_100_node2_80_node3_0_node4_0,0.26123198036398226
Train_W_2Layers_input_size_40_node1_10_node2_100_node3_0_node4_0,0.2612434883081868
Test_W_2Layers_input_size_80_node1_30_node2_40_node3_0_node4_0,0.26124907810559583
Train_W_2Layers_input_size_85_node1_50_node2_20_node3_0_node4_0,0.26128046145649225
Train_W_2Layers_input_size_100_node1_70_node2_80_node3_0_node4_0,0.26128271418264903
Test_W_2Layers_input_size_90_node1_70_node2_40_node3_0_node4_0,0.2613402376660748
Train_W_2Layers_input_size_100_node1_80_node2_40_node3_0_node4_0,0.26134475632277315
Test_W_2Layers_input_size_80_node1_100_node2_20_node3_0_node4_0,0.26136585185653677
Test_W_2Layers_input_size_35_node1_30_node2_40_node3_0_node4_0,0.2613765842685274
Train_W_2Layers_input_size_50_node1_80_node2_30_node3_0_node4_0,0.26137922098225985
Train_W_1Layers_input_size_25_node1_10_node2_0_node3_0_node4_0,0.26139616657790293
Train_W_2Layers_input_size_45_node1_60_node2_10_node3_0_node4_0,0.2614071115090812
Train_W_2Layers_input_size_25_node1_70_node2_50_node3_0_node4_0,0.2614295699849999
Train_W_2Layers_input_size_100_node1_30_node2_30_node3_0_node4_0,0.26146321133829
Train_W_2Layers_input_size_75_node1_70_node2_10_node3_0_node4_0,0.2614700929623876
Train_W_2Layers_input_size_20_node1_10_node2_70_node3_0_node4_0,0.2614878732146953
Train_W_2Layers_input_size_30_node1_70_node2_50_node3_0_node4_0,0.26151472651223634
Test_W_2Layers_input_size_50_node1_60_node2_90_node3_0_node4_0,0.26154143461675244
Train_W_1Layers_input_size_40_node1_100_node2_0_node3_0_node4_0,0.26156012154595004
Train_W_2Layers_input_size_5_node1_70_node2_50_node3_0_node4_0,0.2615637248932336
Train_W_2Layers_input_size_40_node1_30_node2_70_node3_0_node4_0,0.261572512294873
Train_W_2Layers_input_size_10_node1_100_node2_30_node3_0_node4_0,0.26157312469597704
Test_W_2Layers_input_size_35_node1_70_node2_20_node3_0_node4_0,0.26159000076689576
Test_W_1Layers_input_size_15_node1_30_node2_0_node3_0_node4_0,0.2616031448341466
Train_W_2Layers_input_size_80_node1_50_node2_30_node3_0_node4_0,0.2616305700894778
Test_W_2Layers_input_size_40_node1_20_node2_30_node3_0_node4_0,0.2616501333901539
Train_W_2Layers_input_size_95_node1_80_node2_100_node3_0_node4_0,0.26166802953913887
Train_W_2Layers_input_size_65_node1_30_node2_100_node3_0_node4_0,0.2616696382817523
Train_W_2Layers_input_size_70_node1_20_node2_60_node3_0_node4_0,0.2617204865355315
Test_W_2Layers_input_size_45_node1_10_node2_20_node3_0_node4_0,0.2618060180014639
Train_W_2Layers_input_size_45_node1_30_node2_70_node3_0_node4_0,0.2618279869651533
Train_W_2Layers_input_size_50_node1_10_node2_60_node3_0_node4_0,0.2618282003851637
Test_W_2Layers_input_size_15_node1_80_node2_70_node3_0_node4_0,0.26187214697328415
Test_W_2Layers_input_size_15_node1_20_node2_90_node3_0_node4_0,0.2618793450315992
Test_W_2Layers_input_size_100_node1_50_node2_40_node3_0_node4_0,0.2618859596735895
Train_W_2Layers_input_size_70_node1_70_node2_20_node3_0_node4_0,0.26196941783555516
Test_W_2Layers_input_size_50_node1_40_node2_50_node3_0_node4_0,0.26199768631674286
Test_W_2Layers_input_size_40_node1_40_node2_40_node3_0_node4_0,0.2620050657652561
Test_W_2Layers_input_size_90_node1_30_node2_100_node3_0_node4_0,0.2620483287552367
Test_W_2Layers_input_size_55_node1_40_node2_30_node3_0_node4_0,0.2620485419957943
Test_W_2Layers_input_size_45_node1_80_node2_10_node3_0_node4_0,0.26207884882217075
Test_W_2Layers_input_size_10_node1_80_node2_50_node3_0_node4_0,0.26208338317254043
Train_W_1Layers_input_size_25_node1_20_node2_0_node3_0_node4_0,0.26209137139833527
Train_W_2Layers_input_size_55_node1_20_node2_40_node3_0_node4_0,0.2620960334531904
Train_W_2Layers_input_size_25_node1_100_node2_10_node3_0_node4_0,0.26209982841832474
Test_W_2Layers_input_size_65_node1_50_node2_40_node3_0_node4_0,0.2621010365417619
Test_W_2Layers_input_size_55_node1_80_node2_40_node3_0_node4_0,0.26214795006411257
Test_W_2Layers_input_size_65_node1_50_node2_70_node3_0_node4_0,0.2621993591209104
Train_W_2Layers_input_size_95_node1_80_node2_20_node3_0_node4_0,0.2622170046822241
Train_W_2Layers_input_size_15_node1_40_node2_10_node3_0_node4_0,0.26222018700811583
Test_W_2Layers_input_size_95_node1_40_node2_30_node3_0_node4_0,0.262221209890379
Test_W_1Layers_input_size_100_node1_40_node2_0_node3_0_node4_0,0.2622361832934642
Test_W_2Layers_input_size_70_node1_100_node2_70_node3_0_node4_0,0.2622402319320845
Train_W_1Layers_input_size_90_node1_100_node2_0_node3_0_node4_0,0.262274621531361
Train_W_2Layers_input_size_100_node1_90_node2_80_node3_0_node4_0,0.262275459552879
Test_W_1Layers_input_size_95_node1_90_node2_0_node3_0_node4_0,0.2622773202351512
Train_W_2Layers_input_size_90_node1_80_node2_20_node3_0_node4_0,0.2622831436592462
Train_W_2Layers_input_size_50_node1_60_node2_60_node3_0_node4_0,0.26230518627900445
Train_W_2Layers_input_size_75_node1_80_node2_80_node3_0_node4_0,0.2623350658422148
Test_W_2Layers_input_size_50_node1_90_node2_20_node3_0_node4_0,0.26235744488285423
Train_W_2Layers_input_size_55_node1_20_node2_20_node3_0_node4_0,0.26238787220387894
Train_W_2Layers_input_size_25_node1_60_node2_40_node3_0_node4_0,0.26243474864584937
Train_W_2Layers_input_size_65_node1_90_node2_20_node3_0_node4_0,0.262460071501543
Train_W_2Layers_input_size_40_node1_100_node2_20_node3_0_node4_0,0.2624855054532055
Train_W_2Layers_input_size_70_node1_10_node2_20_node3_0_node4_0,0.26249793767118945
Train_W_2Layers_input_size_30_node1_20_node2_70_node3_0_node4_0,0.26249803701302576
Train_W_1Layers_input_size_45_node1_10_node2_0_node3_0_node4_0,0.2625136332150539
Train_W_2Layers_input_size_5_node1_10_node2_20_node3_0_node4_0,0.2625171099490738
Test_W_2Layers_input_size_90_node1_20_node2_100_node3_0_node4_0,0.2625225449144944
Test_W_2Layers_input_size_15_node1_30_node2_10_node3_0_node4_0,0.26253514565473474
Train_W_2Layers_input_size_30_node1_30_node2_90_node3_0_node4_0,0.2625467809363548
Train_W_2Layers_input_size_30_node1_60_node2_90_node3_0_node4_0,0.2625988637854581
Train_W_2Layers_input_size_25_node1_40_node2_90_node3_0_node4_0,0.26261626972410906
Train_W_2Layers_input_size_90_node1_60_node2_100_node3_0_node4_0,0.26262839787467074
Train_W_2Layers_input_size_60_node1_40_node2_40_node3_0_node4_0,0.2626380999918798
Test_W_2Layers_input_size_15_node1_60_node2_70_node3_0_node4_0,0.2626390645102614
Train_W_1Layers_input_size_10_node1_70_node2_0_node3_0_node4_0,0.26264053964917017
Test_W_2Layers_input_size_70_node1_20_node2_100_node3_0_node4_0,0.26265883635655085
Test_W_2Layers_input_size_75_node1_100_node2_80_node3_0_node4_0,0.2626608077861643
Train_W_2Layers_input_size_30_node1_50_node2_90_node3_0_node4_0,0.26269336969160617
Test_W_2Layers_input_size_40_node1_40_node2_60_node3_0_node4_0,0.26271866761940577
Test_W_2Layers_input_size_90_node1_50_node2_100_node3_0_node4_0,0.2627449130628426
Test_W_2Layers_input_size_50_node1_10_node2_40_node3_0_node4_0,0.2627573897178269
Train_W_2Layers_input_size_55_node1_90_node2_90_node3_0_node4_0,0.26279848759929436
Train_W_1Layers_input_size_45_node1_50_node2_0_node3_0_node4_0,0.26279926724861563
Test_W_2Layers_input_size_25_node1_40_node2_20_node3_0_node4_0,0.2628147888764309
Train_W_2Layers_input_size_95_node1_40_node2_50_node3_0_node4_0,0.26285711077660684
Test_W_2Layers_input_size_10_node1_60_node2_10_node3_0_node4_0,0.2628672296053115
Test_W_2Layers_input_size_55_node1_50_node2_40_node3_0_node4_0,0.26287291241813204
Train_W_2Layers_input_size_45_node1_50_node2_20_node3_0_node4_0,0.2628755199519741
Train_W_2Layers_input_size_45_node1_80_node2_20_node3_0_node4_0,0.26289388532728253
Train_W_2Layers_input_size_75_node1_100_node2_50_node3_0_node4_0,0.26289928416350206
Train_W_2Layers_input_size_75_node1_10_node2_100_node3_0_node4_0,0.262904838755919
Train_W_2Layers_input_size_15_node1_90_node2_20_node3_0_node4_0,0.26291030821439126
Train_W_2Layers_input_size_55_node1_70_node2_90_node3_0_node4_0,0.2629221961008751
Train_W_1Layers_input_size_50_node1_90_node2_0_node3_0_node4_0,0.2629342676358021
Train_W_2Layers_input_size_50_node1_70_node2_20_node3_0_node4_0,0.26295434312800664
Train_W_2Layers_input_size_10_node1_10_node2_90_node3_0_node4_0,0.2629579982044194
Train_W_2Layers_input_size_70_node1_60_node2_30_node3_0_node4_0,0.26301184094356733
Train_W_2Layers_input_size_90_node1_90_node2_10_node3_0_node4_0,0.2630123933375909
Train_W_2Layers_input_size_5_node1_50_node2_40_node3_0_node4_0,0.2630129174026434
Test_W_2Layers_input_size_55_node1_20_node2_10_node3_0_node4_0,0.2630889382647891
Train_W_2Layers_input_size_15_node1_50_node2_70_node3_0_node4_0,0.26311227260262443
Train_W_2Layers_input_size_80_node1_90_node2_60_node3_0_node4_0,0.2631291065892321
Train_W_1Layers_input_size_95_node1_40_node2_0_node3_0_node4_0,0.26321166106479543
Train_W_2Layers_input_size_40_node1_70_node2_30_node3_0_node4_0,0.2632259129628955
Train_W_2Layers_input_size_70_node1_30_node2_70_node3_0_node4_0,0.26324034806115626
Test_W_2Layers_input_size_35_node1_20_node2_50_node3_0_node4_0,0.26325885779357827
Train_W_1Layers_input_size_55_node1_10_node2_0_node3_0_node4_0,0.26326801312051884
Test_W_1Layers_input_size_90_node1_60_node2_0_node3_0_node4_0,0.2633053528028266
Test_W_2Layers_input_size_20_node1_60_node2_80_node3_0_node4_0,0.2633246219125625
Test_W_2Layers_input_size_35_node1_50_node2_60_node3_0_node4_0,0.26332544244540557
Train_W_2Layers_input_size_95_node1_50_node2_20_node3_0_node4_0,0.2634021226878867
Train_W_1Layers_input_size_85_node1_50_node2_0_node3_0_node4_0,0.2634155016048395
Train_W_1Layers_input_size_55_node1_40_node2_0_node3_0_node4_0,0.2634221908085034
Test_W_2Layers_input_size_40_node1_50_node2_100_node3_0_node4_0,0.26344385530853826
Train_W_2Layers_input_size_55_node1_60_node2_10_node3_0_node4_0,0.2634495115426575
Train_W_2Layers_input_size_70_node1_20_node2_80_node3_0_node4_0,0.2634628314942871
Train_W_2Layers_input_size_95_node1_100_node2_60_node3_0_node4_0,0.2634699860947527
Train_W_2Layers_input_size_65_node1_20_node2_10_node3_0_node4_0,0.2634803641619757
Train_W_1Layers_input_size_75_node1_90_node2_0_node3_0_node4_0,0.2635348493777395
Train_W_2Layers_input_size_20_node1_70_node2_10_node3_0_node4_0,0.2635981421339325
Test_W_2Layers_input_size_10_node1_100_node2_100_node3_0_node4_0,0.2635992585959377
Train_W_2Layers_input_size_45_node1_90_node2_40_node3_0_node4_0,0.2636193964974479
Test_W_2Layers_input_size_60_node1_30_node2_100_node3_0_node4_0,0.2636429523570348
Train_W_2Layers_input_size_90_node1_100_node2_70_node3_0_node4_0,0.263643899069244
Train_W_2Layers_input_size_55_node1_60_node2_90_node3_0_node4_0,0.263651204181969
Test_W_2Layers_input_size_40_node1_100_node2_50_node3_0_node4_0,0.2636537192416382
Train_W_2Layers_input_size_5_node1_10_node2_70_node3_0_node4_0,0.2636563897000818
Train_W_2Layers_input_size_40_node1_90_node2_20_node3_0_node4_0,0.2636636803377921
Train_W_2Layers_input_size_95_node1_30_node2_50_node3_0_node4_0,0.26368569231916894
Test_W_2Layers_input_size_100_node1_50_node2_70_node3_0_node4_0,0.263696725875172
Test_W_2Layers_input_size_50_node1_90_node2_80_node3_0_node4_0,0.2636991133572627
Train_W_1Layers_input_size_5_node1_40_node2_0_node3_0_node4_0,0.26371911649998325
Train_W_2Layers_input_size_60_node1_100_node2_10_node3_0_node4_0,0.26372019007208586
Test_W_2Layers_input_size_65_node1_30_node2_80_node3_0_node4_0,0.26373586937714727
Train_W_2Layers_input_size_50_node1_30_node2_70_node3_0_node4_0,0.2637412792273677
Train_W_1Layers_input_size_65_node1_10_node2_0_node3_0_node4_0,0.2637527200594751
Train_W_1Layers_input_size_35_node1_40_node2_0_node3_0_node4_0,0.26375413247346763
Train_W_2Layers_input_size_60_node1_20_node2_90_node3_0_node4_0,0.2637630728785767
Test_W_2Layers_input_size_50_node1_90_node2_90_node3_0_node4_0,0.26377293098346166
Train_W_2Layers_input_size_70_node1_60_node2_10_node3_0_node4_0,0.26378331125441723
Test_W_2Layers_input_size_95_node1_100_node2_100_node3_0_node4_0,0.2637843139528337
Train_W_2Layers_input_size_5_node1_70_node2_10_node3_0_node4_0,0.263799862351754
Train_W_2Layers_input_size_40_node1_40_node2_70_node3_0_node4_0,0.263802573695328
Train_W_2Layers_input_size_50_node1_50_node2_10_node3_0_node4_0,0.2638088435706127
Test_W_2Layers_input_size_15_node1_30_node2_20_node3_0_node4_0,0.2638103121685088
Test_W_2Layers_input_size_45_node1_100_node2_10_node3_0_node4_0,0.26382566135149726
Test_W_2Layers_input_size_70_node1_80_node2_10_node3_0_node4_0,0.2638544651355604
Train_W_2Layers_input_size_25_node1_90_node2_10_node3_0_node4_0,0.26385682295315455
Test_W_2Layers_input_size_60_node1_20_node2_10_node3_0_node4_0,0.2638630774211064
Train_W_2Layers_input_size_85_node1_90_node2_30_node3_0_node4_0,0.26386444688978977
Train_W_2Layers_input_size_95_node1_70_node2_10_node3_0_node4_0,0.263883025783244
Train_W_2Layers_input_size_35_node1_80_node2_30_node3_0_node4_0,0.26389928830022996
Train_W_2Layers_input_size_45_node1_50_node2_30_node3_0_node4_0,0.26393641164556625
Train_W_1Layers_input_size_95_node1_60_node2_0_node3_0_node4_0,0.26397364266902196
Train_W_2Layers_input_size_5_node1_40_node2_100_node3_0_node4_0,0.2640094432911953
Train_W_2Layers_input_size_30_node1_30_node2_30_node3_0_node4_0,0.26402479500724235
Train_W_2Layers_input_size_95_node1_80_node2_30_node3_0_node4_0,0.26404710137878823
Test_W_1Layers_input_size_50_node1_70_node2_0_node3_0_node4_0,0.26406906729211865
Test_W_2Layers_input_size_95_node1_60_node2_90_node3_0_node4_0,0.26408396413572677
Test_W_2Layers_input_size_100_node1_80_node2_90_node3_0_node4_0,0.264092808739038
Train_W_2Layers_input_size_5_node1_40_node2_40_node3_0_node4_0,0.26409656090550077
Train_W_2Layers_input_size_25_node1_50_node2_90_node3_0_node4_0,0.26409965005517066
Train_W_2Layers_input_size_15_node1_20_node2_90_node3_0_node4_0,0.26410702719336304
Test_W_2Layers_input_size_65_node1_80_node2_70_node3_0_node4_0,0.26412321950074946
Test_W_2Layers_input_size_30_node1_40_node2_100_node3_0_node4_0,0.2641414840219425
Train_W_2Layers_input_size_80_node1_10_node2_60_node3_0_node4_0,0.26418699174051014
Test_W_2Layers_input_size_95_node1_70_node2_60_node3_0_node4_0,0.26419708783521395
Test_W_2Layers_input_size_40_node1_90_node2_30_node3_0_node4_0,0.26423762343735974
Test_W_2Layers_input_size_85_node1_50_node2_30_node3_0_node4_0,0.26423990734535274
Test_W_2Layers_input_size_85_node1_30_node2_40_node3_0_node4_0,0.26428882335155973
Train_W_2Layers_input_size_20_node1_50_node2_60_node3_0_node4_0,0.26430327087204913
Test_W_2Layers_input_size_60_node1_60_node2_50_node3_0_node4_0,0.26433684245039635
Train_W_2Layers_input_size_75_node1_70_node2_30_node3_0_node4_0,0.2643463832166231
Train_W_2Layers_input_size_45_node1_80_node2_40_node3_0_node4_0,0.26441372249636075
Train_W_2Layers_input_size_80_node1_70_node2_20_node3_0_node4_0,0.26446625467047474
Test_W_2Layers_input_size_20_node1_40_node2_30_node3_0_node4_0,0.2645044251668506
Test_W_2Layers_input_size_95_node1_50_node2_70_node3_0_node4_0,0.26450776306272666
Test_W_1Layers_input_size_75_node1_40_node2_0_node3_0_node4_0,0.26453428164174025
Test_W_1Layers_input_size_15_node1_90_node2_0_node3_0_node4_0,0.26453904146638413
Train_W_2Layers_input_size_35_node1_30_node2_40_node3_0_node4_0,0.26455865723639593
Train_W_2Layers_input_size_40_node1_60_node2_40_node3_0_node4_0,0.2645813973173263
Train_W_2Layers_input_size_70_node1_90_node2_30_node3_0_node4_0,0.2646024178332845
Train_W_2Layers_input_size_100_node1_100_node2_30_node3_0_node4_0,0.264609795033088
Train_W_2Layers_input_size_50_node1_30_node2_80_node3_0_node4_0,0.26466752437441365
Test_W_2Layers_input_size_20_node1_40_node2_90_node3_0_node4_0,0.26467798215919724
Test_W_2Layers_input_size_50_node1_100_node2_20_node3_0_node4_0,0.2646837527652747
Train_W_2Layers_input_size_10_node1_80_node2_50_node3_0_node4_0,0.2646872291428442
Train_W_1Layers_input_size_60_node1_30_node2_0_node3_0_node4_0,0.2648143037388414
Train_W_1Layers_input_size_70_node1_10_node2_0_node3_0_node4_0,0.2648514394853523
Train_W_2Layers_input_size_35_node1_30_node2_10_node3_0_node4_0,0.26488015985166224
Test_W_1Layers_input_size_45_node1_20_node2_0_node3_0_node4_0,0.2649088349166167
Train_W_2Layers_input_size_20_node1_40_node2_20_node3_0_node4_0,0.2649101849167309
Train_W_1Layers_input_size_55_node1_100_node2_0_node3_0_node4_0,0.26495436549876306
Train_W_2Layers_input_size_25_node1_10_node2_30_node3_0_node4_0,0.26496486820059373
Test_W_2Layers_input_size_75_node1_70_node2_40_node3_0_node4_0,0.2650097987549626
Test_W_2Layers_input_size_60_node1_60_node2_90_node3_0_node4_0,0.26512408709425095
Test_W_2Layers_input_size_55_node1_10_node2_60_node3_0_node4_0,0.2652191399312628
Test_W_2Layers_input_size_15_node1_20_node2_100_node3_0_node4_0,0.265249463692931
Train_W_2Layers_input_size_55_node1_100_node2_70_node3_0_node4_0,0.26530944087822617
Train_W_2Layers_input_size_65_node1_60_node2_90_node3_0_node4_0,0.26530948300213236
Train_W_2Layers_input_size_45_node1_100_node2_40_node3_0_node4_0,0.2653186658540427
Train_W_2Layers_input_size_90_node1_80_node2_30_node3_0_node4_0,0.26534292727306796
Test_W_1Layers_input_size_65_node1_100_node2_0_node3_0_node4_0,0.26534845879069247
Train_W_2Layers_input_size_60_node1_70_node2_100_node3_0_node4_0,0.2654276282853058
Test_W_2Layers_input_size_40_node1_10_node2_50_node3_0_node4_0,0.26543223174211206
Train_W_2Layers_input_size_80_node1_70_node2_80_node3_0_node4_0,0.2654575633610309
Test_W_2Layers_input_size_10_node1_70_node2_30_node3_0_node4_0,0.2654737715220944
Train_W_1Layers_input_size_30_node1_10_node2_0_node3_0_node4_0,0.2654882808458829
Train_W_1Layers_input_size_60_node1_80_node2_0_node3_0_node4_0,0.2654987203330112
Test_W_2Layers_input_size_85_node1_30_node2_100_node3_0_node4_0,0.26556099793783017
Train_W_1Layers_input_size_75_node1_50_node2_0_node3_0_node4_0,0.26559539237223206
Train_W_2Layers_input_size_50_node1_70_node2_50_node3_0_node4_0,0.26563994982667105
Train_W_2Layers_input_size_50_node1_40_node2_50_node3_0_node4_0,0.2657636392848773
Train_W_2Layers_input_size_60_node1_80_node2_30_node3_0_node4_0,0.26577765622139743
Train_W_2Layers_input_size_30_node1_90_node2_10_node3_0_node4_0,0.2657837813905509
Test_W_2Layers_input_size_90_node1_100_node2_90_node3_0_node4_0,0.26579562485275143
Train_W_2Layers_input_size_35_node1_70_node2_60_node3_0_node4_0,0.2658072295322285
Train_W_2Layers_input_size_45_node1_60_node2_40_node3_0_node4_0,0.2658096821472146
Train_W_2Layers_input_size_10_node1_100_node2_100_node3_0_node4_0,0.2658474775864409
Train_W_2Layers_input_size_100_node1_80_node2_80_node3_0_node4_0,0.2658475336379775
Test_W_2Layers_input_size_75_node1_100_node2_60_node3_0_node4_0,0.26590259856410103
Train_W_2Layers_input_size_20_node1_60_node2_80_node3_0_node4_0,0.2659109203624704
Test_W_2Layers_input_size_25_node1_30_node2_30_node3_0_node4_0,0.2659150531453459
Train_W_2Layers_input_size_80_node1_60_node2_70_node3_0_node4_0,0.2659251816941444
Train_W_2Layers_input_size_15_node1_30_node2_20_node3_0_node4_0,0.26592938429824337
Train_W_2Layers_input_size_95_node1_20_node2_60_node3_0_node4_0,0.2659336288609691
Train_W_2Layers_input_size_90_node1_50_node2_50_node3_0_node4_0,0.2659488975198324
Train_W_2Layers_input_size_10_node1_40_node2_60_node3_0_node4_0,0.26595618134182314
Test_W_2Layers_input_size_15_node1_70_node2_20_node3_0_node4_0,0.265971252616983
Train_W_2Layers_input_size_75_node1_60_node2_70_node3_0_node4_0,0.26599703708411104
Train_W_2Layers_input_size_65_node1_80_node2_60_node3_0_node4_0,0.26600353532786536
Test_W_2Layers_input_size_70_node1_80_node2_60_node3_0_node4_0,0.26600583208294665
Train_W_2Layers_input_size_60_node1_80_node2_20_node3_0_node4_0,0.2660084229109132
Test_W_1Layers_input_size_95_node1_70_node2_0_node3_0_node4_0,0.26602821040245844
Train_W_1Layers_input_size_95_node1_30_node2_0_node3_0_node4_0,0.2660357301035243
Train_W_2Layers_input_size_100_node1_80_node2_100_node3_0_node4_0,0.26605239311576506
Train_W_2Layers_input_size_75_node1_20_node2_20_node3_0_node4_0,0.266055529566065
Test_W_2Layers_input_size_90_node1_80_node2_60_node3_0_node4_0,0.2660919180878117
Train_W_2Layers_input_size_60_node1_40_node2_30_node3_0_node4_0,0.26611612300930354
Train_W_2Layers_input_size_40_node1_20_node2_30_node3_0_node4_0,0.26621345244554
Train_W_2Layers_input_size_65_node1_50_node2_70_node3_0_node4_0,0.2662250668980463
Train_W_2Layers_input_size_50_node1_40_node2_20_node3_0_node4_0,0.2662534012375767
Test_W_2Layers_input_size_5_node1_60_node2_80_node3_0_node4_0,0.2662625095625492
Train_W_2Layers_input_size_40_node1_50_node2_90_node3_0_node4_0,0.2662852580271713
Train_W_2Layers_input_size_55_node1_80_node2_40_node3_0_node4_0,0.2663294343029367
Test_W_2Layers_input_size_35_node1_30_node2_30_node3_0_node4_0,0.2663527365044271
Test_W_2Layers_input_size_45_node1_100_node2_30_node3_0_node4_0,0.2663769037410493
Train_W_2Layers_input_size_80_node1_30_node2_40_node3_0_node4_0,0.2663873643417697
Train_W_2Layers_input_size_20_node1_40_node2_90_node3_0_node4_0,0.2664620589924643
Test_W_2Layers_input_size_70_node1_80_node2_100_node3_0_node4_0,0.2664703353587729
Train_W_2Layers_input_size_40_node1_40_node2_80_node3_0_node4_0,0.26648277738523396
Train_W_2Layers_input_size_45_node1_30_node2_50_node3_0_node4_0,0.2664982661974549
Train_W_2Layers_input_size_40_node1_40_node2_60_node3_0_node4_0,0.26650974243528064
Test_W_2Layers_input_size_95_node1_10_node2_90_node3_0_node4_0,0.2665556424456251
Test_W_2Layers_input_size_5_node1_80_node2_90_node3_0_node4_0,0.2665865548070276
Train_W_2Layers_input_size_40_node1_70_node2_90_node3_0_node4_0,0.2665895172863458
Train_W_2Layers_input_size_5_node1_30_node2_30_node3_0_node4_0,0.26663562710736294
Train_W_2Layers_input_size_50_node1_100_node2_10_node3_0_node4_0,0.2666452393019373
Train_W_2Layers_input_size_10_node1_60_node2_10_node3_0_node4_0,0.2666453370986479
Test_W_2Layers_input_size_100_node1_40_node2_60_node3_0_node4_0,0.266728912231432
Train_W_2Layers_input_size_30_node1_80_node2_40_node3_0_node4_0,0.2667371104870362
Train_W_2Layers_input_size_75_node1_30_node2_30_node3_0_node4_0,0.26675372968692246
Train_W_2Layers_input_size_30_node1_40_node2_100_node3_0_node4_0,0.2667868113818931
Train_W_2Layers_input_size_60_node1_60_node2_30_node3_0_node4_0,0.26682540383570624
Train_W_2Layers_input_size_90_node1_30_node2_100_node3_0_node4_0,0.26683675431640413
Train_W_2Layers_input_size_45_node1_80_node2_10_node3_0_node4_0,0.26686972800503794
Train_W_2Layers_input_size_100_node1_90_node2_30_node3_0_node4_0,0.2669079874542894
Test_W_2Layers_input_size_100_node1_30_node2_80_node3_0_node4_0,0.26701480850576165
Train_W_2Layers_input_size_55_node1_20_node2_10_node3_0_node4_0,0.26701769647637985
Test_W_1Layers_input_size_20_node1_90_node2_0_node3_0_node4_0,0.26707862955990974
Train_W_2Layers_input_size_90_node1_70_node2_40_node3_0_node4_0,0.2670825490007672
Test_W_2Layers_input_size_100_node1_80_node2_70_node3_0_node4_0,0.26708518517596597
Train_W_1Layers_input_size_15_node1_30_node2_0_node3_0_node4_0,0.26711372115333454
Train_W_2Layers_input_size_15_node1_20_node2_100_node3_0_node4_0,0.2671406643513761
Train_W_2Layers_input_size_35_node1_50_node2_60_node3_0_node4_0,0.26714480599954005
Train_W_2Layers_input_size_70_node1_100_node2_70_node3_0_node4_0,0.26719253490678807
Test_W_2Layers_input_size_75_node1_30_node2_60_node3_0_node4_0,0.2671946262502386
Train_W_2Layers_input_size_60_node1_30_node2_70_node3_0_node4_0,0.267195490667417
Train_W_2Layers_input_size_100_node1_70_node2_90_node3_0_node4_0,0.2672087633026469
Train_W_2Layers_input_size_75_node1_10_node2_60_node3_0_node4_0,0.26724160745216363
Train_W_2Layers_input_size_45_node1_100_node2_10_node3_0_node4_0,0.26731507395570253
Train_W_2Layers_input_size_15_node1_70_node2_20_node3_0_node4_0,0.2673184743066
Train_W_2Layers_input_size_40_node1_50_node2_100_node3_0_node4_0,0.2673364369179738
Train_W_2Layers_input_size_25_node1_40_node2_20_node3_0_node4_0,0.26734725013461613
Train_W_2Layers_input_size_95_node1_10_node2_40_node3_0_node4_0,0.2673596652860204
Train_W_2Layers_input_size_40_node1_10_node2_50_node3_0_node4_0,0.267383476797077
Test_W_2Layers_input_size_50_node1_70_node2_90_node3_0_node4_0,0.2674019365737353
Train_W_2Layers_input_size_90_node1_90_node2_30_node3_0_node4_0,0.26742176025816106
Train_W_2Layers_input_size_90_node1_20_node2_100_node3_0_node4_0,0.267459327890136
Train_W_2Layers_input_size_50_node1_30_node2_30_node3_0_node4_0,0.2675353802697562
Test_W_2Layers_input_size_80_node1_90_node2_10_node3_0_node4_0,0.2675785009005614
Test_W_2Layers_input_size_70_node1_90_node2_50_node3_0_node4_0,0.2676009286783837
Test_W_2Layers_input_size_85_node1_70_node2_100_node3_0_node4_0,0.2676381927785931
Train_W_2Layers_input_size_40_node1_100_node2_50_node3_0_node4_0,0.2677429832986967
Test_W_1Layers_input_size_80_node1_30_node2_0_node3_0_node4_0,0.26776408951995734
Train_W_2Layers_input_size_35_node1_20_node2_50_node3_0_node4_0,0.26776875019492413
Test_W_2Layers_input_size_20_node1_30_node2_40_node3_0_node4_0,0.2677732577556338
Train_W_2Layers_input_size_35_node1_70_node2_90_node3_0_node4_0,0.2679183356459046
Test_W_2Layers_input_size_60_node1_80_node2_100_node3_0_node4_0,0.2679286943532109
Train_W_2Layers_input_size_55_node1_60_node2_40_node3_0_node4_0,0.2679366751511986
Train_W_2Layers_input_size_5_node1_20_node2_100_node3_0_node4_0,0.26798215004028064
Train_W_2Layers_input_size_85_node1_10_node2_70_node3_0_node4_0,0.26798409621000846
Test_W_2Layers_input_size_40_node1_50_node2_20_node3_0_node4_0,0.2680288681123691
Train_W_2Layers_input_size_90_node1_60_node2_10_node3_0_node4_0,0.2680741328114332
Train_W_2Layers_input_size_25_node1_40_node2_50_node3_0_node4_0,0.26818789315800506
Train_W_2Layers_input_size_50_node1_40_node2_10_node3_0_node4_0,0.26819814422365057
Test_W_1Layers_input_size_20_node1_40_node2_0_node3_0_node4_0,0.2682524350021141
Train_W_2Layers_input_size_45_node1_90_node2_10_node3_0_node4_0,0.26826044782928377
Test_W_2Layers_input_size_50_node1_40_node2_60_node3_0_node4_0,0.26828337402480495
Test_W_2Layers_input_size_50_node1_70_node2_10_node3_0_node4_0,0.2683068119861682
Test_W_2Layers_input_size_65_node1_90_node2_80_node3_0_node4_0,0.2683304006157617
Test_W_1Layers_input_size_35_node1_80_node2_0_node3_0_node4_0,0.2683810001860992
Train_W_2Layers_input_size_55_node1_80_node2_60_node3_0_node4_0,0.26840094587241814
Test_W_2Layers_input_size_65_node1_90_node2_100_node3_0_node4_0,0.26840701117692434
Train_W_2Layers_input_size_60_node1_60_node2_50_node3_0_node4_0,0.26841342331777185
Test_W_2Layers_input_size_55_node1_30_node2_80_node3_0_node4_0,0.2684303689526843
Test_W_2Layers_input_size_100_node1_50_node2_30_node3_0_node4_0,0.26844008341246667
Train_W_2Layers_input_size_95_node1_60_node2_90_node3_0_node4_0,0.2685199507008892
Train_W_2Layers_input_size_90_node1_100_node2_40_node3_0_node4_0,0.2685655071506545
Test_W_2Layers_input_size_90_node1_10_node2_80_node3_0_node4_0,0.26858678452545637
Test_W_2Layers_input_size_85_node1_60_node2_80_node3_0_node4_0,0.2686623929528254
Train_W_2Layers_input_size_70_node1_80_node2_10_node3_0_node4_0,0.26870480589893503
Train_W_2Layers_input_size_65_node1_30_node2_80_node3_0_node4_0,0.26875478052722385
Train_W_2Layers_input_size_95_node1_100_node2_100_node3_0_node4_0,0.2687643862355836
Train_W_2Layers_input_size_50_node1_100_node2_20_node3_0_node4_0,0.26876914044907513
Test_W_2Layers_input_size_20_node1_50_node2_30_node3_0_node4_0,0.26877777543808673
Test_W_2Layers_input_size_80_node1_20_node2_10_node3_0_node4_0,0.2687780803603964
Train_W_2Layers_input_size_5_node1_80_node2_90_node3_0_node4_0,0.2688483141563006
Train_W_2Layers_input_size_85_node1_50_node2_30_node3_0_node4_0,0.26902863729145204
Train_W_2Layers_input_size_75_node1_90_node2_10_node3_0_node4_0,0.2690669774248942
Test_W_2Layers_input_size_30_node1_70_node2_80_node3_0_node4_0,0.26908118224108685
Test_W_2Layers_input_size_15_node1_60_node2_10_node3_0_node4_0,0.2690822482642936
Test_W_2Layers_input_size_80_node1_80_node2_20_node3_0_node4_0,0.26908739834289713
Train_W_2Layers_input_size_5_node1_60_node2_80_node3_0_node4_0,0.26910553358771905
Test_W_2Layers_input_size_85_node1_100_node2_30_node3_0_node4_0,0.2691155420582441
Train_W_2Layers_input_size_75_node1_20_node2_40_node3_0_node4_0,0.2692069853538471
Test_W_2Layers_input_size_25_node1_80_node2_60_node3_0_node4_0,0.2692243238282796
Test_W_1Layers_input_size_70_node1_30_node2_0_node3_0_node4_0,0.2692379807230836
Test_W_2Layers_input_size_65_node1_50_node2_80_node3_0_node4_0,0.2692610588857572
Train_W_2Layers_input_size_50_node1_50_node2_30_node3_0_node4_0,0.2693948400541715
Train_W_2Layers_input_size_25_node1_30_node2_30_node3_0_node4_0,0.2693953793598842
Train_W_2Layers_input_size_75_node1_70_node2_100_node3_0_node4_0,0.2693977439952644
Test_W_2Layers_input_size_20_node1_60_node2_100_node3_0_node4_0,0.2694036900626914
Test_W_1Layers_input_size_60_node1_100_node2_0_node3_0_node4_0,0.2694152776030619
Train_W_1Layers_input_size_90_node1_50_node2_0_node3_0_node4_0,0.26942420990141275
Test_W_2Layers_input_size_75_node1_80_node2_20_node3_0_node4_0,0.26944392627953545
Train_W_1Layers_input_size_40_node1_30_node2_0_node3_0_node4_0,0.26955369496531095
Test_W_2Layers_input_size_85_node1_60_node2_50_node3_0_node4_0,0.2696316297173211
Train_W_1Layers_input_size_45_node1_20_node2_0_node3_0_node4_0,0.2696783106885972
Train_W_2Layers_input_size_35_node1_30_node2_30_node3_0_node4_0,0.26971494247742117
Test_W_2Layers_input_size_45_node1_60_node2_20_node3_0_node4_0,0.2697496358738192
Test_W_2Layers_input_size_75_node1_30_node2_70_node3_0_node4_0,0.2698827607539496
Test_W_2Layers_input_size_80_node1_80_node2_70_node3_0_node4_0,0.26988455518545557
Test_W_2Layers_input_size_20_node1_80_node2_70_node3_0_node4_0,0.2698996417415993
Test_W_2Layers_input_size_60_node1_100_node2_40_node3_0_node4_0,0.2699107663288087
Train_W_2Layers_input_size_75_node1_100_node2_70_node3_0_node4_0,0.2699153071265525
Test_W_2Layers_input_size_65_node1_70_node2_70_node3_0_node4_0,0.2699850519113197
Train_W_2Layers_input_size_85_node1_40_node2_90_node3_0_node4_0,0.2699915645526722
Train_W_2Layers_input_size_100_node1_50_node2_70_node3_0_node4_0,0.2699938411804948
Test_W_2Layers_input_size_95_node1_20_node2_80_node3_0_node4_0,0.27001802744110376
Test_W_2Layers_input_size_20_node1_60_node2_50_node3_0_node4_0,0.27003441712665777
Test_W_2Layers_input_size_70_node1_80_node2_70_node3_0_node4_0,0.2700759111423478
Test_W_2Layers_input_size_65_node1_10_node2_60_node3_0_node4_0,0.27008654571638624
Test_W_2Layers_input_size_90_node1_70_node2_10_node3_0_node4_0,0.2701480552705717
Train_W_2Layers_input_size_80_node1_30_node2_70_node3_0_node4_0,0.27016003834951346
Train_W_1Layers_input_size_90_node1_60_node2_0_node3_0_node4_0,0.27017571621289227
Test_W_2Layers_input_size_55_node1_20_node2_100_node3_0_node4_0,0.2701949641308339
Train_W_2Layers_input_size_60_node1_40_node2_10_node3_0_node4_0,0.27020596626458665
Test_W_2Layers_input_size_30_node1_20_node2_60_node3_0_node4_0,0.27021066754101786
Test_W_2Layers_input_size_10_node1_80_node2_60_node3_0_node4_0,0.27021804327909316
Test_W_2Layers_input_size_60_node1_10_node2_90_node3_0_node4_0,0.27025478110640827
Test_W_2Layers_input_size_15_node1_40_node2_100_node3_0_node4_0,0.2704595667372558
Train_W_2Layers_input_size_25_node1_30_node2_10_node3_0_node4_0,0.27046011769377015
Train_W_2Layers_input_size_20_node1_20_node2_20_node3_0_node4_0,0.27048094302702835
Train_W_2Layers_input_size_55_node1_50_node2_20_node3_0_node4_0,0.27052110164238796
Train_W_2Layers_input_size_90_node1_100_node2_90_node3_0_node4_0,0.27056336090768673
Train_W_2Layers_input_size_95_node1_80_node2_40_node3_0_node4_0,0.27058220952328027
Train_W_1Layers_input_size_65_node1_100_node2_0_node3_0_node4_0,0.2706580863575862
Train_W_2Layers_input_size_40_node1_60_node2_80_node3_0_node4_0,0.2706867548849296
Train_W_2Layers_input_size_80_node1_20_node2_10_node3_0_node4_0,0.27068946605753164
Train_W_2Layers_input_size_80_node1_100_node2_20_node3_0_node4_0,0.2706987554024113
Train_W_2Layers_input_size_55_node1_70_node2_30_node3_0_node4_0,0.2707475914702714
Train_W_1Layers_input_size_20_node1_40_node2_0_node3_0_node4_0,0.27077377410271647
Train_W_2Layers_input_size_15_node1_60_node2_10_node3_0_node4_0,0.2709480311757071
Train_W_2Layers_input_size_70_node1_80_node2_60_node3_0_node4_0,0.27095337952098725
Train_W_2Layers_input_size_25_node1_80_node2_60_node3_0_node4_0,0.270972943391095
Test_W_2Layers_input_size_85_node1_30_node2_60_node3_0_node4_0,0.27110835319125537
Test_W_2Layers_input_size_40_node1_20_node2_90_node3_0_node4_0,0.2711271639192791
Test_W_2Layers_input_size_100_node1_20_node2_20_node3_0_node4_0,0.2712285874524637
Train_W_2Layers_input_size_45_node1_100_node2_30_node3_0_node4_0,0.2712510567745595
Train_W_2Layers_input_size_60_node1_80_node2_100_node3_0_node4_0,0.27125693474971435
Train_W_2Layers_input_size_95_node1_10_node2_90_node3_0_node4_0,0.27132181748457174
Test_W_2Layers_input_size_15_node1_70_node2_100_node3_0_node4_0,0.2713230531956048
Train_W_2Layers_input_size_20_node1_80_node2_70_node3_0_node4_0,0.2713350530300622
Train_W_2Layers_input_size_35_node1_50_node2_40_node3_0_node4_0,0.2714189272145071
Train_W_2Layers_input_size_100_node1_50_node2_40_node3_0_node4_0,0.27142574857376844
Test_W_2Layers_input_size_60_node1_60_node2_70_node3_0_node4_0,0.27143490292533995
Train_W_2Layers_input_size_80_node1_50_node2_70_node3_0_node4_0,0.27153470238400496
Test_W_1Layers_input_size_35_node1_100_node2_0_node3_0_node4_0,0.2715837036213004
Train_W_2Layers_input_size_50_node1_70_node2_90_node3_0_node4_0,0.2716893170403269
Test_W_2Layers_input_size_10_node1_20_node2_60_node3_0_node4_0,0.27170991105569897
Train_W_2Layers_input_size_5_node1_10_node2_90_node3_0_node4_0,0.2717355211422513
Train_W_2Layers_input_size_85_node1_70_node2_100_node3_0_node4_0,0.2717477221011837
Train_W_2Layers_input_size_75_node1_100_node2_60_node3_0_node4_0,0.27178822809835984
Test_W_2Layers_input_size_15_node1_90_node2_60_node3_0_node4_0,0.2718320445404008
Train_W_2Layers_input_size_90_node1_80_node2_60_node3_0_node4_0,0.2718721132015563
Test_W_1Layers_input_size_25_node1_50_node2_0_node3_0_node4_0,0.2719368080607304
Test_W_2Layers_input_size_20_node1_70_node2_70_node3_0_node4_0,0.27195899970184023
Test_W_2Layers_input_size_35_node1_100_node2_30_node3_0_node4_0,0.27201964761705855
Train_W_2Layers_input_size_35_node1_20_node2_80_node3_0_node4_0,0.2720369437650016
Train_W_2Layers_input_size_15_node1_40_node2_100_node3_0_node4_0,0.2720470497937501
Test_W_2Layers_input_size_50_node1_50_node2_50_node3_0_node4_0,0.2720609073149747
Train_W_1Layers_input_size_25_node1_90_node2_0_node3_0_node4_0,0.27211285304415883
Train_W_2Layers_input_size_50_node1_40_node2_60_node3_0_node4_0,0.27213601594460435
Test_W_1Layers_input_size_50_node1_50_node2_0_node3_0_node4_0,0.27213613914625034
Test_W_2Layers_input_size_15_node1_40_node2_40_node3_0_node4_0,0.27213644030559464
Test_W_2Layers_input_size_100_node1_90_node2_70_node3_0_node4_0,0.2721916152870743
Train_W_2Layers_input_size_30_node1_70_node2_80_node3_0_node4_0,0.27221707057511463
Train_W_1Layers_input_size_50_node1_10_node2_0_node3_0_node4_0,0.2722181927427076
Train_W_2Layers_input_size_100_node1_80_node2_70_node3_0_node4_0,0.27224034776295064
Train_W_1Layers_input_size_95_node1_90_node2_0_node3_0_node4_0,0.2722413056292783
Train_W_2Layers_input_size_70_node1_50_node2_50_node3_0_node4_0,0.2722870603467051
Test_W_2Layers_input_size_75_node1_10_node2_20_node3_0_node4_0,0.2723318498323774
Test_W_2Layers_input_size_45_node1_90_node2_90_node3_0_node4_0,0.2723793536587119
Train_W_2Layers_input_size_55_node1_40_node2_30_node3_0_node4_0,0.27241337952469
Train_W_2Layers_input_size_70_node1_30_node2_100_node3_0_node4_0,0.2724611972821272
Test_W_2Layers_input_size_35_node1_30_node2_50_node3_0_node4_0,0.2724971542078562
Test_W_2Layers_input_size_20_node1_100_node2_70_node3_0_node4_0,0.27255161376238135
Train_W_2Layers_input_size_15_node1_70_node2_100_node3_0_node4_0,0.2725831308121154
Train_W_2Layers_input_size_100_node1_80_node2_60_node3_0_node4_0,0.2725909343409198
Train_W_2Layers_input_size_65_node1_90_node2_80_node3_0_node4_0,0.2726303585624275
Test_W_2Layers_input_size_95_node1_70_node2_70_node3_0_node4_0,0.27271253666116685
Train_W_2Layers_input_size_40_node1_50_node2_20_node3_0_node4_0,0.2727494575091246
Test_W_1Layers_input_size_90_node1_20_node2_0_node3_0_node4_0,0.2727639895390828
Train_W_2Layers_input_size_90_node1_10_node2_80_node3_0_node4_0,0.2728583742573477
Test_W_2Layers_input_size_45_node1_70_node2_30_node3_0_node4_0,0.27289537093138916
Test_W_2Layers_input_size_100_node1_60_node2_80_node3_0_node4_0,0.2730312053675581
Train_W_2Layers_input_size_65_node1_50_node2_80_node3_0_node4_0,0.2731104393401479
Train_W_1Layers_input_size_100_node1_40_node2_0_node3_0_node4_0,0.27322158463129065
Test_W_2Layers_input_size_95_node1_30_node2_70_node3_0_node4_0,0.2732334874522057
Train_W_2Layers_input_size_50_node1_10_node2_40_node3_0_node4_0,0.27325996357464055
Test_W_2Layers_input_size_60_node1_60_node2_80_node3_0_node4_0,0.2733298225923639
Train_W_2Layers_input_size_65_node1_50_node2_40_node3_0_node4_0,0.2733491073516022
Test_W_2Layers_input_size_55_node1_70_node2_60_node3_0_node4_0,0.2733863646513296
Train_W_2Layers_input_size_65_node1_70_node2_70_node3_0_node4_0,0.27347014096123956
Train_W_2Layers_input_size_50_node1_60_node2_90_node3_0_node4_0,0.2734996588764121
Train_W_2Layers_input_size_70_node1_20_node2_100_node3_0_node4_0,0.2735106642795415
Test_W_2Layers_input_size_60_node1_100_node2_80_node3_0_node4_0,0.27354759996975836
Train_W_1Layers_input_size_35_node1_80_node2_0_node3_0_node4_0,0.2735508411381639
Train_W_2Layers_input_size_75_node1_100_node2_80_node3_0_node4_0,0.27357943801874174
Train_W_2Layers_input_size_45_node1_60_node2_20_node3_0_node4_0,0.27358869732036895
Train_W_2Layers_input_size_30_node1_20_node2_60_node3_0_node4_0,0.2736202038318036
Train_W_2Layers_input_size_70_node1_80_node2_70_node3_0_node4_0,0.273639645106571
Train_W_2Layers_input_size_65_node1_10_node2_60_node3_0_node4_0,0.27368969867151566
Train_W_2Layers_input_size_75_node1_30_node2_70_node3_0_node4_0,0.27371144876803916
Train_W_2Layers_input_size_100_node1_50_node2_30_node3_0_node4_0,0.2737729603357443
Test_W_2Layers_input_size_50_node1_80_node2_80_node3_0_node4_0,0.2737764709773121
Train_W_2Layers_input_size_75_node1_30_node2_60_node3_0_node4_0,0.27382146579628314
Train_W_2Layers_input_size_35_node1_70_node2_20_node3_0_node4_0,0.2738447290411955
Train_W_1Layers_input_size_60_node1_100_node2_0_node3_0_node4_0,0.27390169523970764
Train_W_2Layers_input_size_20_node1_70_node2_70_node3_0_node4_0,0.2739333017442256
Test_W_2Layers_input_size_75_node1_50_node2_50_node3_0_node4_0,0.27395588918448976
Train_W_2Layers_input_size_95_node1_40_node2_30_node3_0_node4_0,0.27397003088419225
Train_W_2Layers_input_size_60_node1_100_node2_40_node3_0_node4_0,0.2739714994034776
Test_W_2Layers_input_size_55_node1_100_node2_30_node3_0_node4_0,0.27411653129604985
Test_W_2Layers_input_size_100_node1_70_node2_30_node3_0_node4_0,0.2741287757658727
Test_W_2Layers_input_size_55_node1_50_node2_80_node3_0_node4_0,0.27420641553477
Train_W_2Layers_input_size_60_node1_20_node2_10_node3_0_node4_0,0.2742415595281488
Train_W_2Layers_input_size_85_node1_60_node2_80_node3_0_node4_0,0.27426304853358485
Train_W_2Layers_input_size_50_node1_90_node2_20_node3_0_node4_0,0.2743272474352797
Train_W_2Layers_input_size_40_node1_20_node2_90_node3_0_node4_0,0.27438313591610203
Train_W_2Layers_input_size_45_node1_10_node2_20_node3_0_node4_0,0.2743983960006783
Train_W_2Layers_input_size_75_node1_80_node2_20_node3_0_node4_0,0.274472349228182
Train_W_2Layers_input_size_40_node1_40_node2_100_node3_0_node4_0,0.27449884157162174
Train_W_2Layers_input_size_80_node1_80_node2_20_node3_0_node4_0,0.27452033757779737
Train_W_2Layers_input_size_80_node1_90_node2_10_node3_0_node4_0,0.2745273532710291
Test_W_2Layers_input_size_70_node1_40_node2_70_node3_0_node4_0,0.2745289002276163
Test_W_2Layers_input_size_85_node1_100_node2_80_node3_0_node4_0,0.27453385314402
Test_W_2Layers_input_size_70_node1_50_node2_20_node3_0_node4_0,0.2746091400405942
Train_W_1Layers_input_size_25_node1_50_node2_0_node3_0_node4_0,0.27464025820284255
Test_W_2Layers_input_size_20_node1_70_node2_80_node3_0_node4_0,0.27464526336706463
Train_W_1Layers_input_size_75_node1_40_node2_0_node3_0_node4_0,0.27464729796059134
Test_W_1Layers_input_size_20_node1_50_node2_0_node3_0_node4_0,0.27469650340595797
Test_W_2Layers_input_size_100_node1_30_node2_100_node3_0_node4_0,0.27474494073112915
Train_W_2Layers_input_size_55_node1_50_node2_40_node3_0_node4_0,0.274752316774939
Train_W_2Layers_input_size_20_node1_100_node2_70_node3_0_node4_0,0.27492342879909665
Test_W_2Layers_input_size_20_node1_20_node2_70_node3_0_node4_0,0.2749492815237583
Train_W_1Layers_input_size_50_node1_70_node2_0_node3_0_node4_0,0.27496872366432423
Test_W_2Layers_input_size_70_node1_100_node2_20_node3_0_node4_0,0.2749835990219833
Test_W_2Layers_input_size_75_node1_60_node2_100_node3_0_node4_0,0.2749873922448992
Train_W_2Layers_input_size_90_node1_50_node2_100_node3_0_node4_0,0.27500668268320333
Train_W_2Layers_input_size_60_node1_30_node2_100_node3_0_node4_0,0.2750591691259049
Test_W_2Layers_input_size_80_node1_60_node2_90_node3_0_node4_0,0.2751327281041564
Train_W_2Layers_input_size_60_node1_60_node2_70_node3_0_node4_0,0.2751352194483023
Train_W_2Layers_input_size_100_node1_80_node2_90_node3_0_node4_0,0.2752544255658789
Train_W_2Layers_input_size_50_node1_90_node2_80_node3_0_node4_0,0.27532323729743075
Test_W_2Layers_input_size_40_node1_100_node2_60_node3_0_node4_0,0.2753393923672566
Train_W_2Layers_input_size_85_node1_30_node2_60_node3_0_node4_0,0.2755033789780575
Test_W_2Layers_input_size_25_node1_70_node2_10_node3_0_node4_0,0.27561200489714427
Train_W_1Layers_input_size_95_node1_70_node2_0_node3_0_node4_0,0.2756450641015789
Train_W_2Layers_input_size_95_node1_50_node2_70_node3_0_node4_0,0.27569680744736447
Test_W_2Layers_input_size_30_node1_60_node2_70_node3_0_node4_0,0.2757355849414114
Test_W_2Layers_input_size_70_node1_80_node2_40_node3_0_node4_0,0.2757707096711584
Test_W_1Layers_input_size_25_node1_70_node2_0_node3_0_node4_0,0.2757838937994692
Train_W_2Layers_input_size_20_node1_70_node2_80_node3_0_node4_0,0.27581209707241505
Test_W_2Layers_input_size_40_node1_50_node2_50_node3_0_node4_0,0.27582357746391206
Train_W_2Layers_input_size_40_node1_40_node2_40_node3_0_node4_0,0.27593396742947496
Test_W_1Layers_input_size_100_node1_90_node2_0_node3_0_node4_0,0.27599154173201834
Train_W_1Layers_input_size_35_node1_100_node2_0_node3_0_node4_0,0.27609981368292436
Test_W_1Layers_input_size_80_node1_10_node2_0_node3_0_node4_0,0.2761259070399226
Test_W_2Layers_input_size_80_node1_100_node2_80_node3_0_node4_0,0.2761263117778491
Train_W_1Layers_input_size_5_node1_60_node2_0_node3_0_node4_0,0.27613432546663313
Train_W_2Layers_input_size_60_node1_60_node2_90_node3_0_node4_0,0.27616973671092093
Train_W_2Layers_input_size_65_node1_80_node2_70_node3_0_node4_0,0.27623589298425233
Train_W_2Layers_input_size_85_node1_30_node2_100_node3_0_node4_0,0.2762585753408776
Test_W_2Layers_input_size_50_node1_40_node2_40_node3_0_node4_0,0.27627566004805354
Train_W_2Layers_input_size_15_node1_30_node2_10_node3_0_node4_0,0.2763178885874333
Test_W_2Layers_input_size_75_node1_10_node2_40_node3_0_node4_0,0.27643310785135655
Train_W_2Layers_input_size_95_node1_70_node2_60_node3_0_node4_0,0.2765804047904079
Test_W_2Layers_input_size_15_node1_70_node2_30_node3_0_node4_0,0.2766195297708749
Test_W_2Layers_input_size_90_node1_30_node2_40_node3_0_node4_0,0.27665400365255527
Train_W_2Layers_input_size_85_node1_30_node2_40_node3_0_node4_0,0.27667850981540737
Train_W_2Layers_input_size_50_node1_90_node2_90_node3_0_node4_0,0.27669626869454134
Test_W_2Layers_input_size_70_node1_90_node2_40_node3_0_node4_0,0.27673334459086374
Train_W_2Layers_input_size_75_node1_70_node2_40_node3_0_node4_0,0.2768481891085425
Train_W_2Layers_input_size_100_node1_20_node2_20_node3_0_node4_0,0.27690268085393616
Train_W_2Layers_input_size_35_node1_100_node2_30_node3_0_node4_0,0.27705522761577184
Test_W_2Layers_input_size_90_node1_40_node2_60_node3_0_node4_0,0.2771001471291588
Train_W_1Layers_input_size_70_node1_30_node2_0_node3_0_node4_0,0.2771657721896332
Test_W_1Layers_input_size_100_node1_70_node2_0_node3_0_node4_0,0.277179333481589
Train_W_2Layers_input_size_55_node1_50_node2_80_node3_0_node4_0,0.2772422389843801
Train_W_1Layers_input_size_50_node1_50_node2_0_node3_0_node4_0,0.27725271960782955
Test_W_2Layers_input_size_85_node1_40_node2_60_node3_0_node4_0,0.2772658063942237
Test_W_2Layers_input_size_85_node1_40_node2_10_node3_0_node4_0,0.27728219759618067
Test_W_2Layers_input_size_80_node1_100_node2_90_node3_0_node4_0,0.2774945238793097
Train_W_2Layers_input_size_55_node1_10_node2_60_node3_0_node4_0,0.27753495623391783
Test_W_2Layers_input_size_20_node1_90_node2_80_node3_0_node4_0,0.27753515757552527
Train_W_2Layers_input_size_95_node1_30_node2_70_node3_0_node4_0,0.27762319697602267
Train_W_2Layers_input_size_70_node1_80_node2_100_node3_0_node4_0,0.2776378496048392
Test_W_2Layers_input_size_65_node1_20_node2_70_node3_0_node4_0,0.2776661060625449
Train_W_2Layers_input_size_55_node1_100_node2_30_node3_0_node4_0,0.2776777512871612
Train_W_2Layers_input_size_85_node1_40_node2_10_node3_0_node4_0,0.27772191283947983
Test_W_2Layers_input_size_60_node1_90_node2_40_node3_0_node4_0,0.27785924902207726
Test_W_2Layers_input_size_20_node1_40_node2_100_node3_0_node4_0,0.2779656275058661
Test_W_2Layers_input_size_10_node1_80_node2_10_node3_0_node4_0,0.27804200830833525
Train_W_2Layers_input_size_40_node1_90_node2_30_node3_0_node4_0,0.27805113240107276
Train_W_2Layers_input_size_15_node1_80_node2_70_node3_0_node4_0,0.27807014331529
Test_W_2Layers_input_size_45_node1_30_node2_90_node3_0_node4_0,0.27823124849194475
Train_W_2Layers_input_size_20_node1_90_node2_80_node3_0_node4_0,0.27826528172458687
Train_W_1Layers_input_size_25_node1_70_node2_0_node3_0_node4_0,0.2782703823342886
Train_W_2Layers_input_size_100_node1_30_node2_80_node3_0_node4_0,0.2784332849202783
Train_W_2Layers_input_size_20_node1_40_node2_30_node3_0_node4_0,0.2784889513380391
Test_W_2Layers_input_size_55_node1_30_node2_90_node3_0_node4_0,0.2784967231489223
Train_W_1Layers_input_size_80_node1_30_node2_0_node3_0_node4_0,0.2785134565528464
Train_W_2Layers_input_size_70_node1_90_node2_50_node3_0_node4_0,0.2787883504008878
Train_W_2Layers_input_size_75_node1_60_node2_100_node3_0_node4_0,0.2788132034161196
Test_W_2Layers_input_size_50_node1_60_node2_100_node3_0_node4_0,0.27887564686230404
Train_W_2Layers_input_size_30_node1_60_node2_70_node3_0_node4_0,0.27889899610387975
Train_W_2Layers_input_size_20_node1_40_node2_100_node3_0_node4_0,0.2789725975385783
Train_W_2Layers_input_size_40_node1_50_node2_50_node3_0_node4_0,0.2789766169451864
Train_W_2Layers_input_size_100_node1_40_node2_60_node3_0_node4_0,0.2789801155177509
Test_W_2Layers_input_size_90_node1_50_node2_30_node3_0_node4_0,0.27905410939809827
Train_W_2Layers_input_size_80_node1_60_node2_90_node3_0_node4_0,0.27924818668271933
Test_W_2Layers_input_size_60_node1_80_node2_70_node3_0_node4_0,0.2793490887899987
Train_W_2Layers_input_size_15_node1_60_node2_70_node3_0_node4_0,0.2794250380958776
Train_W_2Layers_input_size_65_node1_90_node2_100_node3_0_node4_0,0.2795002070462001
Test_W_2Layers_input_size_65_node1_30_node2_30_node3_0_node4_0,0.2795057382770816
Test_W_2Layers_input_size_25_node1_60_node2_50_node3_0_node4_0,0.27957422317428343
Test_W_2Layers_input_size_45_node1_60_node2_60_node3_0_node4_0,0.27957842047696035
Test_W_2Layers_input_size_45_node1_20_node2_40_node3_0_node4_0,0.2796231611401969
Test_W_2Layers_input_size_30_node1_30_node2_50_node3_0_node4_0,0.27978189409894033
Train_W_1Layers_input_size_15_node1_90_node2_0_node3_0_node4_0,0.27986076092415463
Test_W_2Layers_input_size_100_node1_100_node2_80_node3_0_node4_0,0.27988700943413575
Train_W_2Layers_input_size_80_node1_100_node2_80_node3_0_node4_0,0.27990999482454154
Test_W_2Layers_input_size_80_node1_40_node2_50_node3_0_node4_0,0.27991670242287386
Test_W_2Layers_input_size_5_node1_40_node2_90_node3_0_node4_0,0.2799169952112034
Train_W_2Layers_input_size_75_node1_50_node2_50_node3_0_node4_0,0.2799710759482392
Test_W_2Layers_input_size_70_node1_70_node2_10_node3_0_node4_0,0.2800326226593182
Test_W_2Layers_input_size_30_node1_30_node2_10_node3_0_node4_0,0.2802781426968534
Train_W_2Layers_input_size_50_node1_40_node2_40_node3_0_node4_0,0.28035368086349544
Train_W_2Layers_input_size_50_node1_70_node2_10_node3_0_node4_0,0.2803838558873286
Train_W_2Layers_input_size_30_node1_30_node2_50_node3_0_node4_0,0.28039211990242796
Train_W_2Layers_input_size_85_node1_100_node2_30_node3_0_node4_0,0.28052136291659785
Test_W_2Layers_input_size_20_node1_90_node2_30_node3_0_node4_0,0.2805339121233825
Test_W_2Layers_input_size_65_node1_100_node2_30_node3_0_node4_0,0.2806555107581836
Test_W_2Layers_input_size_20_node1_20_node2_100_node3_0_node4_0,0.2806680406940206
Train_W_2Layers_input_size_5_node1_40_node2_90_node3_0_node4_0,0.28069198405800133
Train_W_2Layers_input_size_20_node1_20_node2_100_node3_0_node4_0,0.2807423858620646
Test_W_2Layers_input_size_80_node1_20_node2_30_node3_0_node4_0,0.2809092258572009
Train_W_2Layers_input_size_55_node1_30_node2_80_node3_0_node4_0,0.2809318358812501
Train_W_1Layers_input_size_20_node1_90_node2_0_node3_0_node4_0,0.2809903085019875
Test_W_2Layers_input_size_30_node1_50_node2_20_node3_0_node4_0,0.2810034863647699
Train_W_1Layers_input_size_80_node1_10_node2_0_node3_0_node4_0,0.28101976560756087
Train_W_2Layers_input_size_100_node1_70_node2_30_node3_0_node4_0,0.28106390571454776
Train_W_2Layers_input_size_45_node1_20_node2_40_node3_0_node4_0,0.28115955858953967
Test_W_2Layers_input_size_75_node1_100_node2_40_node3_0_node4_0,0.28121763943892586
Train_W_2Layers_input_size_50_node1_60_node2_100_node3_0_node4_0,0.28125316565109565
Train_W_2Layers_input_size_95_node1_20_node2_80_node3_0_node4_0,0.2812990039943416
Train_W_2Layers_input_size_55_node1_30_node2_90_node3_0_node4_0,0.28133004427029795
Train_W_2Layers_input_size_60_node1_90_node2_40_node3_0_node4_0,0.28133662532220094
Train_W_2Layers_input_size_70_node1_100_node2_20_node3_0_node4_0,0.28139175710260256
Test_W_1Layers_input_size_70_node1_70_node2_0_node3_0_node4_0,0.2814291674756847
Train_W_2Layers_input_size_90_node1_40_node2_60_node3_0_node4_0,0.2814320134257745
Train_W_2Layers_input_size_85_node1_60_node2_50_node3_0_node4_0,0.28169280533061414
Train_W_2Layers_input_size_90_node1_70_node2_10_node3_0_node4_0,0.2817231146103554
Test_W_2Layers_input_size_45_node1_60_node2_80_node3_0_node4_0,0.28176361446100134
Train_W_2Layers_input_size_20_node1_30_node2_40_node3_0_node4_0,0.28183399604239695
Test_W_1Layers_input_size_70_node1_80_node2_0_node3_0_node4_0,0.2818426669368877
Train_W_2Layers_input_size_80_node1_80_node2_70_node3_0_node4_0,0.2819284494774375
Train_W_1Layers_input_size_90_node1_20_node2_0_node3_0_node4_0,0.28193208319454566
Train_W_2Layers_input_size_80_node1_100_node2_90_node3_0_node4_0,0.28211167580979696
Test_W_2Layers_input_size_80_node1_100_node2_50_node3_0_node4_0,0.28218499375811373
Train_W_2Layers_input_size_25_node1_60_node2_50_node3_0_node4_0,0.2823491209877765
Train_W_2Layers_input_size_55_node1_20_node2_100_node3_0_node4_0,0.28252950334932025
Train_W_2Layers_input_size_20_node1_90_node2_30_node3_0_node4_0,0.28265870480712957
Train_W_2Layers_input_size_45_node1_60_node2_60_node3_0_node4_0,0.2826652022083339
Test_W_2Layers_input_size_80_node1_50_node2_90_node3_0_node4_0,0.2826893454007983
Test_W_2Layers_input_size_85_node1_40_node2_20_node3_0_node4_0,0.28269847763206213
Test_W_2Layers_input_size_50_node1_70_node2_80_node3_0_node4_0,0.28274379180126724
Test_W_2Layers_input_size_20_node1_60_node2_90_node3_0_node4_0,0.2828550369982818
Train_W_1Layers_input_size_100_node1_90_node2_0_node3_0_node4_0,0.2830648413485715
Train_W_2Layers_input_size_60_node1_10_node2_90_node3_0_node4_0,0.28307225064383834
Test_W_2Layers_input_size_90_node1_100_node2_100_node3_0_node4_0,0.28314520144865135
Test_W_2Layers_input_size_95_node1_70_node2_100_node3_0_node4_0,0.2833454169239805
Test_W_2Layers_input_size_75_node1_80_node2_40_node3_0_node4_0,0.2833677536846042
Train_W_2Layers_input_size_70_node1_70_node2_10_node3_0_node4_0,0.28343521342254197
Test_W_2Layers_input_size_85_node1_40_node2_40_node3_0_node4_0,0.2834733134547808
Train_W_2Layers_input_size_30_node1_30_node2_10_node3_0_node4_0,0.2834946545949708
Train_W_2Layers_input_size_45_node1_60_node2_80_node3_0_node4_0,0.2836305615412362
Test_W_2Layers_input_size_45_node1_70_node2_10_node3_0_node4_0,0.2836559490165698
Train_W_2Layers_input_size_10_node1_80_node2_10_node3_0_node4_0,0.2837578044145767
Train_W_2Layers_input_size_50_node1_50_node2_50_node3_0_node4_0,0.28381699426583445
Train_W_2Layers_input_size_100_node1_90_node2_70_node3_0_node4_0,0.2838246070566097
Test_W_2Layers_input_size_70_node1_50_node2_80_node3_0_node4_0,0.28383382088542225
Train_W_2Layers_input_size_10_node1_70_node2_30_node3_0_node4_0,0.2839428284909422
Train_W_2Layers_input_size_55_node1_70_node2_60_node3_0_node4_0,0.28419793453821685
Test_W_1Layers_input_size_60_node1_10_node2_0_node3_0_node4_0,0.2842255519285806
Test_W_2Layers_input_size_45_node1_80_node2_60_node3_0_node4_0,0.28423850116185184
Test_W_2Layers_input_size_50_node1_60_node2_30_node3_0_node4_0,0.2843197087623283
Train_W_2Layers_input_size_30_node1_50_node2_20_node3_0_node4_0,0.28443403102927844
Train_W_2Layers_input_size_50_node1_70_node2_80_node3_0_node4_0,0.28448662453486595
Train_W_2Layers_input_size_75_node1_10_node2_20_node3_0_node4_0,0.28464547227069126
Train_W_1Layers_input_size_100_node1_70_node2_0_node3_0_node4_0,0.28471842559102617
Train_W_2Layers_input_size_20_node1_50_node2_30_node3_0_node4_0,0.28479170032315915
Train_W_2Layers_input_size_95_node1_70_node2_70_node3_0_node4_0,0.2848945095768406
Train_W_2Layers_input_size_35_node1_30_node2_50_node3_0_node4_0,0.2848954772017146
Train_W_2Layers_input_size_60_node1_60_node2_80_node3_0_node4_0,0.28507205294924287
Test_W_1Layers_input_size_10_node1_100_node2_0_node3_0_node4_0,0.2851015979180502
Test_W_2Layers_input_size_65_node1_20_node2_50_node3_0_node4_0,0.2852652876900476
Train_W_2Layers_input_size_100_node1_60_node2_80_node3_0_node4_0,0.28532374701419094
Train_W_2Layers_input_size_20_node1_60_node2_100_node3_0_node4_0,0.2853646627208926
Train_W_1Layers_input_size_70_node1_70_node2_0_node3_0_node4_0,0.2853940860257519
Train_W_2Layers_input_size_60_node1_100_node2_80_node3_0_node4_0,0.2855018194010362
Train_W_2Layers_input_size_80_node1_20_node2_30_node3_0_node4_0,0.2855796544663907
Test_W_1Layers_input_size_85_node1_100_node2_0_node3_0_node4_0,0.28559543807222376
Train_W_2Layers_input_size_70_node1_40_node2_70_node3_0_node4_0,0.2857189114230227
Train_W_2Layers_input_size_95_node1_70_node2_100_node3_0_node4_0,0.28576232568017923
Train_W_2Layers_input_size_45_node1_90_node2_90_node3_0_node4_0,0.28576484167965804
Train_W_2Layers_input_size_20_node1_60_node2_50_node3_0_node4_0,0.2858363102784756
Train_W_2Layers_input_size_50_node1_80_node2_80_node3_0_node4_0,0.2858457590109494
Train_W_2Layers_input_size_75_node1_10_node2_40_node3_0_node4_0,0.2860285337859494
Train_W_2Layers_input_size_80_node1_50_node2_90_node3_0_node4_0,0.2860832822458689
Test_W_2Layers_input_size_80_node1_70_node2_40_node3_0_node4_0,0.28617143858496996
Test_W_2Layers_input_size_100_node1_10_node2_70_node3_0_node4_0,0.2861766586299634
Train_W_2Layers_input_size_70_node1_50_node2_20_node3_0_node4_0,0.2861894675139495
Train_W_2Layers_input_size_45_node1_70_node2_30_node3_0_node4_0,0.2862890682670685
Train_W_2Layers_input_size_70_node1_80_node2_40_node3_0_node4_0,0.2863288702441167
Train_W_2Layers_input_size_85_node1_100_node2_80_node3_0_node4_0,0.2863555796160391
Test_W_2Layers_input_size_100_node1_40_node2_10_node3_0_node4_0,0.286390351407259
Train_W_2Layers_input_size_45_node1_80_node2_60_node3_0_node4_0,0.2865472077727043
Test_W_2Layers_input_size_65_node1_30_node2_90_node3_0_node4_0,0.286593330247393
Test_W_2Layers_input_size_30_node1_70_node2_10_node3_0_node4_0,0.28667454651650087
Test_W_2Layers_input_size_30_node1_50_node2_10_node3_0_node4_0,0.2866884246713127
Test_W_2Layers_input_size_15_node1_90_node2_100_node3_0_node4_0,0.28677413467869944
Train_W_2Layers_input_size_70_node1_50_node2_80_node3_0_node4_0,0.2868382867371179
Train_W_2Layers_input_size_25_node1_70_node2_10_node3_0_node4_0,0.2868398062616395
Train_W_2Layers_input_size_90_node1_100_node2_100_node3_0_node4_0,0.2871873321574222
Test_W_2Layers_input_size_50_node1_30_node2_10_node3_0_node4_0,0.2873053368535798
Train_W_1Layers_input_size_20_node1_50_node2_0_node3_0_node4_0,0.28745746919924425
Train_W_2Layers_input_size_70_node1_90_node2_40_node3_0_node4_0,0.28746946939817314
Test_W_2Layers_input_size_60_node1_10_node2_60_node3_0_node4_0,0.28748895893457366
Train_W_2Layers_input_size_75_node1_80_node2_40_node3_0_node4_0,0.28752858185709185
Train_W_2Layers_input_size_15_node1_90_node2_60_node3_0_node4_0,0.28754121391694853
Test_W_2Layers_input_size_60_node1_20_node2_80_node3_0_node4_0,0.2875483135387851
Test_W_2Layers_input_size_45_node1_70_node2_100_node3_0_node4_0,0.2875660877356342
Test_W_2Layers_input_size_65_node1_30_node2_70_node3_0_node4_0,0.28760303174939045
Train_W_2Layers_input_size_65_node1_30_node2_30_node3_0_node4_0,0.28764037250584595
Train_W_2Layers_input_size_30_node1_50_node2_10_node3_0_node4_0,0.2876994757470826
Test_W_2Layers_input_size_90_node1_50_node2_40_node3_0_node4_0,0.28770271286572086
Test_W_2Layers_input_size_85_node1_100_node2_60_node3_0_node4_0,0.2877089150832858
Train_W_2Layers_input_size_100_node1_30_node2_100_node3_0_node4_0,0.2877889363006697
Train_W_2Layers_input_size_50_node1_60_node2_30_node3_0_node4_0,0.28781046223618
Test_W_2Layers_input_size_100_node1_40_node2_90_node3_0_node4_0,0.28813023630708906
Test_W_2Layers_input_size_35_node1_100_node2_10_node3_0_node4_0,0.28819736976492133
Test_W_2Layers_input_size_35_node1_80_node2_10_node3_0_node4_0,0.28835348862743143
Train_W_2Layers_input_size_90_node1_30_node2_40_node3_0_node4_0,0.2885330997094989
Train_W_2Layers_input_size_45_node1_70_node2_100_node3_0_node4_0,0.28853552699299245
Train_W_2Layers_input_size_85_node1_40_node2_20_node3_0_node4_0,0.28856378784949877
Train_W_2Layers_input_size_100_node1_10_node2_70_node3_0_node4_0,0.2885969769432196
Train_W_2Layers_input_size_35_node1_100_node2_10_node3_0_node4_0,0.2886642341480077
Train_W_2Layers_input_size_85_node1_40_node2_40_node3_0_node4_0,0.2887460032719042
Train_W_2Layers_input_size_65_node1_20_node2_70_node3_0_node4_0,0.2887892075544334
Train_W_2Layers_input_size_20_node1_20_node2_70_node3_0_node4_0,0.2888271430413928
Test_W_2Layers_input_size_75_node1_90_node2_30_node3_0_node4_0,0.28884031159144424
Train_W_2Layers_input_size_60_node1_10_node2_60_node3_0_node4_0,0.28905002463973634
Test_W_2Layers_input_size_50_node1_30_node2_20_node3_0_node4_0,0.2894044863547549
Train_W_2Layers_input_size_15_node1_40_node2_40_node3_0_node4_0,0.28946788817117514
Test_W_1Layers_input_size_50_node1_30_node2_0_node3_0_node4_0,0.28959331232253754
Train_W_2Layers_input_size_50_node1_30_node2_10_node3_0_node4_0,0.2896767224978732
Train_W_2Layers_input_size_60_node1_20_node2_80_node3_0_node4_0,0.2897681309850574
Train_W_2Layers_input_size_60_node1_80_node2_70_node3_0_node4_0,0.28976966085783445
Test_W_2Layers_input_size_40_node1_80_node2_20_node3_0_node4_0,0.2898193708999326
Train_W_2Layers_input_size_100_node1_40_node2_10_node3_0_node4_0,0.28984753228364835
Train_W_2Layers_input_size_40_node1_100_node2_60_node3_0_node4_0,0.2900226729671962
Train_W_2Layers_input_size_90_node1_50_node2_30_node3_0_node4_0,0.2900853360957248
Train_W_2Layers_input_size_10_node1_20_node2_60_node3_0_node4_0,0.2901679115643018
Test_W_2Layers_input_size_85_node1_80_node2_10_node3_0_node4_0,0.29018955629118504
Train_W_2Layers_input_size_10_node1_80_node2_60_node3_0_node4_0,0.29028666809426706
Test_W_2Layers_input_size_80_node1_70_node2_100_node3_0_node4_0,0.2902873739162694
Test_W_2Layers_input_size_80_node1_40_node2_10_node3_0_node4_0,0.2905487180909352
Train_W_2Layers_input_size_85_node1_40_node2_60_node3_0_node4_0,0.2906454279088335
Test_W_2Layers_input_size_70_node1_100_node2_30_node3_0_node4_0,0.2907458085031057
Test_W_2Layers_input_size_85_node1_30_node2_20_node3_0_node4_0,0.29100745784896953
Train_W_1Layers_input_size_70_node1_80_node2_0_node3_0_node4_0,0.291086329121376
Test_W_2Layers_input_size_20_node1_30_node2_50_node3_0_node4_0,0.29114880170770446
Train_W_2Layers_input_size_35_node1_80_node2_10_node3_0_node4_0,0.29116278646218624
Train_W_2Layers_input_size_80_node1_70_node2_40_node3_0_node4_0,0.291186634484925
Train_W_2Layers_input_size_65_node1_100_node2_30_node3_0_node4_0,0.29118760678775923
Train_W_2Layers_input_size_100_node1_40_node2_90_node3_0_node4_0,0.2911937475727616
Train_W_2Layers_input_size_100_node1_100_node2_80_node3_0_node4_0,0.29120229328305086
Train_W_2Layers_input_size_90_node1_50_node2_40_node3_0_node4_0,0.2914754575716454
Test_W_2Layers_input_size_45_node1_100_node2_20_node3_0_node4_0,0.29150051964816565
Test_W_2Layers_input_size_85_node1_80_node2_30_node3_0_node4_0,0.29177734993972226
Test_W_2Layers_input_size_20_node1_100_node2_90_node3_0_node4_0,0.2918753757106805
Test_W_2Layers_input_size_85_node1_70_node2_90_node3_0_node4_0,0.2919772855598496
Train_W_2Layers_input_size_80_node1_40_node2_50_node3_0_node4_0,0.2920277679096972
Train_W_2Layers_input_size_50_node1_30_node2_20_node3_0_node4_0,0.2921003313646458
Test_W_2Layers_input_size_100_node1_40_node2_30_node3_0_node4_0,0.2922127824952566
Train_W_2Layers_input_size_45_node1_30_node2_90_node3_0_node4_0,0.2925385813862566
Test_W_2Layers_input_size_85_node1_20_node2_20_node3_0_node4_0,0.2926864790083033
Test_W_2Layers_input_size_85_node1_90_node2_60_node3_0_node4_0,0.2927534456661082
Train_W_2Layers_input_size_15_node1_70_node2_30_node3_0_node4_0,0.2928377748815466
Train_W_2Layers_input_size_45_node1_100_node2_20_node3_0_node4_0,0.2930255707634577
Train_W_1Layers_input_size_60_node1_10_node2_0_node3_0_node4_0,0.2930474366376148
Train_W_2Layers_input_size_80_node1_100_node2_50_node3_0_node4_0,0.2931464864098983
Test_W_2Layers_input_size_95_node1_10_node2_30_node3_0_node4_0,0.2931494219311827
Train_W_2Layers_input_size_75_node1_100_node2_40_node3_0_node4_0,0.29315098498896436
Test_W_2Layers_input_size_15_node1_100_node2_30_node3_0_node4_0,0.29332151155916353
Test_W_2Layers_input_size_85_node1_60_node2_40_node3_0_node4_0,0.2933223497820647
Train_W_2Layers_input_size_15_node1_70_node2_70_node3_0_node4_0,0.2933849811172616
Test_W_2Layers_input_size_85_node1_40_node2_30_node3_0_node4_0,0.29346262947112484
Test_W_2Layers_input_size_20_node1_90_node2_90_node3_0_node4_0,0.29349761276070346
Test_W_1Layers_input_size_85_node1_10_node2_0_node3_0_node4_0,0.29363368551985425
Test_W_2Layers_input_size_85_node1_10_node2_100_node3_0_node4_0,0.29375431280825376
Test_W_2Layers_input_size_15_node1_70_node2_70_node3_0_node4_0,0.29378223648124785
Test_W_2Layers_input_size_75_node1_100_node2_30_node3_0_node4_0,0.2940004113350151
Test_W_2Layers_input_size_85_node1_10_node2_10_node3_0_node4_0,0.29427686476926407
Test_W_2Layers_input_size_40_node1_60_node2_100_node3_0_node4_0,0.29439900006825437
Test_W_2Layers_input_size_50_node1_30_node2_50_node3_0_node4_0,0.29445526650597126
Train_W_2Layers_input_size_70_node1_100_node2_30_node3_0_node4_0,0.29453102637973055
Train_W_1Layers_input_size_50_node1_30_node2_0_node3_0_node4_0,0.29460841061139126
Test_W_2Layers_input_size_50_node1_20_node2_100_node3_0_node4_0,0.29462651753429275
Train_W_2Layers_input_size_80_node1_70_node2_100_node3_0_node4_0,0.29481980787062645
Train_W_2Layers_input_size_40_node1_60_node2_100_node3_0_node4_0,0.2948994659600737
Test_W_2Layers_input_size_80_node1_40_node2_80_node3_0_node4_0,0.29514782820359287
Train_W_1Layers_input_size_85_node1_100_node2_0_node3_0_node4_0,0.2957952842063095
Test_W_2Layers_input_size_60_node1_40_node2_80_node3_0_node4_0,0.295890279223084
Train_W_2Layers_input_size_45_node1_70_node2_10_node3_0_node4_0,0.29612206044394623
Test_W_2Layers_input_size_75_node1_40_node2_80_node3_0_node4_0,0.29621761720458656
Train_W_2Layers_input_size_80_node1_40_node2_10_node3_0_node4_0,0.296220145008848
Test_W_1Layers_input_size_45_node1_30_node2_0_node3_0_node4_0,0.29623760010324734
Test_W_2Layers_input_size_95_node1_100_node2_20_node3_0_node4_0,0.29629696236365566
Train_W_2Layers_input_size_50_node1_30_node2_50_node3_0_node4_0,0.29676245764716835
Test_W_2Layers_input_size_50_node1_50_node2_100_node3_0_node4_0,0.2968183639109381
Test_W_1Layers_input_size_30_node1_90_node2_0_node3_0_node4_0,0.29698771294631493
Train_W_2Layers_input_size_95_node1_10_node2_30_node3_0_node4_0,0.2970007956161824
Test_W_2Layers_input_size_55_node1_60_node2_100_node3_0_node4_0,0.2970855744082512
Test_W_2Layers_input_size_45_node1_40_node2_40_node3_0_node4_0,0.2971439648980279
Test_W_2Layers_input_size_40_node1_30_node2_10_node3_0_node4_0,0.29714602095693343
Train_W_2Layers_input_size_100_node1_40_node2_30_node3_0_node4_0,0.29715834447523953
Train_W_2Layers_input_size_75_node1_40_node2_80_node3_0_node4_0,0.2972895087573928
Train_W_2Layers_input_size_85_node1_90_node2_60_node3_0_node4_0,0.2972910124556132
Train_W_2Layers_input_size_30_node1_70_node2_10_node3_0_node4_0,0.2973359695194399
Test_W_2Layers_input_size_85_node1_60_node2_90_node3_0_node4_0,0.29755802386097535
Train_W_2Layers_input_size_60_node1_40_node2_80_node3_0_node4_0,0.2975821855968546
Test_W_2Layers_input_size_95_node1_90_node2_30_node3_0_node4_0,0.2978810280155112
Train_W_2Layers_input_size_75_node1_100_node2_30_node3_0_node4_0,0.29805127311851237
Test_W_2Layers_input_size_90_node1_60_node2_70_node3_0_node4_0,0.2980680085735223
Train_W_2Layers_input_size_65_node1_30_node2_90_node3_0_node4_0,0.29822480626349
Train_W_2Layers_input_size_20_node1_60_node2_90_node3_0_node4_0,0.2982879193910682
Train_W_2Layers_input_size_50_node1_50_node2_100_node3_0_node4_0,0.2986788532700128
Train_W_1Layers_input_size_45_node1_30_node2_0_node3_0_node4_0,0.2987350119338505
Train_W_2Layers_input_size_65_node1_20_node2_50_node3_0_node4_0,0.2987654501818356
Train_W_2Layers_input_size_45_node1_40_node2_40_node3_0_node4_0,0.2988346074217744
Train_W_2Layers_input_size_85_node1_100_node2_60_node3_0_node4_0,0.298845639681683
Train_W_2Layers_input_size_55_node1_60_node2_100_node3_0_node4_0,0.2988923321727581
Test_W_2Layers_input_size_80_node1_30_node2_10_node3_0_node4_0,0.2989813467908562
Train_W_2Layers_input_size_85_node1_20_node2_20_node3_0_node4_0,0.29924808238904144
Train_W_2Layers_input_size_75_node1_90_node2_30_node3_0_node4_0,0.29947860828292316
Train_W_2Layers_input_size_65_node1_30_node2_70_node3_0_node4_0,0.29948941779905225
Train_W_2Layers_input_size_40_node1_80_node2_20_node3_0_node4_0,0.2997027668132166
Test_W_1Layers_input_size_20_node1_30_node2_0_node3_0_node4_0,0.29985771580027804
Train_W_2Layers_input_size_90_node1_60_node2_70_node3_0_node4_0,0.2998943878082457
Test_W_2Layers_input_size_100_node1_100_node2_20_node3_0_node4_0,0.3000186442502443
Train_W_1Layers_input_size_20_node1_30_node2_0_node3_0_node4_0,0.3003758633958756
Train_W_2Layers_input_size_80_node1_30_node2_10_node3_0_node4_0,0.3013109769088335
Test_W_2Layers_input_size_85_node1_30_node2_70_node3_0_node4_0,0.3016358656904214
Test_W_1Layers_input_size_65_node1_70_node2_0_node3_0_node4_0,0.30164814162849285
Test_W_2Layers_input_size_50_node1_40_node2_80_node3_0_node4_0,0.3017457509022156
Test_W_2Layers_input_size_85_node1_40_node2_70_node3_0_node4_0,0.3021603217620414
Test_W_2Layers_input_size_45_node1_90_node2_60_node3_0_node4_0,0.3023516666253183
Test_W_2Layers_input_size_65_node1_70_node2_50_node3_0_node4_0,0.3024280967653815
Train_W_2Layers_input_size_85_node1_80_node2_30_node3_0_node4_0,0.3025251588526404
Train_W_2Layers_input_size_85_node1_80_node2_10_node3_0_node4_0,0.30302741111880016
Train_W_2Layers_input_size_50_node1_40_node2_80_node3_0_node4_0,0.30326378584846586
Test_W_1Layers_input_size_60_node1_90_node2_0_node3_0_node4_0,0.303281732231594
Test_W_2Layers_input_size_95_node1_40_node2_80_node3_0_node4_0,0.3033067153663605
Test_W_2Layers_input_size_20_node1_60_node2_70_node3_0_node4_0,0.3039641964934998
Train_W_2Layers_input_size_85_node1_30_node2_70_node3_0_node4_0,0.30400217449750067
Train_W_2Layers_input_size_85_node1_30_node2_20_node3_0_node4_0,0.30415223862556157
Train_W_1Layers_input_size_85_node1_10_node2_0_node3_0_node4_0,0.30419070750862115
Train_W_2Layers_input_size_95_node1_100_node2_20_node3_0_node4_0,0.3044282470476388
Train_W_2Layers_input_size_40_node1_30_node2_10_node3_0_node4_0,0.3044361153408413
Test_W_2Layers_input_size_85_node1_10_node2_90_node3_0_node4_0,0.3044728843731668
Train_W_2Layers_input_size_45_node1_90_node2_60_node3_0_node4_0,0.304501378848645
Train_W_1Layers_input_size_10_node1_100_node2_0_node3_0_node4_0,0.304607307444676
Train_W_2Layers_input_size_15_node1_90_node2_100_node3_0_node4_0,0.30497075632480813
Train_W_2Layers_input_size_85_node1_60_node2_40_node3_0_node4_0,0.3050485818896543
Train_W_2Layers_input_size_85_node1_70_node2_90_node3_0_node4_0,0.3050666308710465
Train_W_2Layers_input_size_15_node1_10_node2_50_node3_0_node4_0,0.30540699249149217
Train_W_2Layers_input_size_85_node1_40_node2_30_node3_0_node4_0,0.30550527866426297
Test_W_2Layers_input_size_50_node1_40_node2_30_node3_0_node4_0,0.3056167955994059
Train_W_2Layers_input_size_95_node1_40_node2_80_node3_0_node4_0,0.30573342605734427
Test_W_2Layers_input_size_80_node1_70_node2_30_node3_0_node4_0,0.3058939912970009
Test_W_2Layers_input_size_65_node1_70_node2_90_node3_0_node4_0,0.306031515075575
Train_W_1Layers_input_size_65_node1_70_node2_0_node3_0_node4_0,0.30605616420056087
Train_W_2Layers_input_size_20_node1_30_node2_50_node3_0_node4_0,0.30629354624707106
Test_W_2Layers_input_size_85_node1_80_node2_50_node3_0_node4_0,0.30676919222113724
Train_W_1Layers_input_size_60_node1_90_node2_0_node3_0_node4_0,0.30677554327172374
Train_W_2Layers_input_size_25_node1_50_node2_60_node3_0_node4_0,0.3068196934043049
Test_W_2Layers_input_size_25_node1_50_node2_60_node3_0_node4_0,0.3069862556005768
Train_W_2Layers_input_size_20_node1_100_node2_90_node3_0_node4_0,0.3074527846117981
Test_W_2Layers_input_size_15_node1_10_node2_50_node3_0_node4_0,0.30758200550223364
Train_W_2Layers_input_size_85_node1_10_node2_100_node3_0_node4_0,0.307671993156985
Test_W_2Layers_input_size_80_node1_90_node2_40_node3_0_node4_0,0.30800826629624595
Train_W_2Layers_input_size_80_node1_70_node2_30_node3_0_node4_0,0.3080790125979229
Train_W_2Layers_input_size_20_node1_30_node2_30_node3_0_node4_0,0.30843164314730875
Train_W_2Layers_input_size_85_node1_10_node2_10_node3_0_node4_0,0.30852361678869084
Train_W_2Layers_input_size_80_node1_40_node2_80_node3_0_node4_0,0.3088276495762202
Train_W_2Layers_input_size_95_node1_90_node2_30_node3_0_node4_0,0.30893088889374976
Train_W_2Layers_input_size_50_node1_20_node2_100_node3_0_node4_0,0.3091144153087816
Test_W_2Layers_input_size_20_node1_30_node2_30_node3_0_node4_0,0.3094232613075414
Train_W_2Layers_input_size_85_node1_60_node2_90_node3_0_node4_0,0.30970103154418654
Train_W_2Layers_input_size_20_node1_90_node2_90_node3_0_node4_0,0.310619057957328
Train_W_2Layers_input_size_85_node1_80_node2_50_node3_0_node4_0,0.3107827208701377
Train_W_2Layers_input_size_15_node1_100_node2_30_node3_0_node4_0,0.31093689281078457
Train_W_1Layers_input_size_30_node1_90_node2_0_node3_0_node4_0,0.31120557921910386
Train_W_2Layers_input_size_25_node1_100_node2_90_node3_0_node4_0,0.31167524698672516
Test_W_2Layers_input_size_85_node1_70_node2_20_node3_0_node4_0,0.31225837664749
Test_W_2Layers_input_size_25_node1_100_node2_90_node3_0_node4_0,0.31287789146239436
Train_W_2Layers_input_size_100_node1_100_node2_20_node3_0_node4_0,0.31294397763632925
Test_W_2Layers_input_size_35_node1_90_node2_30_node3_0_node4_0,0.31356443082774976
Train_W_2Layers_input_size_35_node1_90_node2_30_node3_0_node4_0,0.3138485065590886
Train_W_2Layers_input_size_65_node1_70_node2_50_node3_0_node4_0,0.3143220948358942
Train_W_2Layers_input_size_85_node1_40_node2_70_node3_0_node4_0,0.31436021984310475
Test_W_2Layers_input_size_20_node1_100_node2_10_node3_0_node4_0,0.3151473325792604
Test_W_2Layers_input_size_85_node1_60_node2_70_node3_0_node4_0,0.3154283765641598
Train_W_2Layers_input_size_85_node1_70_node2_20_node3_0_node4_0,0.31543034887096877
Test_W_2Layers_input_size_80_node1_30_node2_80_node3_0_node4_0,0.3155746127029142
Test_W_2Layers_input_size_30_node1_100_node2_50_node3_0_node4_0,0.3156433680826692
Train_W_2Layers_input_size_30_node1_100_node2_50_node3_0_node4_0,0.31566231006635787
Test_W_2Layers_input_size_85_node1_100_node2_70_node3_0_node4_0,0.31600689115585434
Test_W_2Layers_input_size_75_node1_30_node2_90_node3_0_node4_0,0.31630453193697095
Test_W_1Layers_input_size_15_node1_100_node2_0_node3_0_node4_0,0.31645390657932926
Test_W_2Layers_input_size_60_node1_10_node2_20_node3_0_node4_0,0.31646553708571273
Train_W_2Layers_input_size_5_node1_70_node2_30_node3_0_node4_0,0.3167032449179943
Test_W_2Layers_input_size_80_node1_30_node2_30_node3_0_node4_0,0.31725471846060405
Train_W_2Layers_input_size_20_node1_100_node2_10_node3_0_node4_0,0.3174260036717327
Test_W_2Layers_input_size_50_node1_50_node2_70_node3_0_node4_0,0.31757513234885654
Test_W_2Layers_input_size_95_node1_60_node2_100_node3_0_node4_0,0.31760248651474027
Train_W_2Layers_input_size_50_node1_50_node2_70_node3_0_node4_0,0.3179810270896388
Train_W_2Layers_input_size_75_node1_30_node2_90_node3_0_node4_0,0.3180111695095905
Train_W_2Layers_input_size_85_node1_10_node2_90_node3_0_node4_0,0.31804461218587204
Test_W_1Layers_input_size_85_node1_60_node2_0_node3_0_node4_0,0.31823455376235377
Test_W_1Layers_input_size_85_node1_80_node2_0_node3_0_node4_0,0.3183598898666993
Train_W_2Layers_input_size_80_node1_90_node2_40_node3_0_node4_0,0.318747254902108
Test_W_2Layers_input_size_25_node1_90_node2_20_node3_0_node4_0,0.3191288034217665
Train_W_2Layers_input_size_65_node1_70_node2_90_node3_0_node4_0,0.31914135198615395
Test_W_1Layers_input_size_75_node1_80_node2_0_node3_0_node4_0,0.31926616874801234
Test_W_2Layers_input_size_55_node1_90_node2_20_node3_0_node4_0,0.319355232052508
Test_W_1Layers_input_size_40_node1_70_node2_0_node3_0_node4_0,0.3195816401362586
Test_W_2Layers_input_size_50_node1_30_node2_90_node3_0_node4_0,0.3196098949024389
Train_W_2Layers_input_size_50_node1_40_node2_30_node3_0_node4_0,0.32005403138890365
Train_W_2Layers_input_size_55_node1_90_node2_20_node3_0_node4_0,0.3202607531733701
Train_W_2Layers_input_size_20_node1_60_node2_70_node3_0_node4_0,0.3210526033940233
Test_W_2Layers_input_size_5_node1_70_node2_30_node3_0_node4_0,0.3211489896756321
Test_W_2Layers_input_size_85_node1_90_node2_80_node3_0_node4_0,0.3215427614498808
Train_W_2Layers_input_size_25_node1_90_node2_20_node3_0_node4_0,0.3217640759709536
Test_W_2Layers_input_size_95_node1_70_node2_50_node3_0_node4_0,0.32182103324981487
Train_W_1Layers_input_size_40_node1_70_node2_0_node3_0_node4_0,0.3220884934493568
Train_W_1Layers_input_size_85_node1_60_node2_0_node3_0_node4_0,0.32324382401250906
Train_W_2Layers_input_size_95_node1_70_node2_50_node3_0_node4_0,0.3238753372950327
Test_W_2Layers_input_size_90_node1_70_node2_30_node3_0_node4_0,0.3244298913850189
Test_W_2Layers_input_size_50_node1_60_node2_80_node3_0_node4_0,0.3257749277869033
Train_W_2Layers_input_size_60_node1_10_node2_20_node3_0_node4_0,0.32653861072533763
Train_W_2Layers_input_size_85_node1_100_node2_70_node3_0_node4_0,0.3270261393592898
Test_W_2Layers_input_size_90_node1_100_node2_60_node3_0_node4_0,0.3271589249025941
Train_W_2Layers_input_size_15_node1_90_node2_50_node3_0_node4_0,0.327290905349173
Train_W_2Layers_input_size_85_node1_60_node2_70_node3_0_node4_0,0.3281052674309307
Train_W_1Layers_input_size_85_node1_80_node2_0_node3_0_node4_0,0.3281652221550219
Test_W_2Layers_input_size_85_node1_80_node2_80_node3_0_node4_0,0.32837486971143587
Train_W_2Layers_input_size_95_node1_60_node2_100_node3_0_node4_0,0.3284529908625791
Train_W_2Layers_input_size_20_node1_70_node2_40_node3_0_node4_0,0.3289583047190761
Train_W_2Layers_input_size_80_node1_30_node2_30_node3_0_node4_0,0.3290408952980199
Test_W_1Layers_input_size_100_node1_100_node2_0_node3_0_node4_0,0.32922355360483496
Test_W_2Layers_input_size_85_node1_50_node2_90_node3_0_node4_0,0.3296691347042022
Train_W_2Layers_input_size_80_node1_30_node2_80_node3_0_node4_0,0.3299162766968273
Train_W_2Layers_input_size_15_node1_80_node2_100_node3_0_node4_0,0.3300092275369766
Train_W_1Layers_input_size_75_node1_80_node2_0_node3_0_node4_0,0.3302611345901872
Test_W_2Layers_input_size_15_node1_90_node2_50_node3_0_node4_0,0.3303955853861765
Train_W_2Layers_input_size_90_node1_100_node2_60_node3_0_node4_0,0.33058708498130324
Train_W_2Layers_input_size_85_node1_50_node2_90_node3_0_node4_0,0.33069879537587354
Test_W_1Layers_input_size_95_node1_50_node2_0_node3_0_node4_0,0.3316026838905803
Test_W_2Layers_input_size_20_node1_70_node2_40_node3_0_node4_0,0.3318723522770323
Train_W_1Layers_input_size_15_node1_100_node2_0_node3_0_node4_0,0.3331477299176788
Test_W_1Layers_input_size_85_node1_70_node2_0_node3_0_node4_0,0.3332687764934267
Test_W_2Layers_input_size_15_node1_80_node2_100_node3_0_node4_0,0.33335825583549683
Train_W_2Layers_input_size_50_node1_30_node2_90_node3_0_node4_0,0.3335241973340025
Train_W_2Layers_input_size_85_node1_90_node2_80_node3_0_node4_0,0.3336777311117986
Test_W_2Layers_input_size_80_node1_90_node2_20_node3_0_node4_0,0.33373570247271656
Train_W_1Layers_input_size_100_node1_100_node2_0_node3_0_node4_0,0.3340875232092357
Test_W_2Layers_input_size_80_node1_70_node2_70_node3_0_node4_0,0.3341319667112695
Train_W_2Layers_input_size_90_node1_70_node2_30_node3_0_node4_0,0.3349887958652859
Train_W_2Layers_input_size_80_node1_70_node2_70_node3_0_node4_0,0.33680390478278
Test_W_2Layers_input_size_85_node1_80_node2_60_node3_0_node4_0,0.33699274664651496
Test_W_2Layers_input_size_75_node1_60_node2_40_node3_0_node4_0,0.33753844192354243
Test_W_2Layers_input_size_85_node1_90_node2_70_node3_0_node4_0,0.3380441482254124
Test_W_2Layers_input_size_50_node1_100_node2_60_node3_0_node4_0,0.33819846093867
Train_W_2Layers_input_size_85_node1_80_node2_60_node3_0_node4_0,0.3391370990097984
Train_W_2Layers_input_size_50_node1_100_node2_60_node3_0_node4_0,0.3393062089254982
Test_W_1Layers_input_size_40_node1_80_node2_0_node3_0_node4_0,0.33944339848006205
Train_W_2Layers_input_size_50_node1_60_node2_80_node3_0_node4_0,0.3398901918620949
Train_W_2Layers_input_size_75_node1_60_node2_40_node3_0_node4_0,0.3404319977586174
Train_W_1Layers_input_size_40_node1_80_node2_0_node3_0_node4_0,0.3405040158638547
Train_W_2Layers_input_size_45_node1_90_node2_70_node3_0_node4_0,0.3408878008198352
Test_W_2Layers_input_size_45_node1_90_node2_70_node3_0_node4_0,0.3422835890098749
Train_W_2Layers_input_size_85_node1_80_node2_80_node3_0_node4_0,0.3424084777265187
Train_W_1Layers_input_size_95_node1_50_node2_0_node3_0_node4_0,0.34302772154013733
Test_W_2Layers_input_size_70_node1_40_node2_100_node3_0_node4_0,0.3438172924759703
Train_W_2Layers_input_size_70_node1_40_node2_100_node3_0_node4_0,0.34401622130092846
Train_W_2Layers_input_size_80_node1_90_node2_20_node3_0_node4_0,0.3443479430928896
Train_W_1Layers_input_size_85_node1_70_node2_0_node3_0_node4_0,0.3444046700568304
Train_W_2Layers_input_size_20_node1_10_node2_100_node3_0_node4_0,0.34569693953158304
Test_W_2Layers_input_size_85_node1_80_node2_90_node3_0_node4_0,0.3458150370001656
Train_W_2Layers_input_size_85_node1_90_node2_70_node3_0_node4_0,0.3500789068034968
Test_W_2Layers_input_size_80_node1_70_node2_60_node3_0_node4_0,0.3505907403728509
Test_W_2Layers_input_size_85_node1_40_node2_80_node3_0_node4_0,0.35115509799348377
Test_W_2Layers_input_size_20_node1_10_node2_100_node3_0_node4_0,0.35156290266225854
Train_W_2Layers_input_size_85_node1_40_node2_80_node3_0_node4_0,0.35275314889417525
Train_W_2Layers_input_size_80_node1_70_node2_60_node3_0_node4_0,0.3534616671528673
Test_W_2Layers_input_size_75_node1_20_node2_60_node3_0_node4_0,0.35375016161911577
Test_W_2Layers_input_size_85_node1_50_node2_40_node3_0_node4_0,0.3564987769594119
Test_W_2Layers_input_size_85_node1_50_node2_70_node3_0_node4_0,0.35710079592570937
Train_W_2Layers_input_size_85_node1_80_node2_90_node3_0_node4_0,0.3573307692518215
Train_W_2Layers_input_size_85_node1_50_node2_40_node3_0_node4_0,0.35774801830993125
Test_W_2Layers_input_size_80_node1_80_node2_50_node3_0_node4_0,0.35950562963998717
Train_W_2Layers_input_size_85_node1_50_node2_70_node3_0_node4_0,0.35951837499212447
Test_W_1Layers_input_size_85_node1_20_node2_0_node3_0_node4_0,0.36151683106818705
Test_W_2Layers_input_size_85_node1_50_node2_100_node3_0_node4_0,0.3638721705293609
Test_W_2Layers_input_size_80_node1_80_node2_80_node3_0_node4_0,0.36407685067376305
Train_W_2Layers_input_size_80_node1_80_node2_80_node3_0_node4_0,0.36472995625330895
Test_W_2Layers_input_size_85_node1_50_node2_10_node3_0_node4_0,0.36557062755490677
Train_W_1Layers_input_size_85_node1_20_node2_0_node3_0_node4_0,0.36592457065170064
Train_W_2Layers_input_size_75_node1_20_node2_60_node3_0_node4_0,0.3667776376962868
Train_W_2Layers_input_size_80_node1_80_node2_50_node3_0_node4_0,0.37029908071419804
Train_W_2Layers_input_size_85_node1_20_node2_100_node3_0_node4_0,0.3706559861724715
Test_W_2Layers_input_size_85_node1_20_node2_100_node3_0_node4_0,0.37075989412132965
Test_W_2Layers_input_size_50_node1_70_node2_60_node3_0_node4_0,0.3712567222513221
Train_W_2Layers_input_size_50_node1_70_node2_60_node3_0_node4_0,0.3718365112390028
Test_W_2Layers_input_size_75_node1_100_node2_20_node3_0_node4_0,0.3759009941749081
Train_W_2Layers_input_size_85_node1_50_node2_100_node3_0_node4_0,0.3764594012113173
Test_W_2Layers_input_size_20_node1_80_node2_60_node3_0_node4_0,0.37663837000945877
Train_W_2Layers_input_size_75_node1_100_node2_20_node3_0_node4_0,0.37673890742227606
Test_W_2Layers_input_size_85_node1_50_node2_80_node3_0_node4_0,0.38065614413172333
Train_W_2Layers_input_size_85_node1_50_node2_80_node3_0_node4_0,0.3819358090185512
Test_W_2Layers_input_size_85_node1_40_node2_50_node3_0_node4_0,0.382038657773831
Test_W_1Layers_input_size_75_node1_30_node2_0_node3_0_node4_0,0.3847207561220924
Train_W_2Layers_input_size_85_node1_50_node2_10_node3_0_node4_0,0.38518311753101836
Train_W_2Layers_input_size_85_node1_20_node2_90_node3_0_node4_0,0.38860899450128505
Train_W_2Layers_input_size_20_node1_40_node2_80_node3_0_node4_0,0.38876523760772497
Train_W_2Layers_input_size_45_node1_50_node2_100_node3_0_node4_0,0.3890892739639385
Train_W_1Layers_input_size_75_node1_30_node2_0_node3_0_node4_0,0.389173902319081
Test_W_2Layers_input_size_85_node1_20_node2_90_node3_0_node4_0,0.3899042728511831
Train_W_2Layers_input_size_85_node1_90_node2_90_node3_0_node4_0,0.39164039248070165
Test_W_1Layers_input_size_80_node1_80_node2_0_node3_0_node4_0,0.3919732477452704
Test_W_2Layers_input_size_85_node1_90_node2_90_node3_0_node4_0,0.3925225517451705
Test_W_2Layers_input_size_45_node1_50_node2_100_node3_0_node4_0,0.3927286912648334
Train_W_2Layers_input_size_20_node1_80_node2_60_node3_0_node4_0,0.39303298713352963
Test_W_2Layers_input_size_85_node1_100_node2_100_node3_0_node4_0,0.3931232861419338
Test_W_2Layers_input_size_20_node1_40_node2_80_node3_0_node4_0,0.39350192187202265
Train_W_2Layers_input_size_85_node1_40_node2_50_node3_0_node4_0,0.39367145860047753
Train_W_1Layers_input_size_80_node1_80_node2_0_node3_0_node4_0,0.3942388640846629
Test_W_2Layers_input_size_85_node1_30_node2_50_node3_0_node4_0,0.39605511132659793
Train_W_2Layers_input_size_85_node1_20_node2_30_node3_0_node4_0,0.3966931887817211
Train_W_2Layers_input_size_85_node1_30_node2_50_node3_0_node4_0,0.3972272256092963
Test_W_2Layers_input_size_85_node1_20_node2_30_node3_0_node4_0,0.397726340571463
Test_W_2Layers_input_size_85_node1_90_node2_40_node3_0_node4_0,0.40335214041310685
Train_W_2Layers_input_size_85_node1_100_node2_100_node3_0_node4_0,0.4049055888959665
Train_W_2Layers_input_size_20_node1_90_node2_50_node3_0_node4_0,0.4092026296661617
Test_W_1Layers_input_size_40_node1_60_node2_0_node3_0_node4_0,0.41109105711359073
Train_W_1Layers_input_size_40_node1_60_node2_0_node3_0_node4_0,0.4111978837299716
Test_W_2Layers_input_size_20_node1_90_node2_50_node3_0_node4_0,0.41444956484028644
Train_W_2Layers_input_size_85_node1_90_node2_40_node3_0_node4_0,0.41448267724384075
Test_W_2Layers_input_size_85_node1_90_node2_10_node3_0_node4_0,0.41559879033905783
Train_W_2Layers_input_size_85_node1_90_node2_10_node3_0_node4_0,0.41677185955968454
Test_W_2Layers_input_size_85_node1_80_node2_40_node3_0_node4_0,0.4284140703846954
Train_W_2Layers_input_size_85_node1_80_node2_40_node3_0_node4_0,0.4403756694274284
Train_W_2Layers_input_size_50_node1_100_node2_80_node3_0_node4_0,0.44146959306052214
Test_W_2Layers_input_size_50_node1_100_node2_80_node3_0_node4_0,0.4443119922934999
Train_W_2Layers_input_size_85_node1_80_node2_100_node3_0_node4_0,0.48027721712254856
Test_W_2Layers_input_size_85_node1_10_node2_40_node3_0_node4_0,0.48087095468245994
Train_W_2Layers_input_size_85_node1_10_node2_40_node3_0_node4_0,0.48143451051800323
Test_W_2Layers_input_size_85_node1_80_node2_100_node3_0_node4_0,0.4814600603734856
Train_W_2Layers_input_size_85_node1_30_node2_90_node3_0_node4_0,0.5067908941403801
Test_W_2Layers_input_size_85_node1_30_node2_90_node3_0_node4_0,0.5089300915688205
Train_W_2Layers_input_size_85_node1_60_node2_10_node3_0_node4_0,0.5381822724828835
Test_W_2Layers_input_size_85_node1_60_node2_10_node3_0_node4_0,0.5384517748374569
Test_W_2Layers_input_size_85_node1_70_node2_30_node3_0_node4_0,0.5818469120461958
Train_W_2Layers_input_size_85_node1_70_node2_30_node3_0_node4_0,0.5825827884781566
