Train_W_3Layers_input_size_10_node1_40_node2_90_node3_100_node4_0,0.1853043627761639
Train_W_3Layers_input_size_10_node1_40_node2_80_node3_30_node4_0,0.18547648048198215
Train_W_3Layers_input_size_15_node1_60_node2_90_node3_100_node4_0,0.18569701294234975
Train_W_2Layers_input_size_10_node1_80_node2_70_node3_0_node4_0,0.18582072878829647
Train_W_3Layers_input_size_10_node1_30_node2_60_node3_80_node4_0,0.18583358898451743
Train_W_3Layers_input_size_10_node1_50_node2_60_node3_90_node4_0,0.18585202071466814
Train_W_3Layers_input_size_5_node1_60_node2_60_node3_60_node4_0,0.1859177446689612
Train_W_3Layers_input_size_10_node1_50_node2_80_node3_90_node4_0,0.18591949792476117
Train_W_2Layers_input_size_10_node1_70_node2_80_node3_0_node4_0,0.18592468746503213
Train_W_3Layers_input_size_10_node1_60_node2_100_node3_60_node4_0,0.18592598983657094
Train_W_3Layers_input_size_15_node1_80_node2_100_node3_40_node4_0,0.1859825740804893
Train_W_3Layers_input_size_5_node1_50_node2_80_node3_40_node4_0,0.18598890355360806
Train_W_3Layers_input_size_10_node1_30_node2_100_node3_60_node4_0,0.18601171591158772
Train_W_3Layers_input_size_10_node1_70_node2_30_node3_100_node4_0,0.18603136153869002
Train_W_3Layers_input_size_10_node1_50_node2_40_node3_60_node4_0,0.18606123653837575
Train_W_3Layers_input_size_5_node1_30_node2_100_node3_70_node4_0,0.1860617270730712
Train_W_3Layers_input_size_10_node1_80_node2_80_node3_100_node4_0,0.18606968556753492
Train_W_2Layers_input_size_10_node1_80_node2_90_node3_0_node4_0,0.18607986593781403
Train_W_3Layers_input_size_10_node1_100_node2_40_node3_100_node4_0,0.18609246800427096
Train_W_3Layers_input_size_15_node1_80_node2_30_node3_60_node4_0,0.18609666183076917
Train_W_3Layers_input_size_15_node1_90_node2_50_node3_80_node4_0,0.18609979462755752
Train_W_2Layers_input_size_15_node1_80_node2_100_node3_0_node4_0,0.18610038514884028
Train_W_3Layers_input_size_10_node1_80_node2_100_node3_60_node4_0,0.1861010457297497
Train_W_3Layers_input_size_15_node1_50_node2_40_node3_90_node4_0,0.18611739936409513
Train_W_3Layers_input_size_5_node1_90_node2_70_node3_100_node4_0,0.1861338716458811
Train_W_3Layers_input_size_10_node1_40_node2_80_node3_80_node4_0,0.18615133307461476
Train_W_3Layers_input_size_15_node1_70_node2_100_node3_100_node4_0,0.18620591824462662
Train_W_3Layers_input_size_10_node1_100_node2_100_node3_70_node4_0,0.18623165456297303
Train_W_3Layers_input_size_15_node1_90_node2_90_node3_30_node4_0,0.186244996438886
Train_W_3Layers_input_size_15_node1_80_node2_40_node3_70_node4_0,0.18624726666294572
Train_W_3Layers_input_size_15_node1_50_node2_80_node3_90_node4_0,0.18625497721735795
Train_W_3Layers_input_size_10_node1_60_node2_90_node3_80_node4_0,0.1862708473539061
Train_W_3Layers_input_size_5_node1_80_node2_90_node3_30_node4_0,0.1862761171002055
Train_W_3Layers_input_size_5_node1_80_node2_100_node3_90_node4_0,0.18636890820756502
Train_W_3Layers_input_size_5_node1_100_node2_80_node3_80_node4_0,0.18637842263213822
Train_W_3Layers_input_size_15_node1_100_node2_50_node3_60_node4_0,0.18638634761712192
Train_W_3Layers_input_size_5_node1_80_node2_60_node3_90_node4_0,0.18639322299315486
Train_W_3Layers_input_size_15_node1_50_node2_60_node3_90_node4_0,0.18642899483997774
Train_W_3Layers_input_size_10_node1_50_node2_40_node3_80_node4_0,0.18644908601501553
Train_W_3Layers_input_size_15_node1_90_node2_30_node3_90_node4_0,0.18647362008822502
Train_W_3Layers_input_size_15_node1_40_node2_90_node3_50_node4_0,0.1864772759481887
Train_W_3Layers_input_size_15_node1_90_node2_90_node3_90_node4_0,0.18648004276723446
Train_W_3Layers_input_size_15_node1_90_node2_80_node3_90_node4_0,0.18648442764185597
Train_W_3Layers_input_size_10_node1_50_node2_70_node3_70_node4_0,0.18650212590563006
Train_W_3Layers_input_size_10_node1_90_node2_80_node3_100_node4_0,0.18656406659118696
Train_W_3Layers_input_size_5_node1_90_node2_90_node3_80_node4_0,0.18656915833302423
Train_W_3Layers_input_size_10_node1_90_node2_80_node3_30_node4_0,0.18657315175880063
Train_W_3Layers_input_size_5_node1_30_node2_40_node3_70_node4_0,0.18657887219230762
Train_W_3Layers_input_size_10_node1_70_node2_50_node3_100_node4_0,0.18658708814510477
Train_W_3Layers_input_size_15_node1_50_node2_100_node3_70_node4_0,0.1865957629201115
Train_W_3Layers_input_size_15_node1_100_node2_60_node3_70_node4_0,0.18662093645106165
Train_W_3Layers_input_size_15_node1_40_node2_80_node3_40_node4_0,0.18662915055206897
Train_W_3Layers_input_size_10_node1_80_node2_50_node3_100_node4_0,0.1866385319505792
Train_W_3Layers_input_size_5_node1_70_node2_90_node3_100_node4_0,0.18664757357565026
Train_W_3Layers_input_size_5_node1_80_node2_50_node3_40_node4_0,0.18668030339019898
Train_W_3Layers_input_size_10_node1_30_node2_100_node3_70_node4_0,0.18670908691428972
Train_W_3Layers_input_size_15_node1_100_node2_70_node3_50_node4_0,0.18673081378989878
Train_W_3Layers_input_size_10_node1_50_node2_30_node3_80_node4_0,0.18676432687759373
Train_W_3Layers_input_size_15_node1_100_node2_80_node3_90_node4_0,0.18676681019743577
Train_W_3Layers_input_size_15_node1_40_node2_60_node3_60_node4_0,0.1867751375550938
Train_W_3Layers_input_size_5_node1_70_node2_80_node3_90_node4_0,0.18679107318772264
Train_W_3Layers_input_size_10_node1_30_node2_90_node3_80_node4_0,0.18679390516038236
Train_W_3Layers_input_size_10_node1_50_node2_100_node3_70_node4_0,0.18680497337409732
Train_W_3Layers_input_size_15_node1_70_node2_80_node3_40_node4_0,0.18680775528144028
Train_W_3Layers_input_size_5_node1_50_node2_60_node3_80_node4_0,0.18680871248729042
Train_W_3Layers_input_size_10_node1_70_node2_70_node3_100_node4_0,0.1868110955097166
Train_W_3Layers_input_size_5_node1_100_node2_100_node3_100_node4_0,0.1868340766554068
Train_W_3Layers_input_size_10_node1_100_node2_70_node3_80_node4_0,0.18683674846635073
Train_W_3Layers_input_size_10_node1_40_node2_100_node3_50_node4_0,0.18684484342148905
Train_W_3Layers_input_size_5_node1_100_node2_100_node3_70_node4_0,0.18684628891228758
Train_W_3Layers_input_size_5_node1_90_node2_100_node3_40_node4_0,0.18685651668630734
Train_W_3Layers_input_size_10_node1_90_node2_70_node3_60_node4_0,0.186865577667535
Train_W_3Layers_input_size_10_node1_60_node2_60_node3_100_node4_0,0.18687712006339133
Train_W_3Layers_input_size_15_node1_40_node2_70_node3_40_node4_0,0.18689295730302796
Train_W_3Layers_input_size_10_node1_30_node2_60_node3_40_node4_0,0.18690627190469072
Train_W_3Layers_input_size_10_node1_90_node2_50_node3_100_node4_0,0.18692247537237325
Train_W_3Layers_input_size_15_node1_90_node2_80_node3_100_node4_0,0.18692529538960195
Train_W_3Layers_input_size_15_node1_100_node2_60_node3_80_node4_0,0.18692848405041285
Train_W_3Layers_input_size_5_node1_60_node2_100_node3_80_node4_0,0.18693155308507278
Train_W_3Layers_input_size_10_node1_30_node2_70_node3_50_node4_0,0.1869333267249864
Train_W_3Layers_input_size_5_node1_100_node2_60_node3_70_node4_0,0.18693446264283248
Train_W_3Layers_input_size_5_node1_50_node2_100_node3_80_node4_0,0.1869365750331053
Train_W_3Layers_input_size_15_node1_50_node2_30_node3_60_node4_0,0.18693677431397432
Train_W_3Layers_input_size_10_node1_70_node2_70_node3_40_node4_0,0.18696030789073584
Train_W_3Layers_input_size_10_node1_60_node2_80_node3_80_node4_0,0.18698138795310695
Train_W_2Layers_input_size_10_node1_80_node2_60_node3_0_node4_0,0.18699277378466106
Train_W_3Layers_input_size_15_node1_70_node2_100_node3_60_node4_0,0.18699455680485688
Train_W_3Layers_input_size_5_node1_70_node2_90_node3_40_node4_0,0.1869949452818618
Train_W_3Layers_input_size_15_node1_100_node2_50_node3_90_node4_0,0.18702710638658832
Train_W_3Layers_input_size_10_node1_50_node2_90_node3_100_node4_0,0.1870327631411934
Train_W_3Layers_input_size_5_node1_60_node2_70_node3_90_node4_0,0.18703312166212832
Train_W_3Layers_input_size_15_node1_80_node2_30_node3_100_node4_0,0.18703607943361927
Train_W_3Layers_input_size_15_node1_40_node2_70_node3_80_node4_0,0.1870421442127172
Train_W_3Layers_input_size_15_node1_60_node2_90_node3_60_node4_0,0.1870551693789864
Train_W_2Layers_input_size_5_node1_90_node2_80_node3_0_node4_0,0.1870667598193455
Train_W_3Layers_input_size_10_node1_90_node2_40_node3_80_node4_0,0.18706775552814695
Train_W_3Layers_input_size_5_node1_80_node2_50_node3_70_node4_0,0.18707073266584964
Train_W_2Layers_input_size_15_node1_90_node2_80_node3_0_node4_0,0.18708030100498182
Train_W_3Layers_input_size_15_node1_90_node2_90_node3_50_node4_0,0.18710441383681328
Train_W_3Layers_input_size_15_node1_60_node2_80_node3_90_node4_0,0.18710691255291023
Train_W_3Layers_input_size_15_node1_70_node2_40_node3_70_node4_0,0.1871195649018342
Train_W_3Layers_input_size_5_node1_30_node2_80_node3_60_node4_0,0.18712179465278383
Train_W_3Layers_input_size_10_node1_40_node2_60_node3_100_node4_0,0.18712910088267315
Train_W_3Layers_input_size_10_node1_40_node2_70_node3_80_node4_0,0.18714874864718395
Train_W_3Layers_input_size_5_node1_40_node2_70_node3_70_node4_0,0.18715210269467297
Train_W_3Layers_input_size_10_node1_50_node2_90_node3_90_node4_0,0.18716521972751984
Train_W_3Layers_input_size_15_node1_40_node2_80_node3_100_node4_0,0.1871714395469761
Train_W_3Layers_input_size_5_node1_30_node2_70_node3_80_node4_0,0.18717760940366873
Train_W_3Layers_input_size_15_node1_80_node2_100_node3_50_node4_0,0.187190157468652
Train_W_3Layers_input_size_15_node1_30_node2_90_node3_60_node4_0,0.18719213761776463
Train_W_3Layers_input_size_5_node1_30_node2_70_node3_70_node4_0,0.18719387893761472
Train_W_3Layers_input_size_15_node1_70_node2_90_node3_80_node4_0,0.18719883414775582
Train_W_3Layers_input_size_10_node1_50_node2_70_node3_40_node4_0,0.18722103148133454
Train_W_3Layers_input_size_10_node1_60_node2_30_node3_40_node4_0,0.1872330692751577
Train_W_3Layers_input_size_5_node1_100_node2_60_node3_100_node4_0,0.18724078897363045
Train_W_3Layers_input_size_10_node1_70_node2_40_node3_30_node4_0,0.18724578273274256
Train_W_3Layers_input_size_10_node1_100_node2_70_node3_100_node4_0,0.1872514030393793
Train_W_3Layers_input_size_10_node1_40_node2_60_node3_80_node4_0,0.18725420815586558
Train_W_3Layers_input_size_10_node1_60_node2_50_node3_100_node4_0,0.18726034544503645
Train_W_3Layers_input_size_5_node1_80_node2_80_node3_100_node4_0,0.18727764216804793
Train_W_3Layers_input_size_15_node1_70_node2_60_node3_40_node4_0,0.18728808507440295
Train_W_3Layers_input_size_10_node1_90_node2_70_node3_80_node4_0,0.18729421130846688
Train_W_3Layers_input_size_10_node1_60_node2_70_node3_40_node4_0,0.18729846772973982
Train_W_3Layers_input_size_5_node1_80_node2_30_node3_50_node4_0,0.18729997933271042
Train_W_3Layers_input_size_10_node1_50_node2_90_node3_70_node4_0,0.18730061579346943
Train_W_3Layers_input_size_5_node1_100_node2_50_node3_100_node4_0,0.18730899897317924
Train_W_3Layers_input_size_15_node1_100_node2_40_node3_90_node4_0,0.18731583053967837
Train_W_3Layers_input_size_10_node1_70_node2_60_node3_60_node4_0,0.1873172226769639
Train_W_3Layers_input_size_10_node1_80_node2_90_node3_50_node4_0,0.18732409371729927
Train_W_3Layers_input_size_10_node1_60_node2_40_node3_50_node4_0,0.18732678836909153
Train_W_3Layers_input_size_10_node1_70_node2_70_node3_90_node4_0,0.18732752417133072
Train_W_3Layers_input_size_10_node1_30_node2_50_node3_100_node4_0,0.18733215767037856
Train_W_3Layers_input_size_5_node1_60_node2_50_node3_70_node4_0,0.18733333094165275
Train_W_3Layers_input_size_15_node1_100_node2_80_node3_50_node4_0,0.18735104843316638
Train_W_3Layers_input_size_15_node1_90_node2_100_node3_80_node4_0,0.18735195315348013
Train_W_3Layers_input_size_5_node1_40_node2_40_node3_90_node4_0,0.18735222158613937
Train_W_3Layers_input_size_5_node1_30_node2_70_node3_90_node4_0,0.1873528678113342
Train_W_3Layers_input_size_5_node1_100_node2_100_node3_80_node4_0,0.18736809819675418
Train_W_3Layers_input_size_10_node1_50_node2_100_node3_80_node4_0,0.1873691221273379
Train_W_3Layers_input_size_5_node1_30_node2_30_node3_30_node4_0,0.18737910267217342
Train_W_3Layers_input_size_15_node1_60_node2_80_node3_50_node4_0,0.1873828899708632
Train_W_3Layers_input_size_10_node1_90_node2_90_node3_100_node4_0,0.18738898328553252
Train_W_3Layers_input_size_5_node1_60_node2_90_node3_70_node4_0,0.18738913238536556
Train_W_3Layers_input_size_10_node1_90_node2_60_node3_50_node4_0,0.18739099115332591
Train_W_3Layers_input_size_5_node1_70_node2_70_node3_40_node4_0,0.187393943276309
Train_W_3Layers_input_size_5_node1_50_node2_80_node3_100_node4_0,0.18740860380418703
Train_W_3Layers_input_size_5_node1_70_node2_70_node3_50_node4_0,0.1874088323999475
Train_W_3Layers_input_size_10_node1_30_node2_50_node3_80_node4_0,0.18741083011624915
Train_W_3Layers_input_size_5_node1_40_node2_40_node3_100_node4_0,0.1874171511081401
Train_W_3Layers_input_size_15_node1_70_node2_40_node3_40_node4_0,0.18742804338641147
Train_W_3Layers_input_size_5_node1_50_node2_100_node3_90_node4_0,0.18743209801445512
Train_W_3Layers_input_size_5_node1_50_node2_60_node3_60_node4_0,0.18744792811217137
Train_W_3Layers_input_size_5_node1_70_node2_70_node3_30_node4_0,0.18745478442507596
Train_W_3Layers_input_size_5_node1_90_node2_100_node3_50_node4_0,0.18745962343989453
Train_W_3Layers_input_size_15_node1_40_node2_30_node3_30_node4_0,0.18746132253045716
Train_W_3Layers_input_size_15_node1_50_node2_90_node3_70_node4_0,0.18746231614353306
Train_W_3Layers_input_size_5_node1_40_node2_30_node3_50_node4_0,0.1874708411272911
Train_W_3Layers_input_size_10_node1_90_node2_40_node3_70_node4_0,0.18748289268652232
Train_W_3Layers_input_size_15_node1_60_node2_90_node3_90_node4_0,0.1875203240823529
Train_W_3Layers_input_size_15_node1_40_node2_70_node3_90_node4_0,0.18752153590819126
Train_W_3Layers_input_size_5_node1_50_node2_40_node3_90_node4_0,0.1875275750546264
Train_W_3Layers_input_size_5_node1_70_node2_90_node3_80_node4_0,0.18754106310377427
Train_W_3Layers_input_size_5_node1_90_node2_100_node3_90_node4_0,0.18754131140191832
Train_W_3Layers_input_size_10_node1_80_node2_30_node3_40_node4_0,0.1875519183916551
Train_W_3Layers_input_size_5_node1_60_node2_90_node3_100_node4_0,0.18755376561505124
Train_W_2Layers_input_size_15_node1_40_node2_70_node3_0_node4_0,0.18755555323327353
Train_W_3Layers_input_size_10_node1_40_node2_100_node3_80_node4_0,0.18756028040824999
Train_W_3Layers_input_size_15_node1_50_node2_60_node3_50_node4_0,0.18756907899231634
Train_W_3Layers_input_size_5_node1_80_node2_80_node3_40_node4_0,0.1875877373777311
Train_W_3Layers_input_size_5_node1_40_node2_70_node3_40_node4_0,0.187593963046559
Train_W_3Layers_input_size_15_node1_60_node2_100_node3_50_node4_0,0.18759447936069246
Train_W_3Layers_input_size_15_node1_90_node2_100_node3_30_node4_0,0.18759471765904398
Train_W_3Layers_input_size_10_node1_100_node2_30_node3_40_node4_0,0.1875977162207647
Train_W_2Layers_input_size_5_node1_50_node2_100_node3_0_node4_0,0.1876052322724569
Train_W_3Layers_input_size_10_node1_70_node2_80_node3_70_node4_0,0.1876112985093778
Train_W_3Layers_input_size_10_node1_40_node2_60_node3_30_node4_0,0.18761455493535878
Train_W_3Layers_input_size_10_node1_100_node2_80_node3_50_node4_0,0.18761557752088046
Train_W_3Layers_input_size_10_node1_80_node2_30_node3_100_node4_0,0.18761647103764734
Train_W_3Layers_input_size_5_node1_80_node2_30_node3_90_node4_0,0.18761863531617914
Train_W_3Layers_input_size_5_node1_80_node2_100_node3_60_node4_0,0.18762371829419178
Train_W_3Layers_input_size_10_node1_100_node2_30_node3_30_node4_0,0.1876238274972865
Train_W_3Layers_input_size_5_node1_90_node2_80_node3_60_node4_0,0.18763037956665896
Train_W_3Layers_input_size_5_node1_50_node2_60_node3_40_node4_0,0.18763263302854932
Train_W_3Layers_input_size_15_node1_30_node2_50_node3_60_node4_0,0.18764451537338767
Train_W_3Layers_input_size_10_node1_100_node2_80_node3_40_node4_0,0.18765518601089703
Train_W_3Layers_input_size_5_node1_30_node2_80_node3_90_node4_0,0.18767328996500476
Train_W_3Layers_input_size_15_node1_80_node2_30_node3_80_node4_0,0.1876746596009966
Train_W_2Layers_input_size_5_node1_60_node2_90_node3_0_node4_0,0.18767514591861803
Train_W_3Layers_input_size_15_node1_40_node2_70_node3_60_node4_0,0.1876918784471448
Train_W_3Layers_input_size_15_node1_80_node2_30_node3_50_node4_0,0.18769622508768924
Train_W_3Layers_input_size_5_node1_40_node2_70_node3_50_node4_0,0.18770191129423675
Train_W_3Layers_input_size_10_node1_30_node2_100_node3_90_node4_0,0.1877145830755316
Train_W_3Layers_input_size_15_node1_30_node2_40_node3_40_node4_0,0.18771864143699935
Train_W_3Layers_input_size_15_node1_60_node2_60_node3_80_node4_0,0.18772353318396143
Train_W_3Layers_input_size_5_node1_80_node2_70_node3_100_node4_0,0.18772891098179748
Train_W_3Layers_input_size_10_node1_100_node2_100_node3_50_node4_0,0.18773135177648154
Train_W_3Layers_input_size_15_node1_50_node2_50_node3_30_node4_0,0.18773670950718782
Train_W_3Layers_input_size_5_node1_80_node2_100_node3_80_node4_0,0.18773856483384557
Train_W_3Layers_input_size_15_node1_50_node2_70_node3_100_node4_0,0.1877395470581827
Train_W_3Layers_input_size_15_node1_50_node2_30_node3_80_node4_0,0.18774197779328605
Train_W_3Layers_input_size_10_node1_40_node2_60_node3_60_node4_0,0.1877450632933328
Train_W_3Layers_input_size_5_node1_90_node2_60_node3_90_node4_0,0.18774527163716748
Train_W_3Layers_input_size_10_node1_30_node2_100_node3_100_node4_0,0.18775199804246068
Train_W_3Layers_input_size_5_node1_90_node2_70_node3_90_node4_0,0.18775340678709013
Train_W_2Layers_input_size_10_node1_40_node2_70_node3_0_node4_0,0.18776337682548344
Train_W_3Layers_input_size_15_node1_80_node2_30_node3_90_node4_0,0.18776882292138478
Train_W_3Layers_input_size_10_node1_70_node2_100_node3_30_node4_0,0.1877746854819593
Train_W_3Layers_input_size_15_node1_80_node2_40_node3_50_node4_0,0.18777815730125055
Train_W_3Layers_input_size_10_node1_80_node2_80_node3_40_node4_0,0.18778374183589813
Train_W_3Layers_input_size_15_node1_50_node2_50_node3_80_node4_0,0.18779711230264848
Train_W_3Layers_input_size_5_node1_40_node2_100_node3_80_node4_0,0.1877973503438766
Train_W_3Layers_input_size_5_node1_70_node2_90_node3_50_node4_0,0.18779811405744656
Train_W_3Layers_input_size_10_node1_50_node2_60_node3_100_node4_0,0.18781192979392833
Train_W_3Layers_input_size_10_node1_60_node2_50_node3_70_node4_0,0.1878201314768901
Train_W_3Layers_input_size_15_node1_60_node2_80_node3_70_node4_0,0.18782121244587582
Train_W_3Layers_input_size_5_node1_70_node2_50_node3_60_node4_0,0.1878233148631503
Train_W_3Layers_input_size_15_node1_40_node2_60_node3_100_node4_0,0.1878269444526832
Train_W_3Layers_input_size_5_node1_60_node2_80_node3_30_node4_0,0.18783273578363713
Train_W_3Layers_input_size_5_node1_100_node2_80_node3_70_node4_0,0.18783292419722722
Train_W_2Layers_input_size_15_node1_30_node2_80_node3_0_node4_0,0.18785333124519124
Train_W_3Layers_input_size_15_node1_70_node2_90_node3_100_node4_0,0.18785346014563964
Train_W_3Layers_input_size_5_node1_40_node2_30_node3_90_node4_0,0.18785990505529226
Train_W_3Layers_input_size_15_node1_70_node2_60_node3_70_node4_0,0.1878656358815415
Train_W_3Layers_input_size_5_node1_30_node2_100_node3_60_node4_0,0.18787710692378476
Train_W_3Layers_input_size_15_node1_100_node2_60_node3_60_node4_0,0.18787846515985313
Train_W_3Layers_input_size_15_node1_70_node2_70_node3_40_node4_0,0.18788025960266866
Train_W_3Layers_input_size_5_node1_80_node2_30_node3_60_node4_0,0.18788473076407985
Train_W_3Layers_input_size_10_node1_60_node2_100_node3_90_node4_0,0.18788823029068671
Train_W_3Layers_input_size_15_node1_100_node2_90_node3_70_node4_0,0.18789559593683372
Train_W_3Layers_input_size_15_node1_100_node2_50_node3_50_node4_0,0.18790275312526258
Train_W_3Layers_input_size_5_node1_90_node2_80_node3_30_node4_0,0.18791938609194686
Train_W_3Layers_input_size_10_node1_100_node2_30_node3_60_node4_0,0.18793420385382326
Train_W_3Layers_input_size_10_node1_100_node2_100_node3_60_node4_0,0.18794277680793844
Train_W_3Layers_input_size_10_node1_90_node2_40_node3_40_node4_0,0.18794603740112947
Train_W_3Layers_input_size_15_node1_70_node2_40_node3_50_node4_0,0.18795179533180886
Train_W_3Layers_input_size_10_node1_60_node2_80_node3_50_node4_0,0.1879573053378243
Train_W_3Layers_input_size_5_node1_90_node2_100_node3_100_node4_0,0.18796049631061368
Train_W_3Layers_input_size_10_node1_90_node2_90_node3_40_node4_0,0.18797113910149282
Train_W_3Layers_input_size_10_node1_70_node2_50_node3_30_node4_0,0.18797978964118275
Train_W_3Layers_input_size_5_node1_50_node2_100_node3_60_node4_0,0.18798227672152562
Train_W_3Layers_input_size_5_node1_40_node2_80_node3_70_node4_0,0.18798722105841972
Train_W_1Layers_input_size_5_node1_90_node2_0_node3_0_node4_0,0.18798754803403075
Train_W_2Layers_input_size_5_node1_60_node2_60_node3_0_node4_0,0.18799206618424916
Train_W_3Layers_input_size_10_node1_50_node2_60_node3_80_node4_0,0.1879935623021655
Train_W_3Layers_input_size_5_node1_30_node2_40_node3_80_node4_0,0.18799357221019147
Train_W_3Layers_input_size_15_node1_40_node2_100_node3_100_node4_0,0.1879967130281088
Train_W_3Layers_input_size_5_node1_70_node2_30_node3_90_node4_0,0.18799812984677738
Train_W_3Layers_input_size_5_node1_50_node2_100_node3_100_node4_0,0.18800327191714158
Train_W_3Layers_input_size_5_node1_80_node2_100_node3_100_node4_0,0.18800921633188558
Train_W_3Layers_input_size_15_node1_90_node2_40_node3_70_node4_0,0.18801537851009792
Train_W_3Layers_input_size_5_node1_30_node2_50_node3_30_node4_0,0.18801675556089908
Train_W_3Layers_input_size_15_node1_40_node2_60_node3_70_node4_0,0.18801738959528713
Train_W_3Layers_input_size_5_node1_40_node2_40_node3_30_node4_0,0.18802178814998677
Train_W_3Layers_input_size_5_node1_100_node2_100_node3_40_node4_0,0.18803271474484887
Train_W_3Layers_input_size_5_node1_60_node2_90_node3_80_node4_0,0.18803587472055144
Train_W_3Layers_input_size_5_node1_40_node2_90_node3_40_node4_0,0.18804776130090214
Train_W_3Layers_input_size_10_node1_30_node2_90_node3_100_node4_0,0.1880798909293848
Train_W_2Layers_input_size_15_node1_60_node2_80_node3_0_node4_0,0.18808243610612868
Train_W_3Layers_input_size_15_node1_90_node2_40_node3_60_node4_0,0.18808483270021592
Train_W_3Layers_input_size_5_node1_100_node2_70_node3_40_node4_0,0.18808648653039392
Train_W_2Layers_input_size_15_node1_80_node2_90_node3_0_node4_0,0.18808930890160427
Train_W_3Layers_input_size_5_node1_30_node2_90_node3_70_node4_0,0.188089605990847
Train_W_3Layers_input_size_15_node1_80_node2_30_node3_30_node4_0,0.18809690433588225
Train_W_2Layers_input_size_10_node1_90_node2_90_node3_0_node4_0,0.1881027170621074
Train_W_3Layers_input_size_5_node1_40_node2_70_node3_90_node4_0,0.1881111041034793
Train_W_3Layers_input_size_10_node1_80_node2_80_node3_50_node4_0,0.18811856003761238
Train_W_3Layers_input_size_15_node1_90_node2_90_node3_80_node4_0,0.1881196293903882
Train_W_3Layers_input_size_5_node1_60_node2_90_node3_90_node4_0,0.1881216294598186
Train_W_3Layers_input_size_10_node1_40_node2_80_node3_90_node4_0,0.1881312829612829
Train_W_3Layers_input_size_10_node1_80_node2_90_node3_40_node4_0,0.18813449078442526
Train_W_2Layers_input_size_10_node1_50_node2_50_node3_0_node4_0,0.18813582736125856
Train_W_2Layers_input_size_10_node1_30_node2_100_node3_0_node4_0,0.18815146955465656
Train_W_3Layers_input_size_10_node1_50_node2_50_node3_30_node4_0,0.188153013903215
Train_W_3Layers_input_size_15_node1_80_node2_40_node3_40_node4_0,0.1881681498280986
Train_W_3Layers_input_size_5_node1_40_node2_90_node3_30_node4_0,0.18817442558376254
Train_W_3Layers_input_size_15_node1_30_node2_90_node3_50_node4_0,0.188176335985178
Train_W_3Layers_input_size_5_node1_50_node2_100_node3_30_node4_0,0.188184620765849
Train_W_3Layers_input_size_15_node1_30_node2_80_node3_80_node4_0,0.18818680820382275
Train_W_3Layers_input_size_10_node1_60_node2_50_node3_60_node4_0,0.18819884360682268
Train_W_3Layers_input_size_10_node1_30_node2_40_node3_80_node4_0,0.18820091211420223
Train_W_3Layers_input_size_5_node1_50_node2_70_node3_60_node4_0,0.18820855252811464
Train_W_3Layers_input_size_10_node1_60_node2_30_node3_50_node4_0,0.18824601773689148
Train_W_3Layers_input_size_15_node1_60_node2_90_node3_50_node4_0,0.188249619387309
Train_W_3Layers_input_size_5_node1_80_node2_80_node3_80_node4_0,0.18825447754835276
Train_W_3Layers_input_size_10_node1_70_node2_90_node3_70_node4_0,0.1882648563766651
Train_W_3Layers_input_size_5_node1_100_node2_40_node3_70_node4_0,0.18826714181870738
Train_W_3Layers_input_size_10_node1_100_node2_80_node3_80_node4_0,0.18827028796626458
Train_W_3Layers_input_size_15_node1_90_node2_30_node3_70_node4_0,0.18828095281743698
Train_W_3Layers_input_size_10_node1_40_node2_30_node3_40_node4_0,0.18828702696172456
Train_W_2Layers_input_size_5_node1_100_node2_80_node3_0_node4_0,0.18828752159025333
Train_W_3Layers_input_size_15_node1_80_node2_70_node3_90_node4_0,0.18828950009137474
Train_W_3Layers_input_size_15_node1_90_node2_100_node3_50_node4_0,0.18829157749517764
Train_W_3Layers_input_size_15_node1_40_node2_50_node3_90_node4_0,0.18829390218178235
Train_W_3Layers_input_size_5_node1_60_node2_60_node3_50_node4_0,0.188294683665727
Train_W_3Layers_input_size_10_node1_50_node2_80_node3_80_node4_0,0.18829729518348104
Train_W_3Layers_input_size_10_node1_50_node2_100_node3_30_node4_0,0.18831203375238584
Train_W_3Layers_input_size_10_node1_50_node2_100_node3_100_node4_0,0.188317572782061
Train_W_2Layers_input_size_5_node1_80_node2_100_node3_0_node4_0,0.18831912565935435
Train_W_3Layers_input_size_15_node1_80_node2_50_node3_70_node4_0,0.1883200949648044
Train_W_3Layers_input_size_15_node1_60_node2_100_node3_60_node4_0,0.18832574255346338
Train_W_3Layers_input_size_5_node1_70_node2_70_node3_60_node4_0,0.18833234932489093
Train_W_3Layers_input_size_15_node1_80_node2_40_node3_80_node4_0,0.18833602844443698
Train_W_3Layers_input_size_5_node1_70_node2_40_node3_50_node4_0,0.1883368690933858
Train_W_3Layers_input_size_5_node1_100_node2_100_node3_30_node4_0,0.18834349525374935
Train_W_2Layers_input_size_10_node1_30_node2_60_node3_0_node4_0,0.18834500835916723
Train_W_3Layers_input_size_15_node1_50_node2_50_node3_60_node4_0,0.18834770818373728
Train_W_3Layers_input_size_5_node1_50_node2_80_node3_50_node4_0,0.18834933992707673
Train_W_2Layers_input_size_5_node1_40_node2_40_node3_0_node4_0,0.18835582720319882
Train_W_3Layers_input_size_15_node1_60_node2_100_node3_30_node4_0,0.18835895209183875
Train_W_3Layers_input_size_5_node1_70_node2_80_node3_50_node4_0,0.18835931797730807
Train_W_3Layers_input_size_5_node1_50_node2_90_node3_80_node4_0,0.18836037607453054
Train_W_3Layers_input_size_10_node1_50_node2_40_node3_70_node4_0,0.18836600267861078
Train_W_3Layers_input_size_5_node1_60_node2_80_node3_50_node4_0,0.1883703139873386
Train_W_3Layers_input_size_5_node1_40_node2_60_node3_100_node4_0,0.1883988294255283
Train_W_3Layers_input_size_10_node1_50_node2_40_node3_30_node4_0,0.18840316964252574
Train_W_3Layers_input_size_10_node1_70_node2_50_node3_70_node4_0,0.18842172566145482
Train_W_3Layers_input_size_5_node1_90_node2_50_node3_50_node4_0,0.18842240776051858
Train_W_3Layers_input_size_5_node1_80_node2_50_node3_90_node4_0,0.1884227438663955
Train_W_3Layers_input_size_5_node1_90_node2_30_node3_90_node4_0,0.1884240388569632
Train_W_3Layers_input_size_10_node1_80_node2_30_node3_90_node4_0,0.1884248296865205
Train_W_3Layers_input_size_5_node1_100_node2_50_node3_50_node4_0,0.1884278545789491
Train_W_3Layers_input_size_15_node1_60_node2_60_node3_30_node4_0,0.1884317196486098
Train_W_3Layers_input_size_10_node1_90_node2_30_node3_30_node4_0,0.18843582187367175
Train_W_3Layers_input_size_5_node1_70_node2_30_node3_70_node4_0,0.18845733979387988
Train_W_2Layers_input_size_10_node1_80_node2_50_node3_0_node4_0,0.18847439819042014
Train_W_3Layers_input_size_10_node1_40_node2_30_node3_50_node4_0,0.18848067363149085
Train_W_3Layers_input_size_10_node1_80_node2_30_node3_50_node4_0,0.18848165198851616
Train_W_3Layers_input_size_5_node1_90_node2_70_node3_70_node4_0,0.18848292680974746
Train_W_3Layers_input_size_5_node1_100_node2_60_node3_50_node4_0,0.18848445856028787
Train_W_3Layers_input_size_5_node1_100_node2_60_node3_60_node4_0,0.18848644487632227
Train_W_3Layers_input_size_10_node1_40_node2_40_node3_90_node4_0,0.1884999433651442
Train_W_3Layers_input_size_10_node1_60_node2_40_node3_60_node4_0,0.18851603949414691
Train_W_3Layers_input_size_10_node1_70_node2_100_node3_50_node4_0,0.1885224617525794
Train_W_2Layers_input_size_10_node1_50_node2_80_node3_0_node4_0,0.18852743144241077
Train_W_3Layers_input_size_5_node1_50_node2_90_node3_70_node4_0,0.18853464368171374
Train_W_3Layers_input_size_15_node1_50_node2_70_node3_60_node4_0,0.18854219153807136
Train_W_3Layers_input_size_10_node1_90_node2_30_node3_50_node4_0,0.18854885987703626
Train_W_3Layers_input_size_5_node1_30_node2_60_node3_80_node4_0,0.18855231744143244
Train_W_3Layers_input_size_15_node1_100_node2_70_node3_70_node4_0,0.1885537794781608
Train_W_3Layers_input_size_10_node1_80_node2_80_node3_80_node4_0,0.18855759257466695
Train_W_3Layers_input_size_10_node1_70_node2_90_node3_80_node4_0,0.18857266639295725
Train_W_3Layers_input_size_15_node1_80_node2_90_node3_60_node4_0,0.18857494810448308
Train_W_3Layers_input_size_5_node1_40_node2_50_node3_50_node4_0,0.18857790144767156
Train_W_3Layers_input_size_5_node1_30_node2_70_node3_100_node4_0,0.18858548708041387
Train_W_3Layers_input_size_10_node1_90_node2_100_node3_50_node4_0,0.18858870693123236
Train_W_3Layers_input_size_15_node1_40_node2_80_node3_80_node4_0,0.1886087754370955
Train_W_3Layers_input_size_5_node1_100_node2_60_node3_30_node4_0,0.1886325250190129
Train_W_3Layers_input_size_15_node1_70_node2_60_node3_90_node4_0,0.18865410936324967
Train_W_3Layers_input_size_10_node1_40_node2_60_node3_40_node4_0,0.1886631926124318
Train_W_3Layers_input_size_15_node1_70_node2_70_node3_50_node4_0,0.18866407129486024
Train_W_3Layers_input_size_5_node1_30_node2_50_node3_40_node4_0,0.18867392410524028
Train_W_3Layers_input_size_15_node1_100_node2_40_node3_100_node4_0,0.18867695487629538
Train_W_3Layers_input_size_15_node1_50_node2_90_node3_100_node4_0,0.18867956110302567
Train_W_3Layers_input_size_5_node1_90_node2_30_node3_40_node4_0,0.1886807753554588
Train_W_3Layers_input_size_15_node1_30_node2_40_node3_80_node4_0,0.1886870735475738
Train_W_3Layers_input_size_5_node1_60_node2_60_node3_100_node4_0,0.18868750789790154
Train_W_3Layers_input_size_5_node1_100_node2_30_node3_50_node4_0,0.1886912294494982
Train_W_3Layers_input_size_10_node1_50_node2_90_node3_60_node4_0,0.18869438826859342
Train_W_3Layers_input_size_5_node1_30_node2_50_node3_90_node4_0,0.1886949213141011
Train_W_3Layers_input_size_5_node1_60_node2_70_node3_40_node4_0,0.18870016284805716
Train_W_3Layers_input_size_5_node1_80_node2_40_node3_40_node4_0,0.18870617414561466
Train_W_3Layers_input_size_5_node1_90_node2_40_node3_90_node4_0,0.18871159303299018
Train_W_3Layers_input_size_10_node1_100_node2_60_node3_100_node4_0,0.1887184725255769
Train_W_3Layers_input_size_5_node1_30_node2_90_node3_60_node4_0,0.18872907257274243
Train_W_3Layers_input_size_5_node1_70_node2_90_node3_60_node4_0,0.18873168794904732
Train_W_3Layers_input_size_5_node1_100_node2_30_node3_100_node4_0,0.18874601759404075
Train_W_3Layers_input_size_5_node1_90_node2_50_node3_30_node4_0,0.1887561720350544
Train_W_3Layers_input_size_15_node1_50_node2_80_node3_70_node4_0,0.18876308937349556
Train_W_3Layers_input_size_10_node1_90_node2_50_node3_60_node4_0,0.18877025314011464
Train_W_3Layers_input_size_15_node1_50_node2_40_node3_100_node4_0,0.18877666675009644
Train_W_3Layers_input_size_5_node1_60_node2_50_node3_40_node4_0,0.1887826854781948
Train_W_3Layers_input_size_15_node1_30_node2_100_node3_50_node4_0,0.1887882304316314
Train_W_3Layers_input_size_5_node1_30_node2_80_node3_80_node4_0,0.18879069699559187
Train_W_3Layers_input_size_15_node1_30_node2_70_node3_100_node4_0,0.18879501833796383
Train_W_3Layers_input_size_10_node1_80_node2_70_node3_80_node4_0,0.18880039521262862
Train_W_3Layers_input_size_5_node1_70_node2_40_node3_80_node4_0,0.18880065172025368
Train_W_3Layers_input_size_5_node1_50_node2_40_node3_30_node4_0,0.18880896829789132
Train_W_3Layers_input_size_5_node1_30_node2_100_node3_100_node4_0,0.18880967859359227
Train_W_3Layers_input_size_5_node1_100_node2_60_node3_80_node4_0,0.18881278610586633
Train_W_3Layers_input_size_5_node1_80_node2_40_node3_80_node4_0,0.1888177382895724
Train_W_3Layers_input_size_15_node1_70_node2_70_node3_70_node4_0,0.18882526496548915
Train_W_3Layers_input_size_5_node1_100_node2_30_node3_90_node4_0,0.18883087771724996
Train_W_2Layers_input_size_10_node1_40_node2_80_node3_0_node4_0,0.18883408351993558
Train_W_3Layers_input_size_10_node1_90_node2_90_node3_90_node4_0,0.18884370060146305
Train_W_3Layers_input_size_15_node1_70_node2_80_node3_60_node4_0,0.18885114733840075
Train_W_3Layers_input_size_5_node1_100_node2_100_node3_90_node4_0,0.1888582190008535
Train_W_3Layers_input_size_10_node1_50_node2_70_node3_30_node4_0,0.18886127640193176
Train_W_3Layers_input_size_15_node1_60_node2_70_node3_50_node4_0,0.18886406747002282
Train_W_3Layers_input_size_15_node1_40_node2_90_node3_70_node4_0,0.18886424499239315
Train_W_3Layers_input_size_5_node1_100_node2_70_node3_80_node4_0,0.18887333785953456
Train_W_3Layers_input_size_15_node1_100_node2_70_node3_80_node4_0,0.18887912669113835
Train_W_3Layers_input_size_10_node1_30_node2_100_node3_30_node4_0,0.18889443123117816
Train_W_3Layers_input_size_15_node1_80_node2_90_node3_90_node4_0,0.1888958906199774
Train_W_3Layers_input_size_5_node1_60_node2_90_node3_50_node4_0,0.18889831633587392
Train_W_3Layers_input_size_5_node1_90_node2_60_node3_70_node4_0,0.1889010082524161
Train_W_3Layers_input_size_10_node1_40_node2_30_node3_60_node4_0,0.1889044297906032
Train_W_3Layers_input_size_15_node1_50_node2_40_node3_50_node4_0,0.1889052383294794
Train_W_3Layers_input_size_15_node1_100_node2_40_node3_40_node4_0,0.18890706245935493
Train_W_3Layers_input_size_5_node1_90_node2_40_node3_80_node4_0,0.18890919223194805
Train_W_3Layers_input_size_10_node1_60_node2_70_node3_50_node4_0,0.18892326193188333
Train_W_3Layers_input_size_10_node1_100_node2_70_node3_70_node4_0,0.18892748165163994
Train_W_3Layers_input_size_10_node1_50_node2_100_node3_40_node4_0,0.18892814220671503
Train_W_3Layers_input_size_10_node1_60_node2_50_node3_50_node4_0,0.18893032103618704
Train_W_2Layers_input_size_15_node1_50_node2_80_node3_0_node4_0,0.1889330716492747
Train_W_3Layers_input_size_10_node1_90_node2_90_node3_80_node4_0,0.18893895723523552
Train_W_3Layers_input_size_5_node1_40_node2_100_node3_40_node4_0,0.18894399483572022
Train_W_3Layers_input_size_5_node1_30_node2_50_node3_100_node4_0,0.1889519896558719
Train_W_3Layers_input_size_5_node1_30_node2_40_node3_40_node4_0,0.18895406963377553
Train_W_3Layers_input_size_10_node1_50_node2_30_node3_50_node4_0,0.18895719448645057
Train_W_3Layers_input_size_5_node1_50_node2_40_node3_80_node4_0,0.1889596884169632
Train_W_3Layers_input_size_5_node1_100_node2_90_node3_80_node4_0,0.18898760242079654
Train_W_3Layers_input_size_10_node1_70_node2_70_node3_60_node4_0,0.18898890339668215
Train_W_3Layers_input_size_5_node1_90_node2_100_node3_60_node4_0,0.18899656123232075
Train_W_3Layers_input_size_5_node1_40_node2_100_node3_70_node4_0,0.18899933059197918
Train_W_3Layers_input_size_10_node1_70_node2_30_node3_60_node4_0,0.18904279732304732
Train_W_3Layers_input_size_15_node1_80_node2_100_node3_100_node4_0,0.18904425556648613
Train_W_3Layers_input_size_5_node1_80_node2_60_node3_60_node4_0,0.18904532953587996
Train_W_3Layers_input_size_15_node1_60_node2_50_node3_70_node4_0,0.18904860067111987
Train_W_3Layers_input_size_5_node1_60_node2_50_node3_100_node4_0,0.18905467970886808
Train_W_3Layers_input_size_5_node1_30_node2_90_node3_30_node4_0,0.18906281762845178
Train_W_3Layers_input_size_5_node1_40_node2_40_node3_80_node4_0,0.18907125074453998
Train_W_3Layers_input_size_15_node1_70_node2_70_node3_80_node4_0,0.18908529853500064
Train_W_3Layers_input_size_15_node1_50_node2_30_node3_70_node4_0,0.189107471429693
Train_W_3Layers_input_size_10_node1_40_node2_70_node3_50_node4_0,0.1891128295712761
Train_W_3Layers_input_size_15_node1_80_node2_90_node3_40_node4_0,0.1891165723007054
Train_W_2Layers_input_size_15_node1_60_node2_100_node3_0_node4_0,0.18913770748253356
Train_W_3Layers_input_size_10_node1_70_node2_40_node3_100_node4_0,0.18914438436964176
Train_W_2Layers_input_size_5_node1_70_node2_70_node3_0_node4_0,0.18914439421738377
Train_W_3Layers_input_size_10_node1_80_node2_90_node3_30_node4_0,0.1891497513130362
Train_W_3Layers_input_size_15_node1_90_node2_60_node3_50_node4_0,0.1891499482621907
Train_W_3Layers_input_size_5_node1_90_node2_80_node3_100_node4_0,0.18915136629004928
Train_W_2Layers_input_size_10_node1_50_node2_90_node3_0_node4_0,0.18915144506906306
Train_W_3Layers_input_size_15_node1_100_node2_30_node3_40_node4_0,0.1891609869344469
Train_W_3Layers_input_size_5_node1_80_node2_100_node3_40_node4_0,0.18917252712337432
Train_W_3Layers_input_size_15_node1_60_node2_70_node3_40_node4_0,0.18918658708478778
Train_W_3Layers_input_size_5_node1_30_node2_90_node3_90_node4_0,0.18919239586745046
Train_W_3Layers_input_size_10_node1_30_node2_90_node3_60_node4_0,0.18919636345885818
Train_W_3Layers_input_size_15_node1_70_node2_40_node3_90_node4_0,0.18919737749492488
Train_W_3Layers_input_size_15_node1_40_node2_50_node3_50_node4_0,0.18919837183569327
Train_W_3Layers_input_size_10_node1_70_node2_50_node3_60_node4_0,0.1892031662569435
Train_W_3Layers_input_size_5_node1_50_node2_70_node3_40_node4_0,0.18920895484185757
Train_W_2Layers_input_size_10_node1_40_node2_40_node3_0_node4_0,0.18921109106060052
Train_W_3Layers_input_size_5_node1_60_node2_100_node3_90_node4_0,0.189217824421768
Train_W_3Layers_input_size_5_node1_40_node2_100_node3_50_node4_0,0.18922034444853814
Train_W_3Layers_input_size_15_node1_30_node2_60_node3_50_node4_0,0.18922232303978676
Train_W_2Layers_input_size_5_node1_100_node2_90_node3_0_node4_0,0.18922334678037075
Train_W_3Layers_input_size_15_node1_40_node2_30_node3_40_node4_0,0.18922949895087973
Train_W_3Layers_input_size_5_node1_100_node2_50_node3_60_node4_0,0.18923564107838467
Train_W_3Layers_input_size_5_node1_60_node2_60_node3_80_node4_0,0.18924367279048135
Train_W_3Layers_input_size_15_node1_70_node2_30_node3_70_node4_0,0.1892462416852675
Train_W_2Layers_input_size_5_node1_50_node2_50_node3_0_node4_0,0.18925709758737683
Train_W_3Layers_input_size_15_node1_90_node2_60_node3_70_node4_0,0.18925973519213712
Train_W_3Layers_input_size_10_node1_100_node2_40_node3_30_node4_0,0.1892692125506821
Train_W_3Layers_input_size_10_node1_40_node2_50_node3_40_node4_0,0.1892736902652904
Train_W_3Layers_input_size_5_node1_50_node2_90_node3_30_node4_0,0.18927930940121665
Train_W_3Layers_input_size_5_node1_30_node2_60_node3_60_node4_0,0.1892804706029038
Train_W_2Layers_input_size_15_node1_50_node2_40_node3_0_node4_0,0.1892852235830121
Train_W_3Layers_input_size_15_node1_30_node2_50_node3_70_node4_0,0.18929351887107093
Train_W_3Layers_input_size_5_node1_30_node2_100_node3_50_node4_0,0.18929495550324646
Train_W_3Layers_input_size_5_node1_90_node2_50_node3_90_node4_0,0.18929596901116727
Train_W_2Layers_input_size_15_node1_40_node2_40_node3_0_node4_0,0.1892979172927053
Train_W_3Layers_input_size_10_node1_90_node2_30_node3_60_node4_0,0.18930608411327834
Train_W_2Layers_input_size_5_node1_40_node2_90_node3_0_node4_0,0.1893348619679604
Train_W_3Layers_input_size_10_node1_70_node2_30_node3_30_node4_0,0.1893364261772786
Train_W_2Layers_input_size_10_node1_50_node2_40_node3_0_node4_0,0.18934159092758984
Train_W_3Layers_input_size_5_node1_60_node2_90_node3_60_node4_0,0.18934328296752992
Train_W_2Layers_input_size_5_node1_30_node2_90_node3_0_node4_0,0.18934449296356315
Train_W_3Layers_input_size_10_node1_100_node2_40_node3_50_node4_0,0.1893504739685916
Train_W_2Layers_input_size_5_node1_80_node2_80_node3_0_node4_0,0.18939526647767488
Train_W_3Layers_input_size_15_node1_30_node2_70_node3_80_node4_0,0.18940013459036192
Train_W_3Layers_input_size_15_node1_30_node2_60_node3_60_node4_0,0.1894022096468259
Train_W_3Layers_input_size_15_node1_100_node2_90_node3_40_node4_0,0.18940223914983445
Train_W_3Layers_input_size_5_node1_90_node2_70_node3_60_node4_0,0.18940548445272004
Train_W_3Layers_input_size_5_node1_40_node2_40_node3_50_node4_0,0.18940667438317926
Train_W_2Layers_input_size_5_node1_80_node2_60_node3_0_node4_0,0.18941041130626665
Train_W_3Layers_input_size_5_node1_90_node2_40_node3_60_node4_0,0.18941276159644163
Train_W_3Layers_input_size_10_node1_60_node2_100_node3_80_node4_0,0.18941665573689298
Train_W_3Layers_input_size_15_node1_30_node2_90_node3_40_node4_0,0.18941939928777596
Train_W_3Layers_input_size_15_node1_30_node2_90_node3_90_node4_0,0.18942241813117983
Train_W_3Layers_input_size_10_node1_100_node2_50_node3_60_node4_0,0.1894336670783865
Train_W_3Layers_input_size_15_node1_60_node2_40_node3_60_node4_0,0.18943643004802121
Train_W_3Layers_input_size_10_node1_60_node2_60_node3_30_node4_0,0.18944317506440705
Train_W_3Layers_input_size_10_node1_90_node2_80_node3_80_node4_0,0.189448641694496
Train_W_3Layers_input_size_15_node1_60_node2_90_node3_80_node4_0,0.18944959538898065
Train_W_3Layers_input_size_15_node1_90_node2_30_node3_40_node4_0,0.18945321348522517
Train_W_3Layers_input_size_5_node1_60_node2_100_node3_50_node4_0,0.1894561531375467
Train_W_3Layers_input_size_15_node1_70_node2_30_node3_60_node4_0,0.1894575590420985
Train_W_3Layers_input_size_15_node1_50_node2_100_node3_60_node4_0,0.18946203230535671
Train_W_2Layers_input_size_5_node1_100_node2_30_node3_0_node4_0,0.1894782236522118
Train_W_2Layers_input_size_15_node1_80_node2_30_node3_0_node4_0,0.18948212627750957
Train_W_3Layers_input_size_10_node1_70_node2_70_node3_50_node4_0,0.18948217542844914
Train_W_3Layers_input_size_10_node1_100_node2_70_node3_30_node4_0,0.18948842732401205
Train_W_2Layers_input_size_15_node1_40_node2_100_node3_0_node4_0,0.1894953375912115
Train_W_3Layers_input_size_15_node1_90_node2_50_node3_90_node4_0,0.18949575042992325
Train_W_3Layers_input_size_10_node1_80_node2_50_node3_80_node4_0,0.18951761976637907
Train_W_3Layers_input_size_10_node1_70_node2_60_node3_90_node4_0,0.18951854362885415
Train_W_3Layers_input_size_5_node1_60_node2_30_node3_70_node4_0,0.18951989010120487
Train_W_2Layers_input_size_5_node1_70_node2_40_node3_0_node4_0,0.1895204503095109
Train_W_3Layers_input_size_5_node1_40_node2_80_node3_60_node4_0,0.18952209161203248
Train_W_3Layers_input_size_10_node1_80_node2_60_node3_30_node4_0,0.18953017997911378
Train_W_3Layers_input_size_15_node1_40_node2_80_node3_60_node4_0,0.1895317622316991
Train_W_3Layers_input_size_15_node1_60_node2_80_node3_40_node4_0,0.18955107251105122
Train_W_3Layers_input_size_15_node1_100_node2_30_node3_60_node4_0,0.18955811806207035
Train_W_3Layers_input_size_10_node1_30_node2_60_node3_60_node4_0,0.18955878624578204
Train_W_3Layers_input_size_15_node1_30_node2_100_node3_70_node4_0,0.18955894346513663
Train_W_3Layers_input_size_15_node1_60_node2_80_node3_80_node4_0,0.18956673548601702
Train_W_3Layers_input_size_15_node1_50_node2_70_node3_90_node4_0,0.18958505972051748
Train_W_2Layers_input_size_15_node1_100_node2_70_node3_0_node4_0,0.18959120015356387
Train_W_3Layers_input_size_5_node1_60_node2_60_node3_90_node4_0,0.1895924282163083
Train_W_3Layers_input_size_5_node1_60_node2_80_node3_100_node4_0,0.18959574885813474
Train_W_3Layers_input_size_15_node1_40_node2_100_node3_70_node4_0,0.18959947223054188
Train_W_2Layers_input_size_5_node1_40_node2_70_node3_0_node4_0,0.18960947290582256
Train_W_3Layers_input_size_5_node1_70_node2_100_node3_70_node4_0,0.18961343177004664
Train_W_3Layers_input_size_15_node1_50_node2_60_node3_100_node4_0,0.18961438463569447
Train_W_3Layers_input_size_15_node1_90_node2_70_node3_90_node4_0,0.1896164278778481
Train_W_2Layers_input_size_5_node1_70_node2_100_node3_0_node4_0,0.1896252882212823
Train_W_3Layers_input_size_15_node1_60_node2_30_node3_80_node4_0,0.1896311817902938
Train_W_3Layers_input_size_15_node1_90_node2_80_node3_70_node4_0,0.18963392223749612
Train_W_2Layers_input_size_5_node1_50_node2_80_node3_0_node4_0,0.1896340106383594
Train_W_3Layers_input_size_15_node1_60_node2_60_node3_70_node4_0,0.1896340106383594
Train_W_3Layers_input_size_5_node1_40_node2_60_node3_30_node4_0,0.18963521877936104
Train_W_3Layers_input_size_15_node1_90_node2_100_node3_90_node4_0,0.18963839134063157
Train_W_3Layers_input_size_5_node1_80_node2_40_node3_50_node4_0,0.18963885297825062
Train_W_3Layers_input_size_10_node1_90_node2_60_node3_60_node4_0,0.18964234960117113
Train_W_2Layers_input_size_15_node1_30_node2_70_node3_0_node4_0,0.18964798727875845
Train_W_3Layers_input_size_5_node1_40_node2_60_node3_60_node4_0,0.18966409400562248
Train_W_3Layers_input_size_5_node1_90_node2_70_node3_80_node4_0,0.18967215667648385
Train_W_3Layers_input_size_15_node1_50_node2_60_node3_70_node4_0,0.1896749554528581
Train_W_3Layers_input_size_5_node1_70_node2_80_node3_60_node4_0,0.18968699463049546
Train_W_3Layers_input_size_5_node1_70_node2_100_node3_60_node4_0,0.18968758380391565
Train_W_3Layers_input_size_10_node1_40_node2_80_node3_50_node4_0,0.18969915087142356
Train_W_3Layers_input_size_5_node1_40_node2_50_node3_100_node4_0,0.1897091462920619
Train_W_3Layers_input_size_10_node1_70_node2_70_node3_70_node4_0,0.18971415362306304
Train_W_3Layers_input_size_10_node1_70_node2_80_node3_40_node4_0,0.18971557725186522
Train_W_3Layers_input_size_5_node1_100_node2_100_node3_50_node4_0,0.18971617615458267
Train_W_3Layers_input_size_5_node1_50_node2_80_node3_30_node4_0,0.18972064332012592
Train_W_3Layers_input_size_10_node1_40_node2_40_node3_60_node4_0,0.18973878580373071
Train_W_3Layers_input_size_5_node1_50_node2_50_node3_80_node4_0,0.1897438807022216
Train_W_3Layers_input_size_15_node1_50_node2_80_node3_60_node4_0,0.18975143935545974
Train_W_3Layers_input_size_5_node1_80_node2_70_node3_90_node4_0,0.1897528823368504
Train_W_3Layers_input_size_5_node1_60_node2_70_node3_70_node4_0,0.18976673243683606
Train_W_3Layers_input_size_10_node1_100_node2_60_node3_90_node4_0,0.18977694022631972
Train_W_3Layers_input_size_10_node1_30_node2_70_node3_30_node4_0,0.1897921527398505
Train_W_3Layers_input_size_15_node1_30_node2_70_node3_30_node4_0,0.18979416462614945
Train_W_2Layers_input_size_15_node1_30_node2_30_node3_0_node4_0,0.18981354634081674
Train_W_3Layers_input_size_10_node1_70_node2_40_node3_60_node4_0,0.18982541973017872
Train_W_3Layers_input_size_5_node1_70_node2_40_node3_100_node4_0,0.18983303400886298
Train_W_3Layers_input_size_15_node1_70_node2_30_node3_50_node4_0,0.189833544233114
Train_W_3Layers_input_size_10_node1_100_node2_90_node3_40_node4_0,0.1898342801310607
Train_W_3Layers_input_size_10_node1_50_node2_60_node3_40_node4_0,0.18984350314340123
Train_W_3Layers_input_size_10_node1_30_node2_30_node3_40_node4_0,0.18984749637250964
Train_W_2Layers_input_size_5_node1_60_node2_70_node3_0_node4_0,0.18984943899413861
Train_W_3Layers_input_size_5_node1_100_node2_40_node3_50_node4_0,0.1898536773723335
Train_W_3Layers_input_size_5_node1_90_node2_60_node3_60_node4_0,0.1898698058909019
Train_W_3Layers_input_size_10_node1_40_node2_100_node3_90_node4_0,0.18988814011574445
Train_W_2Layers_input_size_15_node1_100_node2_40_node3_0_node4_0,0.1899109352598481
Train_W_3Layers_input_size_15_node1_60_node2_50_node3_60_node4_0,0.1899186638011794
Train_W_3Layers_input_size_10_node1_70_node2_80_node3_60_node4_0,0.18992104703157028
Train_W_3Layers_input_size_5_node1_70_node2_60_node3_60_node4_0,0.1899325312328234
Train_W_2Layers_input_size_5_node1_70_node2_60_node3_0_node4_0,0.18993513003769608
Train_W_3Layers_input_size_10_node1_60_node2_90_node3_50_node4_0,0.1899474665206988
Train_W_3Layers_input_size_10_node1_70_node2_60_node3_50_node4_0,0.18996465584820033
Train_W_3Layers_input_size_15_node1_100_node2_50_node3_80_node4_0,0.18997429413446595
Train_W_3Layers_input_size_15_node1_50_node2_40_node3_80_node4_0,0.18997867679466554
Train_W_3Layers_input_size_5_node1_40_node2_40_node3_40_node4_0,0.18998991241467014
Train_W_3Layers_input_size_15_node1_30_node2_90_node3_30_node4_0,0.19001219540909062
Train_W_2Layers_input_size_10_node1_70_node2_50_node3_0_node4_0,0.19002121374009012
Train_W_3Layers_input_size_5_node1_40_node2_70_node3_100_node4_0,0.1900469038346305
Train_W_3Layers_input_size_10_node1_80_node2_60_node3_70_node4_0,0.19004832497084148
Train_W_3Layers_input_size_10_node1_90_node2_70_node3_30_node4_0,0.19006480937434098
Train_W_3Layers_input_size_5_node1_70_node2_70_node3_100_node4_0,0.1900788817290684
Train_W_3Layers_input_size_10_node1_40_node2_40_node3_40_node4_0,0.19008819086191733
Train_W_3Layers_input_size_10_node1_40_node2_90_node3_70_node4_0,0.1901046228185607
Train_W_3Layers_input_size_10_node1_80_node2_40_node3_60_node4_0,0.19010489716237083
Train_W_3Layers_input_size_5_node1_70_node2_70_node3_90_node4_0,0.19010688614315413
Train_W_3Layers_input_size_15_node1_40_node2_60_node3_30_node4_0,0.19011095222138055
Train_W_3Layers_input_size_5_node1_50_node2_70_node3_90_node4_0,0.1901175655363583
Train_W_3Layers_input_size_10_node1_90_node2_100_node3_80_node4_0,0.19013830535963377
Train_W_3Layers_input_size_10_node1_30_node2_40_node3_70_node4_0,0.1901392164100586
Train_W_2Layers_input_size_10_node1_30_node2_70_node3_0_node4_0,0.19015305796179777
Train_W_3Layers_input_size_15_node1_80_node2_90_node3_100_node4_0,0.1901539885324554
Train_W_3Layers_input_size_10_node1_60_node2_60_node3_50_node4_0,0.190158533570018
Train_W_3Layers_input_size_10_node1_80_node2_50_node3_70_node4_0,0.19017187419512427
Train_W_3Layers_input_size_10_node1_70_node2_40_node3_80_node4_0,0.19017914160151114
Train_W_3Layers_input_size_10_node1_40_node2_100_node3_70_node4_0,0.19019347971285602
Train_W_2Layers_input_size_15_node1_90_node2_90_node3_0_node4_0,0.19019880726021113
Train_W_3Layers_input_size_5_node1_90_node2_70_node3_30_node4_0,0.19020471243703957
Train_W_3Layers_input_size_15_node1_50_node2_100_node3_80_node4_0,0.19021047054237683
Train_W_3Layers_input_size_5_node1_40_node2_60_node3_40_node4_0,0.1902112147745634
Train_W_3Layers_input_size_15_node1_80_node2_40_node3_90_node4_0,0.19022729339578262
Train_W_3Layers_input_size_5_node1_30_node2_90_node3_40_node4_0,0.19025870251834115
Train_W_3Layers_input_size_15_node1_90_node2_80_node3_60_node4_0,0.19025894726981984
Train_W_3Layers_input_size_5_node1_70_node2_40_node3_40_node4_0,0.1902605234618
Train_W_1Layers_input_size_5_node1_60_node2_0_node3_0_node4_0,0.19028311737504985
Train_W_3Layers_input_size_15_node1_40_node2_100_node3_30_node4_0,0.19028428223979119
Train_W_3Layers_input_size_10_node1_30_node2_40_node3_60_node4_0,0.19028867733750351
Train_W_3Layers_input_size_10_node1_30_node2_30_node3_30_node4_0,0.19029367920716397
Train_W_2Layers_input_size_5_node1_60_node2_30_node3_0_node4_0,0.19030083429508976
Train_W_2Layers_input_size_10_node1_60_node2_100_node3_0_node4_0,0.19031455643330505
Train_W_3Layers_input_size_5_node1_70_node2_40_node3_70_node4_0,0.19032568414555878
Train_W_3Layers_input_size_15_node1_70_node2_90_node3_90_node4_0,0.19032958896688684
Train_W_3Layers_input_size_15_node1_80_node2_50_node3_30_node4_0,0.19033579345554877
Train_W_3Layers_input_size_5_node1_80_node2_80_node3_60_node4_0,0.19033911091461075
Train_W_3Layers_input_size_5_node1_70_node2_30_node3_60_node4_0,0.1903430546034049
Train_W_3Layers_input_size_10_node1_40_node2_100_node3_40_node4_0,0.19035061881999618
Train_W_3Layers_input_size_5_node1_70_node2_90_node3_30_node4_0,0.19035561906205448
Train_W_3Layers_input_size_10_node1_50_node2_50_node3_40_node4_0,0.1903669107106128
Train_W_3Layers_input_size_10_node1_60_node2_40_node3_70_node4_0,0.1903812346805729
Train_W_2Layers_input_size_15_node1_60_node2_50_node3_0_node4_0,0.19038248699829924
Train_W_3Layers_input_size_5_node1_90_node2_50_node3_40_node4_0,0.1904110532593344
Train_W_3Layers_input_size_10_node1_40_node2_50_node3_50_node4_0,0.1904146335226847
Train_W_2Layers_input_size_5_node1_30_node2_100_node3_0_node4_0,0.19041489763780664
Train_W_3Layers_input_size_10_node1_70_node2_80_node3_80_node4_0,0.19041897670261448
Train_W_3Layers_input_size_5_node1_100_node2_50_node3_90_node4_0,0.19042402405753547
Train_W_3Layers_input_size_10_node1_60_node2_60_node3_80_node4_0,0.1904269976303664
Train_W_3Layers_input_size_15_node1_30_node2_60_node3_100_node4_0,0.19045371857648508
Train_W_3Layers_input_size_15_node1_30_node2_30_node3_100_node4_0,0.19045784570900964
Train_W_3Layers_input_size_10_node1_30_node2_90_node3_70_node4_0,0.19046166958373442
Train_W_3Layers_input_size_10_node1_60_node2_50_node3_40_node4_0,0.19047670028592043
Train_W_3Layers_input_size_15_node1_100_node2_60_node3_30_node4_0,0.19048807276160226
Train_W_3Layers_input_size_5_node1_50_node2_40_node3_60_node4_0,0.19050740343448475
Train_W_2Layers_input_size_5_node1_70_node2_30_node3_0_node4_0,0.19051241911558586
Train_W_3Layers_input_size_10_node1_50_node2_90_node3_80_node4_0,0.19052233276347233
Train_W_3Layers_input_size_15_node1_80_node2_50_node3_50_node4_0,0.19052466933711398
Train_W_3Layers_input_size_10_node1_50_node2_30_node3_90_node4_0,0.19053087724921686
Train_W_3Layers_input_size_15_node1_80_node2_70_node3_50_node4_0,0.19053327237382783
Train_W_3Layers_input_size_15_node1_90_node2_100_node3_40_node4_0,0.19053874683131095
Train_W_3Layers_input_size_10_node1_70_node2_80_node3_30_node4_0,0.19053948978127627
Train_W_3Layers_input_size_15_node1_100_node2_70_node3_60_node4_0,0.19057299772331918
Train_W_3Layers_input_size_5_node1_90_node2_90_node3_40_node4_0,0.19058064077514697
Train_W_3Layers_input_size_5_node1_100_node2_50_node3_30_node4_0,0.19058334802305862
Train_W_3Layers_input_size_5_node1_100_node2_50_node3_80_node4_0,0.1905979391339106
Train_W_3Layers_input_size_10_node1_80_node2_100_node3_90_node4_0,0.19059822254027592
Train_W_3Layers_input_size_10_node1_80_node2_100_node3_30_node4_0,0.19060434010598862
Train_W_3Layers_input_size_5_node1_50_node2_90_node3_90_node4_0,0.19061057473930926
Train_W_3Layers_input_size_15_node1_60_node2_30_node3_60_node4_0,0.19061438577837245
Train_W_3Layers_input_size_10_node1_80_node2_100_node3_100_node4_0,0.19063472957482747
Train_W_2Layers_input_size_5_node1_30_node2_80_node3_0_node4_0,0.19063849127821092
Train_W_3Layers_input_size_5_node1_40_node2_50_node3_70_node4_0,0.1906463857286407
Train_W_2Layers_input_size_10_node1_80_node2_40_node3_0_node4_0,0.19065006904230636
Train_W_3Layers_input_size_10_node1_40_node2_40_node3_80_node4_0,0.19066005368855116
Train_W_3Layers_input_size_15_node1_60_node2_50_node3_50_node4_0,0.19066425450867697
Train_W_3Layers_input_size_15_node1_50_node2_50_node3_40_node4_0,0.19067778442811034
Train_W_3Layers_input_size_10_node1_100_node2_100_node3_30_node4_0,0.19068915467933756
Train_W_2Layers_input_size_15_node1_60_node2_60_node3_0_node4_0,0.1906900142583942
Train_W_3Layers_input_size_15_node1_80_node2_70_node3_30_node4_0,0.19069699819459662
Train_W_3Layers_input_size_10_node1_50_node2_40_node3_40_node4_0,0.19069872704560148
Train_W_3Layers_input_size_15_node1_60_node2_100_node3_90_node4_0,0.1907016572657468
Train_W_3Layers_input_size_5_node1_80_node2_30_node3_30_node4_0,0.19072494114817257
Train_W_3Layers_input_size_5_node1_30_node2_60_node3_70_node4_0,0.19073123043415335
Train_W_3Layers_input_size_10_node1_90_node2_30_node3_70_node4_0,0.19073858394808546
Train_W_3Layers_input_size_15_node1_40_node2_40_node3_70_node4_0,0.19078001418717114
Train_W_3Layers_input_size_10_node1_70_node2_90_node3_40_node4_0,0.19078536440812427
Train_W_2Layers_input_size_10_node1_100_node2_100_node3_0_node4_0,0.19079633774953922
Train_W_3Layers_input_size_10_node1_40_node2_40_node3_70_node4_0,0.19079665014859615
Train_W_3Layers_input_size_5_node1_80_node2_70_node3_40_node4_0,0.19080066247851044
Train_W_3Layers_input_size_10_node1_60_node2_100_node3_40_node4_0,0.1908009846327275
Train_W_2Layers_input_size_5_node1_30_node2_40_node3_0_node4_0,0.19080769117426413
Train_W_3Layers_input_size_15_node1_50_node2_60_node3_60_node4_0,0.19080855021932225
Train_W_2Layers_input_size_5_node1_90_node2_70_node3_0_node4_0,0.19081038543898948
Train_W_3Layers_input_size_15_node1_40_node2_90_node3_80_node4_0,0.19082009814278658
Train_W_3Layers_input_size_15_node1_40_node2_30_node3_60_node4_0,0.19082111331143034
Train_W_3Layers_input_size_10_node1_40_node2_60_node3_70_node4_0,0.1908215330430415
Train_W_1Layers_input_size_10_node1_100_node2_0_node3_0_node4_0,0.19082702851361127
Train_W_3Layers_input_size_5_node1_50_node2_70_node3_80_node4_0,0.1908280631670988
Train_W_3Layers_input_size_5_node1_60_node2_80_node3_40_node4_0,0.19082905877176226
Train_W_3Layers_input_size_10_node1_60_node2_40_node3_40_node4_0,0.1908325140652985
Train_W_3Layers_input_size_5_node1_40_node2_30_node3_70_node4_0,0.1908513023489934
Train_W_3Layers_input_size_5_node1_100_node2_80_node3_40_node4_0,0.1908513218683263
Train_W_3Layers_input_size_10_node1_80_node2_30_node3_80_node4_0,0.19087613908531487
Train_W_3Layers_input_size_5_node1_50_node2_50_node3_100_node4_0,0.19087842253656204
Train_W_3Layers_input_size_5_node1_80_node2_100_node3_30_node4_0,0.1908835943550532
Train_W_3Layers_input_size_10_node1_80_node2_70_node3_90_node4_0,0.1909021727132323
Train_W_3Layers_input_size_5_node1_70_node2_50_node3_80_node4_0,0.1909103099330722
Train_W_3Layers_input_size_5_node1_40_node2_40_node3_60_node4_0,0.19091202709581764
Train_W_2Layers_input_size_15_node1_30_node2_60_node3_0_node4_0,0.1909213248735946
Train_W_3Layers_input_size_10_node1_80_node2_50_node3_60_node4_0,0.1909219297500608
Train_W_3Layers_input_size_10_node1_90_node2_30_node3_90_node4_0,0.19092463215860814
Train_W_2Layers_input_size_10_node1_40_node2_30_node3_0_node4_0,0.19093338301695056
Train_W_3Layers_input_size_15_node1_30_node2_50_node3_90_node4_0,0.1909554388637893
Train_W_3Layers_input_size_5_node1_40_node2_50_node3_60_node4_0,0.19095660938155082
Train_W_2Layers_input_size_5_node1_40_node2_50_node3_0_node4_0,0.19095733119726058
Train_W_3Layers_input_size_10_node1_50_node2_80_node3_30_node4_0,0.1909644614193658
Train_W_3Layers_input_size_10_node1_100_node2_30_node3_70_node4_0,0.1909704111957413
Train_W_3Layers_input_size_15_node1_90_node2_40_node3_50_node4_0,0.1909797353904226
Train_W_3Layers_input_size_5_node1_40_node2_80_node3_80_node4_0,0.19098013526725252
Train_W_3Layers_input_size_10_node1_50_node2_80_node3_40_node4_0,0.19098194933211252
Train_W_3Layers_input_size_5_node1_70_node2_60_node3_90_node4_0,0.19099380860042695
Train_W_3Layers_input_size_10_node1_70_node2_30_node3_50_node4_0,0.19099867497853343
Train_W_3Layers_input_size_5_node1_70_node2_60_node3_70_node4_0,0.19100601819615579
Train_W_3Layers_input_size_10_node1_50_node2_60_node3_60_node4_0,0.19101356591049024
Train_W_3Layers_input_size_5_node1_30_node2_80_node3_50_node4_0,0.19102596925837295
Train_W_3Layers_input_size_5_node1_70_node2_30_node3_40_node4_0,0.19106575789714092
Train_W_3Layers_input_size_10_node1_60_node2_90_node3_70_node4_0,0.19109404656674944
Train_W_3Layers_input_size_15_node1_90_node2_80_node3_50_node4_0,0.1911153724021907
Train_W_2Layers_input_size_15_node1_90_node2_70_node3_0_node4_0,0.19113254440291932
Train_W_2Layers_input_size_10_node1_70_node2_100_node3_0_node4_0,0.1911498805162454
Train_W_3Layers_input_size_10_node1_60_node2_30_node3_70_node4_0,0.1911769486047521
Train_W_3Layers_input_size_5_node1_40_node2_60_node3_90_node4_0,0.19118176160719794
Train_W_3Layers_input_size_10_node1_70_node2_60_node3_30_node4_0,0.19118332044840944
Train_W_3Layers_input_size_10_node1_40_node2_50_node3_70_node4_0,0.19119373513012466
Train_W_3Layers_input_size_10_node1_50_node2_40_node3_50_node4_0,0.19119543026317393
Train_W_2Layers_input_size_10_node1_60_node2_50_node3_0_node4_0,0.19121005259728943
Train_W_3Layers_input_size_10_node1_100_node2_60_node3_40_node4_0,0.19121099750646442
Train_W_3Layers_input_size_10_node1_30_node2_60_node3_90_node4_0,0.1912198618909363
Train_W_3Layers_input_size_5_node1_50_node2_50_node3_30_node4_0,0.1912210697532721
Train_W_3Layers_input_size_5_node1_30_node2_40_node3_50_node4_0,0.19122359260241154
Train_W_3Layers_input_size_10_node1_50_node2_30_node3_40_node4_0,0.191229349249375
Train_W_2Layers_input_size_5_node1_50_node2_60_node3_0_node4_0,0.19124420274101017
Train_W_2Layers_input_size_5_node1_100_node2_100_node3_0_node4_0,0.19124933544990919
Train_W_3Layers_input_size_10_node1_40_node2_90_node3_40_node4_0,0.191256532697742
Train_W_2Layers_input_size_5_node1_90_node2_100_node3_0_node4_0,0.1912582564909167
Train_W_3Layers_input_size_5_node1_40_node2_60_node3_70_node4_0,0.19126135343623446
Train_W_3Layers_input_size_10_node1_40_node2_50_node3_30_node4_0,0.19126965066521787
Train_W_3Layers_input_size_15_node1_70_node2_90_node3_30_node4_0,0.1912814434077334
Train_W_3Layers_input_size_15_node1_80_node2_70_node3_70_node4_0,0.19128620509357663
Train_W_3Layers_input_size_5_node1_30_node2_50_node3_60_node4_0,0.191289038678589
Train_W_3Layers_input_size_15_node1_70_node2_70_node3_30_node4_0,0.19129629285443844
Train_W_2Layers_input_size_10_node1_70_node2_30_node3_0_node4_0,0.19131289365803328
Train_W_2Layers_input_size_5_node1_30_node2_60_node3_0_node4_0,0.19132042926593323
Train_W_3Layers_input_size_5_node1_90_node2_80_node3_80_node4_0,0.19132583252299362
Train_W_3Layers_input_size_15_node1_40_node2_30_node3_70_node4_0,0.19133304636347526
Train_W_3Layers_input_size_10_node1_60_node2_90_node3_40_node4_0,0.19134142809562896
Train_W_2Layers_input_size_5_node1_90_node2_90_node3_0_node4_0,0.1913554455031383
Train_W_3Layers_input_size_10_node1_30_node2_50_node3_30_node4_0,0.1913644394654877
Train_W_3Layers_input_size_5_node1_80_node2_30_node3_80_node4_0,0.19138714636622445
Train_W_3Layers_input_size_5_node1_80_node2_40_node3_90_node4_0,0.19138967675839838
Train_W_3Layers_input_size_5_node1_60_node2_70_node3_80_node4_0,0.19139457199906257
Train_W_3Layers_input_size_10_node1_30_node2_40_node3_50_node4_0,0.19140101445102617
Train_W_3Layers_input_size_5_node1_40_node2_70_node3_30_node4_0,0.19141305210716725
Train_W_1Layers_input_size_5_node1_40_node2_0_node3_0_node4_0,0.1914136846227315
Train_W_1Layers_input_size_5_node1_50_node2_0_node3_0_node4_0,0.19142431057171513
Train_W_3Layers_input_size_15_node1_50_node2_30_node3_50_node4_0,0.19142880598795556
Train_W_2Layers_input_size_10_node1_90_node2_80_node3_0_node4_0,0.19143085905419563
Train_W_3Layers_input_size_15_node1_30_node2_30_node3_60_node4_0,0.1914340991565941
Train_W_3Layers_input_size_15_node1_30_node2_30_node3_30_node4_0,0.19144097811110794
Train_W_3Layers_input_size_10_node1_80_node2_60_node3_40_node4_0,0.19145881164693046
Train_W_3Layers_input_size_5_node1_60_node2_30_node3_30_node4_0,0.1914835598576914
Train_W_3Layers_input_size_15_node1_100_node2_80_node3_100_node4_0,0.19149279097727756
Train_W_3Layers_input_size_10_node1_50_node2_50_node3_50_node4_0,0.19149548532975913
Train_W_3Layers_input_size_15_node1_90_node2_50_node3_70_node4_0,0.19150476450632953
Train_W_3Layers_input_size_15_node1_50_node2_100_node3_100_node4_0,0.1915074975952602
Train_W_2Layers_input_size_5_node1_30_node2_50_node3_0_node4_0,0.19151431555812692
Train_W_3Layers_input_size_10_node1_100_node2_60_node3_60_node4_0,0.1915172624769325
Train_W_3Layers_input_size_5_node1_100_node2_70_node3_50_node4_0,0.1915220863781676
Train_W_3Layers_input_size_5_node1_30_node2_50_node3_70_node4_0,0.19152787295423576
Train_W_3Layers_input_size_15_node1_30_node2_70_node3_40_node4_0,0.19154670972293414
Train_W_3Layers_input_size_15_node1_70_node2_30_node3_30_node4_0,0.1915853791008045
Train_W_2Layers_input_size_15_node1_100_node2_100_node3_0_node4_0,0.19158686660263183
Train_W_3Layers_input_size_10_node1_70_node2_60_node3_70_node4_0,0.19159748294698592
Train_W_3Layers_input_size_5_node1_40_node2_100_node3_90_node4_0,0.19159762877179623
Train_W_3Layers_input_size_5_node1_30_node2_30_node3_80_node4_0,0.19160782651159666
Train_W_3Layers_input_size_5_node1_60_node2_50_node3_90_node4_0,0.1916096151917044
Train_W_3Layers_input_size_15_node1_70_node2_100_node3_50_node4_0,0.19163004773291795
Train_W_3Layers_input_size_5_node1_40_node2_80_node3_40_node4_0,0.19163321642856623
Train_W_3Layers_input_size_10_node1_90_node2_60_node3_70_node4_0,0.19163356634266465
Train_W_3Layers_input_size_5_node1_90_node2_40_node3_100_node4_0,0.19164123513287515
Train_W_3Layers_input_size_10_node1_70_node2_90_node3_30_node4_0,0.1916650657137752
Train_W_3Layers_input_size_5_node1_30_node2_60_node3_40_node4_0,0.19167343292697803
Train_W_3Layers_input_size_5_node1_50_node2_30_node3_40_node4_0,0.19171263054654678
Train_W_3Layers_input_size_5_node1_70_node2_60_node3_40_node4_0,0.19171976182479417
Train_W_3Layers_input_size_5_node1_90_node2_100_node3_80_node4_0,0.19172650423356427
Train_W_3Layers_input_size_10_node1_100_node2_40_node3_80_node4_0,0.19174178550139356
Train_W_3Layers_input_size_5_node1_80_node2_60_node3_70_node4_0,0.19174810943330503
Train_W_2Layers_input_size_15_node1_70_node2_70_node3_0_node4_0,0.19174889626738637
Train_W_3Layers_input_size_10_node1_30_node2_70_node3_80_node4_0,0.19177494739496442
Train_W_3Layers_input_size_15_node1_30_node2_100_node3_40_node4_0,0.1917763751508909
Train_W_3Layers_input_size_15_node1_80_node2_60_node3_60_node4_0,0.1917783856463158
Train_W_2Layers_input_size_15_node1_80_node2_40_node3_0_node4_0,0.1917808623146041
Train_W_3Layers_input_size_15_node1_50_node2_80_node3_50_node4_0,0.19178229973878536
Train_W_3Layers_input_size_5_node1_70_node2_50_node3_90_node4_0,0.1917903607693698
Train_W_3Layers_input_size_5_node1_50_node2_80_node3_70_node4_0,0.19179932462600202
Train_W_3Layers_input_size_10_node1_60_node2_100_node3_50_node4_0,0.1918070644771938
Train_W_3Layers_input_size_15_node1_50_node2_30_node3_30_node4_0,0.19180917176025017
Train_W_2Layers_input_size_15_node1_70_node2_80_node3_0_node4_0,0.19181698889838567
Train_W_3Layers_input_size_10_node1_70_node2_60_node3_40_node4_0,0.19182243642989433
Train_W_3Layers_input_size_10_node1_30_node2_60_node3_50_node4_0,0.19183596234097142
Train_W_2Layers_input_size_10_node1_60_node2_90_node3_0_node4_0,0.1918408656123281
Train_W_3Layers_input_size_5_node1_60_node2_100_node3_30_node4_0,0.191853827122202
Train_W_3Layers_input_size_15_node1_40_node2_60_node3_40_node4_0,0.19185693387086974
Train_W_2Layers_input_size_10_node1_50_node2_30_node3_0_node4_0,0.1918608269442748
Train_W_2Layers_input_size_10_node1_90_node2_30_node3_0_node4_0,0.1918647490630354
Train_W_3Layers_input_size_10_node1_100_node2_70_node3_60_node4_0,0.1918661664426668
Train_W_2Layers_input_size_5_node1_70_node2_80_node3_0_node4_0,0.19187016611502708
Train_W_3Layers_input_size_15_node1_100_node2_100_node3_30_node4_0,0.191889406092102
Train_W_3Layers_input_size_10_node1_30_node2_30_node3_80_node4_0,0.19189572515917058
Train_W_3Layers_input_size_15_node1_90_node2_60_node3_40_node4_0,0.19190248079796068
Train_W_3Layers_input_size_15_node1_100_node2_40_node3_60_node4_0,0.19192190193487269
Train_W_2Layers_input_size_5_node1_40_node2_30_node3_0_node4_0,0.19192432822566685
Train_W_1Layers_input_size_5_node1_30_node2_0_node3_0_node4_0,0.19192638569622672
Train_W_3Layers_input_size_15_node1_80_node2_100_node3_60_node4_0,0.19194704652445738
Train_W_3Layers_input_size_5_node1_90_node2_40_node3_30_node4_0,0.19198516957058132
Train_W_3Layers_input_size_15_node1_40_node2_90_node3_90_node4_0,0.1920002071223036
Train_W_3Layers_input_size_10_node1_60_node2_30_node3_30_node4_0,0.19201542780590772
Train_W_3Layers_input_size_10_node1_30_node2_60_node3_100_node4_0,0.19202523475829292
Train_W_3Layers_input_size_10_node1_50_node2_80_node3_100_node4_0,0.1920270971496336
Train_W_3Layers_input_size_15_node1_100_node2_90_node3_60_node4_0,0.1920368744078482
Train_W_3Layers_input_size_5_node1_100_node2_70_node3_70_node4_0,0.19204585585518902
Train_W_3Layers_input_size_5_node1_100_node2_60_node3_40_node4_0,0.19205662139948035
Train_W_3Layers_input_size_5_node1_60_node2_80_node3_60_node4_0,0.19207013081884722
Train_W_3Layers_input_size_15_node1_30_node2_40_node3_100_node4_0,0.1920756778429268
Train_W_3Layers_input_size_10_node1_50_node2_70_node3_50_node4_0,0.1921017428321307
Train_W_3Layers_input_size_5_node1_40_node2_80_node3_100_node4_0,0.19211819647492676
Train_W_3Layers_input_size_15_node1_100_node2_100_node3_60_node4_0,0.1921301310287795
Train_W_3Layers_input_size_5_node1_50_node2_60_node3_50_node4_0,0.19214751285052095
Train_W_3Layers_input_size_15_node1_50_node2_90_node3_40_node4_0,0.1921488602880397
Train_W_3Layers_input_size_5_node1_80_node2_50_node3_50_node4_0,0.19215487032593695
Train_W_3Layers_input_size_5_node1_90_node2_40_node3_40_node4_0,0.19220319583036535
Train_W_2Layers_input_size_15_node1_60_node2_40_node3_0_node4_0,0.19220735323328245
Train_W_3Layers_input_size_5_node1_80_node2_60_node3_50_node4_0,0.19226378423312607
Train_W_3Layers_input_size_5_node1_90_node2_100_node3_70_node4_0,0.1922687540958363
Train_W_3Layers_input_size_10_node1_100_node2_40_node3_70_node4_0,0.19228373072198957
Train_W_3Layers_input_size_5_node1_60_node2_30_node3_40_node4_0,0.19228745047933107
Train_W_3Layers_input_size_10_node1_100_node2_70_node3_40_node4_0,0.19232476999950157
Train_W_3Layers_input_size_5_node1_50_node2_60_node3_30_node4_0,0.19232805315078805
Train_W_3Layers_input_size_15_node1_30_node2_100_node3_80_node4_0,0.19233550056349938
Train_W_3Layers_input_size_15_node1_40_node2_90_node3_30_node4_0,0.19234155318975776
Train_W_2Layers_input_size_5_node1_40_node2_60_node3_0_node4_0,0.19234416786538913
Train_W_3Layers_input_size_5_node1_50_node2_40_node3_100_node4_0,0.19235171148958227
Train_W_3Layers_input_size_5_node1_30_node2_30_node3_50_node4_0,0.19236288596809917
Train_W_3Layers_input_size_5_node1_40_node2_30_node3_60_node4_0,0.1923685407427894
Train_W_3Layers_input_size_15_node1_40_node2_90_node3_60_node4_0,0.19236918948199636
Train_W_3Layers_input_size_10_node1_80_node2_70_node3_40_node4_0,0.19237015774539998
Train_W_3Layers_input_size_10_node1_90_node2_100_node3_90_node4_0,0.19238130210632112
Train_W_3Layers_input_size_15_node1_100_node2_100_node3_100_node4_0,0.19238131178836965
Train_W_3Layers_input_size_15_node1_80_node2_60_node3_90_node4_0,0.19238242522069998
Train_W_3Layers_input_size_5_node1_30_node2_40_node3_100_node4_0,0.19238506838642572
Train_W_3Layers_input_size_15_node1_40_node2_40_node3_100_node4_0,0.19238744042731276
Train_W_3Layers_input_size_15_node1_80_node2_60_node3_30_node4_0,0.19239055792228715
Train_W_3Layers_input_size_10_node1_40_node2_80_node3_40_node4_0,0.1923917584348299
Train_W_3Layers_input_size_10_node1_90_node2_100_node3_30_node4_0,0.1924067738903671
Train_W_3Layers_input_size_5_node1_40_node2_90_node3_70_node4_0,0.19241475067703304
Train_W_3Layers_input_size_10_node1_50_node2_70_node3_90_node4_0,0.19242677331560562
Train_W_1Layers_input_size_5_node1_70_node2_0_node3_0_node4_0,0.19247812727418956
Train_W_1Layers_input_size_10_node1_90_node2_0_node3_0_node4_0,0.19248069170934576
Train_W_3Layers_input_size_5_node1_60_node2_40_node3_50_node4_0,0.19252584920142835
Train_W_3Layers_input_size_5_node1_30_node2_60_node3_90_node4_0,0.19255619659309176
Train_W_2Layers_input_size_10_node1_90_node2_100_node3_0_node4_0,0.19256661440667447
Train_W_3Layers_input_size_10_node1_80_node2_60_node3_80_node4_0,0.1925738881633574
Train_W_2Layers_input_size_10_node1_60_node2_60_node3_0_node4_0,0.19257489408680542
Train_W_3Layers_input_size_15_node1_70_node2_90_node3_50_node4_0,0.19258584283680405
Train_W_3Layers_input_size_5_node1_90_node2_90_node3_60_node4_0,0.1925901660675477
Train_W_3Layers_input_size_5_node1_60_node2_90_node3_40_node4_0,0.19259596890928085
Train_W_3Layers_input_size_10_node1_80_node2_40_node3_100_node4_0,0.19259902500230625
Train_W_3Layers_input_size_10_node1_100_node2_50_node3_80_node4_0,0.1926312560941338
Train_W_3Layers_input_size_15_node1_50_node2_50_node3_50_node4_0,0.1926355879749572
Train_W_3Layers_input_size_15_node1_50_node2_40_node3_70_node4_0,0.19265710089527338
Train_W_3Layers_input_size_15_node1_90_node2_100_node3_60_node4_0,0.1926635107975546
Train_W_2Layers_input_size_10_node1_70_node2_40_node3_0_node4_0,0.19268141485486395
Train_W_3Layers_input_size_10_node1_30_node2_90_node3_30_node4_0,0.19268165652892244
Train_W_3Layers_input_size_10_node1_80_node2_80_node3_30_node4_0,0.19268302923182423
Train_W_2Layers_input_size_5_node1_60_node2_40_node3_0_node4_0,0.19268891627632292
Train_W_3Layers_input_size_15_node1_30_node2_80_node3_100_node4_0,0.19270621869928858
Train_W_3Layers_input_size_10_node1_60_node2_30_node3_80_node4_0,0.1927385381705903
Train_W_3Layers_input_size_15_node1_80_node2_60_node3_50_node4_0,0.1927499801293102
Train_W_3Layers_input_size_10_node1_90_node2_70_node3_100_node4_0,0.1927540774223363
Train_W_3Layers_input_size_5_node1_40_node2_40_node3_70_node4_0,0.19279921918724266
Train_W_3Layers_input_size_10_node1_60_node2_80_node3_30_node4_0,0.19280128664335802
Train_W_3Layers_input_size_5_node1_50_node2_50_node3_50_node4_0,0.1928076337883446
Train_W_1Layers_input_size_10_node1_70_node2_0_node3_0_node4_0,0.19282053997149562
Train_W_3Layers_input_size_5_node1_60_node2_50_node3_50_node4_0,0.19282502215635197
Train_W_3Layers_input_size_15_node1_100_node2_100_node3_50_node4_0,0.19283118499041602
Train_W_2Layers_input_size_10_node1_100_node2_60_node3_0_node4_0,0.19284232202636994
Train_W_3Layers_input_size_5_node1_90_node2_30_node3_60_node4_0,0.19284646565094268
Train_W_3Layers_input_size_10_node1_60_node2_70_node3_30_node4_0,0.19286487424455775
Train_W_3Layers_input_size_10_node1_100_node2_40_node3_60_node4_0,0.19287354672960494
Train_W_3Layers_input_size_5_node1_50_node2_80_node3_60_node4_0,0.19287630870867076
Train_W_3Layers_input_size_15_node1_40_node2_40_node3_90_node4_0,0.19288277892435712
Train_W_3Layers_input_size_10_node1_90_node2_60_node3_30_node4_0,0.19295242140099003
Train_W_3Layers_input_size_10_node1_100_node2_90_node3_100_node4_0,0.1929641595672838
Train_W_3Layers_input_size_5_node1_70_node2_60_node3_30_node4_0,0.19296527928926174
Train_W_3Layers_input_size_5_node1_80_node2_90_node3_80_node4_0,0.19301154901423284
Train_W_3Layers_input_size_10_node1_80_node2_90_node3_60_node4_0,0.19305418957044812
Train_W_1Layers_input_size_15_node1_90_node2_0_node3_0_node4_0,0.19305717087278768
Train_W_3Layers_input_size_15_node1_60_node2_50_node3_80_node4_0,0.19307739234273472
Train_W_3Layers_input_size_10_node1_100_node2_40_node3_40_node4_0,0.19308158880418957
Train_W_3Layers_input_size_15_node1_60_node2_30_node3_40_node4_0,0.19309303937411731
Train_W_3Layers_input_size_10_node1_60_node2_30_node3_100_node4_0,0.1931010167498122
Train_W_3Layers_input_size_5_node1_100_node2_30_node3_30_node4_0,0.19310309062059422
Train_W_3Layers_input_size_10_node1_70_node2_100_node3_80_node4_0,0.19310691998857502
Train_W_2Layers_input_size_5_node1_30_node2_30_node3_0_node4_0,0.1931093989092209
Train_W_3Layers_input_size_15_node1_30_node2_40_node3_50_node4_0,0.19311304489032693
Train_W_3Layers_input_size_5_node1_50_node2_50_node3_40_node4_0,0.19314374363627063
Train_W_3Layers_input_size_5_node1_30_node2_80_node3_70_node4_0,0.1931801263746598
Train_W_3Layers_input_size_15_node1_80_node2_70_node3_60_node4_0,0.19319922625676011
Train_W_3Layers_input_size_5_node1_70_node2_70_node3_70_node4_0,0.1932056085324346
Train_W_3Layers_input_size_10_node1_100_node2_80_node3_70_node4_0,0.19322485049243562
Train_W_3Layers_input_size_5_node1_80_node2_40_node3_70_node4_0,0.19325262070454302
Train_W_2Layers_input_size_5_node1_80_node2_50_node3_0_node4_0,0.19328579321404166
Train_W_3Layers_input_size_15_node1_40_node2_50_node3_40_node4_0,0.19328759527622844
Train_W_3Layers_input_size_5_node1_70_node2_40_node3_30_node4_0,0.1932953526248299
Train_W_3Layers_input_size_5_node1_60_node2_50_node3_60_node4_0,0.19330389980249255
Train_W_3Layers_input_size_10_node1_100_node2_60_node3_50_node4_0,0.19331893112604798
Train_W_3Layers_input_size_5_node1_40_node2_90_node3_50_node4_0,0.1933198271872687
Train_W_3Layers_input_size_15_node1_60_node2_50_node3_40_node4_0,0.1933213302483769
Train_W_3Layers_input_size_15_node1_30_node2_40_node3_90_node4_0,0.19332832510979522
Train_W_3Layers_input_size_5_node1_70_node2_40_node3_60_node4_0,0.19333161048765526
Train_W_3Layers_input_size_10_node1_50_node2_50_node3_80_node4_0,0.19337190722302172
Train_W_2Layers_input_size_15_node1_100_node2_60_node3_0_node4_0,0.19337706051488787
Train_W_3Layers_input_size_5_node1_80_node2_70_node3_80_node4_0,0.1933911422681891
Train_W_3Layers_input_size_15_node1_100_node2_30_node3_100_node4_0,0.1934164040205686
Train_W_3Layers_input_size_5_node1_80_node2_100_node3_50_node4_0,0.19342420435247903
Train_W_3Layers_input_size_10_node1_90_node2_100_node3_70_node4_0,0.19343946705497467
Train_W_3Layers_input_size_10_node1_40_node2_100_node3_100_node4_0,0.19343976555639197
Train_W_3Layers_input_size_15_node1_40_node2_40_node3_80_node4_0,0.19344260611134748
Train_W_3Layers_input_size_10_node1_90_node2_90_node3_30_node4_0,0.19345639424650024
Train_W_3Layers_input_size_10_node1_50_node2_70_node3_60_node4_0,0.19347754633973177
Train_W_3Layers_input_size_5_node1_90_node2_90_node3_90_node4_0,0.19349078327352814
Train_W_3Layers_input_size_15_node1_90_node2_70_node3_40_node4_0,0.19350399042421043
Train_W_3Layers_input_size_5_node1_90_node2_100_node3_30_node4_0,0.19352174934795724
Train_W_2Layers_input_size_15_node1_50_node2_100_node3_0_node4_0,0.19352844822594253
Train_W_3Layers_input_size_10_node1_30_node2_90_node3_50_node4_0,0.1935490920165515
Train_W_3Layers_input_size_10_node1_90_node2_90_node3_50_node4_0,0.19355304728870631
Train_W_3Layers_input_size_5_node1_30_node2_60_node3_100_node4_0,0.19355914845026936
Train_W_3Layers_input_size_10_node1_100_node2_30_node3_100_node4_0,0.19357593046418226
Train_W_3Layers_input_size_5_node1_60_node2_30_node3_100_node4_0,0.19357687344701893
Train_W_3Layers_input_size_10_node1_60_node2_90_node3_100_node4_0,0.19357848997833751
Train_W_2Layers_input_size_10_node1_30_node2_40_node3_0_node4_0,0.19359254745836518
Train_W_3Layers_input_size_5_node1_80_node2_90_node3_90_node4_0,0.19361814850086648
Train_W_3Layers_input_size_15_node1_60_node2_50_node3_100_node4_0,0.19362229476230836
Train_W_3Layers_input_size_5_node1_30_node2_80_node3_30_node4_0,0.19366187698821982
Train_W_3Layers_input_size_10_node1_40_node2_100_node3_60_node4_0,0.1936662819944584
Train_W_3Layers_input_size_15_node1_90_node2_60_node3_60_node4_0,0.19368533393532494
Train_W_3Layers_input_size_10_node1_80_node2_60_node3_50_node4_0,0.19368903639184962
Train_W_3Layers_input_size_10_node1_90_node2_60_node3_100_node4_0,0.19373715227352947
Train_W_3Layers_input_size_15_node1_40_node2_30_node3_80_node4_0,0.19373819061405778
Train_W_3Layers_input_size_5_node1_70_node2_70_node3_80_node4_0,0.1937409114244161
Train_W_3Layers_input_size_15_node1_80_node2_60_node3_80_node4_0,0.1937427380954449
Train_W_3Layers_input_size_15_node1_100_node2_100_node3_80_node4_0,0.19374352644288434
Train_W_3Layers_input_size_5_node1_50_node2_90_node3_50_node4_0,0.19374931396855138
Train_W_3Layers_input_size_10_node1_30_node2_50_node3_60_node4_0,0.19375132321859553
Train_W_3Layers_input_size_10_node1_60_node2_70_node3_70_node4_0,0.1937577930544409
Train_W_3Layers_input_size_5_node1_100_node2_40_node3_60_node4_0,0.19376426267425687
Train_W_3Layers_input_size_5_node1_40_node2_60_node3_50_node4_0,0.1937985009584479
Train_W_3Layers_input_size_10_node1_30_node2_80_node3_70_node4_0,0.19380191292089324
Train_W_3Layers_input_size_10_node1_90_node2_80_node3_50_node4_0,0.19382796679993478
Train_W_1Layers_input_size_5_node1_100_node2_0_node3_0_node4_0,0.1938554200123879
Train_W_3Layers_input_size_10_node1_90_node2_70_node3_90_node4_0,0.19387022602898377
Train_W_3Layers_input_size_10_node1_100_node2_50_node3_30_node4_0,0.1938898439406219
Train_W_3Layers_input_size_10_node1_30_node2_60_node3_70_node4_0,0.19389334075462042
Train_W_3Layers_input_size_5_node1_50_node2_70_node3_30_node4_0,0.1939003534058286
Train_W_3Layers_input_size_5_node1_80_node2_90_node3_70_node4_0,0.19390141008470788
Train_W_3Layers_input_size_5_node1_70_node2_50_node3_100_node4_0,0.19390568477231623
Train_W_3Layers_input_size_15_node1_90_node2_40_node3_30_node4_0,0.1939238295320992
Train_W_3Layers_input_size_10_node1_40_node2_60_node3_90_node4_0,0.19393338630633364
Train_W_3Layers_input_size_15_node1_60_node2_40_node3_50_node4_0,0.19393799644109172
Train_W_3Layers_input_size_10_node1_100_node2_70_node3_90_node4_0,0.19394291379737932
Train_W_3Layers_input_size_10_node1_80_node2_90_node3_80_node4_0,0.19396013316587216
Train_W_3Layers_input_size_10_node1_30_node2_80_node3_40_node4_0,0.19396221705713104
Train_W_3Layers_input_size_15_node1_90_node2_60_node3_90_node4_0,0.19396952490438996
Train_W_3Layers_input_size_5_node1_40_node2_30_node3_40_node4_0,0.1939772933914849
Train_W_3Layers_input_size_5_node1_60_node2_90_node3_30_node4_0,0.19398220014946918
Train_W_2Layers_input_size_15_node1_100_node2_30_node3_0_node4_0,0.19399659323036092
Train_W_3Layers_input_size_5_node1_80_node2_80_node3_50_node4_0,0.19399870553395912
Train_W_3Layers_input_size_15_node1_70_node2_40_node3_30_node4_0,0.19403386241046883
Train_W_2Layers_input_size_5_node1_80_node2_30_node3_0_node4_0,0.19405443323726038
Train_W_3Layers_input_size_10_node1_40_node2_70_node3_60_node4_0,0.19406411795317932
Train_W_3Layers_input_size_10_node1_100_node2_90_node3_70_node4_0,0.1940727176525668
Train_W_3Layers_input_size_15_node1_90_node2_70_node3_30_node4_0,0.19407653748609519
Train_W_2Layers_input_size_5_node1_50_node2_90_node3_0_node4_0,0.19409974279873063
Train_W_3Layers_input_size_10_node1_50_node2_100_node3_90_node4_0,0.19410209388529664
Train_W_3Layers_input_size_10_node1_80_node2_50_node3_30_node4_0,0.19414365063771502
Train_W_3Layers_input_size_10_node1_90_node2_40_node3_90_node4_0,0.19414451411014944
Train_W_2Layers_input_size_5_node1_70_node2_50_node3_0_node4_0,0.1941683828055654
Train_W_3Layers_input_size_10_node1_90_node2_80_node3_60_node4_0,0.19418094914697365
Train_W_3Layers_input_size_5_node1_80_node2_70_node3_50_node4_0,0.19426232290334125
Train_W_3Layers_input_size_5_node1_50_node2_30_node3_30_node4_0,0.19427006050617496
Train_W_3Layers_input_size_10_node1_50_node2_90_node3_40_node4_0,0.19428351188755472
Train_W_2Layers_input_size_5_node1_100_node2_50_node3_0_node4_0,0.19429118153843317
Train_W_3Layers_input_size_10_node1_80_node2_80_node3_60_node4_0,0.19431317258370587
Train_W_3Layers_input_size_10_node1_100_node2_50_node3_50_node4_0,0.1943133738851789
Train_W_3Layers_input_size_5_node1_100_node2_60_node3_90_node4_0,0.1943208314784947
Train_W_2Layers_input_size_10_node1_100_node2_90_node3_0_node4_0,0.19435167488517813
Train_W_3Layers_input_size_5_node1_100_node2_50_node3_70_node4_0,0.19436010852573793
Train_W_3Layers_input_size_10_node1_100_node2_80_node3_100_node4_0,0.19437193417354504
Train_W_3Layers_input_size_15_node1_70_node2_40_node3_60_node4_0,0.19438735243439875
Train_W_3Layers_input_size_15_node1_70_node2_50_node3_40_node4_0,0.1944088439670238
Train_W_2Layers_input_size_10_node1_70_node2_70_node3_0_node4_0,0.19440901642624495
Train_W_3Layers_input_size_15_node1_50_node2_90_node3_50_node4_0,0.19442004391768228
Train_W_3Layers_input_size_15_node1_70_node2_80_node3_100_node4_0,0.19444984663164952
Train_W_3Layers_input_size_10_node1_70_node2_30_node3_70_node4_0,0.19445090032449028
Train_W_3Layers_input_size_10_node1_70_node2_50_node3_50_node4_0,0.1944524521162775
Train_W_3Layers_input_size_5_node1_80_node2_90_node3_50_node4_0,0.19447430999104814
Train_W_2Layers_input_size_10_node1_50_node2_60_node3_0_node4_0,0.1944888390419282
Train_W_3Layers_input_size_5_node1_60_node2_30_node3_90_node4_0,0.19448886777332
Train_W_2Layers_input_size_15_node1_90_node2_100_node3_0_node4_0,0.19449136738815903
Train_W_3Layers_input_size_10_node1_100_node2_90_node3_60_node4_0,0.19449553334150294
Train_W_1Layers_input_size_10_node1_40_node2_0_node3_0_node4_0,0.19450471727747867
Train_W_3Layers_input_size_15_node1_60_node2_90_node3_40_node4_0,0.19453274523302114
Train_W_3Layers_input_size_5_node1_30_node2_30_node3_90_node4_0,0.1945598213631467
Train_W_3Layers_input_size_15_node1_80_node2_80_node3_70_node4_0,0.1945902344315813
Train_W_3Layers_input_size_15_node1_100_node2_50_node3_40_node4_0,0.19459831315083304
Train_W_3Layers_input_size_15_node1_30_node2_70_node3_60_node4_0,0.19465832830015603
Train_W_3Layers_input_size_15_node1_100_node2_40_node3_30_node4_0,0.19466894937005907
Train_W_3Layers_input_size_15_node1_40_node2_60_node3_50_node4_0,0.19467838345609126
Train_W_3Layers_input_size_15_node1_90_node2_90_node3_40_node4_0,0.1947266087967216
Train_W_2Layers_input_size_15_node1_80_node2_50_node3_0_node4_0,0.19477124557617423
Train_W_2Layers_input_size_5_node1_90_node2_30_node3_0_node4_0,0.19478326620425981
Train_W_3Layers_input_size_10_node1_70_node2_30_node3_80_node4_0,0.1948036431559368
Train_W_3Layers_input_size_5_node1_80_node2_80_node3_70_node4_0,0.19481943836896415
Train_W_3Layers_input_size_15_node1_70_node2_90_node3_40_node4_0,0.19484688572016107
Train_W_3Layers_input_size_5_node1_80_node2_50_node3_60_node4_0,0.19487311531205243
Train_W_2Layers_input_size_5_node1_90_node2_50_node3_0_node4_0,0.19487995889592696
Train_W_2Layers_input_size_15_node1_80_node2_60_node3_0_node4_0,0.1949040433414102
Train_W_3Layers_input_size_15_node1_80_node2_100_node3_30_node4_0,0.19491156434212722
Train_W_3Layers_input_size_10_node1_80_node2_70_node3_60_node4_0,0.1949202126563977
Train_W_3Layers_input_size_15_node1_60_node2_60_node3_40_node4_0,0.19493412560321466
Train_W_3Layers_input_size_10_node1_60_node2_70_node3_90_node4_0,0.19493606531019458
Train_W_3Layers_input_size_15_node1_40_node2_80_node3_30_node4_0,0.19495498360752772
Train_W_3Layers_input_size_5_node1_70_node2_100_node3_30_node4_0,0.19496575092968962
Train_W_3Layers_input_size_5_node1_100_node2_100_node3_60_node4_0,0.19497086209453826
Train_W_3Layers_input_size_10_node1_40_node2_80_node3_100_node4_0,0.19497796018160413
Train_W_3Layers_input_size_10_node1_60_node2_100_node3_100_node4_0,0.19498626165411903
Train_W_3Layers_input_size_15_node1_70_node2_80_node3_30_node4_0,0.19498945222962255
Train_W_3Layers_input_size_15_node1_60_node2_30_node3_90_node4_0,0.1949951645667316
Train_W_3Layers_input_size_10_node1_80_node2_30_node3_70_node4_0,0.19500465928526786
Train_W_2Layers_input_size_15_node1_40_node2_90_node3_0_node4_0,0.1950057195319833
Train_W_3Layers_input_size_5_node1_90_node2_50_node3_80_node4_0,0.1950338951479127
Train_W_3Layers_input_size_10_node1_70_node2_90_node3_90_node4_0,0.19505311908794948
Train_W_3Layers_input_size_5_node1_60_node2_100_node3_60_node4_0,0.19506973437993175
Train_W_1Layers_input_size_10_node1_60_node2_0_node3_0_node4_0,0.19508411405915813
Train_W_3Layers_input_size_15_node1_90_node2_100_node3_100_node4_0,0.19509333712014598
Train_W_3Layers_input_size_10_node1_40_node2_50_node3_100_node4_0,0.19514878086918297
Train_W_3Layers_input_size_5_node1_70_node2_40_node3_90_node4_0,0.19515854489799753
Train_W_2Layers_input_size_5_node1_100_node2_40_node3_0_node4_0,0.19518288126002445
Train_W_3Layers_input_size_15_node1_40_node2_70_node3_70_node4_0,0.19518921775990336
Train_W_3Layers_input_size_15_node1_30_node2_50_node3_50_node4_0,0.1951898952951565
Train_W_3Layers_input_size_15_node1_50_node2_100_node3_50_node4_0,0.19520318787028024
Train_W_3Layers_input_size_10_node1_40_node2_70_node3_70_node4_0,0.19520919929042269
Train_W_2Layers_input_size_15_node1_50_node2_60_node3_0_node4_0,0.1952396829287313
Train_W_3Layers_input_size_10_node1_80_node2_50_node3_40_node4_0,0.19524916575665108
Train_W_3Layers_input_size_15_node1_100_node2_70_node3_100_node4_0,0.19528002468963315
Train_W_3Layers_input_size_15_node1_40_node2_40_node3_30_node4_0,0.19534954673369356
Train_W_3Layers_input_size_15_node1_30_node2_80_node3_70_node4_0,0.19535233091475177
Train_W_3Layers_input_size_5_node1_40_node2_30_node3_80_node4_0,0.1953614936414121
Train_W_2Layers_input_size_10_node1_50_node2_100_node3_0_node4_0,0.19536546942553065
Train_W_3Layers_input_size_10_node1_50_node2_50_node3_70_node4_0,0.19539036152489006
Train_W_3Layers_input_size_10_node1_60_node2_90_node3_30_node4_0,0.19539521373255067
Train_W_3Layers_input_size_5_node1_40_node2_90_node3_90_node4_0,0.1954411559749577
Train_W_3Layers_input_size_10_node1_70_node2_90_node3_60_node4_0,0.19546570491172252
Train_W_3Layers_input_size_5_node1_80_node2_30_node3_100_node4_0,0.19549466221320114
Train_W_3Layers_input_size_10_node1_70_node2_60_node3_100_node4_0,0.195498454263435
Train_W_2Layers_input_size_15_node1_80_node2_70_node3_0_node4_0,0.1955085152261854
Train_W_3Layers_input_size_15_node1_70_node2_30_node3_40_node4_0,0.19555224010074013
Train_W_3Layers_input_size_5_node1_100_node2_40_node3_80_node4_0,0.19559173650051076
Train_W_3Layers_input_size_5_node1_90_node2_30_node3_70_node4_0,0.1956161713207553
Train_W_1Layers_input_size_5_node1_80_node2_0_node3_0_node4_0,0.19563783253149195
Train_W_3Layers_input_size_5_node1_70_node2_50_node3_30_node4_0,0.19563814672041835
Train_W_2Layers_input_size_5_node1_60_node2_50_node3_0_node4_0,0.19564596319764682
Train_W_3Layers_input_size_5_node1_70_node2_50_node3_40_node4_0,0.19564948574669294
Train_W_3Layers_input_size_15_node1_100_node2_90_node3_50_node4_0,0.19568428893060522
Train_W_3Layers_input_size_5_node1_70_node2_100_node3_80_node4_0,0.19570877881744222
Train_W_3Layers_input_size_10_node1_30_node2_30_node3_100_node4_0,0.19571284271905093
Train_W_3Layers_input_size_15_node1_100_node2_70_node3_40_node4_0,0.19575197367811964
Train_W_3Layers_input_size_5_node1_90_node2_40_node3_70_node4_0,0.19575559898629452
Train_W_3Layers_input_size_5_node1_90_node2_80_node3_70_node4_0,0.19578886114732466
Train_W_3Layers_input_size_5_node1_40_node2_100_node3_60_node4_0,0.19579869790050952
Train_W_3Layers_input_size_5_node1_40_node2_30_node3_100_node4_0,0.19588077842098423
Train_W_2Layers_input_size_10_node1_80_node2_30_node3_0_node4_0,0.19588565651607528
Train_W_3Layers_input_size_15_node1_80_node2_80_node3_60_node4_0,0.1959100166466189
Train_W_3Layers_input_size_15_node1_60_node2_70_node3_70_node4_0,0.19593329951394026
Train_W_3Layers_input_size_5_node1_30_node2_100_node3_80_node4_0,0.19593493462971517
Train_W_3Layers_input_size_5_node1_60_node2_30_node3_50_node4_0,0.1959465036346502
Train_W_3Layers_input_size_5_node1_90_node2_30_node3_100_node4_0,0.19595702636803913
Train_W_3Layers_input_size_5_node1_100_node2_30_node3_80_node4_0,0.19596346140170223
Train_W_2Layers_input_size_5_node1_40_node2_80_node3_0_node4_0,0.19597984744613664
Train_W_3Layers_input_size_10_node1_90_node2_50_node3_80_node4_0,0.19598218548231472
Train_W_3Layers_input_size_5_node1_60_node2_40_node3_100_node4_0,0.1960046140057136
Train_W_3Layers_input_size_5_node1_40_node2_70_node3_60_node4_0,0.19601198824765895
Train_W_2Layers_input_size_15_node1_50_node2_70_node3_0_node4_0,0.19601797486375686
Train_W_3Layers_input_size_5_node1_30_node2_40_node3_60_node4_0,0.19602159525239082
Train_W_3Layers_input_size_10_node1_60_node2_40_node3_80_node4_0,0.19603410930910775
Train_W_3Layers_input_size_10_node1_70_node2_80_node3_100_node4_0,0.19604133042101615
Train_W_3Layers_input_size_5_node1_50_node2_30_node3_100_node4_0,0.1960824476837582
Train_W_3Layers_input_size_10_node1_90_node2_100_node3_40_node4_0,0.19612295799517382
Train_W_3Layers_input_size_15_node1_80_node2_90_node3_70_node4_0,0.1961371180083253
Train_W_3Layers_input_size_10_node1_80_node2_60_node3_90_node4_0,0.19616238696064017
Train_W_3Layers_input_size_10_node1_40_node2_40_node3_100_node4_0,0.1961834561762745
Train_W_2Layers_input_size_15_node1_40_node2_80_node3_0_node4_0,0.19625449943851456
Train_W_3Layers_input_size_10_node1_70_node2_40_node3_90_node4_0,0.19627291105254674
Train_W_3Layers_input_size_10_node1_40_node2_30_node3_90_node4_0,0.196274960898596
Train_W_3Layers_input_size_5_node1_80_node2_30_node3_40_node4_0,0.1963005537019199
Train_W_1Layers_input_size_15_node1_100_node2_0_node3_0_node4_0,0.1963049279628709
Train_W_2Layers_input_size_15_node1_40_node2_30_node3_0_node4_0,0.19631643721206835
Train_W_3Layers_input_size_10_node1_80_node2_30_node3_30_node4_0,0.1963462082154798
Train_W_3Layers_input_size_5_node1_30_node2_90_node3_100_node4_0,0.19634637897303306
Train_W_3Layers_input_size_10_node1_100_node2_30_node3_90_node4_0,0.19636053236062287
Train_W_3Layers_input_size_10_node1_90_node2_40_node3_100_node4_0,0.19636450688854715
Train_W_3Layers_input_size_10_node1_30_node2_30_node3_70_node4_0,0.19640278724403804
Train_W_3Layers_input_size_15_node1_90_node2_80_node3_40_node4_0,0.19642913147920804
Train_W_1Layers_input_size_10_node1_80_node2_0_node3_0_node4_0,0.19643681217841463
Train_W_3Layers_input_size_15_node1_80_node2_80_node3_40_node4_0,0.19644203677872057
Train_W_2Layers_input_size_10_node1_30_node2_90_node3_0_node4_0,0.196453177703678
Train_W_3Layers_input_size_10_node1_30_node2_50_node3_70_node4_0,0.19646664078692014
Train_W_3Layers_input_size_15_node1_60_node2_90_node3_30_node4_0,0.1965195550385323
Train_W_3Layers_input_size_15_node1_40_node2_50_node3_30_node4_0,0.19653315573745062
Train_W_3Layers_input_size_5_node1_50_node2_50_node3_60_node4_0,0.1965664000344108
Train_W_3Layers_input_size_5_node1_100_node2_90_node3_70_node4_0,0.19657221815590137
Train_W_3Layers_input_size_10_node1_90_node2_70_node3_40_node4_0,0.19658673428150875
Train_W_3Layers_input_size_15_node1_90_node2_40_node3_90_node4_0,0.19660273678355197
Train_W_3Layers_input_size_10_node1_50_node2_100_node3_60_node4_0,0.1966260702470243
Train_W_3Layers_input_size_10_node1_80_node2_70_node3_100_node4_0,0.19663938887961224
Train_W_3Layers_input_size_5_node1_80_node2_60_node3_100_node4_0,0.19667235950808218
Train_W_2Layers_input_size_5_node1_50_node2_70_node3_0_node4_0,0.1966879762420125
Train_W_3Layers_input_size_5_node1_100_node2_30_node3_40_node4_0,0.19669177369577043
Train_W_2Layers_input_size_10_node1_30_node2_50_node3_0_node4_0,0.19670820323071428
Train_W_3Layers_input_size_10_node1_60_node2_80_node3_60_node4_0,0.19676221690001544
Train_W_3Layers_input_size_10_node1_90_node2_30_node3_40_node4_0,0.1967676221845686
Train_W_3Layers_input_size_15_node1_90_node2_50_node3_50_node4_0,0.1967728758652594
Train_W_3Layers_input_size_5_node1_90_node2_60_node3_30_node4_0,0.196791115934358
Train_W_2Layers_input_size_10_node1_40_node2_90_node3_0_node4_0,0.19680927859928932
Train_W_3Layers_input_size_5_node1_70_node2_100_node3_50_node4_0,0.1968232472835798
Train_W_3Layers_input_size_10_node1_60_node2_80_node3_100_node4_0,0.19695012195844377
Train_W_3Layers_input_size_10_node1_60_node2_60_node3_90_node4_0,0.196951928322352
Train_W_3Layers_input_size_10_node1_30_node2_80_node3_30_node4_0,0.19700047642146754
Train_W_3Layers_input_size_15_node1_60_node2_30_node3_50_node4_0,0.19701005413266992
Train_W_3Layers_input_size_10_node1_100_node2_50_node3_100_node4_0,0.19701031886042386
Train_W_3Layers_input_size_15_node1_70_node2_30_node3_90_node4_0,0.19704912599187308
Train_W_3Layers_input_size_10_node1_50_node2_80_node3_50_node4_0,0.1970835213445233
Train_W_3Layers_input_size_5_node1_70_node2_80_node3_70_node4_0,0.19713726210811727
Train_W_3Layers_input_size_10_node1_100_node2_50_node3_70_node4_0,0.1971589073604292
Train_W_3Layers_input_size_5_node1_50_node2_30_node3_60_node4_0,0.1971657282875343
Train_W_3Layers_input_size_15_node1_30_node2_30_node3_90_node4_0,0.1971781508380081
Train_W_2Layers_input_size_15_node1_50_node2_50_node3_0_node4_0,0.19717969061294047
Train_W_3Layers_input_size_5_node1_50_node2_70_node3_70_node4_0,0.1971904120252901
Train_W_3Layers_input_size_5_node1_60_node2_60_node3_30_node4_0,0.19719197059617544
Train_W_3Layers_input_size_15_node1_70_node2_100_node3_80_node4_0,0.19719230120053716
Train_W_3Layers_input_size_15_node1_50_node2_50_node3_70_node4_0,0.19719972548393153
Train_W_2Layers_input_size_5_node1_60_node2_100_node3_0_node4_0,0.19721686827659968
Train_W_3Layers_input_size_15_node1_100_node2_80_node3_70_node4_0,0.19723114807697323
Train_W_2Layers_input_size_10_node1_40_node2_60_node3_0_node4_0,0.19723125196062166
Train_W_3Layers_input_size_5_node1_50_node2_100_node3_50_node4_0,0.19728753940739227
Train_W_3Layers_input_size_10_node1_40_node2_30_node3_30_node4_0,0.19730100220067043
Train_W_3Layers_input_size_10_node1_30_node2_70_node3_40_node4_0,0.19730460848718911
Train_W_3Layers_input_size_5_node1_70_node2_30_node3_100_node4_0,0.19731895745603523
Train_W_3Layers_input_size_5_node1_70_node2_80_node3_30_node4_0,0.19732659408044342
Train_W_3Layers_input_size_15_node1_60_node2_70_node3_80_node4_0,0.1973441317109851
Train_W_3Layers_input_size_10_node1_50_node2_90_node3_50_node4_0,0.19737744702857063
Train_W_3Layers_input_size_15_node1_90_node2_60_node3_100_node4_0,0.19739046961828752
Train_W_3Layers_input_size_15_node1_70_node2_80_node3_70_node4_0,0.19741349296452948
Train_W_3Layers_input_size_10_node1_100_node2_50_node3_40_node4_0,0.19742425828830376
Train_W_3Layers_input_size_5_node1_80_node2_100_node3_70_node4_0,0.19744351363918247
Train_W_3Layers_input_size_15_node1_70_node2_100_node3_70_node4_0,0.19746637044463852
Train_W_3Layers_input_size_5_node1_60_node2_80_node3_90_node4_0,0.19752437315914903
Train_W_3Layers_input_size_15_node1_70_node2_40_node3_80_node4_0,0.19766260559056534
Train_W_3Layers_input_size_5_node1_100_node2_70_node3_30_node4_0,0.19767331965624685
Train_W_3Layers_input_size_10_node1_70_node2_90_node3_50_node4_0,0.19769866548569215
Train_W_3Layers_input_size_15_node1_70_node2_50_node3_80_node4_0,0.19772885952796618
Train_W_3Layers_input_size_15_node1_90_node2_70_node3_50_node4_0,0.19775365193668543
Train_W_3Layers_input_size_10_node1_90_node2_70_node3_50_node4_0,0.19776365468051174
Train_W_3Layers_input_size_10_node1_80_node2_40_node3_80_node4_0,0.1977841012766968
Train_W_3Layers_input_size_10_node1_70_node2_80_node3_90_node4_0,0.1977863049752447
Train_W_3Layers_input_size_10_node1_60_node2_50_node3_90_node4_0,0.19784701004138194
Train_W_3Layers_input_size_15_node1_30_node2_70_node3_90_node4_0,0.19785877790784961
Train_W_3Layers_input_size_10_node1_80_node2_40_node3_70_node4_0,0.19787336909031084
Train_W_2Layers_input_size_15_node1_60_node2_90_node3_0_node4_0,0.19787339733026588
Train_W_3Layers_input_size_10_node1_80_node2_60_node3_100_node4_0,0.19788425058790152
Train_W_2Layers_input_size_10_node1_90_node2_50_node3_0_node4_0,0.19789595976640525
Train_W_3Layers_input_size_5_node1_80_node2_60_node3_40_node4_0,0.19789992228164804
Train_W_3Layers_input_size_5_node1_90_node2_90_node3_50_node4_0,0.19801650331697174
Train_W_3Layers_input_size_15_node1_30_node2_30_node3_50_node4_0,0.19804760821806786
Train_W_3Layers_input_size_10_node1_60_node2_80_node3_90_node4_0,0.19808937158543555
Train_W_3Layers_input_size_15_node1_40_node2_80_node3_70_node4_0,0.1980971289534732
Train_W_3Layers_input_size_10_node1_40_node2_90_node3_60_node4_0,0.19813900409207255
Train_W_3Layers_input_size_5_node1_30_node2_70_node3_30_node4_0,0.19819515591164522
Train_W_3Layers_input_size_15_node1_70_node2_90_node3_70_node4_0,0.1982051081815689
Train_W_3Layers_input_size_15_node1_40_node2_100_node3_60_node4_0,0.19824595518243202
Train_W_3Layers_input_size_15_node1_40_node2_40_node3_60_node4_0,0.19826047089550142
Train_W_3Layers_input_size_5_node1_100_node2_70_node3_100_node4_0,0.19834079075431787
Train_W_3Layers_input_size_15_node1_50_node2_80_node3_100_node4_0,0.19840433977559085
Train_W_3Layers_input_size_15_node1_90_node2_30_node3_50_node4_0,0.1984721480180637
Train_W_3Layers_input_size_15_node1_50_node2_60_node3_30_node4_0,0.19847287065555627
Train_W_3Layers_input_size_15_node1_60_node2_60_node3_60_node4_0,0.19847501039789675
Train_W_2Layers_input_size_10_node1_100_node2_40_node3_0_node4_0,0.19851324970996634
Train_W_3Layers_input_size_5_node1_40_node2_90_node3_60_node4_0,0.1985411902475662
Train_W_3Layers_input_size_10_node1_70_node2_40_node3_70_node4_0,0.19857773781550409
Train_W_3Layers_input_size_15_node1_100_node2_30_node3_70_node4_0,0.19857996084631455
Train_W_3Layers_input_size_10_node1_30_node2_30_node3_90_node4_0,0.19864375216536248
Train_W_3Layers_input_size_5_node1_100_node2_90_node3_60_node4_0,0.19865239739804083
Train_W_3Layers_input_size_15_node1_40_node2_100_node3_50_node4_0,0.19865489150586885
Train_W_3Layers_input_size_10_node1_30_node2_40_node3_40_node4_0,0.19866252365635415
Train_W_3Layers_input_size_10_node1_40_node2_70_node3_100_node4_0,0.1986658520822525
Train_W_3Layers_input_size_15_node1_80_node2_50_node3_60_node4_0,0.19869139941031855
Train_W_3Layers_input_size_10_node1_50_node2_70_node3_100_node4_0,0.19871497503895214
Train_W_3Layers_input_size_10_node1_70_node2_100_node3_90_node4_0,0.198791054153285
Train_W_3Layers_input_size_5_node1_50_node2_30_node3_50_node4_0,0.1988188900704634
Train_W_3Layers_input_size_5_node1_100_node2_90_node3_30_node4_0,0.19885259526429339
Train_W_3Layers_input_size_10_node1_50_node2_30_node3_60_node4_0,0.19888753097204998
Train_W_3Layers_input_size_5_node1_40_node2_80_node3_30_node4_0,0.19888887020814117
Train_W_3Layers_input_size_15_node1_60_node2_100_node3_80_node4_0,0.19889042483453134
Train_W_3Layers_input_size_15_node1_100_node2_100_node3_40_node4_0,0.19892381827238456
Train_W_3Layers_input_size_15_node1_40_node2_70_node3_50_node4_0,0.19894953844760374
Train_W_2Layers_input_size_15_node1_90_node2_30_node3_0_node4_0,0.19898201396246828
Train_W_3Layers_input_size_5_node1_90_node2_80_node3_40_node4_0,0.19898768657000057
Train_W_3Layers_input_size_10_node1_90_node2_50_node3_90_node4_0,0.1989995461032234
Train_W_3Layers_input_size_10_node1_30_node2_50_node3_40_node4_0,0.19900449750660618
Train_W_3Layers_input_size_10_node1_70_node2_70_node3_30_node4_0,0.19901998739649437
Train_W_3Layers_input_size_5_node1_90_node2_30_node3_30_node4_0,0.19902735286077056
Train_W_3Layers_input_size_5_node1_30_node2_50_node3_50_node4_0,0.19903585977317498
Train_W_2Layers_input_size_10_node1_30_node2_80_node3_0_node4_0,0.19912939311603572
Train_W_3Layers_input_size_5_node1_50_node2_50_node3_70_node4_0,0.1991380733866773
Train_W_3Layers_input_size_5_node1_60_node2_70_node3_100_node4_0,0.19914051464462365
Train_W_3Layers_input_size_5_node1_60_node2_50_node3_30_node4_0,0.19916407451944587
Train_W_3Layers_input_size_5_node1_50_node2_80_node3_90_node4_0,0.1992184788571177
Train_W_2Layers_input_size_10_node1_40_node2_100_node3_0_node4_0,0.1992414498953648
Train_W_3Layers_input_size_5_node1_40_node2_90_node3_80_node4_0,0.19924225388047795
Train_W_3Layers_input_size_15_node1_40_node2_40_node3_40_node4_0,0.1992776260142172
Train_W_3Layers_input_size_5_node1_70_node2_50_node3_50_node4_0,0.19931061814317816
Train_W_2Layers_input_size_15_node1_70_node2_90_node3_0_node4_0,0.1993127395464563
Train_W_3Layers_input_size_5_node1_30_node2_70_node3_40_node4_0,0.19935840498760546
Train_W_3Layers_input_size_10_node1_40_node2_100_node3_30_node4_0,0.19942399279521916
Train_W_3Layers_input_size_5_node1_100_node2_30_node3_70_node4_0,0.19944340063192822
Train_W_3Layers_input_size_5_node1_80_node2_50_node3_30_node4_0,0.19951164929000834
Train_W_3Layers_input_size_10_node1_80_node2_100_node3_70_node4_0,0.19953133798894532
Train_W_3Layers_input_size_15_node1_100_node2_60_node3_100_node4_0,0.19953306497511622
Train_W_3Layers_input_size_5_node1_40_node2_60_node3_80_node4_0,0.19955159412945414
Train_W_3Layers_input_size_10_node1_30_node2_70_node3_90_node4_0,0.1995617027613255
Train_W_3Layers_input_size_10_node1_50_node2_60_node3_50_node4_0,0.19956388683058235
Train_W_3Layers_input_size_15_node1_70_node2_80_node3_80_node4_0,0.19965357169854986
Train_W_3Layers_input_size_10_node1_90_node2_30_node3_80_node4_0,0.19965613726309558
Train_W_3Layers_input_size_10_node1_30_node2_40_node3_90_node4_0,0.19965631451906482
Train_W_3Layers_input_size_10_node1_60_node2_60_node3_40_node4_0,0.19965699555369334
Train_W_3Layers_input_size_15_node1_80_node2_90_node3_80_node4_0,0.19971163867961206
Train_W_2Layers_input_size_5_node1_80_node2_40_node3_0_node4_0,0.1997346649078292
Train_W_3Layers_input_size_15_node1_70_node2_50_node3_70_node4_0,0.19977066779606353
Train_W_2Layers_input_size_5_node1_80_node2_90_node3_0_node4_0,0.1998065802968332
Train_W_3Layers_input_size_15_node1_60_node2_80_node3_30_node4_0,0.19980776421796717
Train_W_3Layers_input_size_10_node1_40_node2_50_node3_90_node4_0,0.19986190946032345
Train_W_3Layers_input_size_10_node1_80_node2_70_node3_50_node4_0,0.19988790030356748
Train_W_3Layers_input_size_10_node1_50_node2_50_node3_100_node4_0,0.19989349129460923
Train_W_3Layers_input_size_5_node1_80_node2_60_node3_30_node4_0,0.19990204520825194
Train_W_1Layers_input_size_10_node1_30_node2_0_node3_0_node4_0,0.19993120776176035
Train_W_3Layers_input_size_10_node1_80_node2_60_node3_60_node4_0,0.1999832891397051
Train_W_3Layers_input_size_10_node1_100_node2_90_node3_50_node4_0,0.1999894735427169
Train_W_3Layers_input_size_10_node1_30_node2_40_node3_100_node4_0,0.1999920999933678
Train_W_3Layers_input_size_5_node1_70_node2_90_node3_70_node4_0,0.20003640916342533
Train_W_3Layers_input_size_15_node1_70_node2_60_node3_50_node4_0,0.20014557569511093
Train_W_3Layers_input_size_15_node1_80_node2_60_node3_100_node4_0,0.20015684549092697
Train_W_3Layers_input_size_15_node1_30_node2_80_node3_60_node4_0,0.20015780399919347
Train_W_3Layers_input_size_5_node1_30_node2_80_node3_40_node4_0,0.20016123784064607
Train_W_3Layers_input_size_10_node1_90_node2_40_node3_60_node4_0,0.20016678397505808
Train_W_3Layers_input_size_5_node1_60_node2_30_node3_60_node4_0,0.20017717791042253
Train_W_3Layers_input_size_15_node1_70_node2_100_node3_90_node4_0,0.20023142791258142
Train_W_3Layers_input_size_15_node1_50_node2_40_node3_30_node4_0,0.20024933435029396
Train_W_3Layers_input_size_10_node1_60_node2_40_node3_30_node4_0,0.20025980771141247
Train_W_3Layers_input_size_10_node1_30_node2_50_node3_90_node4_0,0.20026587196496184
Train_W_3Layers_input_size_5_node1_40_node2_50_node3_80_node4_0,0.20032290602746097
Train_W_3Layers_input_size_10_node1_60_node2_80_node3_70_node4_0,0.2003304932259952
Train_W_3Layers_input_size_10_node1_40_node2_30_node3_80_node4_0,0.20034316581018508
Train_W_3Layers_input_size_15_node1_90_node2_30_node3_100_node4_0,0.20034956223204645
Train_W_3Layers_input_size_15_node1_30_node2_100_node3_30_node4_0,0.20035217466537894
Train_W_3Layers_input_size_5_node1_50_node2_50_node3_90_node4_0,0.20040418381951614
Train_W_3Layers_input_size_15_node1_30_node2_40_node3_70_node4_0,0.2004219540055856
Train_W_3Layers_input_size_5_node1_30_node2_90_node3_50_node4_0,0.20048449959140485
Train_W_3Layers_input_size_5_node1_50_node2_90_node3_60_node4_0,0.2004877141544072
Train_W_3Layers_input_size_10_node1_50_node2_50_node3_90_node4_0,0.2005010456791624
Train_W_3Layers_input_size_15_node1_50_node2_50_node3_100_node4_0,0.20056274933768298
Train_W_3Layers_input_size_15_node1_80_node2_100_node3_80_node4_0,0.20063075648572976
Train_W_3Layers_input_size_10_node1_30_node2_100_node3_50_node4_0,0.20065480974848202
Train_W_3Layers_input_size_15_node1_50_node2_70_node3_40_node4_0,0.20067136963974697
Train_W_3Layers_input_size_5_node1_80_node2_50_node3_100_node4_0,0.2006976732944301
Train_W_3Layers_input_size_15_node1_100_node2_40_node3_70_node4_0,0.2007122065804798
Train_W_3Layers_input_size_5_node1_50_node2_70_node3_50_node4_0,0.20081992055264422
Train_W_3Layers_input_size_15_node1_50_node2_80_node3_80_node4_0,0.20091573834676155
Train_W_2Layers_input_size_5_node1_100_node2_60_node3_0_node4_0,0.20092988505550835
Train_W_3Layers_input_size_15_node1_80_node2_50_node3_100_node4_0,0.20097660105475973
Train_W_3Layers_input_size_15_node1_30_node2_80_node3_90_node4_0,0.20101179772361025
Train_W_3Layers_input_size_10_node1_60_node2_50_node3_30_node4_0,0.2010145127450629
Train_W_3Layers_input_size_5_node1_100_node2_90_node3_50_node4_0,0.20102004460362463
Train_W_3Layers_input_size_10_node1_100_node2_80_node3_30_node4_0,0.20103008866119212
Train_W_3Layers_input_size_10_node1_40_node2_60_node3_50_node4_0,0.20105981946598514
Train_W_3Layers_input_size_5_node1_100_node2_80_node3_50_node4_0,0.201070046810021
Train_W_2Layers_input_size_10_node1_70_node2_90_node3_0_node4_0,0.20107652200618217
Train_W_3Layers_input_size_5_node1_80_node2_40_node3_100_node4_0,0.20111961056190195
Train_W_3Layers_input_size_15_node1_90_node2_80_node3_80_node4_0,0.20116352323213674
Train_W_3Layers_input_size_15_node1_50_node2_70_node3_30_node4_0,0.20116935654332257
Train_W_3Layers_input_size_15_node1_80_node2_40_node3_100_node4_0,0.20120918520514522
Train_W_3Layers_input_size_15_node1_90_node2_60_node3_80_node4_0,0.20126225931726446
Train_W_3Layers_input_size_5_node1_70_node2_50_node3_70_node4_0,0.20127329075544417
Train_W_3Layers_input_size_5_node1_90_node2_80_node3_90_node4_0,0.20135265856627219
Train_W_3Layers_input_size_5_node1_80_node2_70_node3_30_node4_0,0.2014548616807102
Train_W_3Layers_input_size_10_node1_30_node2_30_node3_50_node4_0,0.20147764245714583
Train_W_3Layers_input_size_15_node1_100_node2_80_node3_30_node4_0,0.20148244051468703
Train_W_3Layers_input_size_10_node1_90_node2_80_node3_40_node4_0,0.20149161105051117
Train_W_3Layers_input_size_10_node1_50_node2_60_node3_70_node4_0,0.20149611296525255
Train_W_2Layers_input_size_10_node1_60_node2_80_node3_0_node4_0,0.20160384234710158
Train_W_3Layers_input_size_15_node1_30_node2_90_node3_80_node4_0,0.20164788973172532
Train_W_3Layers_input_size_5_node1_90_node2_50_node3_100_node4_0,0.20164808371108892
Train_W_3Layers_input_size_5_node1_50_node2_30_node3_90_node4_0,0.20165393995259193
Train_W_3Layers_input_size_10_node1_50_node2_80_node3_60_node4_0,0.20170031279349104
Train_W_3Layers_input_size_15_node1_90_node2_30_node3_30_node4_0,0.20172451553260548
Train_W_3Layers_input_size_10_node1_80_node2_100_node3_50_node4_0,0.20173119132090156
Train_W_3Layers_input_size_10_node1_80_node2_100_node3_40_node4_0,0.20178261426275707
Train_W_3Layers_input_size_5_node1_80_node2_90_node3_60_node4_0,0.2017895835093773
Train_W_3Layers_input_size_10_node1_40_node2_90_node3_80_node4_0,0.20180483193536525
Train_W_3Layers_input_size_5_node1_90_node2_50_node3_60_node4_0,0.20198392393389816
Train_W_3Layers_input_size_10_node1_50_node2_30_node3_30_node4_0,0.20199803271787425
Train_W_3Layers_input_size_10_node1_30_node2_80_node3_90_node4_0,0.2020156811426347
Train_W_3Layers_input_size_5_node1_70_node2_80_node3_80_node4_0,0.202021185586638
Train_W_3Layers_input_size_15_node1_100_node2_50_node3_30_node4_0,0.2020334202206578
Train_W_3Layers_input_size_15_node1_80_node2_80_node3_30_node4_0,0.20205325037100713
Train_W_1Layers_input_size_10_node1_50_node2_0_node3_0_node4_0,0.20206753867321567
Train_W_3Layers_input_size_15_node1_30_node2_80_node3_30_node4_0,0.20206782442895443
Train_W_3Layers_input_size_15_node1_40_node2_70_node3_100_node4_0,0.2020863423828052
Train_W_3Layers_input_size_15_node1_80_node2_80_node3_90_node4_0,0.20215406732505722
Train_W_3Layers_input_size_15_node1_70_node2_100_node3_40_node4_0,0.2021943837162888
Train_W_3Layers_input_size_5_node1_90_node2_90_node3_30_node4_0,0.20221465864362245
Train_W_3Layers_input_size_5_node1_30_node2_80_node3_100_node4_0,0.20226005568633137
Train_W_3Layers_input_size_15_node1_40_node2_90_node3_100_node4_0,0.20227650257682162
Train_W_3Layers_input_size_5_node1_50_node2_40_node3_70_node4_0,0.20232069812093753
Train_W_3Layers_input_size_5_node1_60_node2_40_node3_40_node4_0,0.20239064545853286
Train_W_3Layers_input_size_5_node1_40_node2_100_node3_30_node4_0,0.20244332702284915
Train_W_3Layers_input_size_5_node1_100_node2_90_node3_100_node4_0,0.20249970181466742
Train_W_3Layers_input_size_15_node1_90_node2_70_node3_80_node4_0,0.20258611024123438
Train_W_3Layers_input_size_5_node1_40_node2_50_node3_30_node4_0,0.20258952131187413
Train_W_3Layers_input_size_15_node1_100_node2_80_node3_60_node4_0,0.20260948090011055
Train_W_3Layers_input_size_5_node1_60_node2_40_node3_90_node4_0,0.20261099778519306
Train_W_3Layers_input_size_5_node1_100_node2_40_node3_100_node4_0,0.20265547883850998
Train_W_3Layers_input_size_15_node1_50_node2_40_node3_40_node4_0,0.20266150816990766
Train_W_3Layers_input_size_10_node1_90_node2_50_node3_40_node4_0,0.20266695831054587
Train_W_3Layers_input_size_15_node1_30_node2_100_node3_100_node4_0,0.2027540395824632
Train_W_2Layers_input_size_15_node1_50_node2_30_node3_0_node4_0,0.20283604206055622
Train_W_3Layers_input_size_10_node1_70_node2_60_node3_80_node4_0,0.2028464185950272
Train_W_3Layers_input_size_15_node1_70_node2_90_node3_60_node4_0,0.20287680134117506
Train_W_2Layers_input_size_5_node1_40_node2_100_node3_0_node4_0,0.20290881353380721
Train_W_1Layers_input_size_15_node1_30_node2_0_node3_0_node4_0,0.2029676194486194
Train_W_2Layers_input_size_15_node1_60_node2_30_node3_0_node4_0,0.20312378039360704
Train_W_3Layers_input_size_10_node1_60_node2_40_node3_90_node4_0,0.2032003813033675
Train_W_3Layers_input_size_10_node1_50_node2_50_node3_60_node4_0,0.20320183877856865
Train_W_3Layers_input_size_5_node1_80_node2_40_node3_60_node4_0,0.2032152213955125
Train_W_3Layers_input_size_15_node1_40_node2_80_node3_50_node4_0,0.20329682711969455
Train_W_3Layers_input_size_5_node1_90_node2_30_node3_50_node4_0,0.20338997613938606
Train_W_3Layers_input_size_5_node1_40_node2_70_node3_80_node4_0,0.20346358397189745
Train_W_3Layers_input_size_5_node1_90_node2_40_node3_50_node4_0,0.20349890883724936
Train_W_3Layers_input_size_15_node1_60_node2_30_node3_100_node4_0,0.20352826985268802
Train_W_3Layers_input_size_15_node1_50_node2_80_node3_30_node4_0,0.2035815170723397
Train_W_3Layers_input_size_5_node1_50_node2_60_node3_90_node4_0,0.20359139816553568
Train_W_2Layers_input_size_10_node1_90_node2_70_node3_0_node4_0,0.20360267849401117
Train_W_3Layers_input_size_10_node1_30_node2_60_node3_30_node4_0,0.20364372336879152
Train_W_2Layers_input_size_15_node1_50_node2_90_node3_0_node4_0,0.20366128405977885
Train_W_3Layers_input_size_5_node1_100_node2_50_node3_40_node4_0,0.20367038392639442
Train_W_3Layers_input_size_15_node1_50_node2_30_node3_40_node4_0,0.20367704166170075
Train_W_3Layers_input_size_10_node1_70_node2_50_node3_90_node4_0,0.20367800189402763
Train_W_3Layers_input_size_15_node1_60_node2_100_node3_100_node4_0,0.20370122899212367
Train_W_3Layers_input_size_15_node1_60_node2_50_node3_90_node4_0,0.20372636431235916
Train_W_3Layers_input_size_10_node1_90_node2_50_node3_30_node4_0,0.2037569540832183
Train_W_1Layers_input_size_15_node1_50_node2_0_node3_0_node4_0,0.20376857260441336
Train_W_3Layers_input_size_5_node1_30_node2_60_node3_50_node4_0,0.2038659373806225
Train_W_3Layers_input_size_5_node1_30_node2_40_node3_30_node4_0,0.2038752565177646
Train_W_3Layers_input_size_5_node1_60_node2_70_node3_50_node4_0,0.2039170686182998
Train_W_3Layers_input_size_15_node1_80_node2_90_node3_50_node4_0,0.20393736408251326
Train_W_3Layers_input_size_15_node1_80_node2_100_node3_70_node4_0,0.20395109114746643
Train_W_3Layers_input_size_10_node1_40_node2_50_node3_80_node4_0,0.2040392766943284
Train_W_3Layers_input_size_5_node1_80_node2_60_node3_80_node4_0,0.20406692612537375
Train_W_3Layers_input_size_15_node1_40_node2_50_node3_100_node4_0,0.20414005263401966
Train_W_3Layers_input_size_5_node1_90_node2_90_node3_100_node4_0,0.20414290853537806
Train_W_2Layers_input_size_10_node1_100_node2_80_node3_0_node4_0,0.20416549885831037
Train_W_3Layers_input_size_15_node1_80_node2_50_node3_40_node4_0,0.20419546641072414
Train_W_3Layers_input_size_10_node1_80_node2_90_node3_90_node4_0,0.20425579868884383
Train_W_3Layers_input_size_10_node1_40_node2_40_node3_30_node4_0,0.2043238529022131
Train_W_3Layers_input_size_10_node1_80_node2_40_node3_30_node4_0,0.20434428115404668
Train_W_3Layers_input_size_15_node1_40_node2_90_node3_40_node4_0,0.2043698022047283
Train_W_3Layers_input_size_15_node1_70_node2_50_node3_60_node4_0,0.2043799550508617
Train_W_3Layers_input_size_10_node1_40_node2_90_node3_30_node4_0,0.20438090286713018
Train_W_3Layers_input_size_5_node1_30_node2_30_node3_100_node4_0,0.20440742171347845
Train_W_3Layers_input_size_15_node1_60_node2_70_node3_60_node4_0,0.20449064667712377
Train_W_3Layers_input_size_5_node1_90_node2_60_node3_100_node4_0,0.20453664046922132
Train_W_3Layers_input_size_10_node1_60_node2_90_node3_60_node4_0,0.20453833430051935
Train_W_2Layers_input_size_10_node1_30_node2_30_node3_0_node4_0,0.20457418377287018
Train_W_3Layers_input_size_5_node1_60_node2_100_node3_100_node4_0,0.2045818409230816
Train_W_3Layers_input_size_10_node1_30_node2_100_node3_40_node4_0,0.20458745841226733
Train_W_2Layers_input_size_5_node1_90_node2_40_node3_0_node4_0,0.20463741723533646
Train_W_3Layers_input_size_15_node1_50_node2_70_node3_50_node4_0,0.2046527447204454
Train_W_3Layers_input_size_5_node1_100_node2_90_node3_90_node4_0,0.20466038072908052
Train_W_3Layers_input_size_5_node1_60_node2_50_node3_80_node4_0,0.2047681736851166
Train_W_3Layers_input_size_5_node1_70_node2_60_node3_100_node4_0,0.20477814305365988
Train_W_3Layers_input_size_5_node1_30_node2_100_node3_90_node4_0,0.20483557572047872
Train_W_2Layers_input_size_10_node1_80_node2_80_node3_0_node4_0,0.20484731492141967
Train_W_3Layers_input_size_10_node1_70_node2_50_node3_40_node4_0,0.20492519852985921
Train_W_3Layers_input_size_10_node1_100_node2_100_node3_80_node4_0,0.20493451494333045
Train_W_3Layers_input_size_5_node1_60_node2_100_node3_70_node4_0,0.20493497848064726
Train_W_3Layers_input_size_15_node1_30_node2_30_node3_80_node4_0,0.2049645972502228
Train_W_3Layers_input_size_5_node1_60_node2_60_node3_70_node4_0,0.20496474265246406
Train_W_3Layers_input_size_15_node1_40_node2_40_node3_50_node4_0,0.20513179621691888
Train_W_3Layers_input_size_5_node1_90_node2_90_node3_70_node4_0,0.20515229836556417
Train_W_3Layers_input_size_10_node1_30_node2_50_node3_50_node4_0,0.20517110987215495
Train_W_3Layers_input_size_15_node1_60_node2_70_node3_90_node4_0,0.20522991194444662
Train_W_3Layers_input_size_10_node1_60_node2_60_node3_60_node4_0,0.20527023218557866
Train_W_3Layers_input_size_5_node1_30_node2_70_node3_50_node4_0,0.20528850663440093
Train_W_1Layers_input_size_15_node1_60_node2_0_node3_0_node4_0,0.2053637286945709
Train_W_3Layers_input_size_10_node1_90_node2_80_node3_90_node4_0,0.20541157634114007
Train_W_3Layers_input_size_5_node1_30_node2_100_node3_30_node4_0,0.2054667559769912
Train_W_3Layers_input_size_15_node1_80_node2_80_node3_50_node4_0,0.20556398693844782
Train_W_3Layers_input_size_15_node1_60_node2_40_node3_70_node4_0,0.20557338313135254
Train_W_3Layers_input_size_15_node1_100_node2_30_node3_30_node4_0,0.20561545686114144
Train_W_3Layers_input_size_15_node1_100_node2_40_node3_50_node4_0,0.2056154749788948
Train_W_3Layers_input_size_10_node1_90_node2_40_node3_50_node4_0,0.20568820489248565
Train_W_3Layers_input_size_15_node1_80_node2_50_node3_80_node4_0,0.20573670136057814
Train_W_3Layers_input_size_5_node1_60_node2_40_node3_70_node4_0,0.20574264944939785
Train_W_3Layers_input_size_10_node1_70_node2_40_node3_50_node4_0,0.20577369984568372
Train_W_3Layers_input_size_10_node1_80_node2_70_node3_70_node4_0,0.20582375082466073
Train_W_3Layers_input_size_5_node1_70_node2_90_node3_90_node4_0,0.20588992071367818
Train_W_3Layers_input_size_10_node1_80_node2_40_node3_90_node4_0,0.20590386136212843
Train_W_3Layers_input_size_15_node1_70_node2_80_node3_50_node4_0,0.20597540428433547
Train_W_3Layers_input_size_15_node1_40_node2_70_node3_30_node4_0,0.20598544182132567
Train_W_3Layers_input_size_15_node1_60_node2_70_node3_100_node4_0,0.20605621518115655
Train_W_3Layers_input_size_10_node1_70_node2_40_node3_40_node4_0,0.20613159082458046
Train_W_3Layers_input_size_15_node1_80_node2_70_node3_40_node4_0,0.20613338901944456
Train_W_2Layers_input_size_15_node1_30_node2_100_node3_0_node4_0,0.20617517681882086
Train_W_3Layers_input_size_10_node1_60_node2_40_node3_100_node4_0,0.2061850691227395
Train_W_3Layers_input_size_10_node1_80_node2_80_node3_90_node4_0,0.20626081308283395
Train_W_2Layers_input_size_10_node1_90_node2_40_node3_0_node4_0,0.20627942417239994
Train_W_3Layers_input_size_15_node1_30_node2_60_node3_90_node4_0,0.20639369972648178
Train_W_3Layers_input_size_10_node1_60_node2_30_node3_90_node4_0,0.20639421413482534
Train_W_3Layers_input_size_15_node1_90_node2_50_node3_60_node4_0,0.20640712807155967
Train_W_3Layers_input_size_10_node1_70_node2_30_node3_40_node4_0,0.20642456195813003
Train_W_3Layers_input_size_15_node1_90_node2_50_node3_100_node4_0,0.2065063155457734
Train_W_3Layers_input_size_10_node1_50_node2_70_node3_80_node4_0,0.20651810408463134
Train_W_2Layers_input_size_10_node1_100_node2_70_node3_0_node4_0,0.20667683657271643
Train_W_3Layers_input_size_15_node1_70_node2_70_node3_90_node4_0,0.20669059798159928
Train_W_3Layers_input_size_15_node1_40_node2_60_node3_80_node4_0,0.20679524303234764
Train_W_3Layers_input_size_15_node1_60_node2_30_node3_70_node4_0,0.2068081949736444
Train_W_3Layers_input_size_15_node1_60_node2_30_node3_30_node4_0,0.20684434443202682
Train_W_3Layers_input_size_10_node1_70_node2_90_node3_100_node4_0,0.206864334693
Train_W_2Layers_input_size_15_node1_100_node2_50_node3_0_node4_0,0.20686485693518566
Train_W_3Layers_input_size_5_node1_40_node2_30_node3_30_node4_0,0.20696047706836468
Train_W_3Layers_input_size_15_node1_80_node2_40_node3_30_node4_0,0.20697655045158656
Train_W_3Layers_input_size_5_node1_100_node2_80_node3_100_node4_0,0.20698612549085438
Train_W_3Layers_input_size_5_node1_40_node2_90_node3_100_node4_0,0.20706053292813673
Train_W_3Layers_input_size_15_node1_90_node2_60_node3_30_node4_0,0.20718527408629686
Train_W_3Layers_input_size_5_node1_90_node2_60_node3_80_node4_0,0.20736215345901138
Train_W_3Layers_input_size_15_node1_90_node2_90_node3_60_node4_0,0.207367533948898
Train_W_3Layers_input_size_10_node1_100_node2_100_node3_100_node4_0,0.20743826677457092
Train_W_3Layers_input_size_15_node1_40_node2_30_node3_90_node4_0,0.20743988303769306
Train_W_3Layers_input_size_15_node1_40_node2_50_node3_80_node4_0,0.20744392364040476
Train_W_3Layers_input_size_15_node1_70_node2_70_node3_60_node4_0,0.20745965430398505
Train_W_2Layers_input_size_15_node1_70_node2_30_node3_0_node4_0,0.20747750249374589
Train_W_2Layers_input_size_15_node1_40_node2_60_node3_0_node4_0,0.20748498965744785
Train_W_3Layers_input_size_10_node1_40_node2_70_node3_90_node4_0,0.2075095858715183
Train_W_3Layers_input_size_15_node1_70_node2_50_node3_50_node4_0,0.2075334791096211
Train_W_3Layers_input_size_5_node1_50_node2_90_node3_40_node4_0,0.2076233099450094
Train_W_3Layers_input_size_5_node1_80_node2_70_node3_60_node4_0,0.20767965085892762
Train_W_3Layers_input_size_15_node1_30_node2_70_node3_70_node4_0,0.20774091692347266
Train_W_3Layers_input_size_10_node1_100_node2_70_node3_50_node4_0,0.20788335882804165
Train_W_3Layers_input_size_5_node1_30_node2_90_node3_80_node4_0,0.207955053739713
Train_W_3Layers_input_size_10_node1_90_node2_90_node3_60_node4_0,0.20801575515698298
Train_W_3Layers_input_size_10_node1_30_node2_40_node3_30_node4_0,0.20810012380895548
Train_W_2Layers_input_size_5_node1_100_node2_70_node3_0_node4_0,0.20814711871332695
Train_W_2Layers_input_size_10_node1_60_node2_40_node3_0_node4_0,0.20822058348612055
Train_W_2Layers_input_size_5_node1_70_node2_90_node3_0_node4_0,0.20826289158275946
Train_W_3Layers_input_size_5_node1_70_node2_60_node3_80_node4_0,0.20836530777816828
Train_W_2Layers_input_size_10_node1_70_node2_60_node3_0_node4_0,0.20839848790977034
Train_W_3Layers_input_size_15_node1_30_node2_40_node3_60_node4_0,0.20849303839631364
Train_W_2Layers_input_size_10_node1_100_node2_50_node3_0_node4_0,0.20853632733054706
Test_W_3Layers_input_size_10_node1_40_node2_100_node3_80_node4_0,0.20856703326403042
Test_W_3Layers_input_size_15_node1_90_node2_80_node3_90_node4_0,0.2086161908569232
Train_W_3Layers_input_size_5_node1_30_node2_100_node3_40_node4_0,0.20862088723411468
Train_W_3Layers_input_size_10_node1_30_node2_80_node3_50_node4_0,0.2087204059307253
Test_W_3Layers_input_size_15_node1_90_node2_90_node3_90_node4_0,0.20876104239993137
Train_W_3Layers_input_size_5_node1_30_node2_30_node3_40_node4_0,0.20876228260693414
Train_W_3Layers_input_size_15_node1_100_node2_60_node3_50_node4_0,0.20885315456446393
Test_W_3Layers_input_size_15_node1_40_node2_80_node3_60_node4_0,0.20904109755474
Train_W_2Layers_input_size_15_node1_30_node2_90_node3_0_node4_0,0.20907170262631322
Train_W_3Layers_input_size_5_node1_40_node2_50_node3_40_node4_0,0.20909136413241522
Test_W_3Layers_input_size_10_node1_90_node2_100_node3_50_node4_0,0.20910960750115118
Train_W_3Layers_input_size_15_node1_40_node2_100_node3_40_node4_0,0.2091472472352596
Test_W_3Layers_input_size_15_node1_30_node2_60_node3_100_node4_0,0.20921677297180835
Train_W_3Layers_input_size_10_node1_40_node2_70_node3_30_node4_0,0.20922256870787506
Train_W_3Layers_input_size_5_node1_70_node2_80_node3_40_node4_0,0.2092544290348467
Train_W_3Layers_input_size_5_node1_60_node2_70_node3_60_node4_0,0.20927450059747538
Test_W_3Layers_input_size_10_node1_30_node2_60_node3_80_node4_0,0.2093022682773742
Test_W_3Layers_input_size_10_node1_40_node2_90_node3_100_node4_0,0.20933969541644332
Test_W_3Layers_input_size_15_node1_70_node2_90_node3_80_node4_0,0.209351715885594
Test_W_3Layers_input_size_15_node1_40_node2_60_node3_70_node4_0,0.2093792865086645
Test_W_3Layers_input_size_15_node1_50_node2_40_node3_90_node4_0,0.20939064643528982
Train_W_3Layers_input_size_5_node1_70_node2_30_node3_80_node4_0,0.20944475997447248
Train_W_3Layers_input_size_15_node1_50_node2_50_node3_90_node4_0,0.20949920628313098
Test_W_3Layers_input_size_15_node1_100_node2_50_node3_90_node4_0,0.2095320201777129
Train_W_3Layers_input_size_10_node1_90_node2_90_node3_70_node4_0,0.2095417717859876
Train_W_3Layers_input_size_5_node1_50_node2_90_node3_100_node4_0,0.20954341626955528
Train_W_3Layers_input_size_10_node1_40_node2_50_node3_60_node4_0,0.20957014398488064
Test_W_3Layers_input_size_15_node1_90_node2_80_node3_60_node4_0,0.209579022840674
Train_W_3Layers_input_size_10_node1_100_node2_30_node3_50_node4_0,0.20957944944289286
Test_W_3Layers_input_size_10_node1_50_node2_90_node3_100_node4_0,0.2096056482649882
Test_W_3Layers_input_size_10_node1_40_node2_90_node3_70_node4_0,0.20964608649038563
Test_W_3Layers_input_size_15_node1_80_node2_40_node3_70_node4_0,0.209671859456366
Test_W_2Layers_input_size_15_node1_30_node2_70_node3_0_node4_0,0.2096907629478352
Train_W_3Layers_input_size_15_node1_30_node2_60_node3_70_node4_0,0.2097508643727003
Test_W_3Layers_input_size_15_node1_90_node2_90_node3_50_node4_0,0.20975625462976324
Train_W_3Layers_input_size_15_node1_30_node2_50_node3_100_node4_0,0.2098355650850023
Train_W_3Layers_input_size_10_node1_50_node2_30_node3_70_node4_0,0.20983713625315484
Train_W_3Layers_input_size_10_node1_70_node2_100_node3_100_node4_0,0.20985913137217702
Test_W_3Layers_input_size_15_node1_90_node2_100_node3_80_node4_0,0.20987800912136909
Train_W_3Layers_input_size_15_node1_80_node2_90_node3_30_node4_0,0.20989483524649996
Train_W_3Layers_input_size_5_node1_70_node2_30_node3_50_node4_0,0.2099242156096661
Train_W_3Layers_input_size_15_node1_70_node2_60_node3_100_node4_0,0.20994255517731628
Test_W_3Layers_input_size_15_node1_50_node2_80_node3_90_node4_0,0.20994715090887778
Test_W_3Layers_input_size_15_node1_90_node2_50_node3_80_node4_0,0.2099472307566065
Train_W_2Layers_input_size_5_node1_60_node2_80_node3_0_node4_0,0.20997495382676115
Test_W_3Layers_input_size_15_node1_90_node2_60_node3_70_node4_0,0.20998941272773008
Test_W_3Layers_input_size_10_node1_100_node2_40_node3_100_node4_0,0.2100081102474048
Test_W_3Layers_input_size_15_node1_100_node2_80_node3_100_node4_0,0.21002437609023744
Test_W_3Layers_input_size_15_node1_60_node2_90_node3_100_node4_0,0.21002589263406202
Test_W_3Layers_input_size_10_node1_70_node2_80_node3_70_node4_0,0.21004473765990608
Test_W_3Layers_input_size_15_node1_100_node2_80_node3_90_node4_0,0.21006348345752462
Test_W_3Layers_input_size_15_node1_90_node2_80_node3_100_node4_0,0.21008436434195335
Test_W_3Layers_input_size_15_node1_70_node2_70_node3_50_node4_0,0.21012689108851423
Test_W_3Layers_input_size_15_node1_40_node2_80_node3_100_node4_0,0.21013124345527695
Test_W_3Layers_input_size_10_node1_40_node2_60_node3_60_node4_0,0.2101492813259618
Test_W_3Layers_input_size_15_node1_100_node2_30_node3_60_node4_0,0.21016656431958972
Train_W_3Layers_input_size_10_node1_50_node2_80_node3_70_node4_0,0.21016751262733777
Train_W_3Layers_input_size_15_node1_40_node2_30_node3_50_node4_0,0.21019307101135123
Train_W_3Layers_input_size_15_node1_50_node2_40_node3_60_node4_0,0.21024644646210044
Test_W_3Layers_input_size_15_node1_60_node2_70_node3_50_node4_0,0.21033532231367047
Test_W_3Layers_input_size_15_node1_70_node2_100_node3_100_node4_0,0.21035733617936317
Train_W_3Layers_input_size_5_node1_50_node2_60_node3_70_node4_0,0.21042783411688737
Test_W_3Layers_input_size_15_node1_50_node2_70_node3_100_node4_0,0.210447032589632
Test_W_3Layers_input_size_15_node1_30_node2_90_node3_50_node4_0,0.2104479176775372
Test_W_3Layers_input_size_15_node1_80_node2_40_node3_90_node4_0,0.21045914911972877
Test_W_3Layers_input_size_15_node1_80_node2_30_node3_90_node4_0,0.2104707870583058
Test_W_3Layers_input_size_15_node1_90_node2_30_node3_90_node4_0,0.21047150389888147
Test_W_3Layers_input_size_10_node1_40_node2_60_node3_80_node4_0,0.21049031787859368
Train_W_3Layers_input_size_15_node1_60_node2_60_node3_90_node4_0,0.2105332226829976
Test_W_3Layers_input_size_10_node1_100_node2_100_node3_70_node4_0,0.210538601756994
Train_W_3Layers_input_size_5_node1_70_node2_100_node3_100_node4_0,0.21056545083618525
Test_W_3Layers_input_size_5_node1_50_node2_50_node3_100_node4_0,0.21057779053312412
Test_W_3Layers_input_size_15_node1_70_node2_30_node3_70_node4_0,0.21058715760520244
Train_W_3Layers_input_size_15_node1_70_node2_60_node3_30_node4_0,0.2106122140229619
Train_W_3Layers_input_size_15_node1_80_node2_60_node3_40_node4_0,0.21061771489174305
Test_W_3Layers_input_size_10_node1_90_node2_80_node3_30_node4_0,0.21062394078211924
Train_W_2Layers_input_size_10_node1_50_node2_70_node3_0_node4_0,0.21062576252773818
Train_W_3Layers_input_size_5_node1_80_node2_30_node3_70_node4_0,0.2106328813340439
Test_W_3Layers_input_size_15_node1_70_node2_70_node3_30_node4_0,0.2106336418382569
Test_W_3Layers_input_size_15_node1_70_node2_60_node3_40_node4_0,0.2106599040781931
Test_W_3Layers_input_size_10_node1_80_node2_90_node3_80_node4_0,0.21067080592519583
Test_W_3Layers_input_size_15_node1_70_node2_40_node3_90_node4_0,0.21068596854568505
Test_W_3Layers_input_size_10_node1_50_node2_70_node3_70_node4_0,0.21069640934262707
Train_W_2Layers_input_size_5_node1_90_node2_60_node3_0_node4_0,0.21073578974193138
Test_W_3Layers_input_size_15_node1_30_node2_40_node3_80_node4_0,0.21073689458526912
Train_W_3Layers_input_size_10_node1_100_node2_90_node3_30_node4_0,0.21073807897089414
Test_W_3Layers_input_size_10_node1_90_node2_90_node3_90_node4_0,0.21074735053581553
Train_W_3Layers_input_size_5_node1_70_node2_60_node3_50_node4_0,0.21076340025025198
Test_W_3Layers_input_size_5_node1_40_node2_70_node3_70_node4_0,0.2107765148583941
Test_W_3Layers_input_size_15_node1_100_node2_60_node3_30_node4_0,0.21078950493938156
Test_W_3Layers_input_size_15_node1_70_node2_100_node3_50_node4_0,0.21083145654983904
Train_W_3Layers_input_size_10_node1_30_node2_100_node3_80_node4_0,0.2108326757430827
Test_W_3Layers_input_size_15_node1_60_node2_80_node3_80_node4_0,0.21084244670383132
Test_W_3Layers_input_size_10_node1_70_node2_70_node3_90_node4_0,0.21084295025825495
Test_W_2Layers_input_size_15_node1_90_node2_80_node3_0_node4_0,0.2108841051409648
Train_W_3Layers_input_size_5_node1_30_node2_60_node3_30_node4_0,0.21089319364271247
Test_W_3Layers_input_size_15_node1_80_node2_30_node3_60_node4_0,0.2109054876690459
Test_W_3Layers_input_size_15_node1_60_node2_50_node3_100_node4_0,0.210920774715116
Train_W_3Layers_input_size_5_node1_60_node2_60_node3_40_node4_0,0.21094767228076688
Test_W_3Layers_input_size_15_node1_80_node2_90_node3_100_node4_0,0.21096741499525748
Train_W_3Layers_input_size_15_node1_50_node2_60_node3_80_node4_0,0.2109810466321608
Test_W_3Layers_input_size_15_node1_80_node2_30_node3_100_node4_0,0.2109953041701024
Test_W_3Layers_input_size_10_node1_50_node2_30_node3_90_node4_0,0.21102212162178816
Test_W_3Layers_input_size_15_node1_60_node2_90_node3_60_node4_0,0.21104507881925855
Test_W_3Layers_input_size_10_node1_100_node2_30_node3_30_node4_0,0.21105637556209736
Test_W_3Layers_input_size_10_node1_70_node2_70_node3_70_node4_0,0.21107267534332896
Train_W_3Layers_input_size_5_node1_100_node2_80_node3_60_node4_0,0.21107752885197065
Test_W_2Layers_input_size_15_node1_60_node2_50_node3_0_node4_0,0.21109450642967653
Train_W_3Layers_input_size_15_node1_50_node2_100_node3_40_node4_0,0.21113076010526066
Train_W_3Layers_input_size_15_node1_90_node2_40_node3_80_node4_0,0.21114054373702393
Test_W_3Layers_input_size_15_node1_90_node2_30_node3_40_node4_0,0.21114698357183317
Train_W_2Layers_input_size_15_node1_70_node2_100_node3_0_node4_0,0.2111610711283939
Test_W_3Layers_input_size_10_node1_30_node2_100_node3_30_node4_0,0.21116489057319607
Test_W_3Layers_input_size_5_node1_100_node2_100_node3_80_node4_0,0.21117900339585707
Test_W_3Layers_input_size_15_node1_30_node2_50_node3_70_node4_0,0.21119904198368306
Test_W_3Layers_input_size_15_node1_60_node2_60_node3_80_node4_0,0.21121109773556765
Test_W_3Layers_input_size_10_node1_90_node2_100_node3_80_node4_0,0.21121181206357206
Train_W_3Layers_input_size_15_node1_40_node2_30_node3_100_node4_0,0.21121201489700947
Test_W_3Layers_input_size_10_node1_80_node2_100_node3_60_node4_0,0.21121314370562444
Test_W_3Layers_input_size_10_node1_30_node2_100_node3_100_node4_0,0.21122151257508312
Test_W_3Layers_input_size_15_node1_80_node2_90_node3_40_node4_0,0.21124521522351283
Test_W_3Layers_input_size_15_node1_90_node2_80_node3_70_node4_0,0.2112531155153355
Test_W_3Layers_input_size_15_node1_50_node2_100_node3_70_node4_0,0.21126428651748935
Test_W_3Layers_input_size_10_node1_50_node2_100_node3_70_node4_0,0.21129557452301995
Train_W_3Layers_input_size_15_node1_30_node2_60_node3_40_node4_0,0.21130051987837256
Test_W_3Layers_input_size_15_node1_70_node2_90_node3_50_node4_0,0.21133338019135353
Test_W_3Layers_input_size_15_node1_50_node2_80_node3_60_node4_0,0.21135232896101447
Test_W_3Layers_input_size_15_node1_60_node2_100_node3_30_node4_0,0.21136748675365905
Test_W_3Layers_input_size_15_node1_50_node2_60_node3_100_node4_0,0.21139140212986018
Train_W_3Layers_input_size_15_node1_90_node2_40_node3_40_node4_0,0.2113970941899653
Train_W_3Layers_input_size_5_node1_90_node2_60_node3_50_node4_0,0.21140630160977453
Train_W_3Layers_input_size_5_node1_100_node2_80_node3_30_node4_0,0.2114277458540137
Test_W_3Layers_input_size_15_node1_90_node2_100_node3_40_node4_0,0.21143293478759453
Test_W_3Layers_input_size_15_node1_30_node2_100_node3_40_node4_0,0.2114392864327734
Test_W_3Layers_input_size_15_node1_100_node2_60_node3_80_node4_0,0.21144192041551182
Test_W_3Layers_input_size_5_node1_30_node2_100_node3_60_node4_0,0.21145395351127236
Test_W_3Layers_input_size_15_node1_40_node2_90_node3_50_node4_0,0.21145876303442782
Test_W_3Layers_input_size_5_node1_70_node2_40_node3_80_node4_0,0.21145982005782116
Test_W_3Layers_input_size_15_node1_80_node2_100_node3_100_node4_0,0.21146246259318852
Test_W_2Layers_input_size_10_node1_70_node2_80_node3_0_node4_0,0.21146358125654532
Test_W_3Layers_input_size_15_node1_40_node2_90_node3_70_node4_0,0.21146384550686792
Test_W_3Layers_input_size_15_node1_90_node2_90_node3_40_node4_0,0.21146520198665894
Test_W_3Layers_input_size_10_node1_50_node2_30_node3_80_node4_0,0.21147629132303278
Train_W_3Layers_input_size_15_node1_100_node2_50_node3_70_node4_0,0.2115119071487731
Test_W_3Layers_input_size_15_node1_100_node2_70_node3_100_node4_0,0.21155716687894388
Test_W_3Layers_input_size_10_node1_80_node2_60_node3_70_node4_0,0.2115665346096184
Train_W_3Layers_input_size_15_node1_90_node2_30_node3_60_node4_0,0.2115756994409414
Test_W_3Layers_input_size_15_node1_70_node2_60_node3_90_node4_0,0.21159531313502325
Test_W_3Layers_input_size_15_node1_90_node2_90_node3_30_node4_0,0.21160057718330313
Test_W_3Layers_input_size_10_node1_90_node2_80_node3_80_node4_0,0.21164180476471328
Test_W_3Layers_input_size_15_node1_50_node2_60_node3_90_node4_0,0.2116526824372276
Test_W_3Layers_input_size_15_node1_100_node2_60_node3_70_node4_0,0.21166938508877564
Test_W_3Layers_input_size_5_node1_30_node2_100_node3_70_node4_0,0.2116779823044475
Test_W_3Layers_input_size_15_node1_100_node2_100_node3_80_node4_0,0.21168704552118775
Test_W_3Layers_input_size_15_node1_50_node2_30_node3_80_node4_0,0.21168979080735692
Test_W_3Layers_input_size_15_node1_80_node2_60_node3_50_node4_0,0.2117026104705074
Test_W_3Layers_input_size_15_node1_80_node2_100_node3_40_node4_0,0.21170467808541107
Test_W_3Layers_input_size_10_node1_40_node2_80_node3_30_node4_0,0.21172160537314508
Test_W_3Layers_input_size_15_node1_50_node2_80_node3_70_node4_0,0.2117320126957774
Test_W_3Layers_input_size_15_node1_90_node2_40_node3_70_node4_0,0.21173745808169983
Test_W_3Layers_input_size_15_node1_40_node2_60_node3_60_node4_0,0.21173897994965696
Test_W_3Layers_input_size_10_node1_30_node2_30_node3_80_node4_0,0.21174189170121727
Train_W_2Layers_input_size_15_node1_30_node2_40_node3_0_node4_0,0.21174217319773492
Test_W_3Layers_input_size_15_node1_30_node2_100_node3_80_node4_0,0.21177391832609302
Test_W_3Layers_input_size_15_node1_90_node2_100_node3_90_node4_0,0.21177521125207405
Test_W_3Layers_input_size_5_node1_100_node2_70_node3_40_node4_0,0.21181733697077354
Test_W_3Layers_input_size_10_node1_60_node2_90_node3_80_node4_0,0.2118440855310295
Train_W_3Layers_input_size_5_node1_70_node2_80_node3_100_node4_0,0.21184783111503713
Test_W_3Layers_input_size_15_node1_40_node2_80_node3_40_node4_0,0.21185706290553233
Test_W_3Layers_input_size_15_node1_70_node2_90_node3_90_node4_0,0.21188105488736642
Test_W_3Layers_input_size_10_node1_50_node2_60_node3_90_node4_0,0.21189783623096048
Test_W_2Layers_input_size_10_node1_80_node2_90_node3_0_node4_0,0.21191071362640018
Test_W_3Layers_input_size_10_node1_60_node2_60_node3_50_node4_0,0.21193604421214046
Train_W_3Layers_input_size_10_node1_50_node2_40_node3_90_node4_0,0.21194148435590685
Test_W_3Layers_input_size_5_node1_50_node2_70_node3_90_node4_0,0.21194922687223477
Test_W_3Layers_input_size_10_node1_100_node2_40_node3_60_node4_0,0.21195083510064938
Test_W_3Layers_input_size_15_node1_50_node2_50_node3_60_node4_0,0.21196663551563794
Test_W_3Layers_input_size_15_node1_100_node2_90_node3_60_node4_0,0.21196950899067277
Train_W_2Layers_input_size_10_node1_80_node2_100_node3_0_node4_0,0.2119780940341914
Train_W_3Layers_input_size_5_node1_50_node2_60_node3_100_node4_0,0.21199059752371852
Train_W_2Layers_input_size_15_node1_90_node2_60_node3_0_node4_0,0.21199091383574428
Test_W_3Layers_input_size_15_node1_80_node2_50_node3_70_node4_0,0.21199219665189928
Test_W_3Layers_input_size_15_node1_90_node2_70_node3_90_node4_0,0.2119981449513877
Test_W_3Layers_input_size_15_node1_100_node2_50_node3_60_node4_0,0.2120043566605899
Train_W_3Layers_input_size_15_node1_60_node2_80_node3_100_node4_0,0.21200936455388172
Test_W_3Layers_input_size_15_node1_100_node2_70_node3_50_node4_0,0.2120180973339243
Test_W_3Layers_input_size_15_node1_40_node2_70_node3_40_node4_0,0.2120501349464694
Test_W_3Layers_input_size_5_node1_100_node2_100_node3_90_node4_0,0.21206159773673164
Test_W_3Layers_input_size_5_node1_70_node2_50_node3_80_node4_0,0.21206735964096685
Test_W_3Layers_input_size_10_node1_30_node2_60_node3_70_node4_0,0.2120742631798252
Test_W_3Layers_input_size_15_node1_30_node2_30_node3_60_node4_0,0.2120840911127229
Test_W_3Layers_input_size_10_node1_90_node2_30_node3_50_node4_0,0.2120841525907625
Test_W_3Layers_input_size_10_node1_40_node2_100_node3_50_node4_0,0.2120885438332091
Test_W_3Layers_input_size_15_node1_40_node2_70_node3_90_node4_0,0.21208893025819192
Test_W_2Layers_input_size_15_node1_80_node2_100_node3_0_node4_0,0.2120976597622446
Train_W_1Layers_input_size_15_node1_40_node2_0_node3_0_node4_0,0.21210021531365242
Test_W_3Layers_input_size_10_node1_30_node2_100_node3_60_node4_0,0.21212100107776735
Test_W_3Layers_input_size_5_node1_80_node2_30_node3_60_node4_0,0.21213456736643677
Train_W_2Layers_input_size_5_node1_50_node2_30_node3_0_node4_0,0.21214728991289936
Test_W_3Layers_input_size_5_node1_70_node2_60_node3_60_node4_0,0.21216091597636683
Test_W_3Layers_input_size_5_node1_30_node2_70_node3_90_node4_0,0.21216659617091962
Test_W_3Layers_input_size_15_node1_50_node2_50_node3_80_node4_0,0.21218302134926467
Test_W_3Layers_input_size_10_node1_70_node2_100_node3_50_node4_0,0.21218845516096596
Test_W_3Layers_input_size_10_node1_90_node2_80_node3_100_node4_0,0.2121950299748578
Test_W_3Layers_input_size_15_node1_70_node2_60_node3_70_node4_0,0.21220968870631057
Test_W_3Layers_input_size_5_node1_40_node2_50_node3_100_node4_0,0.2122370284849205
Test_W_3Layers_input_size_15_node1_100_node2_70_node3_70_node4_0,0.2122372040098411
Test_W_3Layers_input_size_15_node1_50_node2_60_node3_70_node4_0,0.21224135513190187
Test_W_3Layers_input_size_15_node1_80_node2_40_node3_50_node4_0,0.21224582210490742
Test_W_3Layers_input_size_10_node1_80_node2_50_node3_100_node4_0,0.212256958412149
Test_W_3Layers_input_size_15_node1_70_node2_40_node3_30_node4_0,0.2122609862942876
Test_W_3Layers_input_size_15_node1_70_node2_40_node3_50_node4_0,0.21226364518113833
Test_W_3Layers_input_size_15_node1_50_node2_30_node3_60_node4_0,0.2122678572109481
Test_W_3Layers_input_size_15_node1_70_node2_30_node3_60_node4_0,0.21227447343901829
Test_W_3Layers_input_size_15_node1_70_node2_90_node3_40_node4_0,0.2122756667950735
Test_W_3Layers_input_size_15_node1_90_node2_60_node3_50_node4_0,0.21229728643717632
Test_W_3Layers_input_size_10_node1_50_node2_70_node3_90_node4_0,0.21231595617462107
Test_W_3Layers_input_size_15_node1_100_node2_80_node3_50_node4_0,0.21231926356500516
Test_W_3Layers_input_size_15_node1_60_node2_70_node3_70_node4_0,0.2123263957726377
Test_W_3Layers_input_size_5_node1_80_node2_90_node3_30_node4_0,0.21233206276804167
Test_W_3Layers_input_size_15_node1_90_node2_60_node3_90_node4_0,0.21233500147545523
Train_W_3Layers_input_size_15_node1_60_node2_100_node3_40_node4_0,0.2123422559611214
Test_W_3Layers_input_size_10_node1_100_node2_60_node3_60_node4_0,0.21234844006094986
Train_W_3Layers_input_size_15_node1_80_node2_60_node3_70_node4_0,0.2123547467801071
Test_W_2Layers_input_size_15_node1_90_node2_90_node3_0_node4_0,0.2123622724947148
Test_W_3Layers_input_size_10_node1_50_node2_50_node3_70_node4_0,0.2123679648452732
Test_W_3Layers_input_size_10_node1_60_node2_30_node3_40_node4_0,0.21237848959082778
Train_W_2Layers_input_size_15_node1_70_node2_60_node3_0_node4_0,0.21238269057278258
Test_W_3Layers_input_size_15_node1_40_node2_60_node3_50_node4_0,0.21238343604106624
Test_W_3Layers_input_size_10_node1_90_node2_40_node3_70_node4_0,0.2123926270114913
Train_W_2Layers_input_size_5_node1_30_node2_70_node3_0_node4_0,0.21239780114238133
Test_W_2Layers_input_size_10_node1_90_node2_90_node3_0_node4_0,0.21240591287354652
Test_W_3Layers_input_size_10_node1_70_node2_50_node3_70_node4_0,0.21240826302534613
Train_W_3Layers_input_size_5_node1_90_node2_70_node3_40_node4_0,0.21242479227636596
Test_W_3Layers_input_size_10_node1_100_node2_70_node3_80_node4_0,0.21242593217730274
Test_W_3Layers_input_size_10_node1_70_node2_90_node3_70_node4_0,0.21242864160959615
Test_W_3Layers_input_size_5_node1_50_node2_100_node3_80_node4_0,0.2124364891230209
Test_W_3Layers_input_size_10_node1_50_node2_90_node3_90_node4_0,0.2124374886737494
Test_W_3Layers_input_size_15_node1_60_node2_100_node3_50_node4_0,0.21244378398165406
Test_W_3Layers_input_size_15_node1_40_node2_80_node3_30_node4_0,0.21244643181308984
Test_W_2Layers_input_size_10_node1_80_node2_70_node3_0_node4_0,0.21245007910301655
Train_W_3Layers_input_size_15_node1_50_node2_90_node3_30_node4_0,0.21245682116401324
Test_W_3Layers_input_size_10_node1_40_node2_80_node3_50_node4_0,0.21245840801592564
Test_W_3Layers_input_size_15_node1_100_node2_100_node3_60_node4_0,0.21245945129884677
Test_W_3Layers_input_size_5_node1_30_node2_40_node3_80_node4_0,0.2124896779779106
Test_W_3Layers_input_size_10_node1_50_node2_40_node3_70_node4_0,0.2124914311336244
Test_W_3Layers_input_size_5_node1_40_node2_60_node3_90_node4_0,0.21250460563605303
Test_W_3Layers_input_size_15_node1_80_node2_100_node3_60_node4_0,0.21250460563605303
Test_W_3Layers_input_size_15_node1_50_node2_100_node3_60_node4_0,0.21251964618520938
Test_W_3Layers_input_size_10_node1_70_node2_60_node3_60_node4_0,0.21252018958838967
Test_W_3Layers_input_size_15_node1_70_node2_80_node3_100_node4_0,0.21252512397625634
Test_W_3Layers_input_size_10_node1_90_node2_60_node3_70_node4_0,0.21254683216927137
Train_W_3Layers_input_size_10_node1_70_node2_100_node3_40_node4_0,0.2125571990867764
Test_W_3Layers_input_size_15_node1_50_node2_60_node3_50_node4_0,0.21256392022465717
Train_W_3Layers_input_size_10_node1_100_node2_60_node3_30_node4_0,0.21256810877936766
Test_W_3Layers_input_size_10_node1_90_node2_40_node3_90_node4_0,0.21258020079642637
Train_W_3Layers_input_size_10_node1_90_node2_60_node3_80_node4_0,0.2125827154990843
Test_W_3Layers_input_size_5_node1_60_node2_100_node3_90_node4_0,0.21258369683839362
Test_W_3Layers_input_size_15_node1_40_node2_70_node3_80_node4_0,0.21258431893507393
Test_W_3Layers_input_size_10_node1_50_node2_80_node3_90_node4_0,0.21258689492166957
Test_W_3Layers_input_size_15_node1_60_node2_80_node3_90_node4_0,0.21260650293940903
Test_W_3Layers_input_size_5_node1_50_node2_80_node3_40_node4_0,0.21262320074590593
Test_W_3Layers_input_size_5_node1_90_node2_100_node3_100_node4_0,0.21262960443607562
Test_W_3Layers_input_size_5_node1_60_node2_70_node3_40_node4_0,0.21263264415036454
Test_W_2Layers_input_size_15_node1_80_node2_90_node3_0_node4_0,0.21263691018906125
Test_W_3Layers_input_size_15_node1_50_node2_100_node3_50_node4_0,0.21264639678147415
Test_W_3Layers_input_size_5_node1_40_node2_70_node3_100_node4_0,0.2126486479236368
Test_W_3Layers_input_size_15_node1_100_node2_30_node3_100_node4_0,0.21265777487842252
Test_W_3Layers_input_size_15_node1_100_node2_30_node3_40_node4_0,0.2126811860913175
Test_W_3Layers_input_size_5_node1_90_node2_70_node3_80_node4_0,0.21269753650241663
Train_W_3Layers_input_size_5_node1_70_node2_100_node3_40_node4_0,0.2127036577309273
Test_W_3Layers_input_size_15_node1_30_node2_70_node3_100_node4_0,0.21272017278485456
Test_W_3Layers_input_size_15_node1_80_node2_100_node3_50_node4_0,0.21273133679537887
Test_W_3Layers_input_size_5_node1_30_node2_40_node3_50_node4_0,0.21275030113618026
Test_W_3Layers_input_size_10_node1_40_node2_60_node3_100_node4_0,0.2127638710718951
Test_W_3Layers_input_size_10_node1_40_node2_60_node3_90_node4_0,0.21277160117090707
Train_W_2Layers_input_size_5_node1_80_node2_70_node3_0_node4_0,0.2127786306773808
Train_W_3Layers_input_size_10_node1_100_node2_40_node3_90_node4_0,0.21278451322411077
Test_W_3Layers_input_size_15_node1_70_node2_100_node3_80_node4_0,0.21279476352335663
Test_W_3Layers_input_size_15_node1_70_node2_40_node3_70_node4_0,0.21280772668748024
Test_W_3Layers_input_size_5_node1_80_node2_100_node3_80_node4_0,0.21281194545376714
Test_W_3Layers_input_size_10_node1_60_node2_100_node3_100_node4_0,0.21281306577598885
Test_W_3Layers_input_size_10_node1_80_node2_80_node3_100_node4_0,0.21281465872399316
Test_W_3Layers_input_size_10_node1_100_node2_40_node3_80_node4_0,0.21283714252589098
Test_W_3Layers_input_size_15_node1_70_node2_100_node3_60_node4_0,0.21284450241368094
Test_W_3Layers_input_size_15_node1_70_node2_80_node3_40_node4_0,0.21285521361491888
Test_W_3Layers_input_size_10_node1_30_node2_100_node3_90_node4_0,0.21290787793165192
Test_W_3Layers_input_size_5_node1_80_node2_30_node3_50_node4_0,0.2129114735745161
Test_W_3Layers_input_size_5_node1_90_node2_70_node3_60_node4_0,0.21291492918379337
Test_W_3Layers_input_size_10_node1_100_node2_50_node3_60_node4_0,0.21292736891283884
Test_W_3Layers_input_size_10_node1_40_node2_70_node3_80_node4_0,0.21292917969887534
Test_W_3Layers_input_size_15_node1_60_node2_90_node3_90_node4_0,0.21293035189032103
Train_W_3Layers_input_size_10_node1_100_node2_60_node3_80_node4_0,0.2129407088835982
Test_W_3Layers_input_size_15_node1_50_node2_40_node3_50_node4_0,0.2129438316281687
Train_W_3Layers_input_size_5_node1_100_node2_80_node3_90_node4_0,0.21294770656686607
Test_W_3Layers_input_size_10_node1_90_node2_50_node3_100_node4_0,0.21296321436292057
Test_W_3Layers_input_size_10_node1_50_node2_80_node3_40_node4_0,0.2129689781120573
Train_W_2Layers_input_size_5_node1_50_node2_40_node3_0_node4_0,0.21297699812256168
Test_W_3Layers_input_size_15_node1_50_node2_50_node3_40_node4_0,0.21299478625019136
Test_W_3Layers_input_size_10_node1_70_node2_100_node3_30_node4_0,0.21299848536447616
Test_W_2Layers_input_size_15_node1_50_node2_40_node3_0_node4_0,0.21300549863883872
Test_W_2Layers_input_size_10_node1_30_node2_100_node3_0_node4_0,0.21301642034820487
Test_W_3Layers_input_size_5_node1_50_node2_80_node3_50_node4_0,0.21302421997723484
Test_W_3Layers_input_size_10_node1_40_node2_90_node3_40_node4_0,0.21302555777728877
Test_W_3Layers_input_size_15_node1_70_node2_70_node3_40_node4_0,0.21303298110336905
Test_W_3Layers_input_size_5_node1_30_node2_60_node3_100_node4_0,0.21303443251262913
Test_W_3Layers_input_size_5_node1_30_node2_30_node3_30_node4_0,0.21303858558690655
Test_W_3Layers_input_size_5_node1_70_node2_40_node3_50_node4_0,0.21304301835791528
Test_W_3Layers_input_size_15_node1_100_node2_40_node3_60_node4_0,0.21307585471238183
Test_W_3Layers_input_size_5_node1_80_node2_80_node3_80_node4_0,0.21307905415047554
Test_W_3Layers_input_size_5_node1_90_node2_80_node3_30_node4_0,0.21309615197249593
Test_W_3Layers_input_size_5_node1_90_node2_70_node3_100_node4_0,0.21311882457567957
Test_W_2Layers_input_size_5_node1_30_node2_100_node3_0_node4_0,0.21312132418306867
Test_W_2Layers_input_size_15_node1_100_node2_60_node3_0_node4_0,0.21313721261034463
Test_W_3Layers_input_size_10_node1_60_node2_30_node3_80_node4_0,0.2131416171131712
Test_W_3Layers_input_size_10_node1_90_node2_100_node3_90_node4_0,0.2131443261867653
Test_W_3Layers_input_size_10_node1_60_node2_100_node3_60_node4_0,0.213144483486755
Test_W_3Layers_input_size_10_node1_90_node2_40_node3_80_node4_0,0.21314567197181405
Test_W_3Layers_input_size_15_node1_40_node2_30_node3_40_node4_0,0.21315276778882913
Train_W_3Layers_input_size_15_node1_50_node2_30_node3_90_node4_0,0.21316940533004913
Test_W_2Layers_input_size_15_node1_30_node2_80_node3_0_node4_0,0.2131786497890972
Test_W_3Layers_input_size_15_node1_40_node2_30_node3_30_node4_0,0.21317964586000368
Test_W_3Layers_input_size_15_node1_100_node2_90_node3_70_node4_0,0.213184477611602
Test_W_2Layers_input_size_15_node1_80_node2_30_node3_0_node4_0,0.21319145855657562
Test_W_3Layers_input_size_10_node1_80_node2_30_node3_50_node4_0,0.21319613277869226
Test_W_3Layers_input_size_5_node1_70_node2_80_node3_90_node4_0,0.21320004681482482
Train_W_3Layers_input_size_10_node1_90_node2_60_node3_40_node4_0,0.2132275304108793
Test_W_3Layers_input_size_5_node1_80_node2_40_node3_90_node4_0,0.21322898049587913
Test_W_3Layers_input_size_15_node1_80_node2_40_node3_40_node4_0,0.2132453238443001
Test_W_3Layers_input_size_5_node1_80_node2_60_node3_90_node4_0,0.21325526376110876
Test_W_2Layers_input_size_5_node1_30_node2_40_node3_0_node4_0,0.21327566621618435
Test_W_3Layers_input_size_15_node1_80_node2_30_node3_80_node4_0,0.21328826829869935
Test_W_2Layers_input_size_10_node1_40_node2_40_node3_0_node4_0,0.21331381077647307
Train_W_3Layers_input_size_15_node1_40_node2_50_node3_60_node4_0,0.21331485860768531
Test_W_3Layers_input_size_10_node1_70_node2_70_node3_100_node4_0,0.21331995797944242
Train_W_3Layers_input_size_5_node1_80_node2_50_node3_80_node4_0,0.21332118041346212
Train_W_3Layers_input_size_5_node1_60_node2_80_node3_70_node4_0,0.2133270130736195
Test_W_3Layers_input_size_10_node1_40_node2_80_node3_80_node4_0,0.21332821800449517
Test_W_3Layers_input_size_15_node1_100_node2_60_node3_60_node4_0,0.21333944623603307
Test_W_3Layers_input_size_15_node1_50_node2_50_node3_30_node4_0,0.21334371560290494
Train_W_3Layers_input_size_5_node1_50_node2_30_node3_70_node4_0,0.21334760073981615
Test_W_3Layers_input_size_10_node1_70_node2_30_node3_100_node4_0,0.21335783271693073
Test_W_3Layers_input_size_10_node1_100_node2_40_node3_40_node4_0,0.2133780944250101
Test_W_3Layers_input_size_10_node1_100_node2_90_node3_60_node4_0,0.2133816384985121
Test_W_3Layers_input_size_5_node1_80_node2_60_node3_70_node4_0,0.21338470241609278
Test_W_2Layers_input_size_10_node1_90_node2_80_node3_0_node4_0,0.21339303849338548
Test_W_3Layers_input_size_5_node1_100_node2_80_node3_80_node4_0,0.21339465329793228
Test_W_3Layers_input_size_5_node1_70_node2_90_node3_100_node4_0,0.213426362091938
Test_W_3Layers_input_size_15_node1_100_node2_40_node3_90_node4_0,0.21342968718386565
Test_W_3Layers_input_size_15_node1_50_node2_80_node3_50_node4_0,0.21343600558851084
Test_W_2Layers_input_size_10_node1_80_node2_60_node3_0_node4_0,0.21343755025290573
Test_W_3Layers_input_size_10_node1_30_node2_100_node3_70_node4_0,0.21343810877287298
Test_W_3Layers_input_size_5_node1_60_node2_60_node3_60_node4_0,0.2134398628651423
Test_W_3Layers_input_size_10_node1_30_node2_60_node3_40_node4_0,0.21344084026353574
Test_W_3Layers_input_size_15_node1_80_node2_70_node3_70_node4_0,0.2134422190858016
Test_W_3Layers_input_size_15_node1_90_node2_60_node3_60_node4_0,0.2134588340664298
Test_W_3Layers_input_size_5_node1_40_node2_50_node3_60_node4_0,0.21345950596858548
Train_W_3Layers_input_size_15_node1_30_node2_90_node3_70_node4_0,0.21346382528908808
Test_W_3Layers_input_size_15_node1_90_node2_100_node3_50_node4_0,0.21346413069227993
Test_W_3Layers_input_size_10_node1_100_node2_80_node3_40_node4_0,0.21346824050415872
Train_W_3Layers_input_size_15_node1_70_node2_70_node3_100_node4_0,0.2134706923924575
Test_W_3Layers_input_size_10_node1_90_node2_90_node3_100_node4_0,0.21348871857845753
Test_W_2Layers_input_size_15_node1_80_node2_40_node3_0_node4_0,0.21349998199074197
Test_W_3Layers_input_size_15_node1_60_node2_70_node3_80_node4_0,0.21350118594543763
Test_W_3Layers_input_size_5_node1_70_node2_60_node3_90_node4_0,0.21351300702407514
Train_W_3Layers_input_size_5_node1_90_node2_30_node3_80_node4_0,0.2135197155222493
Test_W_3Layers_input_size_15_node1_30_node2_90_node3_60_node4_0,0.21355175463565856
Test_W_3Layers_input_size_10_node1_90_node2_90_node3_30_node4_0,0.2135606598354745
Test_W_3Layers_input_size_15_node1_40_node2_70_node3_70_node4_0,0.21356767209192315
Test_W_3Layers_input_size_5_node1_90_node2_50_node3_50_node4_0,0.21357836446763312
Test_W_3Layers_input_size_10_node1_30_node2_40_node3_80_node4_0,0.21358609997180028
Test_W_2Layers_input_size_15_node1_60_node2_80_node3_0_node4_0,0.21358837609273534
Test_W_2Layers_input_size_5_node1_60_node2_90_node3_0_node4_0,0.213590146392249
Test_W_3Layers_input_size_5_node1_60_node2_90_node3_100_node4_0,0.21359777682568118
Train_W_3Layers_input_size_10_node1_40_node2_70_node3_40_node4_0,0.21360732538410362
Test_W_3Layers_input_size_15_node1_40_node2_50_node3_90_node4_0,0.21361480696999074
Test_W_3Layers_input_size_10_node1_60_node2_100_node3_40_node4_0,0.21361499008244406
Test_W_3Layers_input_size_10_node1_30_node2_80_node3_70_node4_0,0.2136370409060364
Test_W_3Layers_input_size_15_node1_60_node2_80_node3_50_node4_0,0.2136420802765223
Train_W_3Layers_input_size_10_node1_50_node2_30_node3_100_node4_0,0.21364350139238647
Test_W_3Layers_input_size_5_node1_80_node2_80_node3_100_node4_0,0.213647747246663
Train_W_3Layers_input_size_5_node1_90_node2_80_node3_50_node4_0,0.2136479390491763
Test_W_3Layers_input_size_10_node1_100_node2_80_node3_70_node4_0,0.2136652267230735
Test_W_3Layers_input_size_10_node1_50_node2_50_node3_40_node4_0,0.21366981212450062
Test_W_3Layers_input_size_5_node1_50_node2_100_node3_100_node4_0,0.21367652441681378
Test_W_3Layers_input_size_10_node1_50_node2_40_node3_60_node4_0,0.2136815279884542
Test_W_3Layers_input_size_15_node1_40_node2_70_node3_60_node4_0,0.21368300986000563
Test_W_2Layers_input_size_5_node1_50_node2_100_node3_0_node4_0,0.21368588640485772
Test_W_2Layers_input_size_5_node1_90_node2_70_node3_0_node4_0,0.21369040163049993
Test_W_3Layers_input_size_15_node1_80_node2_70_node3_50_node4_0,0.21371401348630112
Test_W_3Layers_input_size_5_node1_60_node2_80_node3_100_node4_0,0.21371713364714057
Test_W_3Layers_input_size_15_node1_80_node2_90_node3_70_node4_0,0.21373251589715248
Test_W_3Layers_input_size_5_node1_50_node2_90_node3_50_node4_0,0.2137388427789465
Test_W_3Layers_input_size_15_node1_80_node2_80_node3_70_node4_0,0.21374145713822754
Test_W_3Layers_input_size_5_node1_50_node2_40_node3_60_node4_0,0.2137506681426241
Test_W_3Layers_input_size_15_node1_80_node2_60_node3_80_node4_0,0.21375323007329264
Test_W_3Layers_input_size_15_node1_30_node2_50_node3_60_node4_0,0.2137551035745817
Test_W_3Layers_input_size_10_node1_70_node2_50_node3_100_node4_0,0.2137588505278986
Test_W_3Layers_input_size_10_node1_50_node2_40_node3_80_node4_0,0.21378723810087652
Test_W_3Layers_input_size_10_node1_50_node2_40_node3_50_node4_0,0.21381217214095896
Test_W_3Layers_input_size_15_node1_50_node2_30_node3_50_node4_0,0.21381577871106386
Test_W_3Layers_input_size_5_node1_90_node2_30_node3_40_node4_0,0.21385292981145143
Test_W_2Layers_input_size_15_node1_40_node2_70_node3_0_node4_0,0.21385602181607496
Test_W_3Layers_input_size_15_node1_80_node2_30_node3_50_node4_0,0.2138654020748774
Test_W_2Layers_input_size_5_node1_70_node2_70_node3_0_node4_0,0.2138744596873581
Test_W_3Layers_input_size_5_node1_70_node2_50_node3_100_node4_0,0.2138841091063337
Test_W_3Layers_input_size_5_node1_70_node2_50_node3_90_node4_0,0.21388821955692403
Train_W_3Layers_input_size_15_node1_100_node2_90_node3_30_node4_0,0.2138971194567986
Test_W_3Layers_input_size_15_node1_30_node2_70_node3_90_node4_0,0.21390415551474715
Test_W_3Layers_input_size_15_node1_30_node2_40_node3_40_node4_0,0.2139042513010679
Test_W_3Layers_input_size_5_node1_60_node2_50_node3_40_node4_0,0.21394242308934164
Test_W_3Layers_input_size_5_node1_60_node2_70_node3_70_node4_0,0.2139439118600478
Test_W_3Layers_input_size_10_node1_90_node2_30_node3_70_node4_0,0.21395618729380259
Test_W_3Layers_input_size_15_node1_50_node2_90_node3_70_node4_0,0.21397562630948694
Test_W_3Layers_input_size_10_node1_60_node2_40_node3_40_node4_0,0.2139797088877522
Test_W_3Layers_input_size_10_node1_70_node2_80_node3_100_node4_0,0.21399701328009352
Test_W_3Layers_input_size_10_node1_60_node2_30_node3_100_node4_0,0.2140091290036385
Test_W_2Layers_input_size_15_node1_90_node2_70_node3_0_node4_0,0.2140386756113466
Test_W_3Layers_input_size_10_node1_50_node2_70_node3_30_node4_0,0.2140540695618685
Test_W_3Layers_input_size_5_node1_30_node2_70_node3_70_node4_0,0.21405561846788876
Test_W_3Layers_input_size_10_node1_50_node2_50_node3_50_node4_0,0.21405599264013422
Test_W_3Layers_input_size_5_node1_40_node2_70_node3_40_node4_0,0.214068026714958
Train_W_3Layers_input_size_15_node1_30_node2_60_node3_30_node4_0,0.21408793409680718
Test_W_3Layers_input_size_10_node1_100_node2_30_node3_70_node4_0,0.21409177962768858
Test_W_3Layers_input_size_15_node1_60_node2_60_node3_60_node4_0,0.21409279755077165
Test_W_3Layers_input_size_5_node1_70_node2_40_node3_70_node4_0,0.21409756519446746
Test_W_3Layers_input_size_5_node1_50_node2_60_node3_80_node4_0,0.2140978348937665
Test_W_3Layers_input_size_10_node1_70_node2_40_node3_100_node4_0,0.21410109735837513
Test_W_3Layers_input_size_10_node1_90_node2_70_node3_60_node4_0,0.214112102372304
Test_W_3Layers_input_size_5_node1_30_node2_40_node3_70_node4_0,0.21411218066681928
Test_W_3Layers_input_size_5_node1_50_node2_90_node3_70_node4_0,0.21411932274607004
Test_W_3Layers_input_size_5_node1_40_node2_70_node3_90_node4_0,0.21412335908988114
Test_W_3Layers_input_size_15_node1_40_node2_80_node3_70_node4_0,0.21412765632057348
Train_W_3Layers_input_size_5_node1_60_node2_40_node3_80_node4_0,0.21414703628144519
Test_W_2Layers_input_size_5_node1_90_node2_80_node3_0_node4_0,0.21414778430582063
Test_W_3Layers_input_size_5_node1_80_node2_50_node3_40_node4_0,0.21414896722275562
Test_W_3Layers_input_size_10_node1_60_node2_50_node3_100_node4_0,0.2141589347780169
Test_W_3Layers_input_size_5_node1_100_node2_100_node3_50_node4_0,0.214170667370365
Test_W_3Layers_input_size_10_node1_40_node2_60_node3_30_node4_0,0.2141761638122603
Train_W_3Layers_input_size_10_node1_80_node2_40_node3_40_node4_0,0.21417833799875927
Test_W_3Layers_input_size_5_node1_90_node2_90_node3_80_node4_0,0.21418564310373717
Test_W_3Layers_input_size_10_node1_90_node2_70_node3_50_node4_0,0.21418690407878524
Test_W_3Layers_input_size_15_node1_30_node2_70_node3_80_node4_0,0.2141998090794146
Train_W_3Layers_input_size_10_node1_40_node2_80_node3_60_node4_0,0.21420551346800917
Test_W_3Layers_input_size_10_node1_40_node2_50_node3_40_node4_0,0.21420628737488082
Test_W_3Layers_input_size_5_node1_30_node2_50_node3_30_node4_0,0.2142150001559393
Test_W_3Layers_input_size_10_node1_90_node2_90_node3_80_node4_0,0.21421546969695068
Test_W_3Layers_input_size_10_node1_40_node2_80_node3_100_node4_0,0.21421923468303314
Train_W_2Layers_input_size_15_node1_40_node2_50_node3_0_node4_0,0.21421938249868872
Train_W_3Layers_input_size_15_node1_90_node2_70_node3_70_node4_0,0.21422844253415677
Test_W_3Layers_input_size_10_node1_50_node2_90_node3_80_node4_0,0.2142508127465295
Train_W_3Layers_input_size_10_node1_40_node2_90_node3_90_node4_0,0.21425349910153316
Test_W_3Layers_input_size_5_node1_60_node2_100_node3_80_node4_0,0.2142623838286499
Test_W_3Layers_input_size_5_node1_90_node2_50_node3_90_node4_0,0.21427398905719786
Test_W_3Layers_input_size_10_node1_100_node2_90_node3_40_node4_0,0.21427486703018694
Test_W_3Layers_input_size_15_node1_70_node2_40_node3_40_node4_0,0.21427982185981584
Test_W_3Layers_input_size_10_node1_70_node2_30_node3_30_node4_0,0.21427983924498126
Test_W_3Layers_input_size_15_node1_40_node2_100_node3_50_node4_0,0.21428326409505855
Test_W_3Layers_input_size_5_node1_50_node2_80_node3_60_node4_0,0.2143017868914271
Test_W_3Layers_input_size_10_node1_80_node2_30_node3_40_node4_0,0.21432654809173535
Test_W_3Layers_input_size_5_node1_100_node2_60_node3_90_node4_0,0.21432656547311055
Test_W_3Layers_input_size_15_node1_90_node2_90_node3_80_node4_0,0.21435690251524786
Test_W_3Layers_input_size_5_node1_60_node2_50_node3_90_node4_0,0.21436207267998472
Test_W_3Layers_input_size_10_node1_60_node2_50_node3_60_node4_0,0.21437248214599888
Test_W_3Layers_input_size_15_node1_30_node2_70_node3_30_node4_0,0.2143734205371292
Test_W_3Layers_input_size_10_node1_40_node2_60_node3_70_node4_0,0.21439407279080336
Test_W_3Layers_input_size_10_node1_60_node2_60_node3_100_node4_0,0.214402804003535
Test_W_3Layers_input_size_10_node1_30_node2_90_node3_70_node4_0,0.2144108051310454
Test_W_3Layers_input_size_10_node1_100_node2_70_node3_70_node4_0,0.21441864959485835
Test_W_3Layers_input_size_15_node1_90_node2_100_node3_30_node4_0,0.21443452876052455
Test_W_3Layers_input_size_10_node1_100_node2_80_node3_50_node4_0,0.21443842019284218
Test_W_3Layers_input_size_10_node1_80_node2_100_node3_30_node4_0,0.21444133003470187
Test_W_3Layers_input_size_10_node1_70_node2_40_node3_30_node4_0,0.21445955256434276
Train_W_2Layers_input_size_15_node1_100_node2_90_node3_0_node4_0,0.21446652674533564
Test_W_3Layers_input_size_10_node1_80_node2_90_node3_40_node4_0,0.2144690106454383
Test_W_3Layers_input_size_5_node1_90_node2_80_node3_60_node4_0,0.21447114712391163
Test_W_3Layers_input_size_10_node1_50_node2_60_node3_60_node4_0,0.21448221999451864
Test_W_3Layers_input_size_15_node1_60_node2_60_node3_40_node4_0,0.2144905307853769
Test_W_3Layers_input_size_15_node1_80_node2_30_node3_30_node4_0,0.21449220679926886
Test_W_3Layers_input_size_10_node1_30_node2_70_node3_80_node4_0,0.2145170762644203
Test_W_3Layers_input_size_5_node1_70_node2_40_node3_60_node4_0,0.2145187954854171
Test_W_3Layers_input_size_10_node1_80_node2_60_node3_30_node4_0,0.21452211232739674
Test_W_3Layers_input_size_10_node1_60_node2_80_node3_80_node4_0,0.21453024792419803
Test_W_2Layers_input_size_15_node1_60_node2_90_node3_0_node4_0,0.21453135927312836
Test_W_3Layers_input_size_10_node1_100_node2_70_node3_90_node4_0,0.21453168052135593
Test_W_3Layers_input_size_5_node1_50_node2_40_node3_80_node4_0,0.21454796804425122
Test_W_3Layers_input_size_10_node1_100_node2_70_node3_60_node4_0,0.21455244776443602
Test_W_3Layers_input_size_5_node1_40_node2_30_node3_90_node4_0,0.21456064297944483
Train_W_3Layers_input_size_5_node1_40_node2_100_node3_100_node4_0,0.21456717982801454
Test_W_3Layers_input_size_10_node1_30_node2_50_node3_100_node4_0,0.2145675617891033
Test_W_3Layers_input_size_5_node1_80_node2_50_node3_70_node4_0,0.21456908094579447
Test_W_3Layers_input_size_10_node1_30_node2_40_node3_50_node4_0,0.2145766852484779
Train_W_3Layers_input_size_15_node1_70_node2_80_node3_90_node4_0,0.21461485026359822
Test_W_3Layers_input_size_15_node1_90_node2_60_node3_100_node4_0,0.2146305760596274
Train_W_3Layers_input_size_15_node1_40_node2_100_node3_90_node4_0,0.21465927353530412
Test_W_3Layers_input_size_10_node1_100_node2_80_node3_80_node4_0,0.21466296999802192
Test_W_3Layers_input_size_10_node1_50_node2_70_node3_60_node4_0,0.2146763496196353
Test_W_3Layers_input_size_10_node1_70_node2_30_node3_60_node4_0,0.21467818903548436
Test_W_2Layers_input_size_5_node1_40_node2_90_node3_0_node4_0,0.21468022799218212
Test_W_3Layers_input_size_10_node1_40_node2_40_node3_70_node4_0,0.21468496523808614
Test_W_3Layers_input_size_5_node1_30_node2_80_node3_60_node4_0,0.2146856506551191
Test_W_3Layers_input_size_5_node1_40_node2_30_node3_50_node4_0,0.2146881927523479
Test_W_3Layers_input_size_5_node1_70_node2_70_node3_60_node4_0,0.2146929645259328
Test_W_3Layers_input_size_15_node1_60_node2_80_node3_70_node4_0,0.21469633940721844
Train_W_3Layers_input_size_5_node1_100_node2_40_node3_90_node4_0,0.21470544004375536
Test_W_3Layers_input_size_10_node1_90_node2_40_node3_40_node4_0,0.21471053241466248
Test_W_3Layers_input_size_5_node1_40_node2_50_node3_70_node4_0,0.21471721217293607
Train_W_3Layers_input_size_10_node1_90_node2_30_node3_100_node4_0,0.21471964979920097
Test_W_3Layers_input_size_5_node1_90_node2_30_node3_60_node4_0,0.214722009325669
Test_W_3Layers_input_size_5_node1_100_node2_100_node3_100_node4_0,0.21472653746192735
Test_W_2Layers_input_size_15_node1_60_node2_40_node3_0_node4_0,0.214736504230048
Test_W_3Layers_input_size_10_node1_30_node2_90_node3_80_node4_0,0.21473664301554637
Test_W_3Layers_input_size_10_node1_60_node2_70_node3_90_node4_0,0.21475518742103603
Test_W_3Layers_input_size_15_node1_70_node2_90_node3_100_node4_0,0.21475690473585105
Test_W_3Layers_input_size_5_node1_50_node2_80_node3_70_node4_0,0.2147600964764014
Test_W_3Layers_input_size_5_node1_30_node2_100_node3_50_node4_0,0.21476738179342772
Test_W_3Layers_input_size_15_node1_60_node2_90_node3_50_node4_0,0.21477765020159179
Train_W_3Layers_input_size_5_node1_50_node2_80_node3_80_node4_0,0.21478263679366388
Test_W_2Layers_input_size_5_node1_90_node2_100_node3_0_node4_0,0.21478525579217275
Test_W_3Layers_input_size_15_node1_40_node2_40_node3_90_node4_0,0.214785559316425
Train_W_3Layers_input_size_10_node1_30_node2_80_node3_100_node4_0,0.2147915950239144
Test_W_2Layers_input_size_5_node1_60_node2_60_node3_0_node4_0,0.2148123631525478
Train_W_3Layers_input_size_15_node1_40_node2_100_node3_80_node4_0,0.2148206525004228
Test_W_3Layers_input_size_10_node1_30_node2_90_node3_30_node4_0,0.21482111204696155
Test_W_3Layers_input_size_15_node1_70_node2_80_node3_70_node4_0,0.21482150222721338
Test_W_3Layers_input_size_10_node1_70_node2_70_node3_40_node4_0,0.21482927967238163
Test_W_3Layers_input_size_5_node1_70_node2_40_node3_90_node4_0,0.21483031144161172
Test_W_3Layers_input_size_5_node1_100_node2_50_node3_60_node4_0,0.21483712619627565
Test_W_3Layers_input_size_5_node1_80_node2_60_node3_100_node4_0,0.21484073290006864
Test_W_3Layers_input_size_15_node1_100_node2_80_node3_70_node4_0,0.21484630756589826
Test_W_3Layers_input_size_15_node1_40_node2_100_node3_30_node4_0,0.21485328653150923
Test_W_3Layers_input_size_5_node1_90_node2_90_node3_90_node4_0,0.2148614616029181
Test_W_3Layers_input_size_15_node1_60_node2_70_node3_40_node4_0,0.2148742654109912
Test_W_3Layers_input_size_5_node1_70_node2_30_node3_40_node4_0,0.21488163353964615
Test_W_3Layers_input_size_5_node1_60_node2_100_node3_50_node4_0,0.21488478008701575
Test_W_3Layers_input_size_15_node1_100_node2_50_node3_50_node4_0,0.21489409810442903
Test_W_3Layers_input_size_15_node1_60_node2_100_node3_60_node4_0,0.2149008501641128
Test_W_3Layers_input_size_15_node1_90_node2_60_node3_40_node4_0,0.21490103218075696
Train_W_3Layers_input_size_5_node1_30_node2_30_node3_60_node4_0,0.21491002881132498
Test_W_3Layers_input_size_15_node1_30_node2_50_node3_90_node4_0,0.21491505566632052
Test_W_3Layers_input_size_10_node1_90_node2_60_node3_50_node4_0,0.2149163470290525
Test_W_3Layers_input_size_5_node1_100_node2_100_node3_70_node4_0,0.21493619317159127
Test_W_3Layers_input_size_5_node1_40_node2_90_node3_90_node4_0,0.21495352454819744
Test_W_3Layers_input_size_5_node1_100_node2_50_node3_100_node4_0,0.21495774452684385
Test_W_3Layers_input_size_10_node1_90_node2_60_node3_60_node4_0,0.2149633508179731
Test_W_3Layers_input_size_15_node1_30_node2_70_node3_60_node4_0,0.21496490183714737
Test_W_2Layers_input_size_10_node1_50_node2_50_node3_0_node4_0,0.2149746409420187
Test_W_3Layers_input_size_15_node1_90_node2_40_node3_60_node4_0,0.21497866989108166
Test_W_2Layers_input_size_10_node1_90_node2_100_node3_0_node4_0,0.21498027278530435
Test_W_3Layers_input_size_10_node1_70_node2_90_node3_50_node4_0,0.21498156375628666
Test_W_3Layers_input_size_5_node1_80_node2_80_node3_40_node4_0,0.21498890221586123
Test_W_3Layers_input_size_10_node1_30_node2_70_node3_50_node4_0,0.21499405718230616
Test_W_3Layers_input_size_5_node1_50_node2_100_node3_90_node4_0,0.21499656964215796
Test_W_3Layers_input_size_10_node1_90_node2_90_node3_40_node4_0,0.21499781719752006
Test_W_3Layers_input_size_10_node1_60_node2_30_node3_50_node4_0,0.21499903009162633
Test_W_3Layers_input_size_5_node1_80_node2_100_node3_90_node4_0,0.21501070817906343
Test_W_3Layers_input_size_5_node1_70_node2_70_node3_30_node4_0,0.2150122501936471
Test_W_3Layers_input_size_10_node1_30_node2_50_node3_80_node4_0,0.21502647432352504
Test_W_3Layers_input_size_10_node1_60_node2_80_node3_60_node4_0,0.21503064955938125
Train_W_3Layers_input_size_15_node1_90_node2_80_node3_30_node4_0,0.2150357082427561
Test_W_3Layers_input_size_5_node1_50_node2_40_node3_100_node4_0,0.2150361413436789
Test_W_3Layers_input_size_10_node1_100_node2_40_node3_30_node4_0,0.21503776979534261
Test_W_3Layers_input_size_15_node1_70_node2_80_node3_80_node4_0,0.2150683962488448
Test_W_3Layers_input_size_10_node1_70_node2_60_node3_40_node4_0,0.21508001860849524
Test_W_3Layers_input_size_10_node1_30_node2_60_node3_50_node4_0,0.21508518005118005
Test_W_3Layers_input_size_15_node1_70_node2_40_node3_60_node4_0,0.2150856217125026
Test_W_3Layers_input_size_10_node1_90_node2_70_node3_30_node4_0,0.21509245435742103
Test_W_3Layers_input_size_15_node1_40_node2_80_node3_80_node4_0,0.2151107862499254
Test_W_3Layers_input_size_5_node1_100_node2_100_node3_30_node4_0,0.21511323673408747
Test_W_3Layers_input_size_5_node1_50_node2_50_node3_30_node4_0,0.2151138688332469
Test_W_3Layers_input_size_5_node1_80_node2_90_node3_50_node4_0,0.21512551471143254
Test_W_3Layers_input_size_5_node1_100_node2_60_node3_70_node4_0,0.21514734145859485
Test_W_3Layers_input_size_15_node1_60_node2_60_node3_30_node4_0,0.2151594443489257
Test_W_3Layers_input_size_5_node1_80_node2_70_node3_100_node4_0,0.2151635131219481
Test_W_3Layers_input_size_5_node1_60_node2_30_node3_70_node4_0,0.21517780515950405
Train_W_3Layers_input_size_15_node1_40_node2_50_node3_70_node4_0,0.21518430594789117
Test_W_3Layers_input_size_5_node1_80_node2_100_node3_100_node4_0,0.21518744806947726
Test_W_3Layers_input_size_5_node1_90_node2_30_node3_90_node4_0,0.215190321815441
Test_W_3Layers_input_size_15_node1_40_node2_100_node3_100_node4_0,0.21520146154626177
Test_W_2Layers_input_size_15_node1_30_node2_30_node3_0_node4_0,0.2152059016978166
Test_W_3Layers_input_size_10_node1_90_node2_40_node3_100_node4_0,0.2152250980240276
Test_W_3Layers_input_size_5_node1_80_node2_90_node3_80_node4_0,0.21522830013003103
Test_W_3Layers_input_size_15_node1_30_node2_90_node3_40_node4_0,0.21523152815083585
Test_W_3Layers_input_size_5_node1_90_node2_100_node3_50_node4_0,0.21523225509790375
Test_W_3Layers_input_size_5_node1_30_node2_70_node3_80_node4_0,0.2152377763538258
Test_W_3Layers_input_size_5_node1_30_node2_40_node3_40_node4_0,0.21524428398460196
Test_W_3Layers_input_size_5_node1_40_node2_40_node3_100_node4_0,0.21525559398646082
Test_W_3Layers_input_size_5_node1_30_node2_90_node3_100_node4_0,0.21525722077793388
Test_W_3Layers_input_size_10_node1_50_node2_70_node3_50_node4_0,0.21528343811506848
Test_W_3Layers_input_size_10_node1_50_node2_100_node3_30_node4_0,0.2152863278835983
Test_W_3Layers_input_size_5_node1_80_node2_100_node3_40_node4_0,0.2152888196289119
Train_W_3Layers_input_size_15_node1_30_node2_40_node3_30_node4_0,0.21530346670150358
Test_W_3Layers_input_size_5_node1_40_node2_30_node3_100_node4_0,0.21530408959094796
Test_W_3Layers_input_size_10_node1_30_node2_50_node3_30_node4_0,0.21530490280501047
Test_W_3Layers_input_size_10_node1_80_node2_30_node3_70_node4_0,0.21531368359100622
Test_W_3Layers_input_size_5_node1_90_node2_40_node3_30_node4_0,0.21531765429192037
Test_W_3Layers_input_size_5_node1_60_node2_70_node3_90_node4_0,0.21531799166836146
Test_W_3Layers_input_size_5_node1_30_node2_60_node3_90_node4_0,0.21532545706818818
Test_W_3Layers_input_size_15_node1_90_node2_40_node3_90_node4_0,0.21533097593433825
Test_W_3Layers_input_size_5_node1_40_node2_40_node3_60_node4_0,0.2153442535045751
Test_W_3Layers_input_size_5_node1_100_node2_80_node3_70_node4_0,0.21534683972429672
Test_W_3Layers_input_size_5_node1_70_node2_70_node3_90_node4_0,0.21534742789033315
Test_W_3Layers_input_size_5_node1_40_node2_40_node3_90_node4_0,0.2153589314030862
Test_W_3Layers_input_size_10_node1_100_node2_30_node3_40_node4_0,0.21537364289503225
Test_W_3Layers_input_size_5_node1_70_node2_30_node3_70_node4_0,0.21537829570329842
Test_W_3Layers_input_size_10_node1_80_node2_90_node3_50_node4_0,0.21538637301648453
Test_W_3Layers_input_size_10_node1_80_node2_30_node3_100_node4_0,0.21538982351082722
Test_W_3Layers_input_size_10_node1_70_node2_50_node3_60_node4_0,0.21539044615053562
Train_W_3Layers_input_size_15_node1_60_node2_40_node3_80_node4_0,0.2153912676862856
Test_W_3Layers_input_size_5_node1_40_node2_80_node3_60_node4_0,0.21540659956279035
Test_W_3Layers_input_size_5_node1_40_node2_90_node3_50_node4_0,0.2154262708460445
Test_W_3Layers_input_size_10_node1_30_node2_30_node3_70_node4_0,0.21542687608781363
Test_W_3Layers_input_size_10_node1_70_node2_80_node3_80_node4_0,0.21542695390448915
Test_W_2Layers_input_size_15_node1_40_node2_80_node3_0_node4_0,0.21542703172113656
Test_W_3Layers_input_size_5_node1_50_node2_40_node3_30_node4_0,0.21542946996185028
Test_W_3Layers_input_size_5_node1_80_node2_30_node3_90_node4_0,0.21543401781227758
Test_W_3Layers_input_size_5_node1_80_node2_80_node3_50_node4_0,0.21544792879679991
Test_W_3Layers_input_size_15_node1_80_node2_60_node3_100_node4_0,0.21548064935536704
Train_W_3Layers_input_size_10_node1_100_node2_60_node3_70_node4_0,0.2154816434293069
Train_W_3Layers_input_size_15_node1_30_node2_100_node3_60_node4_0,0.21548676932039693
Test_W_3Layers_input_size_5_node1_90_node2_90_node3_60_node4_0,0.21548850673641956
Test_W_3Layers_input_size_5_node1_70_node2_70_node3_40_node4_0,0.215493813980205
Test_W_3Layers_input_size_10_node1_80_node2_80_node3_40_node4_0,0.21549477341912107
Test_W_3Layers_input_size_5_node1_80_node2_70_node3_80_node4_0,0.21549524017164381
Test_W_3Layers_input_size_15_node1_60_node2_30_node3_90_node4_0,0.21550339953391964
Test_W_2Layers_input_size_5_node1_60_node2_100_node3_0_node4_0,0.2155038749109691
Test_W_3Layers_input_size_5_node1_50_node2_100_node3_60_node4_0,0.2155197778297662
Test_W_3Layers_input_size_5_node1_50_node2_80_node3_30_node4_0,0.21553019187715075
Test_W_3Layers_input_size_10_node1_50_node2_90_node3_70_node4_0,0.2155303733623122
Test_W_3Layers_input_size_10_node1_90_node2_70_node3_40_node4_0,0.21553473760231415
Test_W_3Layers_input_size_10_node1_100_node2_30_node3_100_node4_0,0.21554315471860644
Test_W_3Layers_input_size_5_node1_50_node2_40_node3_90_node4_0,0.21554534104103162
Test_W_3Layers_input_size_10_node1_50_node2_70_node3_40_node4_0,0.2155467236840829
Test_W_3Layers_input_size_10_node1_30_node2_50_node3_70_node4_0,0.21554821865690288
Test_W_3Layers_input_size_15_node1_70_node2_70_node3_70_node4_0,0.21555646242483373
Test_W_3Layers_input_size_10_node1_90_node2_70_node3_80_node4_0,0.21555819927912448
Test_W_3Layers_input_size_15_node1_60_node2_50_node3_40_node4_0,0.21556181984083775
Test_W_3Layers_input_size_5_node1_30_node2_50_node3_60_node4_0,0.21556531937133272
Test_W_1Layers_input_size_10_node1_90_node2_0_node3_0_node4_0,0.2155686978765038
Test_W_3Layers_input_size_5_node1_30_node2_30_node3_80_node4_0,0.21557460797305308
Test_W_3Layers_input_size_5_node1_70_node2_70_node3_80_node4_0,0.21557649156626654
Test_W_3Layers_input_size_5_node1_80_node2_50_node3_60_node4_0,0.21557812457642123
Test_W_3Layers_input_size_5_node1_100_node2_80_node3_40_node4_0,0.21558393073456927
Test_W_3Layers_input_size_10_node1_40_node2_100_node3_40_node4_0,0.21559263967860406
Test_W_2Layers_input_size_15_node1_90_node2_30_node3_0_node4_0,0.2156213386888225
Test_W_2Layers_input_size_15_node1_50_node2_70_node3_0_node4_0,0.2156239043083548
Test_W_3Layers_input_size_10_node1_50_node2_70_node3_100_node4_0,0.21562422392885172
Test_W_3Layers_input_size_15_node1_30_node2_80_node3_80_node4_0,0.21562822346420185
Test_W_3Layers_input_size_5_node1_90_node2_100_node3_40_node4_0,0.2156400229569536
Test_W_3Layers_input_size_10_node1_50_node2_100_node3_80_node4_0,0.21564117177497708
Test_W_2Layers_input_size_15_node1_50_node2_60_node3_0_node4_0,0.2156488419219315
Test_W_3Layers_input_size_15_node1_30_node2_40_node3_100_node4_0,0.21564993886884853
Test_W_3Layers_input_size_5_node1_40_node2_30_node3_70_node4_0,0.21566095985263292
Test_W_3Layers_input_size_10_node1_60_node2_70_node3_40_node4_0,0.21566429367564338
Test_W_2Layers_input_size_10_node1_40_node2_70_node3_0_node4_0,0.21566506234773103
Test_W_3Layers_input_size_5_node1_80_node2_100_node3_60_node4_0,0.21566509689472682
Test_W_3Layers_input_size_10_node1_70_node2_50_node3_30_node4_0,0.21567160890459586
Test_W_3Layers_input_size_5_node1_60_node2_30_node3_40_node4_0,0.2156751671080839
Test_W_3Layers_input_size_5_node1_50_node2_60_node3_60_node4_0,0.21568055612003173
Test_W_3Layers_input_size_10_node1_100_node2_70_node3_100_node4_0,0.21568926116259707
Test_W_3Layers_input_size_5_node1_60_node2_60_node3_90_node4_0,0.21569793994755015
Train_W_2Layers_input_size_15_node1_70_node2_40_node3_0_node4_0,0.21570108322232784
Test_W_3Layers_input_size_10_node1_60_node2_40_node3_50_node4_0,0.2157160045173314
Test_W_3Layers_input_size_15_node1_40_node2_60_node3_100_node4_0,0.21572728978815228
Test_W_3Layers_input_size_5_node1_80_node2_100_node3_30_node4_0,0.21573335958636822
Test_W_3Layers_input_size_10_node1_80_node2_70_node3_40_node4_0,0.21574206249835032
Test_W_3Layers_input_size_5_node1_70_node2_80_node3_50_node4_0,0.21575307014309816
Test_W_3Layers_input_size_10_node1_80_node2_70_node3_60_node4_0,0.21575329460687362
Test_W_3Layers_input_size_15_node1_40_node2_50_node3_40_node4_0,0.21578009908260104
Test_W_3Layers_input_size_5_node1_40_node2_60_node3_30_node4_0,0.21579187300745184
Test_W_3Layers_input_size_15_node1_80_node2_40_node3_80_node4_0,0.21579572269981936
Test_W_3Layers_input_size_15_node1_100_node2_40_node3_70_node4_0,0.21581169905239103
Test_W_3Layers_input_size_10_node1_40_node2_30_node3_50_node4_0,0.2158118285155711
Test_W_3Layers_input_size_10_node1_100_node2_70_node3_40_node4_0,0.2158190092850085
Test_W_3Layers_input_size_15_node1_100_node2_40_node3_100_node4_0,0.21582142583637556
Test_W_3Layers_input_size_5_node1_80_node2_100_node3_50_node4_0,0.2158407745327451
Test_W_3Layers_input_size_5_node1_70_node2_90_node3_50_node4_0,0.21584097301618194
Test_W_3Layers_input_size_5_node1_40_node2_70_node3_60_node4_0,0.21584193954161365
Test_W_3Layers_input_size_5_node1_50_node2_30_node3_40_node4_0,0.21584723809520673
Test_W_3Layers_input_size_10_node1_30_node2_30_node3_100_node4_0,0.21585360654288158
Test_W_3Layers_input_size_10_node1_80_node2_50_node3_60_node4_0,0.21586050116804045
Test_W_3Layers_input_size_15_node1_30_node2_90_node3_30_node4_0,0.2158617523592609
Test_W_3Layers_input_size_5_node1_30_node2_90_node3_30_node4_0,0.21586187316354652
Test_W_3Layers_input_size_5_node1_70_node2_90_node3_80_node4_0,0.2158681117501166
Test_W_3Layers_input_size_5_node1_60_node2_50_node3_70_node4_0,0.21588542870742772
Test_W_3Layers_input_size_10_node1_30_node2_90_node3_100_node4_0,0.21588692996265843
Test_W_3Layers_input_size_5_node1_70_node2_50_node3_60_node4_0,0.21588875043631792
Test_W_2Layers_input_size_10_node1_40_node2_30_node3_0_node4_0,0.21591169916692488
Train_W_1Layers_input_size_15_node1_80_node2_0_node3_0_node4_0,0.2159118113163857
Test_W_3Layers_input_size_5_node1_70_node2_70_node3_50_node4_0,0.21591332101499613
Test_W_3Layers_input_size_5_node1_100_node2_100_node3_40_node4_0,0.21591467542133777
Test_W_3Layers_input_size_15_node1_100_node2_70_node3_40_node4_0,0.21592345728944196
Test_W_3Layers_input_size_15_node1_70_node2_80_node3_30_node4_0,0.21592616596646916
Test_W_3Layers_input_size_10_node1_100_node2_50_node3_100_node4_0,0.2159310915309317
Test_W_3Layers_input_size_5_node1_50_node2_70_node3_60_node4_0,0.2159316694794666
Test_W_3Layers_input_size_5_node1_60_node2_80_node3_30_node4_0,0.21594472035317552
Test_W_3Layers_input_size_15_node1_50_node2_70_node3_60_node4_0,0.21594487561328365
Test_W_3Layers_input_size_15_node1_50_node2_90_node3_100_node4_0,0.21594945573625565
Test_W_3Layers_input_size_15_node1_50_node2_30_node3_70_node4_0,0.21595647667779724
Test_W_1Layers_input_size_10_node1_100_node2_0_node3_0_node4_0,0.2159643598708379
Test_W_3Layers_input_size_15_node1_80_node2_90_node3_80_node4_0,0.21596625731416108
Test_W_2Layers_input_size_15_node1_100_node2_70_node3_0_node4_0,0.21597928022529642
Train_W_2Layers_input_size_10_node1_90_node2_60_node3_0_node4_0,0.21598244527779717
Test_W_2Layers_input_size_5_node1_100_node2_80_node3_0_node4_0,0.21598497211202936
Test_W_3Layers_input_size_5_node1_30_node2_90_node3_60_node4_0,0.21598561028391727
Test_W_3Layers_input_size_15_node1_30_node2_30_node3_50_node4_0,0.2159901378006016
Test_W_3Layers_input_size_15_node1_100_node2_70_node3_80_node4_0,0.21599106916369276
Test_W_3Layers_input_size_5_node1_80_node2_100_node3_70_node4_0,0.2159973298891257
Test_W_2Layers_input_size_5_node1_100_node2_90_node3_0_node4_0,0.21601153226703745
Test_W_3Layers_input_size_15_node1_80_node2_100_node3_30_node4_0,0.21602325908836592
Test_W_3Layers_input_size_15_node1_80_node2_70_node3_90_node4_0,0.2160251991261122
Test_W_3Layers_input_size_5_node1_40_node2_40_node3_70_node4_0,0.21602857043915077
Test_W_3Layers_input_size_5_node1_70_node2_90_node3_40_node4_0,0.21602888946093338
Test_W_3Layers_input_size_5_node1_100_node2_40_node3_60_node4_0,0.21604114988707263
Test_W_3Layers_input_size_5_node1_30_node2_50_node3_40_node4_0,0.21606200480825072
Test_W_3Layers_input_size_10_node1_60_node2_100_node3_90_node4_0,0.2160637375986784
Test_W_3Layers_input_size_5_node1_50_node2_80_node3_100_node4_0,0.21608360765974013
Test_W_3Layers_input_size_10_node1_80_node2_70_node3_100_node4_0,0.21609817500352219
Test_W_3Layers_input_size_10_node1_60_node2_100_node3_50_node4_0,0.21609890765463918
Test_W_3Layers_input_size_10_node1_60_node2_80_node3_50_node4_0,0.216099278288964
Train_W_3Layers_input_size_15_node1_90_node2_70_node3_100_node4_0,0.21610507044512323
Test_W_3Layers_input_size_5_node1_90_node2_50_node3_80_node4_0,0.21610916450947526
Test_W_3Layers_input_size_5_node1_90_node2_90_node3_40_node4_0,0.2161176454402489
Test_W_3Layers_input_size_5_node1_50_node2_50_node3_50_node4_0,0.2161201276009319
Test_W_3Layers_input_size_5_node1_70_node2_30_node3_90_node4_0,0.21612023964223473
Test_W_3Layers_input_size_10_node1_100_node2_100_node3_60_node4_0,0.21613638160139997
Test_W_3Layers_input_size_5_node1_30_node2_70_node3_100_node4_0,0.21614655050288953
Test_W_3Layers_input_size_10_node1_90_node2_70_node3_90_node4_0,0.21615153998382935
Test_W_3Layers_input_size_5_node1_60_node2_90_node3_30_node4_0,0.21616592179825458
Test_W_3Layers_input_size_15_node1_70_node2_70_node3_80_node4_0,0.21617313388779127
Test_W_3Layers_input_size_5_node1_60_node2_90_node3_70_node4_0,0.2162045385693992
Test_W_3Layers_input_size_10_node1_50_node2_90_node3_40_node4_0,0.2162141615326577
Test_W_3Layers_input_size_5_node1_100_node2_50_node3_50_node4_0,0.2162192097557132
Test_W_3Layers_input_size_5_node1_90_node2_40_node3_60_node4_0,0.21622018320496547
Test_W_3Layers_input_size_15_node1_30_node2_30_node3_90_node4_0,0.21622115664983516
Test_W_3Layers_input_size_15_node1_80_node2_90_node3_60_node4_0,0.21622684216949
Test_W_3Layers_input_size_15_node1_40_node2_40_node3_40_node4_0,0.21623103729799034
Test_W_3Layers_input_size_10_node1_100_node2_100_node3_50_node4_0,0.216233345876081
Test_W_2Layers_input_size_10_node1_80_node2_50_node3_0_node4_0,0.21623791127511166
Test_W_3Layers_input_size_15_node1_80_node2_40_node3_100_node4_0,0.21624586173050467
Test_W_1Layers_input_size_5_node1_30_node2_0_node3_0_node4_0,0.21624937603149358
Test_W_3Layers_input_size_5_node1_60_node2_90_node3_40_node4_0,0.21625619774685464
Test_W_3Layers_input_size_15_node1_90_node2_30_node3_70_node4_0,0.21626024588529205
Test_W_2Layers_input_size_5_node1_50_node2_60_node3_0_node4_0,0.21629141401349503
Test_W_3Layers_input_size_10_node1_50_node2_30_node3_40_node4_0,0.2163043140134385
Train_W_3Layers_input_size_15_node1_60_node2_40_node3_30_node4_0,0.2163109703880617
Test_W_3Layers_input_size_5_node1_80_node2_90_node3_70_node4_0,0.21631871150273438
Train_W_3Layers_input_size_5_node1_80_node2_90_node3_40_node4_0,0.21632070916477802
Test_W_3Layers_input_size_5_node1_40_node2_30_node3_40_node4_0,0.21632237099888693
Test_W_3Layers_input_size_10_node1_50_node2_60_node3_80_node4_0,0.21633157543435294
Test_W_2Layers_input_size_5_node1_60_node2_30_node3_0_node4_0,0.2163455836785783
Test_W_3Layers_input_size_10_node1_80_node2_40_node3_60_node4_0,0.21636204457407818
Test_W_3Layers_input_size_5_node1_50_node2_30_node3_100_node4_0,0.21636516959218213
Test_W_2Layers_input_size_15_node1_60_node2_100_node3_0_node4_0,0.2163664609087982
Test_W_2Layers_input_size_5_node1_50_node2_70_node3_0_node4_0,0.2163940846297936
Test_W_2Layers_input_size_5_node1_100_node2_30_node3_0_node4_0,0.21639835398346796
Test_W_3Layers_input_size_15_node1_80_node2_90_node3_90_node4_0,0.21640744329460915
Test_W_3Layers_input_size_5_node1_100_node2_60_node3_100_node4_0,0.21641675599965085
Test_W_3Layers_input_size_10_node1_30_node2_70_node3_90_node4_0,0.21642784121114556
Test_W_3Layers_input_size_15_node1_100_node2_40_node3_40_node4_0,0.2164292698539326
Test_W_3Layers_input_size_15_node1_50_node2_30_node3_30_node4_0,0.21644533713271258
Test_W_2Layers_input_size_10_node1_80_node2_40_node3_0_node4_0,0.21644562972341058
Train_W_3Layers_input_size_5_node1_100_node2_30_node3_60_node4_0,0.21644797904026555
Test_W_3Layers_input_size_5_node1_60_node2_90_node3_80_node4_0,0.21646446656859664
Test_W_3Layers_input_size_15_node1_60_node2_50_node3_70_node4_0,0.21647154824766862
Test_W_3Layers_input_size_5_node1_60_node2_80_node3_40_node4_0,0.21647911153484317
Test_W_3Layers_input_size_10_node1_90_node2_50_node3_60_node4_0,0.21648191650932963
Test_W_3Layers_input_size_15_node1_30_node2_100_node3_70_node4_0,0.2164835771059319
Test_W_3Layers_input_size_10_node1_30_node2_90_node3_60_node4_0,0.21649030540325212
Test_W_3Layers_input_size_10_node1_90_node2_30_node3_30_node4_0,0.21649988125099642
Test_W_3Layers_input_size_10_node1_90_node2_60_node3_30_node4_0,0.2165089318875541
Test_W_3Layers_input_size_15_node1_50_node2_80_node3_80_node4_0,0.21651563358850567
Train_W_3Layers_input_size_5_node1_50_node2_100_node3_40_node4_0,0.21651717348791405
Test_W_3Layers_input_size_5_node1_30_node2_60_node3_40_node4_0,0.216521638274008
Test_W_3Layers_input_size_5_node1_30_node2_40_node3_60_node4_0,0.21652732450604856
Test_W_3Layers_input_size_15_node1_30_node2_60_node3_50_node4_0,0.21654126847629174
Test_W_3Layers_input_size_15_node1_40_node2_50_node3_50_node4_0,0.21655489330226232
Test_W_3Layers_input_size_10_node1_50_node2_50_node3_30_node4_0,0.21655783491353134
Test_W_3Layers_input_size_10_node1_50_node2_60_node3_100_node4_0,0.21655847139726117
Train_W_3Layers_input_size_10_node1_60_node2_50_node3_80_node4_0,0.216568379659502
Train_W_3Layers_input_size_15_node1_100_node2_90_node3_80_node4_0,0.2166118949579003
Test_W_2Layers_input_size_15_node1_50_node2_80_node3_0_node4_0,0.21661843869617736
Test_W_2Layers_input_size_15_node1_40_node2_40_node3_0_node4_0,0.2166245179184724
Test_W_3Layers_input_size_15_node1_40_node2_70_node3_100_node4_0,0.2166384556328455
Test_W_3Layers_input_size_15_node1_90_node2_50_node3_90_node4_0,0.2166480507250353
Test_W_2Layers_input_size_15_node1_100_node2_40_node3_0_node4_0,0.21665531554351408
Test_W_3Layers_input_size_10_node1_80_node2_90_node3_30_node4_0,0.21665984625963103
Test_W_3Layers_input_size_5_node1_30_node2_80_node3_90_node4_0,0.21666284662479884
Test_W_3Layers_input_size_15_node1_30_node2_100_node3_50_node4_0,0.21666474654801846
Test_W_3Layers_input_size_10_node1_40_node2_30_node3_40_node4_0,0.21667106517734766
Test_W_3Layers_input_size_15_node1_50_node2_70_node3_40_node4_0,0.21667974761912542
Test_W_3Layers_input_size_15_node1_50_node2_50_node3_100_node4_0,0.21668022041537224
Test_W_3Layers_input_size_10_node1_80_node2_80_node3_80_node4_0,0.2166929511409781
Test_W_3Layers_input_size_5_node1_40_node2_100_node3_90_node4_0,0.21669371616413544
Test_W_3Layers_input_size_10_node1_50_node2_100_node3_100_node4_0,0.21669575334746094
Test_W_3Layers_input_size_15_node1_60_node2_50_node3_80_node4_0,0.21669971591502193
Test_W_3Layers_input_size_15_node1_100_node2_80_node3_60_node4_0,0.21670220859935363
Test_W_3Layers_input_size_10_node1_100_node2_70_node3_30_node4_0,0.21670827687651545
Test_W_3Layers_input_size_5_node1_60_node2_80_node3_50_node4_0,0.21671528182936645
Test_W_3Layers_input_size_5_node1_50_node2_60_node3_40_node4_0,0.21672664398305136
Test_W_3Layers_input_size_10_node1_60_node2_50_node3_70_node4_0,0.21673274595286288
Test_W_3Layers_input_size_15_node1_60_node2_60_node3_70_node4_0,0.21673777350312706
Test_W_3Layers_input_size_5_node1_70_node2_60_node3_40_node4_0,0.21674690014251594
Test_W_3Layers_input_size_15_node1_80_node2_100_node3_80_node4_0,0.2167486016768479
Test_W_3Layers_input_size_5_node1_70_node2_30_node3_60_node4_0,0.21678744115150655
Test_W_3Layers_input_size_5_node1_40_node2_70_node3_50_node4_0,0.21679328365616143
Test_W_3Layers_input_size_5_node1_30_node2_50_node3_100_node4_0,0.21680464172197844
Test_W_3Layers_input_size_5_node1_60_node2_70_node3_100_node4_0,0.21681190129348904
Test_W_3Layers_input_size_5_node1_50_node2_100_node3_50_node4_0,0.21681459028017708
Test_W_3Layers_input_size_10_node1_40_node2_70_node3_70_node4_0,0.21681670364567043
Test_W_3Layers_input_size_5_node1_100_node2_60_node3_30_node4_0,0.21682773404829397
Test_W_3Layers_input_size_5_node1_40_node2_100_node3_60_node4_0,0.21683025962228022
Test_W_3Layers_input_size_5_node1_90_node2_70_node3_90_node4_0,0.21683111006404268
Test_W_3Layers_input_size_10_node1_80_node2_30_node3_90_node4_0,0.21683139354388895
Test_W_3Layers_input_size_5_node1_60_node2_70_node3_80_node4_0,0.21683805091857414
Test_W_3Layers_input_size_15_node1_40_node2_40_node3_60_node4_0,0.2168395627584106
Test_W_3Layers_input_size_10_node1_40_node2_80_node3_90_node4_0,0.21684065368174527
Test_W_2Layers_input_size_5_node1_50_node2_50_node3_0_node4_0,0.21684198511617359
Test_W_3Layers_input_size_10_node1_100_node2_30_node3_60_node4_0,0.21684207101488823
Test_W_2Layers_input_size_5_node1_80_node2_60_node3_0_node4_0,0.21684290423065447
Test_W_3Layers_input_size_15_node1_30_node2_100_node3_100_node4_0,0.21684824704329622
Test_W_3Layers_input_size_10_node1_80_node2_80_node3_50_node4_0,0.21684992201372502
Test_W_3Layers_input_size_10_node1_60_node2_80_node3_100_node4_0,0.21685876048957706
Test_W_3Layers_input_size_10_node1_60_node2_30_node3_70_node4_0,0.21685912982523603
Train_W_3Layers_input_size_5_node1_80_node2_80_node3_30_node4_0,0.21685929301986173
Train_W_3Layers_input_size_10_node1_30_node2_80_node3_80_node4_0,0.21686146607343537
Test_W_3Layers_input_size_10_node1_40_node2_100_node3_30_node4_0,0.2168722279506155
Test_W_1Layers_input_size_10_node1_80_node2_0_node3_0_node4_0,0.21687365366603034
Test_W_3Layers_input_size_5_node1_50_node2_90_node3_30_node4_0,0.2168936985760764
Test_W_3Layers_input_size_5_node1_40_node2_80_node3_70_node4_0,0.2169089586044575
Test_W_3Layers_input_size_5_node1_40_node2_90_node3_80_node4_0,0.21691110539906636
Test_W_2Layers_input_size_5_node1_70_node2_60_node3_0_node4_0,0.2169229123896442
Test_W_3Layers_input_size_10_node1_50_node2_80_node3_80_node4_0,0.21694877389371026
Test_W_2Layers_input_size_10_node1_40_node2_80_node3_0_node4_0,0.21696754130186538
Test_W_3Layers_input_size_10_node1_90_node2_50_node3_40_node4_0,0.21697175644796077
Train_W_3Layers_input_size_10_node1_100_node2_80_node3_60_node4_0,0.21697488985380806
Test_W_3Layers_input_size_15_node1_60_node2_100_node3_80_node4_0,0.21697628914098147
Test_W_3Layers_input_size_15_node1_80_node2_80_node3_40_node4_0,0.21698182610908523
Test_W_3Layers_input_size_5_node1_90_node2_100_node3_90_node4_0,0.21699441896625163
Train_W_3Layers_input_size_10_node1_70_node2_30_node3_90_node4_0,0.21701798032506528
Test_W_3Layers_input_size_5_node1_90_node2_60_node3_90_node4_0,0.21702137912963462
Test_W_3Layers_input_size_15_node1_60_node2_30_node3_80_node4_0,0.2170528155488702
Test_W_2Layers_input_size_15_node1_40_node2_100_node3_0_node4_0,0.21706434023708895
Test_W_3Layers_input_size_5_node1_40_node2_40_node3_30_node4_0,0.2170645204395665
Test_W_3Layers_input_size_10_node1_60_node2_40_node3_60_node4_0,0.21707994006891865
Test_W_3Layers_input_size_15_node1_30_node2_90_node3_80_node4_0,0.21708515692425123
Test_W_3Layers_input_size_15_node1_50_node2_40_node3_100_node4_0,0.2170896014488059
Test_W_3Layers_input_size_10_node1_60_node2_60_node3_30_node4_0,0.21709833578985635
Test_W_3Layers_input_size_5_node1_50_node2_70_node3_70_node4_0,0.21709874761651562
Train_W_3Layers_input_size_5_node1_60_node2_100_node3_40_node4_0,0.21711111063227426
Test_W_2Layers_input_size_5_node1_40_node2_40_node3_0_node4_0,0.2171142162896471
Test_W_3Layers_input_size_5_node1_60_node2_30_node3_90_node4_0,0.21711919211216862
Test_W_3Layers_input_size_5_node1_60_node2_40_node3_100_node4_0,0.21712294106174318
Test_W_3Layers_input_size_5_node1_100_node2_50_node3_30_node4_0,0.2171271703482048
Test_W_3Layers_input_size_5_node1_30_node2_90_node3_70_node4_0,0.2171273333413691
Test_W_3Layers_input_size_10_node1_60_node2_50_node3_50_node4_0,0.21713370713600819
Test_W_1Layers_input_size_15_node1_100_node2_0_node3_0_node4_0,0.21714843563348146
Test_W_1Layers_input_size_5_node1_80_node2_0_node3_0_node4_0,0.21715986947416432
Test_W_3Layers_input_size_15_node1_60_node2_40_node3_60_node4_0,0.21717744364886893
Test_W_3Layers_input_size_10_node1_50_node2_50_node3_90_node4_0,0.2171820663897655
Test_W_3Layers_input_size_15_node1_70_node2_90_node3_60_node4_0,0.21720203995919013
Train_W_2Layers_input_size_15_node1_60_node2_70_node3_0_node4_0,0.21721038389058206
Test_W_3Layers_input_size_15_node1_100_node2_40_node3_30_node4_0,0.21721580341531935
Test_W_3Layers_input_size_5_node1_40_node2_90_node3_30_node4_0,0.2172273366057184
Test_W_3Layers_input_size_5_node1_60_node2_80_node3_90_node4_0,0.21723050062303456
Test_W_3Layers_input_size_15_node1_60_node2_50_node3_60_node4_0,0.21723623689463942
Test_W_3Layers_input_size_10_node1_80_node2_100_node3_50_node4_0,0.21724948375923708
Test_W_2Layers_input_size_10_node1_30_node2_60_node3_0_node4_0,0.21725587111727815
Test_W_3Layers_input_size_10_node1_60_node2_40_node3_80_node4_0,0.21727206587203327
Test_W_3Layers_input_size_10_node1_70_node2_30_node3_50_node4_0,0.21728120435914222
Test_W_3Layers_input_size_5_node1_80_node2_80_node3_60_node4_0,0.2172846419081869
Test_W_3Layers_input_size_5_node1_60_node2_30_node3_50_node4_0,0.2173187829903982
Test_W_3Layers_input_size_15_node1_60_node2_30_node3_40_node4_0,0.21732084859808024
Test_W_3Layers_input_size_15_node1_30_node2_60_node3_60_node4_0,0.21732256278041956
Test_W_3Layers_input_size_5_node1_90_node2_40_node3_90_node4_0,0.2173234370082064
Test_W_3Layers_input_size_5_node1_40_node2_90_node3_40_node4_0,0.21733683282360663
Test_W_3Layers_input_size_5_node1_40_node2_100_node3_80_node4_0,0.2173448459205449
Test_W_3Layers_input_size_5_node1_40_node2_40_node3_80_node4_0,0.2173526359101879
Test_W_3Layers_input_size_5_node1_90_node2_50_node3_30_node4_0,0.21735499256271704
Test_W_3Layers_input_size_15_node1_60_node2_80_node3_40_node4_0,0.21737476172881096
Test_W_3Layers_input_size_10_node1_40_node2_30_node3_60_node4_0,0.2173768696482465
Test_W_3Layers_input_size_5_node1_100_node2_30_node3_70_node4_0,0.21738792303749482
Test_W_3Layers_input_size_5_node1_90_node2_100_node3_30_node4_0,0.21739158167121655
Test_W_3Layers_input_size_5_node1_50_node2_30_node3_60_node4_0,0.21740541880400596
Test_W_2Layers_input_size_10_node1_50_node2_80_node3_0_node4_0,0.21740796336970702
Test_W_3Layers_input_size_10_node1_60_node2_90_node3_30_node4_0,0.21741076492780081
Test_W_3Layers_input_size_10_node1_50_node2_40_node3_30_node4_0,0.21743644847818466
Test_W_3Layers_input_size_10_node1_30_node2_30_node3_30_node4_0,0.2174380332543308
Test_W_2Layers_input_size_5_node1_30_node2_80_node3_0_node4_0,0.217438932716735
Test_W_3Layers_input_size_10_node1_40_node2_60_node3_40_node4_0,0.21744090295471424
Test_W_3Layers_input_size_15_node1_100_node2_100_node3_40_node4_0,0.21747412019258497
Test_W_3Layers_input_size_15_node1_30_node2_90_node3_90_node4_0,0.21748342148035796
Test_W_3Layers_input_size_5_node1_50_node2_60_node3_50_node4_0,0.21748830321254783
Test_W_3Layers_input_size_5_node1_60_node2_60_node3_50_node4_0,0.21749903407375656
Test_W_3Layers_input_size_5_node1_100_node2_30_node3_90_node4_0,0.2175140889307215
Test_W_3Layers_input_size_10_node1_40_node2_50_node3_30_node4_0,0.2175189442852301
Test_W_3Layers_input_size_5_node1_80_node2_40_node3_40_node4_0,0.21752458732122154
Test_W_3Layers_input_size_10_node1_100_node2_60_node3_100_node4_0,0.21752838922347642
Test_W_3Layers_input_size_10_node1_40_node2_40_node3_90_node4_0,0.217557637672916
Test_W_3Layers_input_size_10_node1_70_node2_90_node3_80_node4_0,0.21757360450253707
Test_W_3Layers_input_size_5_node1_40_node2_60_node3_100_node4_0,0.2175929771572875
Test_W_3Layers_input_size_5_node1_100_node2_100_node3_60_node4_0,0.21759501448163485
Train_W_3Layers_input_size_10_node1_50_node2_100_node3_50_node4_0,0.21762856766801744
Test_W_3Layers_input_size_15_node1_50_node2_40_node3_80_node4_0,0.21763417362716347
Test_W_2Layers_input_size_5_node1_80_node2_80_node3_0_node4_0,0.2176386839658006
Test_W_3Layers_input_size_10_node1_60_node2_50_node3_90_node4_0,0.2176509136167412
Test_W_3Layers_input_size_5_node1_100_node2_30_node3_50_node4_0,0.21766148242562516
Test_W_3Layers_input_size_10_node1_50_node2_100_node3_40_node4_0,0.21767036496282754
Test_W_3Layers_input_size_5_node1_60_node2_90_node3_90_node4_0,0.2176745921701887
Test_W_2Layers_input_size_10_node1_70_node2_50_node3_0_node4_0,0.2176802140576494
Test_W_3Layers_input_size_10_node1_60_node2_80_node3_70_node4_0,0.21770143387705157
Test_W_3Layers_input_size_5_node1_70_node2_100_node3_80_node4_0,0.21770378675382826
Test_W_3Layers_input_size_10_node1_50_node2_90_node3_60_node4_0,0.21771275312022748
Test_W_3Layers_input_size_15_node1_70_node2_50_node3_70_node4_0,0.2177281268413786
Test_W_3Layers_input_size_5_node1_90_node2_70_node3_30_node4_0,0.2177438074319739
Test_W_3Layers_input_size_15_node1_70_node2_80_node3_60_node4_0,0.21774493659622016
Train_W_3Layers_input_size_10_node1_40_node2_80_node3_70_node4_0,0.2177809128098403
Test_W_2Layers_input_size_10_node1_70_node2_90_node3_0_node4_0,0.21778335890814207
Test_W_3Layers_input_size_5_node1_50_node2_100_node3_30_node4_0,0.21778901219804433
Test_W_2Layers_input_size_10_node1_60_node2_50_node3_0_node4_0,0.21779201411230548
Test_W_3Layers_input_size_15_node1_40_node2_60_node3_30_node4_0,0.2178121540909679
Test_W_3Layers_input_size_10_node1_40_node2_100_node3_90_node4_0,0.21781461694145665
Test_W_3Layers_input_size_15_node1_100_node2_50_node3_30_node4_0,0.21781507872282307
Test_W_3Layers_input_size_5_node1_70_node2_100_node3_50_node4_0,0.21781729354947213
Test_W_3Layers_input_size_10_node1_80_node2_50_node3_80_node4_0,0.21782380107585592
Test_W_3Layers_input_size_10_node1_60_node2_70_node3_50_node4_0,0.2178239549965968
Train_W_3Layers_input_size_15_node1_60_node2_40_node3_100_node4_0,0.21783219814849947
Test_W_3Layers_input_size_5_node1_100_node2_40_node3_70_node4_0,0.21783978259882164
Train_W_3Layers_input_size_5_node1_50_node2_30_node3_80_node4_0,0.21783995360931346
Test_W_3Layers_input_size_10_node1_80_node2_70_node3_50_node4_0,0.21784477604991168
Test_W_3Layers_input_size_5_node1_100_node2_60_node3_60_node4_0,0.21784672551687395
Test_W_2Layers_input_size_5_node1_70_node2_40_node3_0_node4_0,0.21785348011395184
Test_W_3Layers_input_size_5_node1_100_node2_60_node3_50_node4_0,0.21787146855095088
Test_W_1Layers_input_size_5_node1_90_node2_0_node3_0_node4_0,0.2178730929089333
Test_W_3Layers_input_size_15_node1_30_node2_80_node3_90_node4_0,0.21787475145143043
Test_W_3Layers_input_size_5_node1_40_node2_50_node3_50_node4_0,0.21788742948030573
Test_W_3Layers_input_size_15_node1_90_node2_70_node3_80_node4_0,0.21789890147753324
Test_W_3Layers_input_size_15_node1_50_node2_100_node3_80_node4_0,0.21791714259005107
Test_W_3Layers_input_size_15_node1_60_node2_100_node3_90_node4_0,0.21794230495535127
Test_W_3Layers_input_size_5_node1_30_node2_50_node3_90_node4_0,0.21794585172635242
Train_W_3Layers_input_size_5_node1_30_node2_30_node3_70_node4_0,0.2179682847841829
Test_W_3Layers_input_size_15_node1_40_node2_70_node3_50_node4_0,0.2180023273460807
Test_W_3Layers_input_size_10_node1_80_node2_40_node3_70_node4_0,0.21800491620894277
Test_W_3Layers_input_size_10_node1_40_node2_60_node3_50_node4_0,0.21800906857824334
Test_W_2Layers_input_size_15_node1_60_node2_60_node3_0_node4_0,0.21801563872941027
Train_W_3Layers_input_size_15_node1_70_node2_50_node3_30_node4_0,0.2180268647713967
Test_W_3Layers_input_size_15_node1_60_node2_90_node3_80_node4_0,0.2180395681263351
Test_W_3Layers_input_size_10_node1_100_node2_40_node3_50_node4_0,0.21804939200227538
Train_W_3Layers_input_size_5_node1_80_node2_90_node3_100_node4_0,0.21804952867916666
Train_W_3Layers_input_size_15_node1_70_node2_100_node3_30_node4_0,0.218087871706238
Test_W_3Layers_input_size_5_node1_50_node2_30_node3_50_node4_0,0.21810044340320783
Train_W_3Layers_input_size_15_node1_100_node2_100_node3_70_node4_0,0.21811198959516045
Test_W_2Layers_input_size_10_node1_50_node2_40_node3_0_node4_0,0.21811544820972736
Test_W_3Layers_input_size_5_node1_40_node2_100_node3_50_node4_0,0.21811706221109037
Test_W_2Layers_input_size_5_node1_60_node2_50_node3_0_node4_0,0.21812945290313213
Test_W_3Layers_input_size_15_node1_100_node2_50_node3_80_node4_0,0.21815849269768253
Test_W_3Layers_input_size_5_node1_70_node2_90_node3_60_node4_0,0.2181603539816753
Test_W_3Layers_input_size_5_node1_50_node2_90_node3_80_node4_0,0.21816125900393385
Test_W_3Layers_input_size_10_node1_80_node2_70_node3_80_node4_0,0.21817562786377817
Test_W_3Layers_input_size_5_node1_30_node2_100_node3_100_node4_0,0.21817852201159718
Test_W_2Layers_input_size_15_node1_30_node2_60_node3_0_node4_0,0.21818868964249835
Test_W_3Layers_input_size_5_node1_40_node2_30_node3_80_node4_0,0.21820246769102355
Test_W_3Layers_input_size_10_node1_60_node2_90_node3_50_node4_0,0.21820516515010935
Test_W_3Layers_input_size_5_node1_30_node2_80_node3_80_node4_0,0.21820827230848772
Test_W_3Layers_input_size_15_node1_50_node2_70_node3_90_node4_0,0.21821127699099374
Test_W_3Layers_input_size_10_node1_70_node2_70_node3_60_node4_0,0.21821492182020374
Test_W_3Layers_input_size_5_node1_30_node2_80_node3_40_node4_0,0.2182186263383288
Test_W_3Layers_input_size_5_node1_80_node2_50_node3_90_node4_0,0.2182194542980669
Test_W_2Layers_input_size_5_node1_80_node2_100_node3_0_node4_0,0.21822488290471356
Test_W_3Layers_input_size_5_node1_100_node2_70_node3_80_node4_0,0.21822563402204198
Test_W_2Layers_input_size_5_node1_30_node2_90_node3_0_node4_0,0.2182258303363721
Test_W_3Layers_input_size_15_node1_70_node2_30_node3_50_node4_0,0.2182483199613127
Test_W_3Layers_input_size_15_node1_40_node2_100_node3_70_node4_0,0.2182505901324322
Test_W_3Layers_input_size_5_node1_90_node2_70_node3_70_node4_0,0.21826163340999974
Train_W_3Layers_input_size_15_node1_90_node2_70_node3_60_node4_0,0.21827533858642953
Test_W_1Layers_input_size_5_node1_70_node2_0_node3_0_node4_0,0.21827668686987076
Train_W_3Layers_input_size_15_node1_50_node2_80_node3_40_node4_0,0.21827688313828486
Test_W_3Layers_input_size_5_node1_60_node2_60_node3_100_node4_0,0.21829522065637594
Test_W_3Layers_input_size_15_node1_100_node2_90_node3_40_node4_0,0.21831941802025376
Test_W_3Layers_input_size_5_node1_100_node2_60_node3_80_node4_0,0.21832359000267984
Test_W_3Layers_input_size_15_node1_30_node2_70_node3_40_node4_0,0.21833722304168657
Test_W_3Layers_input_size_10_node1_40_node2_70_node3_50_node4_0,0.21834349327132366
Test_W_3Layers_input_size_15_node1_60_node2_30_node3_60_node4_0,0.2183586178597578
Train_W_1Layers_input_size_15_node1_70_node2_0_node3_0_node4_0,0.21836306205461864
Test_W_3Layers_input_size_5_node1_30_node2_70_node3_40_node4_0,0.21837009922231904
Train_W_3Layers_input_size_15_node1_60_node2_40_node3_40_node4_0,0.21837160898511576
Test_W_3Layers_input_size_5_node1_60_node2_90_node3_50_node4_0,0.218379080877839
Test_W_1Layers_input_size_5_node1_50_node2_0_node3_0_node4_0,0.21840826657535442
Test_W_3Layers_input_size_10_node1_30_node2_50_node3_90_node4_0,0.21841517436660127
Test_W_3Layers_input_size_10_node1_70_node2_60_node3_90_node4_0,0.21842252538103782
Test_W_3Layers_input_size_5_node1_30_node2_60_node3_80_node4_0,0.21844092741584437
Test_W_3Layers_input_size_5_node1_100_node2_90_node3_50_node4_0,0.21844277776637286
Test_W_3Layers_input_size_10_node1_50_node2_30_node3_50_node4_0,0.21844596681298692
Test_W_3Layers_input_size_5_node1_40_node2_60_node3_40_node4_0,0.21845953253114278
Test_W_3Layers_input_size_5_node1_80_node2_40_node3_80_node4_0,0.21846416224716927
Test_W_2Layers_input_size_5_node1_70_node2_30_node3_0_node4_0,0.21847328497319038
Test_W_3Layers_input_size_10_node1_90_node2_30_node3_60_node4_0,0.21848169118535113
Test_W_3Layers_input_size_10_node1_90_node2_30_node3_40_node4_0,0.2185311499935943
Test_W_3Layers_input_size_10_node1_30_node2_40_node3_60_node4_0,0.21854104552591333
Test_W_3Layers_input_size_10_node1_80_node2_50_node3_30_node4_0,0.21856296581581924
Train_W_3Layers_input_size_15_node1_80_node2_30_node3_40_node4_0,0.21859182872295996
Test_W_2Layers_input_size_10_node1_50_node2_90_node3_0_node4_0,0.21860800971310415
Test_W_2Layers_input_size_10_node1_60_node2_80_node3_0_node4_0,0.21861033579173725
Test_W_3Layers_input_size_10_node1_30_node2_100_node3_50_node4_0,0.21864154374989989
Test_W_3Layers_input_size_10_node1_50_node2_80_node3_30_node4_0,0.2186747489650389
Test_W_3Layers_input_size_10_node1_40_node2_90_node3_80_node4_0,0.21867508116208492
Test_W_3Layers_input_size_5_node1_70_node2_50_node3_70_node4_0,0.21871541805757075
Test_W_3Layers_input_size_10_node1_70_node2_60_node3_50_node4_0,0.2187212771904537
Test_W_3Layers_input_size_15_node1_80_node2_50_node3_100_node4_0,0.21873416162100712
Test_W_3Layers_input_size_5_node1_100_node2_30_node3_100_node4_0,0.21873795953038871
Test_W_3Layers_input_size_10_node1_80_node2_40_node3_80_node4_0,0.21873882810129622
Test_W_3Layers_input_size_15_node1_90_node2_40_node3_50_node4_0,0.21876975379035474
Test_W_3Layers_input_size_5_node1_40_node2_100_node3_70_node4_0,0.2187792298679073
Train_W_3Layers_input_size_15_node1_30_node2_50_node3_30_node4_0,0.21878823729517635
Test_W_3Layers_input_size_15_node1_100_node2_80_node3_30_node4_0,0.2187893951228235
Train_W_2Layers_input_size_10_node1_40_node2_50_node3_0_node4_0,0.21882268855986636
Test_W_3Layers_input_size_5_node1_90_node2_40_node3_80_node4_0,0.21883303905391252
Test_W_3Layers_input_size_5_node1_90_node2_60_node3_70_node4_0,0.21883778002956308
Test_W_3Layers_input_size_15_node1_100_node2_70_node3_60_node4_0,0.21887252986283148
Test_W_3Layers_input_size_5_node1_60_node2_50_node3_100_node4_0,0.21889572739071375
Test_W_3Layers_input_size_5_node1_90_node2_100_node3_60_node4_0,0.2188988502743886
Test_W_3Layers_input_size_10_node1_40_node2_50_node3_50_node4_0,0.21890663601652713
Test_W_3Layers_input_size_15_node1_80_node2_70_node3_30_node4_0,0.21890860155355074
Test_W_3Layers_input_size_5_node1_80_node2_60_node3_60_node4_0,0.2189222236866305
Test_W_3Layers_input_size_5_node1_40_node2_100_node3_40_node4_0,0.2189266734564913
Test_W_3Layers_input_size_15_node1_40_node2_90_node3_80_node4_0,0.21892750724651852
Test_W_3Layers_input_size_15_node1_50_node2_60_node3_60_node4_0,0.21893547913982347
Test_W_3Layers_input_size_5_node1_60_node2_60_node3_80_node4_0,0.21895053731382427
Test_W_3Layers_input_size_10_node1_30_node2_60_node3_60_node4_0,0.21895649223811858
Test_W_3Layers_input_size_15_node1_60_node2_50_node3_50_node4_0,0.21896864828796334
Test_W_3Layers_input_size_10_node1_50_node2_50_node3_60_node4_0,0.2189961734196824
Test_W_3Layers_input_size_10_node1_30_node2_40_node3_90_node4_0,0.21903580489329694
Test_W_3Layers_input_size_15_node1_100_node2_50_node3_40_node4_0,0.21903950403188524
Test_W_3Layers_input_size_10_node1_30_node2_30_node3_40_node4_0,0.2190705063100975
Test_W_3Layers_input_size_5_node1_50_node2_70_node3_40_node4_0,0.21907208776783493
Test_W_3Layers_input_size_5_node1_80_node2_40_node3_50_node4_0,0.21907222380667696
Train_W_3Layers_input_size_15_node1_30_node2_80_node3_50_node4_0,0.2190765259914758
Test_W_3Layers_input_size_10_node1_80_node2_30_node3_80_node4_0,0.21907953577013858
Test_W_3Layers_input_size_10_node1_60_node2_100_node3_80_node4_0,0.21910300042327852
Test_W_3Layers_input_size_10_node1_70_node2_80_node3_40_node4_0,0.21912427797051662
Test_W_3Layers_input_size_5_node1_50_node2_90_node3_60_node4_0,0.21913983315989455
Test_W_3Layers_input_size_15_node1_30_node2_30_node3_100_node4_0,0.21915061914294282
Train_W_2Layers_input_size_15_node1_80_node2_80_node3_0_node4_0,0.2191759543406048
Test_W_3Layers_input_size_5_node1_30_node2_90_node3_50_node4_0,0.21918757984485157
Test_W_3Layers_input_size_10_node1_30_node2_70_node3_30_node4_0,0.21918910097266836
Test_W_3Layers_input_size_5_node1_60_node2_90_node3_60_node4_0,0.21920080225662403
Test_W_2Layers_input_size_10_node1_40_node2_100_node3_0_node4_0,0.21920477902136912
Test_W_3Layers_input_size_5_node1_100_node2_90_node3_80_node4_0,0.2192209402588059
Test_W_3Layers_input_size_5_node1_30_node2_80_node3_100_node4_0,0.21924721034840508
Test_W_3Layers_input_size_10_node1_50_node2_40_node3_40_node4_0,0.21927836164355627
Test_W_3Layers_input_size_5_node1_90_node2_80_node3_100_node4_0,0.21929209671006125
Test_W_3Layers_input_size_10_node1_40_node2_40_node3_60_node4_0,0.2193141967243604
Test_W_3Layers_input_size_5_node1_30_node2_90_node3_90_node4_0,0.21932319067366662
Test_W_3Layers_input_size_15_node1_80_node2_60_node3_30_node4_0,0.21933975929741928
Test_W_3Layers_input_size_10_node1_70_node2_70_node3_50_node4_0,0.2193548236844572
Test_W_3Layers_input_size_10_node1_60_node2_40_node3_70_node4_0,0.21935866179582286
Test_W_3Layers_input_size_10_node1_70_node2_80_node3_30_node4_0,0.21938512765161294
Train_W_3Layers_input_size_10_node1_80_node2_80_node3_70_node4_0,0.21939373664504908
Test_W_3Layers_input_size_5_node1_40_node2_40_node3_40_node4_0,0.21940149633584988
Test_W_3Layers_input_size_15_node1_30_node2_80_node3_100_node4_0,0.2194548728550056
Train_W_3Layers_input_size_15_node1_80_node2_80_node3_80_node4_0,0.21946135728550184
Test_W_3Layers_input_size_10_node1_30_node2_60_node3_90_node4_0,0.21946279164280932
Test_W_3Layers_input_size_10_node1_40_node2_40_node3_40_node4_0,0.21948018141845219
Test_W_3Layers_input_size_5_node1_40_node2_60_node3_60_node4_0,0.21948590981297214
Test_W_2Layers_input_size_5_node1_60_node2_70_node3_0_node4_0,0.2195099419811171
Test_W_3Layers_input_size_10_node1_50_node2_30_node3_60_node4_0,0.219514821072462
Test_W_2Layers_input_size_5_node1_70_node2_100_node3_0_node4_0,0.21951673873780664
Test_W_3Layers_input_size_5_node1_70_node2_80_node3_60_node4_0,0.2195311631171981
Test_W_3Layers_input_size_5_node1_30_node2_60_node3_60_node4_0,0.2195326224721993
Test_W_3Layers_input_size_5_node1_40_node2_50_node3_80_node4_0,0.21955146594653852
Test_W_2Layers_input_size_10_node1_30_node2_70_node3_0_node4_0,0.21958411791755988
Test_W_3Layers_input_size_10_node1_70_node2_60_node3_80_node4_0,0.21958451659959285
Test_W_3Layers_input_size_15_node1_80_node2_50_node3_30_node4_0,0.21958456749511943
Test_W_3Layers_input_size_15_node1_90_node2_80_node3_50_node4_0,0.2195903695078243
Test_W_3Layers_input_size_15_node1_80_node2_50_node3_50_node4_0,0.21959545886643897
Test_W_3Layers_input_size_15_node1_40_node2_60_node3_80_node4_0,0.219599615088479
Test_W_3Layers_input_size_10_node1_100_node2_60_node3_90_node4_0,0.21960624791663266
Test_W_3Layers_input_size_5_node1_40_node2_40_node3_50_node4_0,0.2196151790170839
Test_W_2Layers_input_size_5_node1_50_node2_80_node3_0_node4_0,0.21962906263726664
Test_W_3Layers_input_size_10_node1_50_node2_60_node3_40_node4_0,0.21964399693854594
Train_W_3Layers_input_size_15_node1_30_node2_90_node3_100_node4_0,0.21966086359099934
Test_W_3Layers_input_size_5_node1_80_node2_30_node3_30_node4_0,0.2197179750247896
Test_W_2Layers_input_size_10_node1_60_node2_90_node3_0_node4_0,0.21973324235723096
Test_W_2Layers_input_size_10_node1_50_node2_30_node3_0_node4_0,0.21974026955130235
Test_W_2Layers_input_size_5_node1_40_node2_70_node3_0_node4_0,0.21976203632102945
Test_W_2Layers_input_size_15_node1_70_node2_80_node3_0_node4_0,0.21981803685379803
Test_W_2Layers_input_size_5_node1_40_node2_60_node3_0_node4_0,0.2198549277142025
Test_W_3Layers_input_size_15_node1_70_node2_90_node3_30_node4_0,0.21990323063906778
Test_W_2Layers_input_size_5_node1_90_node2_50_node3_0_node4_0,0.21990519573863707
Test_W_3Layers_input_size_10_node1_80_node2_40_node3_90_node4_0,0.21991090459208576
Test_W_2Layers_input_size_15_node1_100_node2_100_node3_0_node4_0,0.2199244815814235
Test_W_3Layers_input_size_5_node1_70_node2_100_node3_70_node4_0,0.21995018493948512
Test_W_3Layers_input_size_5_node1_80_node2_50_node3_100_node4_0,0.21995157376686955
Test_W_3Layers_input_size_5_node1_100_node2_50_node3_40_node4_0,0.21995529137750627
Test_W_3Layers_input_size_15_node1_40_node2_30_node3_60_node4_0,0.21998843376685026
Test_W_3Layers_input_size_15_node1_30_node2_30_node3_80_node4_0,0.21999024570038495
Test_W_3Layers_input_size_5_node1_90_node2_60_node3_60_node4_0,0.2200005666633374
Test_W_3Layers_input_size_15_node1_80_node2_80_node3_30_node4_0,0.22001825256924265
Test_W_3Layers_input_size_5_node1_100_node2_40_node3_50_node4_0,0.22002129179431748
Test_W_2Layers_input_size_10_node1_60_node2_100_node3_0_node4_0,0.22003037535606407
Test_W_3Layers_input_size_15_node1_40_node2_90_node3_30_node4_0,0.22003249169589717
Test_W_3Layers_input_size_10_node1_70_node2_40_node3_60_node4_0,0.2200376978052593
Test_W_3Layers_input_size_10_node1_40_node2_100_node3_70_node4_0,0.22004353865938567
Test_W_3Layers_input_size_15_node1_70_node2_30_node3_30_node4_0,0.22005054747969086
Test_W_3Layers_input_size_10_node1_70_node2_80_node3_60_node4_0,0.22005505061359182
Test_W_3Layers_input_size_15_node1_50_node2_100_node3_100_node4_0,0.22007777649049853
Test_W_3Layers_input_size_10_node1_50_node2_100_node3_60_node4_0,0.22009133472279177
Train_W_3Layers_input_size_15_node1_100_node2_60_node3_40_node4_0,0.2201509234919121
Test_W_3Layers_input_size_5_node1_50_node2_50_node3_80_node4_0,0.22015728589498504
Test_W_3Layers_input_size_5_node1_60_node2_30_node3_30_node4_0,0.22016300513230633
Test_W_3Layers_input_size_5_node1_70_node2_100_node3_60_node4_0,0.22017068695100842
Test_W_1Layers_input_size_10_node1_60_node2_0_node3_0_node4_0,0.2201936208305728
Test_W_3Layers_input_size_10_node1_30_node2_40_node3_100_node4_0,0.22020679975142246
Test_W_3Layers_input_size_15_node1_60_node2_70_node3_90_node4_0,0.22022684576311408
Test_W_3Layers_input_size_15_node1_40_node2_90_node3_60_node4_0,0.22027307150793948
Test_W_2Layers_input_size_15_node1_50_node2_50_node3_0_node4_0,0.22027307150793948
Test_W_2Layers_input_size_5_node1_80_node2_50_node3_0_node4_0,0.2202828718784049
Test_W_3Layers_input_size_5_node1_80_node2_70_node3_90_node4_0,0.22030519378667784
Test_W_3Layers_input_size_5_node1_30_node2_90_node3_40_node4_0,0.22030557425414618
Test_W_2Layers_input_size_15_node1_70_node2_70_node3_0_node4_0,0.2203083474193999
Test_W_3Layers_input_size_15_node1_40_node2_60_node3_40_node4_0,0.22032409799768396
Test_W_3Layers_input_size_15_node1_40_node2_40_node3_70_node4_0,0.220354826560999
Test_W_3Layers_input_size_10_node1_80_node2_100_node3_90_node4_0,0.22036184238582612
Test_W_3Layers_input_size_5_node1_100_node2_90_node3_100_node4_0,0.2203623072819898
Test_W_3Layers_input_size_10_node1_60_node2_50_node3_40_node4_0,0.22036899322560824
Test_W_2Layers_input_size_10_node1_90_node2_30_node3_0_node4_0,0.22038474792141244
Test_W_3Layers_input_size_5_node1_30_node2_70_node3_50_node4_0,0.22038965835548616
Test_W_1Layers_input_size_5_node1_60_node2_0_node3_0_node4_0,0.2203925318806184
Test_W_2Layers_input_size_15_node1_100_node2_30_node3_0_node4_0,0.22039309812968141
Test_W_3Layers_input_size_5_node1_80_node2_60_node3_30_node4_0,0.22039539691690607
Test_W_3Layers_input_size_10_node1_60_node2_60_node3_80_node4_0,0.22040099165915328
Test_W_3Layers_input_size_5_node1_70_node2_40_node3_100_node4_0,0.22042485645711785
Test_W_2Layers_input_size_10_node1_30_node2_40_node3_0_node4_0,0.22044498403373106
Train_W_3Layers_input_size_10_node1_40_node2_90_node3_50_node4_0,0.2204589336813428
Test_W_3Layers_input_size_10_node1_30_node2_40_node3_70_node4_0,0.2204728908947487
Test_W_3Layers_input_size_15_node1_80_node2_60_node3_90_node4_0,0.22048016485487926
Test_W_2Layers_input_size_5_node1_100_node2_60_node3_0_node4_0,0.2204935462871136
Test_W_2Layers_input_size_10_node1_100_node2_100_node3_0_node4_0,0.22049594539744322
Test_W_3Layers_input_size_15_node1_40_node2_30_node3_70_node4_0,0.22051807680390792
Test_W_3Layers_input_size_10_node1_70_node2_40_node3_80_node4_0,0.22052239301403553
Test_W_3Layers_input_size_10_node1_70_node2_90_node3_30_node4_0,0.22053840702027988
Test_W_3Layers_input_size_15_node1_70_node2_60_node3_50_node4_0,0.22056082974269264
Test_W_3Layers_input_size_10_node1_70_node2_90_node3_40_node4_0,0.22057548140138533
Test_W_3Layers_input_size_5_node1_70_node2_90_node3_30_node4_0,0.2205935856226395
Test_W_3Layers_input_size_10_node1_80_node2_50_node3_70_node4_0,0.22059507172406484
Test_W_3Layers_input_size_5_node1_70_node2_70_node3_100_node4_0,0.2206050097700109
Test_W_3Layers_input_size_5_node1_70_node2_50_node3_50_node4_0,0.22064920627624984
Train_W_3Layers_input_size_10_node1_40_node2_30_node3_100_node4_0,0.22066839333077914
Test_W_3Layers_input_size_15_node1_40_node2_80_node3_50_node4_0,0.2206758887440413
Test_W_3Layers_input_size_10_node1_80_node2_100_node3_100_node4_0,0.2206835189482946
Train_W_3Layers_input_size_15_node1_50_node2_30_node3_100_node4_0,0.2207006690639808
Test_W_3Layers_input_size_15_node1_50_node2_70_node3_50_node4_0,0.22071317632962265
Test_W_3Layers_input_size_5_node1_60_node2_100_node3_70_node4_0,0.22071342106661695
Test_W_3Layers_input_size_10_node1_100_node2_100_node3_30_node4_0,0.2207220795180581
Test_W_3Layers_input_size_5_node1_60_node2_100_node3_100_node4_0,0.22072731155604877
Test_W_3Layers_input_size_10_node1_50_node2_30_node3_30_node4_0,0.2207433697627156
Test_W_3Layers_input_size_5_node1_90_node2_50_node3_60_node4_0,0.2207490653777507
Test_W_3Layers_input_size_10_node1_30_node2_50_node3_50_node4_0,0.22078184394999506
Test_W_3Layers_input_size_10_node1_30_node2_50_node3_40_node4_0,0.22079008634126118
Test_W_3Layers_input_size_5_node1_40_node2_80_node3_30_node4_0,0.22079840434843695
Test_W_3Layers_input_size_5_node1_70_node2_40_node3_40_node4_0,0.2208252206172897
Test_W_3Layers_input_size_15_node1_50_node2_50_node3_50_node4_0,0.2208450502460183
Test_W_3Layers_input_size_15_node1_30_node2_80_node3_60_node4_0,0.22084593583230752
Test_W_3Layers_input_size_10_node1_60_node2_90_node3_70_node4_0,0.22084916608362368
Test_W_3Layers_input_size_15_node1_50_node2_80_node3_30_node4_0,0.22086589853525182
Test_W_3Layers_input_size_5_node1_30_node2_80_node3_30_node4_0,0.2208677791700743
Test_W_3Layers_input_size_5_node1_60_node2_40_node3_90_node4_0,0.22089972221614784
Test_W_3Layers_input_size_15_node1_30_node2_30_node3_30_node4_0,0.22093988901543593
Test_W_2Layers_input_size_10_node1_70_node2_100_node3_0_node4_0,0.22094563014652815
Test_W_2Layers_input_size_10_node1_80_node2_80_node3_0_node4_0,0.2209534617867158
Test_W_3Layers_input_size_10_node1_40_node2_50_node3_70_node4_0,0.2209852407287846
Test_W_3Layers_input_size_10_node1_100_node2_100_node3_80_node4_0,0.22100720514606909
Test_W_3Layers_input_size_5_node1_70_node2_100_node3_30_node4_0,0.22100944697839517
Train_W_3Layers_input_size_5_node1_90_node2_70_node3_50_node4_0,0.2210128096842469
Test_W_2Layers_input_size_15_node1_50_node2_90_node3_0_node4_0,0.2210407796833556
Test_W_3Layers_input_size_5_node1_60_node2_40_node3_40_node4_0,0.22107003526245253
Test_W_3Layers_input_size_5_node1_100_node2_50_node3_90_node4_0,0.22107861234516973
Test_W_3Layers_input_size_10_node1_40_node2_40_node3_80_node4_0,0.22109214290129164
Test_W_3Layers_input_size_5_node1_90_node2_80_node3_40_node4_0,0.2211024461255917
Test_W_3Layers_input_size_15_node1_80_node2_60_node3_60_node4_0,0.22110491444736735
Test_W_1Layers_input_size_10_node1_40_node2_0_node3_0_node4_0,0.22111596679943585
Test_W_2Layers_input_size_15_node1_40_node2_60_node3_0_node4_0,0.22112173705337895
Test_W_3Layers_input_size_5_node1_90_node2_50_node3_40_node4_0,0.2211383225361478
Test_W_3Layers_input_size_15_node1_90_node2_90_node3_60_node4_0,0.22114587782615133
Train_W_3Layers_input_size_15_node1_90_node2_40_node3_100_node4_0,0.22116253729714128
Test_W_3Layers_input_size_10_node1_70_node2_60_node3_30_node4_0,0.22121777914097981
Test_W_3Layers_input_size_5_node1_30_node2_60_node3_70_node4_0,0.22124446880840534
Test_W_3Layers_input_size_10_node1_90_node2_80_node3_40_node4_0,0.22124607682117314
Test_W_3Layers_input_size_10_node1_60_node2_60_node3_40_node4_0,0.22127536418162055
Test_W_3Layers_input_size_15_node1_100_node2_100_node3_30_node4_0,0.22127781373916738
Test_W_3Layers_input_size_10_node1_90_node2_40_node3_50_node4_0,0.22128347876322924
Test_W_2Layers_input_size_10_node1_40_node2_90_node3_0_node4_0,0.22129499355088178
Test_W_3Layers_input_size_15_node1_40_node2_70_node3_30_node4_0,0.2213012893948611
Test_W_1Layers_input_size_15_node1_90_node2_0_node3_0_node4_0,0.22131176804284414
Test_W_3Layers_input_size_15_node1_90_node2_50_node3_70_node4_0,0.221346499740365
Test_W_2Layers_input_size_15_node1_40_node2_30_node3_0_node4_0,0.22135403109527624
Train_W_3Layers_input_size_5_node1_40_node2_80_node3_50_node4_0,0.22137091891158048
Test_W_3Layers_input_size_15_node1_60_node2_40_node3_70_node4_0,0.22137531104731017
Test_W_3Layers_input_size_15_node1_100_node2_100_node3_100_node4_0,0.22140355494170655
Test_W_3Layers_input_size_15_node1_40_node2_40_node3_100_node4_0,0.22140771928621417
Test_W_3Layers_input_size_15_node1_40_node2_90_node3_90_node4_0,0.221429742739146
Test_W_3Layers_input_size_5_node1_70_node2_60_node3_70_node4_0,0.22144109010329815
Test_W_2Layers_input_size_5_node1_40_node2_50_node3_0_node4_0,0.22144915655638256
Test_W_3Layers_input_size_5_node1_50_node2_90_node3_90_node4_0,0.22146247943921787
Test_W_3Layers_input_size_10_node1_80_node2_70_node3_90_node4_0,0.2214698891048599
Test_W_3Layers_input_size_5_node1_100_node2_50_node3_80_node4_0,0.22149160363243925
Test_W_2Layers_input_size_10_node1_100_node2_80_node3_0_node4_0,0.22150476419026896
Test_W_3Layers_input_size_15_node1_50_node2_40_node3_70_node4_0,0.22151137360677725
Test_W_3Layers_input_size_5_node1_30_node2_80_node3_50_node4_0,0.22153016648072632
Test_W_2Layers_input_size_5_node1_100_node2_100_node3_0_node4_0,0.22155190872951228
Test_W_3Layers_input_size_5_node1_100_node2_80_node3_50_node4_0,0.22157333780638166
Test_W_3Layers_input_size_10_node1_80_node2_70_node3_70_node4_0,0.22157915499330585
Test_W_3Layers_input_size_5_node1_100_node2_90_node3_90_node4_0,0.22158858658167016
Test_W_2Layers_input_size_15_node1_50_node2_100_node3_0_node4_0,0.22162489697087664
Test_W_3Layers_input_size_10_node1_70_node2_90_node3_100_node4_0,0.22162542645337535
Test_W_3Layers_input_size_15_node1_40_node2_30_node3_80_node4_0,0.22163084727285368
Test_W_3Layers_input_size_10_node1_90_node2_30_node3_90_node4_0,0.2216383101376385
Test_W_2Layers_input_size_5_node1_30_node2_50_node3_0_node4_0,0.22165046196757543
Test_W_3Layers_input_size_5_node1_80_node2_70_node3_40_node4_0,0.22166050395220677
Train_W_3Layers_input_size_15_node1_30_node2_30_node3_70_node4_0,0.2216757719391512
Test_W_2Layers_input_size_10_node1_40_node2_60_node3_0_node4_0,0.22168138478171312
Test_W_3Layers_input_size_10_node1_30_node2_80_node3_90_node4_0,0.22169230757093478
Test_W_3Layers_input_size_15_node1_50_node2_50_node3_90_node4_0,0.22172123355832105
Test_W_3Layers_input_size_5_node1_60_node2_70_node3_50_node4_0,0.22174325947317117
Test_W_3Layers_input_size_5_node1_40_node2_60_node3_70_node4_0,0.22179720616223536
Test_W_2Layers_input_size_10_node1_80_node2_30_node3_0_node4_0,0.2218034205691923
Train_W_3Layers_input_size_15_node1_60_node2_60_node3_100_node4_0,0.2218040336026056
Test_W_3Layers_input_size_10_node1_100_node2_60_node3_40_node4_0,0.2218058642950426
Train_W_3Layers_input_size_5_node1_70_node2_100_node3_90_node4_0,0.22183246641404045
Test_W_2Layers_input_size_5_node1_30_node2_60_node3_0_node4_0,0.22184199638442026
Test_W_3Layers_input_size_15_node1_40_node2_50_node3_80_node4_0,0.22184595938814394
Test_W_3Layers_input_size_10_node1_50_node2_80_node3_70_node4_0,0.22186821638402204
Test_W_3Layers_input_size_5_node1_50_node2_70_node3_80_node4_0,0.2218718766946306
Train_W_3Layers_input_size_10_node1_60_node2_70_node3_100_node4_0,0.22187983514326015
Test_W_3Layers_input_size_5_node1_40_node2_80_node3_80_node4_0,0.22188606402521488
Test_W_2Layers_input_size_5_node1_40_node2_100_node3_0_node4_0,0.22191452829412464
Test_W_3Layers_input_size_5_node1_90_node2_60_node3_100_node4_0,0.22192728608545978
Test_W_3Layers_input_size_15_node1_80_node2_70_node3_60_node4_0,0.22194933351301502
Test_W_2Layers_input_size_10_node1_70_node2_30_node3_0_node4_0,0.22195013916359732
Test_W_3Layers_input_size_10_node1_40_node2_50_node3_80_node4_0,0.22197951823552356
Test_W_2Layers_input_size_5_node1_90_node2_90_node3_0_node4_0,0.22203841571667354
Test_W_3Layers_input_size_10_node1_60_node2_90_node3_40_node4_0,0.22205084763223187
Test_W_1Layers_input_size_10_node1_70_node2_0_node3_0_node4_0,0.22207976885601657
Train_W_3Layers_input_size_10_node1_60_node2_70_node3_80_node4_0,0.22208097662101708
Test_W_3Layers_input_size_10_node1_80_node2_60_node3_40_node4_0,0.2221310679213906
Train_W_3Layers_input_size_15_node1_90_node2_50_node3_30_node4_0,0.22216697944169325
Test_W_3Layers_input_size_15_node1_100_node2_100_node3_50_node4_0,0.2221785155088053
Test_W_3Layers_input_size_15_node1_70_node2_50_node3_50_node4_0,0.22221664063245544
Test_W_3Layers_input_size_5_node1_60_node2_100_node3_30_node4_0,0.22226634938904724
Test_W_3Layers_input_size_15_node1_90_node2_100_node3_60_node4_0,0.22226728797384346
Test_W_3Layers_input_size_10_node1_50_node2_70_node3_80_node4_0,0.2222803355680438
Train_W_3Layers_input_size_10_node1_90_node2_80_node3_70_node4_0,0.22228825425463714
Test_W_3Layers_input_size_15_node1_30_node2_50_node3_100_node4_0,0.22229262826533408
Test_W_3Layers_input_size_5_node1_40_node2_70_node3_30_node4_0,0.22229338239641067
Test_W_3Layers_input_size_10_node1_70_node2_30_node3_40_node4_0,0.22233517401717073
Test_W_1Layers_input_size_15_node1_30_node2_0_node3_0_node4_0,0.22234655056796115
Train_W_3Layers_input_size_10_node1_50_node2_60_node3_30_node4_0,0.22241826472888043
Test_W_3Layers_input_size_10_node1_70_node2_60_node3_70_node4_0,0.22243910792070534
Test_W_3Layers_input_size_15_node1_50_node2_90_node3_40_node4_0,0.222469703427927
Test_W_3Layers_input_size_15_node1_80_node2_90_node3_30_node4_0,0.22247782468124613
Test_W_3Layers_input_size_5_node1_90_node2_80_node3_80_node4_0,0.22248035309341233
Train_W_3Layers_input_size_10_node1_80_node2_90_node3_100_node4_0,0.2224828061280846
Test_W_1Layers_input_size_5_node1_40_node2_0_node3_0_node4_0,0.2224877372319937
Test_W_3Layers_input_size_15_node1_90_node2_50_node3_60_node4_0,0.22248891766680146
Train_W_3Layers_input_size_10_node1_30_node2_30_node3_60_node4_0,0.22249535553081612
Test_W_3Layers_input_size_5_node1_90_node2_40_node3_100_node4_0,0.22250556866503005
Test_W_3Layers_input_size_5_node1_40_node2_80_node3_40_node4_0,0.22250741869902754
Test_W_3Layers_input_size_5_node1_50_node2_90_node3_100_node4_0,0.22254316905034197
Test_W_3Layers_input_size_5_node1_30_node2_50_node3_70_node4_0,0.22255223337536365
Test_W_3Layers_input_size_15_node1_40_node2_40_node3_30_node4_0,0.2225889639660562
Train_W_3Layers_input_size_5_node1_50_node2_40_node3_50_node4_0,0.2226069462715251
Test_W_3Layers_input_size_5_node1_80_node2_30_node3_80_node4_0,0.22261896992505503
Train_W_3Layers_input_size_10_node1_70_node2_70_node3_80_node4_0,0.22262579726387527
Test_W_3Layers_input_size_15_node1_60_node2_40_node3_50_node4_0,0.22264923954685403
Test_W_3Layers_input_size_15_node1_30_node2_40_node3_90_node4_0,0.22265595720506123
Test_W_3Layers_input_size_10_node1_60_node2_30_node3_30_node4_0,0.22266438117991078
Train_W_2Layers_input_size_15_node1_30_node2_50_node3_0_node4_0,0.222670019292885
Train_W_3Layers_input_size_5_node1_60_node2_40_node3_30_node4_0,0.22268863910872988
Test_W_3Layers_input_size_15_node1_70_node2_60_node3_100_node4_0,0.22271926724280303
Test_W_3Layers_input_size_15_node1_30_node2_80_node3_70_node4_0,0.22273815890402646
Test_W_3Layers_input_size_5_node1_100_node2_70_node3_50_node4_0,0.2227430341810925
Test_W_2Layers_input_size_5_node1_40_node2_30_node3_0_node4_0,0.22274448921737947
Test_W_3Layers_input_size_5_node1_60_node2_50_node3_80_node4_0,0.22274677209998522
Test_W_3Layers_input_size_10_node1_30_node2_60_node3_100_node4_0,0.222764164723107
Test_W_2Layers_input_size_5_node1_70_node2_80_node3_0_node4_0,0.2227643319532764
Test_W_3Layers_input_size_5_node1_90_node2_90_node3_70_node4_0,0.22277204948901244
Test_W_3Layers_input_size_15_node1_90_node2_60_node3_30_node4_0,0.22278170648379036
Test_W_2Layers_input_size_15_node1_50_node2_30_node3_0_node4_0,0.22279001701689058
Test_W_3Layers_input_size_10_node1_40_node2_80_node3_40_node4_0,0.2227915469907039
Test_W_3Layers_input_size_15_node1_30_node2_40_node3_50_node4_0,0.22283671410697475
Test_W_3Layers_input_size_5_node1_70_node2_100_node3_100_node4_0,0.22284036686797576
Test_W_3Layers_input_size_5_node1_90_node2_100_node3_80_node4_0,0.22285132479174388
Test_W_3Layers_input_size_10_node1_90_node2_90_node3_60_node4_0,0.22285667400198347
Test_W_3Layers_input_size_5_node1_50_node2_60_node3_90_node4_0,0.22286341048096453
Test_W_3Layers_input_size_10_node1_90_node2_90_node3_70_node4_0,0.2229372476646379
Train_W_3Layers_input_size_10_node1_80_node2_50_node3_50_node4_0,0.22296241991858934
Test_W_2Layers_input_size_10_node1_100_node2_60_node3_0_node4_0,0.22302864120430715
Test_W_3Layers_input_size_10_node1_50_node2_80_node3_100_node4_0,0.22303539754328466
Train_W_3Layers_input_size_10_node1_30_node2_90_node3_90_node4_0,0.22309685496189252
Test_W_2Layers_input_size_10_node1_70_node2_70_node3_0_node4_0,0.22311073898773687
Test_W_2Layers_input_size_10_node1_70_node2_40_node3_0_node4_0,0.22315927202213515
Train_W_3Layers_input_size_5_node1_80_node2_40_node3_30_node4_0,0.22317081521993884
Test_W_3Layers_input_size_10_node1_80_node2_60_node3_80_node4_0,0.22319476774577102
Test_W_3Layers_input_size_5_node1_90_node2_40_node3_40_node4_0,0.22319779709815016
Test_W_3Layers_input_size_10_node1_100_node2_40_node3_70_node4_0,0.2232142032895617
Test_W_2Layers_input_size_15_node1_40_node2_90_node3_0_node4_0,0.2232470370856425
Test_W_3Layers_input_size_15_node1_90_node2_70_node3_40_node4_0,0.22328603919561013
Test_W_3Layers_input_size_5_node1_100_node2_70_node3_70_node4_0,0.2232994610198461
Test_W_2Layers_input_size_10_node1_90_node2_40_node3_0_node4_0,0.22332968845139106
Test_W_3Layers_input_size_5_node1_60_node2_80_node3_60_node4_0,0.22335534185855835
Test_W_3Layers_input_size_5_node1_80_node2_50_node3_50_node4_0,0.22337520537929986
Test_W_3Layers_input_size_5_node1_50_node2_70_node3_50_node4_0,0.22339387481133555
Test_W_3Layers_input_size_5_node1_40_node2_80_node3_100_node4_0,0.2233953089327392
Test_W_3Layers_input_size_10_node1_100_node2_50_node3_80_node4_0,0.22345565875498558
Test_W_2Layers_input_size_5_node1_60_node2_40_node3_0_node4_0,0.2234571091510326
Test_W_3Layers_input_size_15_node1_70_node2_50_node3_40_node4_0,0.2234677451010712
Test_W_3Layers_input_size_15_node1_90_node2_70_node3_30_node4_0,0.22350154172335723
Test_W_3Layers_input_size_5_node1_40_node2_30_node3_60_node4_0,0.22352408385445835
Test_W_3Layers_input_size_5_node1_100_node2_60_node3_40_node4_0,0.22352550880741995
Test_W_3Layers_input_size_10_node1_90_node2_100_node3_30_node4_0,0.22353541656252335
Test_W_3Layers_input_size_5_node1_80_node2_70_node3_30_node4_0,0.22356496223062142
Test_W_3Layers_input_size_5_node1_30_node2_40_node3_100_node4_0,0.22360899019584735
Test_W_2Layers_input_size_15_node1_80_node2_60_node3_0_node4_0,0.22364227408171114
Test_W_3Layers_input_size_10_node1_90_node2_80_node3_90_node4_0,0.22368084087782616
Test_W_3Layers_input_size_15_node1_90_node2_100_node3_100_node4_0,0.22369740315483108
Test_W_3Layers_input_size_5_node1_80_node2_60_node3_50_node4_0,0.22369791940519593
Test_W_3Layers_input_size_10_node1_60_node2_70_node3_30_node4_0,0.2236993265977213
Test_W_3Layers_input_size_10_node1_30_node2_100_node3_80_node4_0,0.22373278020150109
Test_W_2Layers_input_size_15_node1_30_node2_90_node3_0_node4_0,0.2237642809636573
Test_W_3Layers_input_size_15_node1_90_node2_40_node3_30_node4_0,0.22379632660709972
Test_W_3Layers_input_size_10_node1_80_node2_90_node3_60_node4_0,0.22381326316505243
Test_W_3Layers_input_size_10_node1_70_node2_100_node3_80_node4_0,0.22381804012460732
Train_W_3Layers_input_size_15_node1_60_node2_80_node3_60_node4_0,0.2238234161627267
Test_W_3Layers_input_size_10_node1_80_node2_80_node3_30_node4_0,0.22382588776540524
Test_W_3Layers_input_size_5_node1_40_node2_90_node3_70_node4_0,0.2238327615067962
Test_W_3Layers_input_size_5_node1_50_node2_60_node3_30_node4_0,0.22385702595690096
Test_W_3Layers_input_size_10_node1_90_node2_70_node3_100_node4_0,0.22385953879149034
Train_W_3Layers_input_size_5_node1_60_node2_40_node3_60_node4_0,0.22388111306155925
Test_W_3Layers_input_size_5_node1_90_node2_100_node3_70_node4_0,0.22389189525730824
Train_W_3Layers_input_size_15_node1_90_node2_90_node3_70_node4_0,0.2238983010999398
Test_W_2Layers_input_size_10_node1_60_node2_60_node3_0_node4_0,0.22391318357743756
Test_W_3Layers_input_size_10_node1_60_node2_80_node3_30_node4_0,0.22392373131912952
Test_W_3Layers_input_size_5_node1_30_node2_30_node3_50_node4_0,0.22393435342437487
Test_W_3Layers_input_size_10_node1_80_node2_40_node3_100_node4_0,0.22394053347771722
Test_W_3Layers_input_size_5_node1_60_node2_40_node3_50_node4_0,0.2239524605816435
Test_W_1Layers_input_size_15_node1_60_node2_0_node3_0_node4_0,0.22403757039116753
Test_W_2Layers_input_size_15_node1_90_node2_100_node3_0_node4_0,0.22405048163887276
Test_W_3Layers_input_size_10_node1_100_node2_90_node3_100_node4_0,0.22406881217099126
Test_W_3Layers_input_size_5_node1_60_node2_50_node3_50_node4_0,0.22407799765594738
Train_W_3Layers_input_size_5_node1_40_node2_50_node3_90_node4_0,0.22411240870450347
Test_W_3Layers_input_size_5_node1_70_node2_60_node3_30_node4_0,0.2241592790241299
Test_W_3Layers_input_size_10_node1_50_node2_50_node3_80_node4_0,0.22416901751323157
Test_W_3Layers_input_size_10_node1_100_node2_30_node3_50_node4_0,0.22417549021690578
Test_W_2Layers_input_size_15_node1_70_node2_30_node3_0_node4_0,0.22422949137196477
Test_W_3Layers_input_size_5_node1_60_node2_70_node3_60_node4_0,0.2242448834730752
Test_W_3Layers_input_size_15_node1_40_node2_30_node3_100_node4_0,0.22429729009873564
Test_W_3Layers_input_size_10_node1_30_node2_50_node3_60_node4_0,0.22431445455138035
Test_W_3Layers_input_size_10_node1_90_node2_100_node3_70_node4_0,0.22432118046636845
Test_W_3Layers_input_size_5_node1_70_node2_30_node3_80_node4_0,0.22433564465221517
Test_W_3Layers_input_size_15_node1_30_node2_50_node3_50_node4_0,0.2243511290988561
Test_W_3Layers_input_size_15_node1_60_node2_90_node3_40_node4_0,0.22439595739572335
Train_W_3Layers_input_size_5_node1_70_node2_30_node3_30_node4_0,0.22441925627140616
Test_W_3Layers_input_size_15_node1_50_node2_90_node3_50_node4_0,0.22449068997243568
Test_W_2Layers_input_size_5_node1_30_node2_30_node3_0_node4_0,0.22451648449910788
Train_W_3Layers_input_size_5_node1_90_node2_50_node3_70_node4_0,0.2245232126580016
Test_W_3Layers_input_size_5_node1_50_node2_50_node3_40_node4_0,0.2245388417828695
Train_W_3Layers_input_size_15_node1_50_node2_60_node3_40_node4_0,0.22453940587106933
Test_W_3Layers_input_size_10_node1_100_node2_60_node3_50_node4_0,0.22455422926922608
Test_W_3Layers_input_size_5_node1_50_node2_90_node3_40_node4_0,0.22455736470316215
Test_W_3Layers_input_size_5_node1_80_node2_30_node3_70_node4_0,0.22459265605234943
Test_W_3Layers_input_size_15_node1_100_node2_50_node3_70_node4_0,0.22461913543723722
Test_W_3Layers_input_size_10_node1_40_node2_100_node3_60_node4_0,0.22466287390420409
Test_W_3Layers_input_size_10_node1_70_node2_40_node3_40_node4_0,0.2246859295621698
Test_W_2Layers_input_size_15_node1_80_node2_50_node3_0_node4_0,0.2246884414165018
Test_W_3Layers_input_size_10_node1_60_node2_90_node3_100_node4_0,0.224702351441407
Test_W_1Layers_input_size_5_node1_100_node2_0_node3_0_node4_0,0.22470647951909667
Test_W_3Layers_input_size_10_node1_60_node2_70_node3_70_node4_0,0.2247101930663581
Test_W_3Layers_input_size_5_node1_70_node2_80_node3_40_node4_0,0.22471131209200443
Test_W_3Layers_input_size_5_node1_30_node2_100_node3_40_node4_0,0.22472042987107008
Test_W_3Layers_input_size_5_node1_100_node2_30_node3_30_node4_0,0.2247575022662059
Test_W_3Layers_input_size_5_node1_50_node2_60_node3_70_node4_0,0.22478135200772886
Test_W_3Layers_input_size_10_node1_40_node2_100_node3_100_node4_0,0.22484180200407594
Test_W_3Layers_input_size_10_node1_100_node2_90_node3_70_node4_0,0.22487139138935883
Test_W_3Layers_input_size_5_node1_30_node2_80_node3_70_node4_0,0.22489409437798558
Test_W_3Layers_input_size_5_node1_60_node2_50_node3_60_node4_0,0.2248948977617172
Test_W_3Layers_input_size_5_node1_90_node2_60_node3_80_node4_0,0.22491086545329167
Test_W_3Layers_input_size_10_node1_90_node2_80_node3_50_node4_0,0.22492079499685333
Train_W_3Layers_input_size_15_node1_30_node2_50_node3_80_node4_0,0.22492807417525468
Test_W_3Layers_input_size_10_node1_90_node2_60_node3_100_node4_0,0.2249325955940842
Test_W_3Layers_input_size_10_node1_90_node2_90_node3_50_node4_0,0.2249331338521767
Test_W_3Layers_input_size_5_node1_70_node2_40_node3_30_node4_0,0.22496888786690036
Test_W_3Layers_input_size_10_node1_80_node2_60_node3_50_node4_0,0.22498040445086578
Test_W_3Layers_input_size_5_node1_70_node2_70_node3_70_node4_0,0.22500158150434993
Test_W_3Layers_input_size_10_node1_100_node2_50_node3_50_node4_0,0.225037771604332
Train_W_3Layers_input_size_10_node1_90_node2_40_node3_30_node4_0,0.22504973987635504
Train_W_3Layers_input_size_15_node1_50_node2_70_node3_70_node4_0,0.2250634868778159
Train_W_3Layers_input_size_15_node1_100_node2_30_node3_90_node4_0,0.22506566347834872
Train_W_3Layers_input_size_15_node1_30_node2_60_node3_80_node4_0,0.22506889937407168
Train_W_3Layers_input_size_5_node1_60_node2_70_node3_30_node4_0,0.22507891297657617
Test_W_3Layers_input_size_5_node1_80_node2_40_node3_70_node4_0,0.22508713041838602
Test_W_3Layers_input_size_10_node1_30_node2_80_node3_40_node4_0,0.22512415897470697
Test_W_3Layers_input_size_15_node1_40_node2_40_node3_80_node4_0,0.22516888300434104
Test_W_3Layers_input_size_5_node1_40_node2_30_node3_30_node4_0,0.22517962835372193
Test_W_3Layers_input_size_10_node1_30_node2_40_node3_30_node4_0,0.22520113405641706
Test_W_3Layers_input_size_15_node1_70_node2_70_node3_100_node4_0,0.2252391693076028
Test_W_3Layers_input_size_10_node1_30_node2_80_node3_50_node4_0,0.22524379198471994
Test_W_2Layers_input_size_10_node1_100_node2_90_node3_0_node4_0,0.2252588253663292
Test_W_3Layers_input_size_10_node1_100_node2_50_node3_30_node4_0,0.22530091845868686
Test_W_3Layers_input_size_10_node1_50_node2_100_node3_90_node4_0,0.22537697365605922
Test_W_3Layers_input_size_15_node1_30_node2_90_node3_70_node4_0,0.2253927914996291
Test_W_3Layers_input_size_10_node1_40_node2_90_node3_30_node4_0,0.22539598137955005
Test_W_3Layers_input_size_5_node1_80_node2_90_node3_90_node4_0,0.22543299225556424
Test_W_2Layers_input_size_15_node1_80_node2_70_node3_0_node4_0,0.22543714000365406
Test_W_3Layers_input_size_5_node1_60_node2_30_node3_100_node4_0,0.2254522431108032
Test_W_2Layers_input_size_15_node1_100_node2_50_node3_0_node4_0,0.2254718640721089
Test_W_3Layers_input_size_15_node1_100_node2_90_node3_50_node4_0,0.22548180195390624
Test_W_3Layers_input_size_10_node1_30_node2_90_node3_50_node4_0,0.22549059946381017
Test_W_3Layers_input_size_10_node1_100_node2_80_node3_100_node4_0,0.22549691859009247
Test_W_3Layers_input_size_10_node1_70_node2_90_node3_60_node4_0,0.2255789850658137
Train_W_3Layers_input_size_10_node1_30_node2_90_node3_40_node4_0,0.22557949701008093
Test_W_3Layers_input_size_5_node1_50_node2_70_node3_30_node4_0,0.22559060261183872
Test_W_3Layers_input_size_10_node1_80_node2_80_node3_60_node4_0,0.2255913622315358
Test_W_3Layers_input_size_10_node1_40_node2_70_node3_60_node4_0,0.22559142002858196
Test_W_3Layers_input_size_5_node1_40_node2_60_node3_50_node4_0,0.22564421557392236
Test_W_3Layers_input_size_10_node1_70_node2_30_node3_70_node4_0,0.22566404270345697
Test_W_2Layers_input_size_5_node1_50_node2_90_node3_0_node4_0,0.22568198632229491
Test_W_3Layers_input_size_15_node1_70_node2_60_node3_30_node4_0,0.22570851121168597
Test_W_2Layers_input_size_5_node1_70_node2_50_node3_0_node4_0,0.2257115398355505
Test_W_3Layers_input_size_15_node1_50_node2_100_node3_40_node4_0,0.22572315055923095
Train_W_3Layers_input_size_10_node1_70_node2_80_node3_50_node4_0,0.22575006665633307
Test_W_2Layers_input_size_5_node1_80_node2_30_node3_0_node4_0,0.22576026455988157
Test_W_3Layers_input_size_5_node1_50_node2_30_node3_30_node4_0,0.22586002460598759
Test_W_3Layers_input_size_10_node1_70_node2_90_node3_90_node4_0,0.22591251002936297
Train_W_3Layers_input_size_5_node1_30_node2_40_node3_90_node4_0,0.22593484458840243
Test_W_2Layers_input_size_10_node1_50_node2_60_node3_0_node4_0,0.2259954640784643
Test_W_2Layers_input_size_5_node1_100_node2_50_node3_0_node4_0,0.22602453159540697
Test_W_3Layers_input_size_15_node1_70_node2_80_node3_90_node4_0,0.22607538045827752
Test_W_3Layers_input_size_15_node1_50_node2_50_node3_70_node4_0,0.2260951121090851
Test_W_3Layers_input_size_5_node1_60_node2_60_node3_40_node4_0,0.22614424014544296
Test_W_3Layers_input_size_10_node1_70_node2_50_node3_50_node4_0,0.22615034333617745
Test_W_3Layers_input_size_15_node1_90_node2_80_node3_30_node4_0,0.22615421437044064
Test_W_3Layers_input_size_5_node1_100_node2_80_node3_60_node4_0,0.22620947233795027
Test_W_3Layers_input_size_5_node1_30_node2_30_node3_90_node4_0,0.22623526849260037
Test_W_3Layers_input_size_15_node1_70_node2_30_node3_90_node4_0,0.22624092464528608
Test_W_3Layers_input_size_5_node1_100_node2_50_node3_70_node4_0,0.22627809365922186
Test_W_3Layers_input_size_10_node1_40_node2_50_node3_100_node4_0,0.22628505753947625
Test_W_3Layers_input_size_5_node1_80_node2_70_node3_50_node4_0,0.2263162771250582
Test_W_3Layers_input_size_10_node1_70_node2_30_node3_80_node4_0,0.2263956442087056
Test_W_3Layers_input_size_5_node1_90_node2_80_node3_50_node4_0,0.22640921076753254
Test_W_3Layers_input_size_15_node1_90_node2_40_node3_40_node4_0,0.22645401001382684
Train_W_2Layers_input_size_10_node1_60_node2_30_node3_0_node4_0,0.22654932904599798
Test_W_3Layers_input_size_10_node1_90_node2_80_node3_60_node4_0,0.22656561586276308
Train_W_3Layers_input_size_15_node1_50_node2_90_node3_80_node4_0,0.22656848504941565
Test_W_2Layers_input_size_10_node1_80_node2_100_node3_0_node4_0,0.22657778293759262
Test_W_3Layers_input_size_15_node1_50_node2_60_node3_30_node4_0,0.22661241441929492
Test_W_3Layers_input_size_15_node1_40_node2_50_node3_30_node4_0,0.2266208968046201
Test_W_2Layers_input_size_10_node1_50_node2_100_node3_0_node4_0,0.226670083449419
Test_W_3Layers_input_size_15_node1_60_node2_90_node3_30_node4_0,0.22668606578393186
Test_W_3Layers_input_size_10_node1_70_node2_100_node3_40_node4_0,0.2266911273063437
Test_W_3Layers_input_size_15_node1_80_node2_80_node3_60_node4_0,0.22669353477653123
Test_W_3Layers_input_size_10_node1_80_node2_40_node3_30_node4_0,0.22674205669434397
Test_W_3Layers_input_size_15_node1_60_node2_100_node3_40_node4_0,0.22682716268571926
Train_W_2Layers_input_size_15_node1_90_node2_50_node3_0_node4_0,0.22683783769345395
Test_W_3Layers_input_size_5_node1_80_node2_80_node3_70_node4_0,0.22684642660419835
Test_W_3Layers_input_size_5_node1_30_node2_100_node3_30_node4_0,0.22684717380763444
Test_W_2Layers_input_size_5_node1_90_node2_30_node3_0_node4_0,0.22690419212882323
Train_W_3Layers_input_size_10_node1_80_node2_70_node3_30_node4_0,0.22693355364298054
Test_W_2Layers_input_size_5_node1_90_node2_40_node3_0_node4_0,0.22695593544931894
Test_W_3Layers_input_size_15_node1_30_node2_100_node3_60_node4_0,0.22701434591677214
Test_W_2Layers_input_size_5_node1_90_node2_60_node3_0_node4_0,0.22702574232946457
Test_W_2Layers_input_size_5_node1_80_node2_70_node3_0_node4_0,0.22704489095287095
Test_W_3Layers_input_size_15_node1_60_node2_30_node3_50_node4_0,0.22707232301308566
Test_W_3Layers_input_size_15_node1_70_node2_30_node3_40_node4_0,0.22713483669665027
Test_W_3Layers_input_size_15_node1_90_node2_80_node3_40_node4_0,0.22718059151494302
Test_W_1Layers_input_size_15_node1_40_node2_0_node3_0_node4_0,0.22718906088532898
Test_W_3Layers_input_size_15_node1_70_node2_50_node3_80_node4_0,0.2272087286117849
Test_W_3Layers_input_size_10_node1_80_node2_40_node3_40_node4_0,0.22725110804620244
Test_W_3Layers_input_size_10_node1_70_node2_60_node3_100_node4_0,0.22726323842159007
Test_W_3Layers_input_size_5_node1_60_node2_100_node3_60_node4_0,0.22726499235472314
Test_W_3Layers_input_size_10_node1_80_node2_50_node3_40_node4_0,0.22736589448447986
Test_W_3Layers_input_size_15_node1_90_node2_50_node3_50_node4_0,0.2273834580551706
Test_W_1Layers_input_size_15_node1_50_node2_0_node3_0_node4_0,0.22739182157351714
Test_W_2Layers_input_size_5_node1_100_node2_40_node3_0_node4_0,0.22747394137427027
Test_W_3Layers_input_size_15_node1_40_node2_100_node3_80_node4_0,0.2275125954751604
Test_W_3Layers_input_size_5_node1_60_node2_40_node3_80_node4_0,0.2275388578487671
Test_W_2Layers_input_size_10_node1_70_node2_60_node3_0_node4_0,0.2275842449859533
Train_W_3Layers_input_size_10_node1_50_node2_90_node3_30_node4_0,0.2276166938997661
Test_W_3Layers_input_size_10_node1_90_node2_100_node3_40_node4_0,0.22763579281259005
Train_W_3Layers_input_size_15_node1_30_node2_80_node3_40_node4_0,0.22765732012872258
Test_W_2Layers_input_size_10_node1_30_node2_50_node3_0_node4_0,0.22765992192414236
Test_W_3Layers_input_size_15_node1_70_node2_100_node3_70_node4_0,0.22770508042850976
Test_W_2Layers_input_size_15_node1_70_node2_40_node3_0_node4_0,0.2277411189970075
Test_W_3Layers_input_size_5_node1_70_node2_100_node3_40_node4_0,0.22778032470716156
Test_W_3Layers_input_size_5_node1_80_node2_30_node3_100_node4_0,0.22780598386490317
Test_W_3Layers_input_size_10_node1_80_node2_60_node3_90_node4_0,0.22782741334292675
Test_W_3Layers_input_size_15_node1_70_node2_40_node3_80_node4_0,0.22783497572597336
Test_W_3Layers_input_size_10_node1_40_node2_40_node3_100_node4_0,0.22785971318444606
Test_W_3Layers_input_size_5_node1_90_node2_30_node3_70_node4_0,0.22788478307654375
Test_W_3Layers_input_size_5_node1_70_node2_50_node3_30_node4_0,0.22789285030331247
Train_W_3Layers_input_size_15_node1_50_node2_70_node3_80_node4_0,0.2279074964532383
Test_W_3Layers_input_size_10_node1_70_node2_40_node3_90_node4_0,0.22791924048167087
Test_W_2Layers_input_size_5_node1_40_node2_80_node3_0_node4_0,0.22792285264986842
Test_W_3Layers_input_size_5_node1_100_node2_40_node3_80_node4_0,0.2279333129045328
Test_W_2Layers_input_size_15_node1_100_node2_90_node3_0_node4_0,0.22793363160788122
Test_W_3Layers_input_size_5_node1_70_node2_50_node3_40_node4_0,0.22794378085069134
Test_W_3Layers_input_size_5_node1_90_node2_40_node3_70_node4_0,0.22796521371683193
Test_W_3Layers_input_size_5_node1_100_node2_40_node3_90_node4_0,0.22799582743486602
Train_W_3Layers_input_size_10_node1_60_node2_70_node3_60_node4_0,0.228040870412334
Train_W_3Layers_input_size_5_node1_100_node2_70_node3_90_node4_0,0.2280609955553784
Train_W_3Layers_input_size_10_node1_90_node2_100_node3_60_node4_0,0.22807232333484545
Test_W_3Layers_input_size_5_node1_90_node2_80_node3_70_node4_0,0.22808877088979063
Test_W_3Layers_input_size_15_node1_50_node2_90_node3_30_node4_0,0.22812016821669448
Test_W_3Layers_input_size_10_node1_40_node2_30_node3_90_node4_0,0.22818304786528673
Train_W_3Layers_input_size_10_node1_90_node2_60_node3_90_node4_0,0.22818609262260717
Test_W_3Layers_input_size_10_node1_90_node2_50_node3_80_node4_0,0.22823304041301692
Test_W_3Layers_input_size_5_node1_90_node2_30_node3_100_node4_0,0.22823640278398358
Train_W_2Layers_input_size_15_node1_100_node2_80_node3_0_node4_0,0.22827321424185787
Test_W_3Layers_input_size_10_node1_30_node2_80_node3_80_node4_0,0.2282823937405049
Test_W_3Layers_input_size_5_node1_100_node2_80_node3_90_node4_0,0.22829096093956128
Test_W_3Layers_input_size_5_node1_50_node2_80_node3_80_node4_0,0.2283002539472049
Test_W_3Layers_input_size_15_node1_60_node2_40_node3_80_node4_0,0.2283071806225587
Test_W_3Layers_input_size_5_node1_30_node2_100_node3_80_node4_0,0.22833741403823365
Test_W_3Layers_input_size_5_node1_100_node2_30_node3_80_node4_0,0.22836899740048644
Test_W_3Layers_input_size_5_node1_70_node2_60_node3_50_node4_0,0.22844266949556444
Train_W_3Layers_input_size_15_node1_80_node2_40_node3_60_node4_0,0.22845821800683566
Train_W_3Layers_input_size_15_node1_100_node2_80_node3_40_node4_0,0.22847723026996555
Test_W_3Layers_input_size_15_node1_60_node2_40_node3_30_node4_0,0.22850348774556203
Test_W_2Layers_input_size_5_node1_60_node2_80_node3_0_node4_0,0.22854503214145233
Test_W_3Layers_input_size_15_node1_40_node2_100_node3_60_node4_0,0.22855209809412436
Test_W_3Layers_input_size_15_node1_50_node2_80_node3_100_node4_0,0.22857007576151486
Test_W_3Layers_input_size_10_node1_100_node2_30_node3_90_node4_0,0.22860060847769628
Test_W_3Layers_input_size_5_node1_80_node2_30_node3_40_node4_0,0.22861174656655547
Test_W_3Layers_input_size_10_node1_80_node2_30_node3_30_node4_0,0.2286359030291304
Train_W_3Layers_input_size_15_node1_80_node2_70_node3_80_node4_0,0.22865918532527602
Test_W_2Layers_input_size_10_node1_30_node2_90_node3_0_node4_0,0.22868165888315659
Test_W_2Layers_input_size_15_node1_60_node2_70_node3_0_node4_0,0.22873588282637147
Train_W_3Layers_input_size_15_node1_70_node2_50_node3_90_node4_0,0.22878648730107398
Test_W_2Layers_input_size_15_node1_30_node2_40_node3_0_node4_0,0.2289038400881202
Test_W_3Layers_input_size_10_node1_50_node2_90_node3_50_node4_0,0.22891217246872944
Test_W_3Layers_input_size_5_node1_50_node2_50_node3_60_node4_0,0.22900912801486845
Test_W_3Layers_input_size_10_node1_40_node2_80_node3_70_node4_0,0.22900959975723226
Test_W_3Layers_input_size_15_node1_70_node2_50_node3_30_node4_0,0.22902049836197555
Test_W_2Layers_input_size_10_node1_50_node2_70_node3_0_node4_0,0.22903476336388578
Test_W_3Layers_input_size_10_node1_30_node2_70_node3_40_node4_0,0.22904641706463966
Test_W_3Layers_input_size_10_node1_60_node2_60_node3_90_node4_0,0.2290628109392499
Test_W_3Layers_input_size_15_node1_100_node2_30_node3_70_node4_0,0.22909626999357435
Test_W_3Layers_input_size_10_node1_50_node2_80_node3_50_node4_0,0.22911086360330987
Test_W_3Layers_input_size_10_node1_100_node2_80_node3_60_node4_0,0.22911340824342402
Test_W_3Layers_input_size_5_node1_100_node2_90_node3_70_node4_0,0.22912729351333866
Test_W_3Layers_input_size_15_node1_80_node2_50_node3_60_node4_0,0.22912916324535446
Train_W_2Layers_input_size_10_node1_60_node2_70_node3_0_node4_0,0.22916499411810679
Train_W_3Layers_input_size_15_node1_100_node2_100_node3_90_node4_0,0.22922584011759342
Test_W_3Layers_input_size_10_node1_100_node2_50_node3_70_node4_0,0.22926977215119373
Test_W_3Layers_input_size_5_node1_100_node2_30_node3_40_node4_0,0.22927601149097457
Test_W_3Layers_input_size_10_node1_70_node2_80_node3_90_node4_0,0.2292854351718742
Test_W_3Layers_input_size_15_node1_30_node2_100_node3_30_node4_0,0.22931127519246655
Test_W_3Layers_input_size_10_node1_40_node2_70_node3_40_node4_0,0.22941821103182997
Test_W_3Layers_input_size_5_node1_90_node2_60_node3_30_node4_0,0.22943754966120128
Test_W_3Layers_input_size_5_node1_30_node2_60_node3_30_node4_0,0.22944947514863626
Test_W_3Layers_input_size_15_node1_40_node2_50_node3_70_node4_0,0.22947302393340374
Test_W_2Layers_input_size_15_node1_70_node2_90_node3_0_node4_0,0.22952800227776626
Test_W_3Layers_input_size_5_node1_60_node2_60_node3_30_node4_0,0.22958498762634366
Test_W_3Layers_input_size_15_node1_90_node2_70_node3_50_node4_0,0.22959398487401486
Test_W_3Layers_input_size_5_node1_70_node2_80_node3_70_node4_0,0.229604433894979
Test_W_3Layers_input_size_10_node1_30_node2_30_node3_90_node4_0,0.2296251439419598
Train_W_2Layers_input_size_10_node1_100_node2_30_node3_0_node4_0,0.22966929155953844
Test_W_3Layers_input_size_10_node1_80_node2_60_node3_100_node4_0,0.2296716434818344
Train_W_3Layers_input_size_10_node1_100_node2_90_node3_90_node4_0,0.22979158391688756
Test_W_3Layers_input_size_10_node1_40_node2_80_node3_60_node4_0,0.2298639978505741
Test_W_3Layers_input_size_10_node1_30_node2_80_node3_30_node4_0,0.22991947410022123
Test_W_3Layers_input_size_5_node1_70_node2_30_node3_100_node4_0,0.22992353281245884
Test_W_3Layers_input_size_10_node1_60_node2_80_node3_90_node4_0,0.2299318444426697
Test_W_3Layers_input_size_5_node1_70_node2_80_node3_30_node4_0,0.23000913793614
Test_W_3Layers_input_size_5_node1_30_node2_30_node3_60_node4_0,0.2300236331418155
Test_W_3Layers_input_size_10_node1_40_node2_90_node3_60_node4_0,0.23011638893114503
Test_W_3Layers_input_size_15_node1_60_node2_40_node3_100_node4_0,0.23011893054649746
Test_W_3Layers_input_size_10_node1_100_node2_50_node3_40_node4_0,0.23012558394165794
Test_W_3Layers_input_size_15_node1_100_node2_60_node3_100_node4_0,0.23015880756808818
Train_W_3Layers_input_size_15_node1_90_node2_30_node3_80_node4_0,0.23020428500060897
Test_W_3Layers_input_size_15_node1_30_node2_90_node3_100_node4_0,0.2302182501099701
Test_W_3Layers_input_size_15_node1_60_node2_80_node3_30_node4_0,0.2302312758968192
Test_W_1Layers_input_size_10_node1_30_node2_0_node3_0_node4_0,0.2302672911932696
Test_W_2Layers_input_size_10_node1_90_node2_50_node3_0_node4_0,0.230341108180976
Test_W_3Layers_input_size_15_node1_100_node2_100_node3_70_node4_0,0.2303462753737095
Test_W_3Layers_input_size_15_node1_90_node2_30_node3_50_node4_0,0.23035156374202453
Test_W_3Layers_input_size_15_node1_70_node2_90_node3_70_node4_0,0.2303635631978263
Test_W_3Layers_input_size_10_node1_40_node2_70_node3_100_node4_0,0.23036357128350224
Test_W_3Layers_input_size_5_node1_100_node2_70_node3_30_node4_0,0.23039751245003093
Test_W_3Layers_input_size_10_node1_60_node2_50_node3_80_node4_0,0.2304963160047695
Test_W_3Layers_input_size_10_node1_40_node2_30_node3_30_node4_0,0.23056236887220014
Test_W_3Layers_input_size_5_node1_80_node2_60_node3_40_node4_0,0.2306519766022646
Train_W_3Layers_input_size_15_node1_100_node2_30_node3_50_node4_0,0.23066081110175204
Test_W_3Layers_input_size_10_node1_30_node2_40_node3_40_node4_0,0.23066208698870583
Test_W_3Layers_input_size_10_node1_40_node2_90_node3_50_node4_0,0.23067187393747646
Test_W_3Layers_input_size_5_node1_90_node2_90_node3_50_node4_0,0.23075509467446992
Test_W_3Layers_input_size_10_node1_70_node2_100_node3_90_node4_0,0.23080914623851537
Test_W_2Layers_input_size_10_node1_100_node2_40_node3_0_node4_0,0.2308447647635306
Test_W_3Layers_input_size_15_node1_90_node2_70_node3_60_node4_0,0.2308960525629598
Test_W_3Layers_input_size_5_node1_30_node2_70_node3_30_node4_0,0.23095635379748358
Test_W_3Layers_input_size_15_node1_60_node2_60_node3_100_node4_0,0.23096204756275243
Train_W_3Layers_input_size_15_node1_100_node2_60_node3_90_node4_0,0.23099674746310478
Train_W_3Layers_input_size_15_node1_70_node2_30_node3_100_node4_0,0.23103824663397093
Test_W_3Layers_input_size_5_node1_100_node2_70_node3_100_node4_0,0.2310562404602952
Test_W_3Layers_input_size_15_node1_70_node2_100_node3_90_node4_0,0.23120234004755785
Train_W_3Layers_input_size_5_node1_30_node2_70_node3_60_node4_0,0.23125863896806648
Test_W_3Layers_input_size_10_node1_40_node2_50_node3_90_node4_0,0.23127705860347478
Test_W_3Layers_input_size_10_node1_70_node2_40_node3_70_node4_0,0.23131367605756087
Train_W_3Layers_input_size_10_node1_80_node2_90_node3_70_node4_0,0.23133151963051554
Test_W_3Layers_input_size_15_node1_90_node2_40_node3_100_node4_0,0.2313469625505294
Test_W_3Layers_input_size_5_node1_40_node2_90_node3_60_node4_0,0.23136481965769568
Test_W_2Layers_input_size_10_node1_30_node2_80_node3_0_node4_0,0.23138861625706716
Train_W_3Layers_input_size_5_node1_40_node2_80_node3_90_node4_0,0.23144290617001725
Test_W_3Layers_input_size_10_node1_90_node2_50_node3_90_node4_0,0.23150837517958547
Test_W_3Layers_input_size_5_node1_100_node2_90_node3_60_node4_0,0.23151247040074022
Train_W_3Layers_input_size_15_node1_60_node2_100_node3_70_node4_0,0.23154378156386587
Test_W_3Layers_input_size_15_node1_90_node2_30_node3_100_node4_0,0.2316135567583089
Test_W_3Layers_input_size_15_node1_50_node2_30_node3_100_node4_0,0.23171429355217563
Train_W_3Layers_input_size_15_node1_100_node2_70_node3_90_node4_0,0.23171526621375194
Test_W_3Layers_input_size_5_node1_100_node2_90_node3_30_node4_0,0.2317702270171275
Test_W_3Layers_input_size_10_node1_60_node2_70_node3_80_node4_0,0.23177638297276848
Test_W_3Layers_input_size_15_node1_30_node2_40_node3_70_node4_0,0.23178633984473554
Test_W_3Layers_input_size_10_node1_50_node2_100_node3_50_node4_0,0.23180457291068796
Test_W_3Layers_input_size_10_node1_80_node2_100_node3_70_node4_0,0.2318333620026372
Test_W_3Layers_input_size_10_node1_50_node2_60_node3_50_node4_0,0.23183918687942343
Test_W_3Layers_input_size_5_node1_90_node2_30_node3_30_node4_0,0.23186454949902208
Test_W_3Layers_input_size_5_node1_100_node2_30_node3_60_node4_0,0.23187329763368503
Test_W_3Layers_input_size_10_node1_50_node2_50_node3_100_node4_0,0.23188145904850332
Test_W_3Layers_input_size_15_node1_50_node2_40_node3_30_node4_0,0.23188218199462757
Test_W_3Layers_input_size_10_node1_80_node2_60_node3_60_node4_0,0.23189274478372984
Train_W_2Layers_input_size_15_node1_90_node2_40_node3_0_node4_0,0.23201369659097174
Test_W_3Layers_input_size_15_node1_90_node2_80_node3_80_node4_0,0.2320147964475076
Test_W_3Layers_input_size_5_node1_50_node2_50_node3_70_node4_0,0.23203309986391785
Test_W_3Layers_input_size_5_node1_30_node2_50_node3_50_node4_0,0.2320352833329881
Test_W_3Layers_input_size_10_node1_70_node2_70_node3_30_node4_0,0.23205992621009844
Test_W_3Layers_input_size_5_node1_60_node2_50_node3_30_node4_0,0.23207092234992566
Test_W_3Layers_input_size_5_node1_50_node2_80_node3_90_node4_0,0.23212804573486953
Train_W_3Layers_input_size_10_node1_60_node2_100_node3_30_node4_0,0.23220065351736366
Test_W_3Layers_input_size_5_node1_70_node2_100_node3_90_node4_0,0.2322895891726756
Train_W_3Layers_input_size_15_node1_30_node2_100_node3_90_node4_0,0.2323472440132369
Test_W_3Layers_input_size_5_node1_80_node2_50_node3_30_node4_0,0.2323910829037744
Train_W_3Layers_input_size_15_node1_60_node2_70_node3_30_node4_0,0.23243610755234587
Train_W_3Layers_input_size_15_node1_90_node2_90_node3_100_node4_0,0.23244677338150543
Test_W_3Layers_input_size_10_node1_90_node2_30_node3_80_node4_0,0.23247400067944612
Test_W_3Layers_input_size_15_node1_30_node2_80_node3_50_node4_0,0.23249315723481143
Train_W_3Layers_input_size_15_node1_40_node2_80_node3_90_node4_0,0.23252255799471608
Test_W_3Layers_input_size_5_node1_40_node2_60_node3_80_node4_0,0.23254258363179905
Test_W_3Layers_input_size_10_node1_40_node2_30_node3_80_node4_0,0.23261360466773867
Test_W_3Layers_input_size_10_node1_100_node2_90_node3_50_node4_0,0.23264789810971284
Test_W_3Layers_input_size_15_node1_50_node2_70_node3_30_node4_0,0.23266479075570734
Test_W_3Layers_input_size_10_node1_60_node2_40_node3_30_node4_0,0.23270820963596436
Test_W_3Layers_input_size_10_node1_100_node2_60_node3_30_node4_0,0.2327256821682933
Test_W_2Layers_input_size_5_node1_80_node2_40_node3_0_node4_0,0.23273026018708481
Test_W_3Layers_input_size_15_node1_80_node2_80_node3_80_node4_0,0.2327773077179407
Train_W_3Layers_input_size_5_node1_100_node2_40_node3_40_node4_0,0.23279059838317914
Test_W_3Layers_input_size_10_node1_30_node2_90_node3_90_node4_0,0.23283664974946824
Test_W_3Layers_input_size_5_node1_60_node2_40_node3_30_node4_0,0.23285878412637218
Test_W_2Layers_input_size_5_node1_80_node2_90_node3_0_node4_0,0.23288890653716507
Train_W_3Layers_input_size_15_node1_60_node2_60_node3_50_node4_0,0.2329157702651088
Test_W_3Layers_input_size_10_node1_90_node2_40_node3_60_node4_0,0.23295093875089143
Test_W_3Layers_input_size_15_node1_90_node2_60_node3_80_node4_0,0.23305948936244666
Test_W_3Layers_input_size_5_node1_70_node2_90_node3_70_node4_0,0.23313127973295597
Test_W_2Layers_input_size_5_node1_50_node2_40_node3_0_node4_0,0.2331436873813213
Test_W_3Layers_input_size_15_node1_80_node2_80_node3_90_node4_0,0.23316597634666167
Test_W_3Layers_input_size_15_node1_30_node2_80_node3_30_node4_0,0.23318980480855567
Test_W_3Layers_input_size_10_node1_60_node2_70_node3_100_node4_0,0.2332896294209905
Test_W_3Layers_input_size_5_node1_60_node2_30_node3_60_node4_0,0.23333762585716308
Test_W_3Layers_input_size_5_node1_60_node2_100_node3_40_node4_0,0.23345132651484252
Test_W_3Layers_input_size_15_node1_60_node2_80_node3_60_node4_0,0.23349811707836124
Test_W_3Layers_input_size_15_node1_40_node2_90_node3_100_node4_0,0.23353158672272245
Test_W_3Layers_input_size_15_node1_50_node2_40_node3_40_node4_0,0.23355342395706732
Test_W_3Layers_input_size_5_node1_50_node2_50_node3_90_node4_0,0.23355656618140117
Test_W_3Layers_input_size_15_node1_90_node2_30_node3_30_node4_0,0.2335876591631521
Test_W_2Layers_input_size_15_node1_90_node2_50_node3_0_node4_0,0.2336169700181433
Train_W_3Layers_input_size_10_node1_80_node2_100_node3_80_node4_0,0.23363609663723642
Test_W_3Layers_input_size_15_node1_30_node2_50_node3_30_node4_0,0.23365494267862094
Train_W_3Layers_input_size_5_node1_90_node2_60_node3_40_node4_0,0.23372683704838385
Train_W_3Layers_input_size_10_node1_50_node2_40_node3_100_node4_0,0.2337414045206954
Train_W_3Layers_input_size_15_node1_60_node2_40_node3_90_node4_0,0.23375362041545988
Test_W_3Layers_input_size_10_node1_100_node2_80_node3_30_node4_0,0.23380740100956923
Test_W_3Layers_input_size_10_node1_30_node2_30_node3_50_node4_0,0.23382241752890615
Test_W_3Layers_input_size_15_node1_80_node2_90_node3_50_node4_0,0.2338406830081466
Train_W_3Layers_input_size_15_node1_90_node2_50_node3_40_node4_0,0.23385807092858274
Test_W_3Layers_input_size_10_node1_50_node2_60_node3_30_node4_0,0.2339946044061396
Test_W_3Layers_input_size_5_node1_30_node2_30_node3_70_node4_0,0.23403884304675712
Test_W_3Layers_input_size_10_node1_30_node2_30_node3_60_node4_0,0.2341129904761068
Test_W_3Layers_input_size_10_node1_60_node2_50_node3_30_node4_0,0.23412818628720408
Test_W_3Layers_input_size_15_node1_80_node2_100_node3_70_node4_0,0.23415641923595643
Test_W_3Layers_input_size_5_node1_40_node2_50_node3_90_node4_0,0.23427186922178206
Test_W_3Layers_input_size_15_node1_70_node2_100_node3_40_node4_0,0.2343156024053874
Test_W_3Layers_input_size_15_node1_60_node2_100_node3_100_node4_0,0.2343394649905892
Test_W_3Layers_input_size_5_node1_80_node2_40_node3_100_node4_0,0.23448015079492304
Test_W_3Layers_input_size_10_node1_50_node2_60_node3_70_node4_0,0.23452782416843682
Test_W_3Layers_input_size_5_node1_90_node2_80_node3_90_node4_0,0.23458789057621618
Test_W_3Layers_input_size_15_node1_30_node2_30_node3_70_node4_0,0.2346933904332743
Train_W_3Layers_input_size_15_node1_100_node2_40_node3_80_node4_0,0.2347698938041946
Test_W_3Layers_input_size_10_node1_50_node2_80_node3_60_node4_0,0.2347984224409229
Test_W_2Layers_input_size_15_node1_60_node2_30_node3_0_node4_0,0.2348257022859348
Test_W_3Layers_input_size_15_node1_60_node2_30_node3_100_node4_0,0.23483475256084443
Test_W_3Layers_input_size_10_node1_80_node2_100_node3_40_node4_0,0.23492189021058155
Test_W_3Layers_input_size_5_node1_90_node2_50_node3_100_node4_0,0.23493266518223502
Test_W_3Layers_input_size_15_node1_40_node2_90_node3_40_node4_0,0.23496424988958897
Test_W_3Layers_input_size_15_node1_40_node2_50_node3_100_node4_0,0.23496930748799436
Test_W_3Layers_input_size_5_node1_50_node2_30_node3_90_node4_0,0.2349829894108141
Train_W_3Layers_input_size_15_node1_30_node2_70_node3_50_node4_0,0.23499466518423862
Test_W_3Layers_input_size_10_node1_70_node2_70_node3_80_node4_0,0.2350046838511728
Test_W_3Layers_input_size_15_node1_80_node2_50_node3_40_node4_0,0.23501885509686946
Test_W_3Layers_input_size_15_node1_70_node2_50_node3_60_node4_0,0.23511507491255754
Test_W_3Layers_input_size_5_node1_80_node2_90_node3_60_node4_0,0.23511560570406112
Test_W_3Layers_input_size_15_node1_50_node2_60_node3_40_node4_0,0.2352912002336155
Test_W_1Layers_input_size_10_node1_50_node2_0_node3_0_node4_0,0.23542287545470417
Test_W_3Layers_input_size_15_node1_60_node2_50_node3_90_node4_0,0.23544721123920584
Test_W_3Layers_input_size_5_node1_70_node2_80_node3_80_node4_0,0.23555698373084075
Test_W_3Layers_input_size_5_node1_90_node2_90_node3_30_node4_0,0.23566461059415525
Test_W_3Layers_input_size_5_node1_50_node2_40_node3_70_node4_0,0.23566672089840032
Test_W_3Layers_input_size_5_node1_40_node2_100_node3_30_node4_0,0.2356829545921333
Test_W_3Layers_input_size_5_node1_40_node2_80_node3_50_node4_0,0.23576285801791513
Test_W_3Layers_input_size_15_node1_80_node2_80_node3_50_node4_0,0.23579535054740408
Test_W_3Layers_input_size_15_node1_40_node2_40_node3_50_node4_0,0.23582337600363565
Test_W_3Layers_input_size_10_node1_90_node2_40_node3_30_node4_0,0.23582956832709956
Test_W_3Layers_input_size_5_node1_40_node2_50_node3_30_node4_0,0.2359464100551065
Train_W_3Layers_input_size_15_node1_60_node2_50_node3_30_node4_0,0.23597976924875097
Test_W_3Layers_input_size_5_node1_60_node2_70_node3_30_node4_0,0.2360270844840334
Test_W_3Layers_input_size_5_node1_100_node2_40_node3_100_node4_0,0.23607309625995793
Train_W_3Layers_input_size_15_node1_70_node2_60_node3_80_node4_0,0.23613217797836988
Test_W_3Layers_input_size_5_node1_90_node2_50_node3_70_node4_0,0.23620192255550726
Test_W_3Layers_input_size_10_node1_60_node2_40_node3_90_node4_0,0.23622301617426325
Test_W_3Layers_input_size_15_node1_60_node2_70_node3_60_node4_0,0.23626258824129184
Test_W_2Layers_input_size_15_node1_30_node2_50_node3_0_node4_0,0.23627637659149553
Test_W_3Layers_input_size_10_node1_70_node2_50_node3_90_node4_0,0.23632837721125488
Test_W_3Layers_input_size_10_node1_90_node2_50_node3_30_node4_0,0.23637267551913194
Test_W_3Layers_input_size_10_node1_70_node2_80_node3_50_node4_0,0.2364362043929595
Test_W_2Layers_input_size_10_node1_90_node2_70_node3_0_node4_0,0.23645174718218556
Train_W_3Layers_input_size_10_node1_100_node2_30_node3_80_node4_0,0.23653807653836545
Test_W_3Layers_input_size_10_node1_40_node2_40_node3_30_node4_0,0.2365735883646264
Test_W_3Layers_input_size_15_node1_50_node2_90_node3_80_node4_0,0.2366526243807836
Train_W_3Layers_input_size_10_node1_60_node2_100_node3_70_node4_0,0.23668350737946112
Test_W_3Layers_input_size_5_node1_90_node2_30_node3_50_node4_0,0.23669738924950123
Test_W_3Layers_input_size_5_node1_80_node2_40_node3_60_node4_0,0.23676299446501026
Train_W_3Layers_input_size_5_node1_30_node2_50_node3_80_node4_0,0.236778091005315
Test_W_3Layers_input_size_15_node1_100_node2_40_node3_50_node4_0,0.23682497146690437
Test_W_3Layers_input_size_15_node1_80_node2_40_node3_60_node4_0,0.2368381686878635
Test_W_3Layers_input_size_10_node1_60_node2_90_node3_60_node4_0,0.2368491946459167
Test_W_3Layers_input_size_5_node1_40_node2_70_node3_80_node4_0,0.2368725267749193
Test_W_3Layers_input_size_15_node1_50_node2_30_node3_40_node4_0,0.23689407962514164
Test_W_3Layers_input_size_5_node1_90_node2_40_node3_50_node4_0,0.23697917889326015
Test_W_3Layers_input_size_15_node1_70_node2_70_node3_90_node4_0,0.23701775240202716
Test_W_3Layers_input_size_15_node1_60_node2_70_node3_100_node4_0,0.23707682654821513
Test_W_3Layers_input_size_10_node1_80_node2_90_node3_90_node4_0,0.237259746738704
Test_W_3Layers_input_size_15_node1_70_node2_80_node3_50_node4_0,0.23727390105302792
Test_W_3Layers_input_size_10_node1_80_node2_70_node3_30_node4_0,0.237401165600344
Test_W_3Layers_input_size_5_node1_30_node2_40_node3_30_node4_0,0.23752393915593745
Test_W_3Layers_input_size_15_node1_70_node2_50_node3_90_node4_0,0.2375577981790163
Test_W_2Layers_input_size_10_node1_30_node2_30_node3_0_node4_0,0.23755811965193796
Test_W_3Layers_input_size_10_node1_30_node2_60_node3_30_node4_0,0.23757643504923143
Test_W_3Layers_input_size_5_node1_30_node2_60_node3_50_node4_0,0.23758757570255182
Test_W_3Layers_input_size_15_node1_80_node2_70_node3_40_node4_0,0.23760183591729397
Test_W_3Layers_input_size_5_node1_80_node2_60_node3_80_node4_0,0.23767810843904624
Test_W_2Layers_input_size_15_node1_30_node2_100_node3_0_node4_0,0.23770187638434465
Train_W_3Layers_input_size_5_node1_50_node2_40_node3_40_node4_0,0.23774627133031834
Test_W_3Layers_input_size_5_node1_90_node2_90_node3_100_node4_0,0.23777276644573647
Train_W_3Layers_input_size_15_node1_80_node2_30_node3_70_node4_0,0.23793816490771832
Test_W_3Layers_input_size_15_node1_90_node2_50_node3_100_node4_0,0.2379466349494262
Test_W_3Layers_input_size_10_node1_60_node2_60_node3_60_node4_0,0.23801277231858273
Test_W_3Layers_input_size_15_node1_80_node2_40_node3_30_node4_0,0.23801587132318652
Test_W_3Layers_input_size_5_node1_30_node2_30_node3_100_node4_0,0.23802257004374852
Train_W_3Layers_input_size_15_node1_100_node2_70_node3_30_node4_0,0.2380620855286251
Test_W_3Layers_input_size_15_node1_30_node2_80_node3_40_node4_0,0.23806434671141888
Test_W_3Layers_input_size_5_node1_100_node2_70_node3_90_node4_0,0.2380674215725914
Test_W_3Layers_input_size_15_node1_80_node2_70_node3_80_node4_0,0.23811073142828787
Test_W_3Layers_input_size_15_node1_60_node2_30_node3_30_node4_0,0.23823661855233041
Test_W_3Layers_input_size_10_node1_70_node2_50_node3_40_node4_0,0.23825427981472402
Test_W_3Layers_input_size_15_node1_80_node2_50_node3_80_node4_0,0.2382648180939753
Test_W_3Layers_input_size_15_node1_60_node2_30_node3_70_node4_0,0.23829449163446498
Test_W_3Layers_input_size_15_node1_100_node2_30_node3_30_node4_0,0.2383549216775601
Test_W_3Layers_input_size_15_node1_30_node2_70_node3_70_node4_0,0.23841835986318044
Test_W_3Layers_input_size_5_node1_30_node2_100_node3_90_node4_0,0.2384429445557538
Test_W_3Layers_input_size_5_node1_70_node2_60_node3_100_node4_0,0.23848219512611007
Test_W_3Layers_input_size_10_node1_80_node2_80_node3_90_node4_0,0.23854018822396453
Test_W_3Layers_input_size_10_node1_30_node2_100_node3_40_node4_0,0.23866204805013178
Test_W_3Layers_input_size_15_node1_70_node2_70_node3_60_node4_0,0.23866950906433093
Test_W_3Layers_input_size_10_node1_80_node2_90_node3_70_node4_0,0.23873214585018604
Test_W_3Layers_input_size_10_node1_70_node2_40_node3_50_node4_0,0.23875527056523618
Test_W_3Layers_input_size_15_node1_100_node2_70_node3_90_node4_0,0.23881223019861966
Test_W_3Layers_input_size_5_node1_60_node2_60_node3_70_node4_0,0.23882873362874504
Test_W_3Layers_input_size_10_node1_80_node2_50_node3_50_node4_0,0.23916451328307256
Test_W_3Layers_input_size_15_node1_30_node2_60_node3_90_node4_0,0.23924268557938244
Test_W_3Layers_input_size_5_node1_60_node2_40_node3_70_node4_0,0.23933021072850613
Test_W_2Layers_input_size_10_node1_60_node2_70_node3_0_node4_0,0.23935242164194404
Test_W_3Layers_input_size_15_node1_40_node2_30_node3_50_node4_0,0.2393862476893574
Test_W_3Layers_input_size_10_node1_60_node2_30_node3_90_node4_0,0.23939600476370662
Train_W_3Layers_input_size_5_node1_50_node2_100_node3_70_node4_0,0.23947988052615748
Train_W_3Layers_input_size_10_node1_30_node2_80_node3_60_node4_0,0.23979423490226648
Test_W_3Layers_input_size_5_node1_70_node2_90_node3_90_node4_0,0.23984942569292142
Test_W_3Layers_input_size_5_node1_30_node2_70_node3_60_node4_0,0.23986912695616214
Test_W_3Layers_input_size_10_node1_60_node2_40_node3_100_node4_0,0.2399762480376956
Test_W_3Layers_input_size_15_node1_40_node2_100_node3_40_node4_0,0.23999482128148894
Test_W_3Layers_input_size_15_node1_100_node2_60_node3_50_node4_0,0.24006217894896412
Test_W_2Layers_input_size_15_node1_90_node2_40_node3_0_node4_0,0.24007827059899337
Train_W_3Layers_input_size_10_node1_60_node2_80_node3_40_node4_0,0.24011027224232753
Test_W_3Layers_input_size_15_node1_40_node2_30_node3_90_node4_0,0.24024571027607752
Test_W_3Layers_input_size_15_node1_30_node2_60_node3_40_node4_0,0.24025037758725093
Train_W_3Layers_input_size_15_node1_50_node2_90_node3_60_node4_0,0.24030728513072103
Train_W_3Layers_input_size_10_node1_40_node2_40_node3_50_node4_0,0.24034176728865816
Test_W_2Layers_input_size_10_node1_100_node2_70_node3_0_node4_0,0.24044151989774543
Test_W_3Layers_input_size_15_node1_30_node2_40_node3_60_node4_0,0.2406513193524699
Test_W_3Layers_input_size_15_node1_90_node2_30_node3_80_node4_0,0.2407832582032304
Test_W_3Layers_input_size_15_node1_40_node2_80_node3_90_node4_0,0.24078595797362787
Test_W_3Layers_input_size_5_node1_100_node2_80_node3_100_node4_0,0.2408386013143429
Test_W_3Layers_input_size_15_node1_30_node2_60_node3_70_node4_0,0.2408749638257002
Test_W_3Layers_input_size_10_node1_40_node2_70_node3_90_node4_0,0.24088186914392065
Test_W_3Layers_input_size_10_node1_100_node2_100_node3_100_node4_0,0.24088679476507013
Test_W_3Layers_input_size_5_node1_40_node2_90_node3_100_node4_0,0.2409348703431383
Train_W_3Layers_input_size_10_node1_60_node2_60_node3_70_node4_0,0.2409714193007046
Train_W_3Layers_input_size_15_node1_80_node2_70_node3_100_node4_0,0.24113975277616087
Test_W_3Layers_input_size_10_node1_80_node2_100_node3_80_node4_0,0.24115621278037605
Train_W_3Layers_input_size_15_node1_60_node2_90_node3_70_node4_0,0.24119676710505725
Test_W_3Layers_input_size_10_node1_100_node2_70_node3_50_node4_0,0.24123762346056304
Train_W_3Layers_input_size_15_node1_70_node2_50_node3_100_node4_0,0.24134767185824532
Test_W_2Layers_input_size_10_node1_100_node2_30_node3_0_node4_0,0.24161067072753972
Train_W_2Layers_input_size_15_node1_70_node2_50_node3_0_node4_0,0.24161565858245762
Test_W_2Layers_input_size_10_node1_100_node2_50_node3_0_node4_0,0.2416836589081847
Test_W_3Layers_input_size_5_node1_80_node2_70_node3_60_node4_0,0.241689747326161
Test_W_3Layers_input_size_5_node1_30_node2_90_node3_80_node4_0,0.24176926801904264
Test_W_3Layers_input_size_15_node1_30_node2_70_node3_50_node4_0,0.24197420603007738
Train_W_3Layers_input_size_10_node1_90_node2_100_node3_100_node4_0,0.24197509896177533
Train_W_3Layers_input_size_10_node1_80_node2_50_node3_90_node4_0,0.24201592397465088
Test_W_2Layers_input_size_5_node1_100_node2_70_node3_0_node4_0,0.2420310930531081
Test_W_3Layers_input_size_5_node1_100_node2_40_node3_40_node4_0,0.24214609622823446
Test_W_3Layers_input_size_15_node1_50_node2_60_node3_80_node4_0,0.24220589598654266
Test_W_3Layers_input_size_15_node1_60_node2_60_node3_50_node4_0,0.24223892373538117
Test_W_2Layers_input_size_5_node1_70_node2_90_node3_0_node4_0,0.24231302945913308
Test_W_3Layers_input_size_5_node1_30_node2_30_node3_40_node4_0,0.24232485936740378
Test_W_2Layers_input_size_10_node1_60_node2_40_node3_0_node4_0,0.24235202215650437
Test_W_2Layers_input_size_15_node1_70_node2_60_node3_0_node4_0,0.2423616444629811
Test_W_3Layers_input_size_15_node1_80_node2_60_node3_40_node4_0,0.24236663991872823
Test_W_3Layers_input_size_5_node1_70_node2_60_node3_80_node4_0,0.24240006839580877
Test_W_3Layers_input_size_15_node1_60_node2_100_node3_70_node4_0,0.2426768174331618
Test_W_3Layers_input_size_15_node1_90_node2_30_node3_60_node4_0,0.24268489950998687
Train_W_3Layers_input_size_10_node1_60_node2_30_node3_60_node4_0,0.24279351707643915
Test_W_3Layers_input_size_15_node1_60_node2_60_node3_90_node4_0,0.24282817545728833
Test_W_3Layers_input_size_10_node1_40_node2_50_node3_60_node4_0,0.24288861250266033
Test_W_3Layers_input_size_10_node1_70_node2_100_node3_100_node4_0,0.24295056020472305
Test_W_2Layers_input_size_15_node1_70_node2_100_node3_0_node4_0,0.2429608947857887
Test_W_3Layers_input_size_5_node1_40_node2_50_node3_40_node4_0,0.2430382905043044
Test_W_3Layers_input_size_15_node1_100_node2_30_node3_50_node4_0,0.2430976562519615
Test_W_2Layers_input_size_15_node1_90_node2_60_node3_0_node4_0,0.24310936370031674
Test_W_3Layers_input_size_10_node1_40_node2_70_node3_30_node4_0,0.24312134639475755
Train_W_3Layers_input_size_10_node1_80_node2_40_node3_50_node4_0,0.24336223110770167
Test_W_3Layers_input_size_10_node1_100_node2_30_node3_80_node4_0,0.2433855817225396
Test_W_3Layers_input_size_15_node1_60_node2_80_node3_100_node4_0,0.2435468395593135
Test_W_3Layers_input_size_15_node1_90_node2_40_node3_80_node4_0,0.2435566287969022
Test_W_3Layers_input_size_10_node1_50_node2_30_node3_70_node4_0,0.24359877920678735
Test_W_3Layers_input_size_15_node1_70_node2_60_node3_80_node4_0,0.2440341106759559
Test_W_3Layers_input_size_15_node1_40_node2_50_node3_60_node4_0,0.24418506217903496
Test_W_3Layers_input_size_5_node1_70_node2_30_node3_50_node4_0,0.2442165638123504
Test_W_3Layers_input_size_15_node1_50_node2_40_node3_60_node4_0,0.24424741316863335
Test_W_3Layers_input_size_10_node1_100_node2_90_node3_30_node4_0,0.2446838591293786
Test_W_3Layers_input_size_15_node1_80_node2_60_node3_70_node4_0,0.24472501621838616
Train_W_3Layers_input_size_15_node1_40_node2_60_node3_90_node4_0,0.24480258464138321
Test_W_3Layers_input_size_10_node1_60_node2_100_node3_30_node4_0,0.2449195946886907
Test_W_3Layers_input_size_5_node1_50_node2_40_node3_40_node4_0,0.24511594886010887
Test_W_3Layers_input_size_15_node1_40_node2_100_node3_90_node4_0,0.2451873086276585
Test_W_3Layers_input_size_5_node1_100_node2_80_node3_30_node4_0,0.24524672379624
Test_W_2Layers_input_size_15_node1_40_node2_50_node3_0_node4_0,0.24524772633218972
Test_W_3Layers_input_size_10_node1_60_node2_100_node3_70_node4_0,0.24528356430064177
Train_W_3Layers_input_size_5_node1_50_node2_70_node3_100_node4_0,0.2454535847015515
Train_W_3Layers_input_size_5_node1_100_node2_40_node3_30_node4_0,0.2455067445645287
Test_W_3Layers_input_size_15_node1_50_node2_30_node3_90_node4_0,0.24561384880679474
Test_W_3Layers_input_size_5_node1_90_node2_60_node3_50_node4_0,0.2456485187273304
Test_W_3Layers_input_size_15_node1_100_node2_90_node3_30_node4_0,0.24581505116812682
Test_W_3Layers_input_size_5_node1_50_node2_100_node3_70_node4_0,0.24594929406316224
Test_W_2Layers_input_size_5_node1_50_node2_30_node3_0_node4_0,0.2460808901984171
Test_W_3Layers_input_size_10_node1_50_node2_40_node3_90_node4_0,0.2461147375088703
Train_W_3Layers_input_size_15_node1_70_node2_40_node3_100_node4_0,0.24621647090948842
Test_W_3Layers_input_size_5_node1_70_node2_80_node3_100_node4_0,0.24625641881012794
Test_W_3Layers_input_size_15_node1_90_node2_70_node3_70_node4_0,0.24635941682642087
Test_W_3Layers_input_size_5_node1_50_node2_60_node3_100_node4_0,0.24643982667572
Test_W_3Layers_input_size_15_node1_30_node2_60_node3_30_node4_0,0.24648284427995748
Test_W_3Layers_input_size_5_node1_90_node2_70_node3_40_node4_0,0.24648851944330372
Train_W_3Layers_input_size_15_node1_30_node2_50_node3_40_node4_0,0.2465712592160943
Test_W_3Layers_input_size_15_node1_30_node2_40_node3_30_node4_0,0.24659768989624514
Test_W_3Layers_input_size_10_node1_100_node2_40_node3_90_node4_0,0.2467463408583402
Test_W_3Layers_input_size_10_node1_100_node2_60_node3_80_node4_0,0.24676324964882587
Test_W_2Layers_input_size_5_node1_30_node2_70_node3_0_node4_0,0.24683162030433323
Test_W_3Layers_input_size_10_node1_90_node2_60_node3_80_node4_0,0.24687122722350444
Train_W_3Layers_input_size_15_node1_30_node2_30_node3_40_node4_0,0.2473009939946754
Test_W_3Layers_input_size_5_node1_50_node2_30_node3_70_node4_0,0.24750227729635912
Test_W_3Layers_input_size_10_node1_90_node2_60_node3_40_node4_0,0.24762778284019848
Test_W_3Layers_input_size_10_node1_40_node2_90_node3_90_node4_0,0.2476660816756147
Test_W_3Layers_input_size_5_node1_80_node2_50_node3_80_node4_0,0.24769583966280756
Test_W_3Layers_input_size_5_node1_60_node2_80_node3_70_node4_0,0.24769967477636198
Test_W_3Layers_input_size_15_node1_60_node2_50_node3_30_node4_0,0.2477360226887044
Test_W_3Layers_input_size_10_node1_40_node2_40_node3_50_node4_0,0.2478456507008566
Test_W_3Layers_input_size_15_node1_90_node2_70_node3_100_node4_0,0.24786166538002008
Test_W_3Layers_input_size_10_node1_60_node2_30_node3_60_node4_0,0.2479384102555825
Test_W_3Layers_input_size_10_node1_30_node2_80_node3_100_node4_0,0.2479535099843627
Train_W_3Layers_input_size_10_node1_100_node2_80_node3_90_node4_0,0.24804296265167478
Test_W_3Layers_input_size_10_node1_50_node2_30_node3_100_node4_0,0.24807753335913804
Test_W_3Layers_input_size_5_node1_90_node2_30_node3_80_node4_0,0.24811786476801218
Test_W_3Layers_input_size_15_node1_100_node2_90_node3_80_node4_0,0.2481590377848944
Test_W_1Layers_input_size_15_node1_80_node2_0_node3_0_node4_0,0.2484484298269134
Test_W_3Layers_input_size_10_node1_100_node2_60_node3_70_node4_0,0.2488354740225337
Test_W_2Layers_input_size_10_node1_90_node2_60_node3_0_node4_0,0.24889385367330197
Train_W_3Layers_input_size_10_node1_90_node2_50_node3_70_node4_0,0.24890647085961878
Train_W_3Layers_input_size_15_node1_80_node2_100_node3_90_node4_0,0.24899573078478857
Test_W_3Layers_input_size_5_node1_40_node2_100_node3_100_node4_0,0.2491483038708474
Test_W_3Layers_input_size_10_node1_80_node2_50_node3_90_node4_0,0.24919926289153574
Test_W_3Layers_input_size_10_node1_90_node2_30_node3_100_node4_0,0.2492903980117856
Test_W_3Layers_input_size_10_node1_30_node2_80_node3_60_node4_0,0.24957905288177037
Test_W_1Layers_input_size_15_node1_70_node2_0_node3_0_node4_0,0.249751489028654
Test_W_3Layers_input_size_15_node1_70_node2_100_node3_30_node4_0,0.2498384564729394
Train_W_3Layers_input_size_10_node1_90_node2_50_node3_50_node4_0,0.24984662745562117
Test_W_3Layers_input_size_15_node1_40_node2_60_node3_90_node4_0,0.24994003053468242
Test_W_3Layers_input_size_10_node1_60_node2_60_node3_70_node4_0,0.24999196814509514
Test_W_3Layers_input_size_15_node1_50_node2_80_node3_40_node4_0,0.25011371470132604
Train_W_3Layers_input_size_5_node1_80_node2_70_node3_70_node4_0,0.25018162388396614
Test_W_3Layers_input_size_10_node1_90_node2_100_node3_100_node4_0,0.2502566004186591
Test_W_3Layers_input_size_15_node1_60_node2_40_node3_40_node4_0,0.25056605033424023
Test_W_3Layers_input_size_5_node1_80_node2_90_node3_40_node4_0,0.25065474899654877
Train_W_3Layers_input_size_10_node1_100_node2_50_node3_90_node4_0,0.250674396103934
Test_W_2Layers_input_size_15_node1_80_node2_80_node3_0_node4_0,0.25107214921998255
Test_W_3Layers_input_size_5_node1_50_node2_100_node3_40_node4_0,0.2510990037113282
Test_W_3Layers_input_size_5_node1_80_node2_80_node3_30_node4_0,0.25122466237142954
Train_W_3Layers_input_size_10_node1_30_node2_70_node3_60_node4_0,0.25128816490303596
Test_W_3Layers_input_size_15_node1_80_node2_30_node3_40_node4_0,0.25131538171451295
Test_W_3Layers_input_size_10_node1_70_node2_30_node3_90_node4_0,0.2516560984570435
Train_W_3Layers_input_size_5_node1_100_node2_70_node3_60_node4_0,0.25181531464004225
Train_W_3Layers_input_size_15_node1_70_node2_60_node3_60_node4_0,0.2519607986346198
Test_W_3Layers_input_size_15_node1_70_node2_40_node3_100_node4_0,0.2520027555332074
Train_W_3Layers_input_size_10_node1_100_node2_100_node3_40_node4_0,0.2522186536111696
Test_W_3Layers_input_size_5_node1_50_node2_30_node3_80_node4_0,0.252499173488775
Test_W_2Layers_input_size_10_node1_40_node2_50_node3_0_node4_0,0.2526729414739684
Test_W_3Layers_input_size_5_node1_80_node2_90_node3_100_node4_0,0.252913205703379
Test_W_3Layers_input_size_15_node1_100_node2_60_node3_40_node4_0,0.25300789879448016
Test_W_3Layers_input_size_15_node1_90_node2_50_node3_30_node4_0,0.2535980701842423
Train_W_3Layers_input_size_10_node1_40_node2_30_node3_70_node4_0,0.25363480656890286
Test_W_3Layers_input_size_10_node1_80_node2_80_node3_70_node4_0,0.25371949590354154
Train_W_3Layers_input_size_5_node1_80_node2_80_node3_90_node4_0,0.2537572276678663
Test_W_3Layers_input_size_15_node1_30_node2_30_node3_40_node4_0,0.2539862873400832
Test_W_3Layers_input_size_10_node1_100_node2_50_node3_90_node4_0,0.2541969982142557
Test_W_3Layers_input_size_15_node1_30_node2_50_node3_40_node4_0,0.25447678654781214
Test_W_3Layers_input_size_10_node1_40_node2_30_node3_100_node4_0,0.2545363018361189
Train_W_3Layers_input_size_15_node1_50_node2_90_node3_90_node4_0,0.25476265775420076
Test_W_3Layers_input_size_15_node1_80_node2_100_node3_90_node4_0,0.2554722252005692
Test_W_3Layers_input_size_15_node1_90_node2_90_node3_70_node4_0,0.2557948664522927
Test_W_3Layers_input_size_5_node1_90_node2_70_node3_50_node4_0,0.2558592294008263
Test_W_3Layers_input_size_15_node1_70_node2_60_node3_60_node4_0,0.2562399647073531
Test_W_3Layers_input_size_10_node1_80_node2_90_node3_100_node4_0,0.25640824827988146
Test_W_3Layers_input_size_10_node1_90_node2_80_node3_70_node4_0,0.25649038065520574
Train_W_3Layers_input_size_10_node1_70_node2_50_node3_80_node4_0,0.25680229924029035
Test_W_3Layers_input_size_15_node1_50_node2_70_node3_70_node4_0,0.2568870464572464
Test_W_3Layers_input_size_10_node1_30_node2_70_node3_60_node4_0,0.25714585784077126
Test_W_3Layers_input_size_5_node1_50_node2_40_node3_50_node4_0,0.2572179354044279
Test_W_3Layers_input_size_15_node1_30_node2_60_node3_80_node4_0,0.2572671874109222
Test_W_3Layers_input_size_5_node1_80_node2_40_node3_30_node4_0,0.257381396663892
Test_W_3Layers_input_size_10_node1_100_node2_100_node3_40_node4_0,0.2573959279623029
Test_W_3Layers_input_size_15_node1_50_node2_90_node3_90_node4_0,0.25750160256137117
Test_W_3Layers_input_size_15_node1_100_node2_30_node3_90_node4_0,0.25754042921451475
Train_W_3Layers_input_size_10_node1_100_node2_90_node3_80_node4_0,0.2580481810252314
Test_W_3Layers_input_size_5_node1_60_node2_40_node3_60_node4_0,0.25849523598211954
Train_W_3Layers_input_size_5_node1_100_node2_90_node3_40_node4_0,0.25852856750922587
Train_W_3Layers_input_size_15_node1_100_node2_80_node3_80_node4_0,0.2585684789888857
Test_W_3Layers_input_size_10_node1_30_node2_90_node3_40_node4_0,0.2590854459063769
Test_W_3Layers_input_size_15_node1_30_node2_50_node3_80_node4_0,0.2591759434927628
Train_W_3Layers_input_size_15_node1_100_node2_90_node3_100_node4_0,0.2596233379777321
Test_W_3Layers_input_size_5_node1_70_node2_30_node3_30_node4_0,0.2597613370154268
Test_W_2Layers_input_size_15_node1_100_node2_80_node3_0_node4_0,0.2598373342789789
Test_W_3Layers_input_size_15_node1_100_node2_80_node3_40_node4_0,0.25988035608251964
Test_W_3Layers_input_size_5_node1_100_node2_70_node3_60_node4_0,0.25996501698721547
Test_W_2Layers_input_size_10_node1_60_node2_30_node3_0_node4_0,0.2601570822441834
Test_W_3Layers_input_size_10_node1_70_node2_50_node3_80_node4_0,0.2602936676741907
Test_W_3Layers_input_size_15_node1_50_node2_70_node3_80_node4_0,0.26041547616050714
Test_W_3Layers_input_size_5_node1_30_node2_40_node3_90_node4_0,0.2605559151609601
Train_W_3Layers_input_size_5_node1_60_node2_80_node3_80_node4_0,0.2607537456336688
Test_W_3Layers_input_size_15_node1_100_node2_80_node3_80_node4_0,0.26141272630894696
Test_W_3Layers_input_size_10_node1_90_node2_60_node3_90_node4_0,0.26162495996481294
Test_W_3Layers_input_size_15_node1_100_node2_100_node3_90_node4_0,0.26168565398522453
Test_W_3Layers_input_size_10_node1_60_node2_70_node3_60_node4_0,0.26175882972026643
Test_W_3Layers_input_size_10_node1_90_node2_100_node3_60_node4_0,0.2620368277241001
Test_W_3Layers_input_size_10_node1_50_node2_90_node3_30_node4_0,0.26270576371174764
Test_W_3Layers_input_size_15_node1_100_node2_60_node3_90_node4_0,0.2633239287017888
Test_W_3Layers_input_size_15_node1_100_node2_90_node3_100_node4_0,0.263584475690477
Test_W_3Layers_input_size_10_node1_100_node2_90_node3_90_node4_0,0.26363810570247426
Test_W_3Layers_input_size_15_node1_90_node2_90_node3_100_node4_0,0.26398036006551057
Test_W_3Layers_input_size_15_node1_60_node2_70_node3_30_node4_0,0.26441256720657874
Test_W_3Layers_input_size_15_node1_70_node2_30_node3_100_node4_0,0.2645177483309783
Train_W_3Layers_input_size_10_node1_90_node2_70_node3_70_node4_0,0.26483122646913343
Test_W_3Layers_input_size_15_node1_30_node2_100_node3_90_node4_0,0.2649796725070181
Train_W_3Layers_input_size_15_node1_80_node2_50_node3_90_node4_0,0.2660562856690883
Test_W_3Layers_input_size_15_node1_60_node2_40_node3_90_node4_0,0.2661435731218271
Test_W_3Layers_input_size_15_node1_90_node2_50_node3_40_node4_0,0.26637572899552636
Test_W_3Layers_input_size_5_node1_40_node2_80_node3_90_node4_0,0.2664675393178267
Test_W_3Layers_input_size_5_node1_60_node2_80_node3_80_node4_0,0.26671197023361903
Train_W_3Layers_input_size_5_node1_60_node2_30_node3_80_node4_0,0.26739924779499424
Train_W_3Layers_input_size_15_node1_100_node2_30_node3_80_node4_0,0.26780245767680705
Test_W_3Layers_input_size_10_node1_50_node2_40_node3_100_node4_0,0.2678726830402307
Train_W_3Layers_input_size_15_node1_80_node2_80_node3_100_node4_0,0.267965857264973
Test_W_3Layers_input_size_15_node1_100_node2_40_node3_80_node4_0,0.26843596174889606
Test_W_3Layers_input_size_15_node1_80_node2_80_node3_100_node4_0,0.2686726952418535
Test_W_3Layers_input_size_5_node1_90_node2_60_node3_40_node4_0,0.26871412226257385
Test_W_3Layers_input_size_15_node1_80_node2_30_node3_70_node4_0,0.269451378307615
Test_W_3Layers_input_size_5_node1_60_node2_30_node3_80_node4_0,0.26977242170400406
Test_W_3Layers_input_size_10_node1_90_node2_70_node3_70_node4_0,0.27011293034153605
Test_W_3Layers_input_size_15_node1_100_node2_70_node3_30_node4_0,0.2705507760753932
Test_W_3Layers_input_size_5_node1_30_node2_50_node3_80_node4_0,0.2721037762635723
Test_W_3Layers_input_size_15_node1_70_node2_50_node3_100_node4_0,0.27227266704805725
Test_W_3Layers_input_size_15_node1_50_node2_90_node3_60_node4_0,0.2727547568728974
Test_W_2Layers_input_size_15_node1_70_node2_50_node3_0_node4_0,0.273218844045819
Test_W_3Layers_input_size_15_node1_60_node2_90_node3_70_node4_0,0.2738169625655932
Test_W_3Layers_input_size_15_node1_80_node2_70_node3_100_node4_0,0.2740340129527252
Test_W_3Layers_input_size_10_node1_60_node2_80_node3_40_node4_0,0.27509096765156565
Train_W_3Layers_input_size_10_node1_80_node2_30_node3_60_node4_0,0.27562325033726764
Train_W_3Layers_input_size_15_node1_50_node2_100_node3_90_node4_0,0.27652002967559236
Test_W_3Layers_input_size_10_node1_80_node2_40_node3_50_node4_0,0.27743848337891625
Train_W_3Layers_input_size_15_node1_100_node2_50_node3_100_node4_0,0.2806139216965665
Test_W_3Layers_input_size_5_node1_50_node2_70_node3_100_node4_0,0.2807005044298291
Test_W_3Layers_input_size_5_node1_100_node2_40_node3_30_node4_0,0.2811937143377207
Train_W_3Layers_input_size_15_node1_90_node2_100_node3_70_node4_0,0.28129026336689056
Test_W_3Layers_input_size_15_node1_100_node2_50_node3_100_node4_0,0.28253823200970296
Train_W_3Layers_input_size_15_node1_50_node2_100_node3_30_node4_0,0.2832296161757944
Test_W_3Layers_input_size_10_node1_100_node2_80_node3_90_node4_0,0.2834290885518347
Test_W_3Layers_input_size_10_node1_90_node2_50_node3_50_node4_0,0.284283792625044
Test_W_3Layers_input_size_5_node1_80_node2_70_node3_70_node4_0,0.2847987769233903
Test_W_3Layers_input_size_10_node1_90_node2_50_node3_70_node4_0,0.28495487523052576
Test_W_3Layers_input_size_15_node1_50_node2_100_node3_30_node4_0,0.28677570650417566
Test_W_3Layers_input_size_10_node1_40_node2_30_node3_70_node4_0,0.28882990319857965
Test_W_3Layers_input_size_5_node1_80_node2_80_node3_90_node4_0,0.28890553929771207
Test_W_3Layers_input_size_10_node1_60_node2_90_node3_90_node4_0,0.29079968165996106
Train_W_3Layers_input_size_10_node1_60_node2_90_node3_90_node4_0,0.2921662465693828
Test_W_3Layers_input_size_10_node1_100_node2_90_node3_80_node4_0,0.29292382213693985
Test_W_3Layers_input_size_5_node1_100_node2_90_node3_40_node4_0,0.2939669832371374
Test_W_3Layers_input_size_15_node1_70_node2_30_node3_80_node4_0,0.294604478025037
Train_W_3Layers_input_size_15_node1_70_node2_30_node3_80_node4_0,0.2956194175854461
Test_W_3Layers_input_size_15_node1_100_node2_90_node3_90_node4_0,0.2998244064754902
Test_W_3Layers_input_size_15_node1_80_node2_50_node3_90_node4_0,0.30028930909942897
Train_W_3Layers_input_size_15_node1_100_node2_90_node3_90_node4_0,0.3007750077033357
Train_W_3Layers_input_size_10_node1_70_node2_100_node3_60_node4_0,0.30114022421366077
Test_W_3Layers_input_size_15_node1_100_node2_30_node3_80_node4_0,0.30143307987162266
Train_W_3Layers_input_size_10_node1_30_node2_70_node3_70_node4_0,0.3036093587980884
Test_W_3Layers_input_size_15_node1_50_node2_100_node3_90_node4_0,0.3072777949720583
Test_W_3Layers_input_size_10_node1_80_node2_30_node3_60_node4_0,0.310081937617023
Test_W_3Layers_input_size_15_node1_90_node2_100_node3_70_node4_0,0.31349681182773387
Train_W_3Layers_input_size_10_node1_70_node2_100_node3_70_node4_0,0.31982068940756003
Train_W_3Layers_input_size_10_node1_30_node2_70_node3_100_node4_0,0.32477794819297484
Test_W_3Layers_input_size_10_node1_70_node2_100_node3_60_node4_0,0.335409336967625
Test_W_3Layers_input_size_10_node1_30_node2_70_node3_70_node4_0,0.3385408792731103
Test_W_3Layers_input_size_10_node1_70_node2_100_node3_70_node4_0,0.35499413213447195
Test_W_3Layers_input_size_10_node1_100_node2_100_node3_90_node4_0,0.3574915541804962
Test_W_3Layers_input_size_10_node1_30_node2_70_node3_100_node4_0,0.36116552044895334
Train_W_3Layers_input_size_10_node1_100_node2_100_node3_90_node4_0,0.361892918619115
