Train_U_1Layers_input_size_5_node1_30_node2_0_node3_0_node4_0,0.4015121940540134
Test_U_1Layers_input_size_5_node1_30_node2_0_node3_0_node4_0,0.4772482456496752
Train_U_2Layers_input_size_5_node1_30_node2_30_node3_0_node4_0,0.3987903715342544
Test_U_2Layers_input_size_5_node1_30_node2_30_node3_0_node4_0,0.4575821254582055
Train_U_3Layers_input_size_5_node1_30_node2_30_node3_30_node4_0,0.4098787186219222
Test_U_3Layers_input_size_5_node1_30_node2_30_node3_30_node4_0,0.46238067157233925
Train_U_4Layers_input_size_5_node1_30_node2_30_node3_30_node4_30,0.4008077170275341
Test_U_4Layers_input_size_5_node1_30_node2_30_node3_30_node4_30,0.47606428087083447
Train_U_4Layers_input_size_5_node1_30_node2_30_node3_30_node4_40,0.4136434449826817
Test_U_4Layers_input_size_5_node1_30_node2_30_node3_30_node4_40,0.46393790258168893
Train_U_4Layers_input_size_5_node1_30_node2_30_node3_30_node4_50,0.4143644347649179
Test_U_4Layers_input_size_5_node1_30_node2_30_node3_30_node4_50,0.4902929293858117
Train_U_4Layers_input_size_5_node1_30_node2_30_node3_30_node4_60,0.3907457165156863
Test_U_4Layers_input_size_5_node1_30_node2_30_node3_30_node4_60,0.4500496353484864
Train_U_4Layers_input_size_5_node1_30_node2_30_node3_30_node4_70,0.39731390855631615
Test_U_4Layers_input_size_5_node1_30_node2_30_node3_30_node4_70,0.47210249501110213
Train_U_4Layers_input_size_5_node1_30_node2_30_node3_30_node4_80,0.40208046826476707
Test_U_4Layers_input_size_5_node1_30_node2_30_node3_30_node4_80,0.47764328831389957
Train_U_4Layers_input_size_5_node1_30_node2_30_node3_30_node4_90,0.4001884135912491
Test_U_4Layers_input_size_5_node1_30_node2_30_node3_30_node4_90,0.46029508403661573
Train_U_4Layers_input_size_5_node1_30_node2_30_node3_30_node4_100,0.39362671526659015
Test_U_4Layers_input_size_5_node1_30_node2_30_node3_30_node4_100,0.46174137686137134
Train_U_3Layers_input_size_5_node1_30_node2_30_node3_40_node4_0,0.4183195549315702
Test_U_3Layers_input_size_5_node1_30_node2_30_node3_40_node4_0,0.4955461889433919
Train_U_4Layers_input_size_5_node1_30_node2_30_node3_40_node4_30,0.39284043539735286
Test_U_4Layers_input_size_5_node1_30_node2_30_node3_40_node4_30,0.4562045714872193
Train_U_4Layers_input_size_5_node1_30_node2_30_node3_40_node4_40,0.3949198178502809
Test_U_4Layers_input_size_5_node1_30_node2_30_node3_40_node4_40,0.4582696422481595
Train_U_4Layers_input_size_5_node1_30_node2_30_node3_40_node4_50,0.39750508056248846
Test_U_4Layers_input_size_5_node1_30_node2_30_node3_40_node4_50,0.4709181235212181
Train_U_4Layers_input_size_5_node1_30_node2_30_node3_40_node4_60,0.3900322231099952
Test_U_4Layers_input_size_5_node1_30_node2_30_node3_40_node4_60,0.46245897665316166
Train_U_4Layers_input_size_5_node1_30_node2_30_node3_40_node4_70,0.39874840742050277
Test_U_4Layers_input_size_5_node1_30_node2_30_node3_40_node4_70,0.4730559148956331
Train_U_4Layers_input_size_5_node1_30_node2_30_node3_40_node4_80,0.4548428627249248
Test_U_4Layers_input_size_5_node1_30_node2_30_node3_40_node4_80,0.5322328619627913
Train_U_4Layers_input_size_5_node1_30_node2_30_node3_40_node4_90,0.3915416262604537
Test_U_4Layers_input_size_5_node1_30_node2_30_node3_40_node4_90,0.46224112353717506
Train_U_4Layers_input_size_5_node1_30_node2_30_node3_40_node4_100,0.4073590948026272
Test_U_4Layers_input_size_5_node1_30_node2_30_node3_40_node4_100,0.4632230924798969
Train_U_3Layers_input_size_5_node1_30_node2_30_node3_50_node4_0,0.40602320062301916
Test_U_3Layers_input_size_5_node1_30_node2_30_node3_50_node4_0,0.4612593900815382
Train_U_4Layers_input_size_5_node1_30_node2_30_node3_50_node4_30,0.393277887353476
Test_U_4Layers_input_size_5_node1_30_node2_30_node3_50_node4_30,0.4646345998363957
Train_U_4Layers_input_size_5_node1_30_node2_30_node3_50_node4_40,0.39081582176911267
Test_U_4Layers_input_size_5_node1_30_node2_30_node3_50_node4_40,0.46346135104455943
Train_U_4Layers_input_size_5_node1_30_node2_30_node3_50_node4_50,0.39211781403192686
Test_U_4Layers_input_size_5_node1_30_node2_30_node3_50_node4_50,0.4650520851590107
Train_U_4Layers_input_size_5_node1_30_node2_30_node3_50_node4_60,0.39144645149439067
Test_U_4Layers_input_size_5_node1_30_node2_30_node3_50_node4_60,0.45430987102520903
Train_U_4Layers_input_size_5_node1_30_node2_30_node3_50_node4_70,0.39200924701756246
Test_U_4Layers_input_size_5_node1_30_node2_30_node3_50_node4_70,0.45482056823699163
Train_U_4Layers_input_size_5_node1_30_node2_30_node3_50_node4_80,0.402521908767996
Test_U_4Layers_input_size_5_node1_30_node2_30_node3_50_node4_80,0.47786032512822174
Train_U_4Layers_input_size_5_node1_30_node2_30_node3_50_node4_90,0.40153084270211115
Test_U_4Layers_input_size_5_node1_30_node2_30_node3_50_node4_90,0.47750381620489907
Train_U_4Layers_input_size_5_node1_30_node2_30_node3_50_node4_100,0.38643909708082047
Test_U_4Layers_input_size_5_node1_30_node2_30_node3_50_node4_100,0.45269883603021577
Train_U_3Layers_input_size_5_node1_30_node2_30_node3_60_node4_0,0.3872418959171666
Test_U_3Layers_input_size_5_node1_30_node2_30_node3_60_node4_0,0.45798044997347553
Train_U_4Layers_input_size_5_node1_30_node2_30_node3_60_node4_30,0.3904551899888303
Test_U_4Layers_input_size_5_node1_30_node2_30_node3_60_node4_30,0.4626635706823845
Train_U_4Layers_input_size_5_node1_30_node2_30_node3_60_node4_40,0.39810243243178883
Test_U_4Layers_input_size_5_node1_30_node2_30_node3_60_node4_40,0.4736001701511338
Train_U_4Layers_input_size_5_node1_30_node2_30_node3_60_node4_50,0.3923866222418803
Test_U_4Layers_input_size_5_node1_30_node2_30_node3_60_node4_50,0.4629211898563272
Train_U_4Layers_input_size_5_node1_30_node2_30_node3_60_node4_60,0.38754553988718565
Test_U_4Layers_input_size_5_node1_30_node2_30_node3_60_node4_60,0.4542194828621982
Train_U_4Layers_input_size_5_node1_30_node2_30_node3_60_node4_70,0.3917397994726054
Test_U_4Layers_input_size_5_node1_30_node2_30_node3_60_node4_70,0.4617397471396137
Train_U_4Layers_input_size_5_node1_30_node2_30_node3_60_node4_80,0.383821345323178
Test_U_4Layers_input_size_5_node1_30_node2_30_node3_60_node4_80,0.447735585344363
Train_U_4Layers_input_size_5_node1_30_node2_30_node3_60_node4_90,0.41239863002657773
Test_U_4Layers_input_size_5_node1_30_node2_30_node3_60_node4_90,0.4617589807168859
Train_U_4Layers_input_size_5_node1_30_node2_30_node3_60_node4_100,0.421985911872018
Test_U_4Layers_input_size_5_node1_30_node2_30_node3_60_node4_100,0.49919376340609284
Train_U_3Layers_input_size_5_node1_30_node2_30_node3_70_node4_0,0.4059818373115102
Test_U_3Layers_input_size_5_node1_30_node2_30_node3_70_node4_0,0.48263827578492713
Train_U_4Layers_input_size_5_node1_30_node2_30_node3_70_node4_30,0.3904840024157408
Test_U_4Layers_input_size_5_node1_30_node2_30_node3_70_node4_30,0.46151579125294134
Train_U_4Layers_input_size_5_node1_30_node2_30_node3_70_node4_40,0.38829662668647635
Test_U_4Layers_input_size_5_node1_30_node2_30_node3_70_node4_40,0.45779786656137983
Train_U_4Layers_input_size_5_node1_30_node2_30_node3_70_node4_50,0.39579702093642677
Test_U_4Layers_input_size_5_node1_30_node2_30_node3_70_node4_50,0.46071350991594595
Train_U_4Layers_input_size_5_node1_30_node2_30_node3_70_node4_60,0.3888617775280639
Test_U_4Layers_input_size_5_node1_30_node2_30_node3_70_node4_60,0.4532396072936282
Train_U_4Layers_input_size_5_node1_30_node2_30_node3_70_node4_70,0.39772802653179323
Test_U_4Layers_input_size_5_node1_30_node2_30_node3_70_node4_70,0.4725994675001679
Train_U_4Layers_input_size_5_node1_30_node2_30_node3_70_node4_80,0.3869256901233481
Test_U_4Layers_input_size_5_node1_30_node2_30_node3_70_node4_80,0.45657962101160937
Train_U_4Layers_input_size_5_node1_30_node2_30_node3_70_node4_90,0.3905869083905602
Test_U_4Layers_input_size_5_node1_30_node2_30_node3_70_node4_90,0.4559829949629745
Train_U_4Layers_input_size_5_node1_30_node2_30_node3_70_node4_100,0.38964493828829977
Test_U_4Layers_input_size_5_node1_30_node2_30_node3_70_node4_100,0.45395919044603955
Train_U_3Layers_input_size_5_node1_30_node2_30_node3_80_node4_0,0.40162613212409265
Test_U_3Layers_input_size_5_node1_30_node2_30_node3_80_node4_0,0.46353502125923535
Train_U_4Layers_input_size_5_node1_30_node2_30_node3_80_node4_30,0.3864527085846891
Test_U_4Layers_input_size_5_node1_30_node2_30_node3_80_node4_30,0.45009832102816905
Train_U_4Layers_input_size_5_node1_30_node2_30_node3_80_node4_40,0.38678523176155843
Test_U_4Layers_input_size_5_node1_30_node2_30_node3_80_node4_40,0.4548519047039199
Train_U_4Layers_input_size_5_node1_30_node2_30_node3_80_node4_50,0.39286285247617
Test_U_4Layers_input_size_5_node1_30_node2_30_node3_80_node4_50,0.46691953571755973
Train_U_4Layers_input_size_5_node1_30_node2_30_node3_80_node4_60,0.3882342035662664
Test_U_4Layers_input_size_5_node1_30_node2_30_node3_80_node4_60,0.4576646051656791
Train_U_4Layers_input_size_5_node1_30_node2_30_node3_80_node4_70,0.3838037580244006
Test_U_4Layers_input_size_5_node1_30_node2_30_node3_80_node4_70,0.45053577582068
Train_U_4Layers_input_size_5_node1_30_node2_30_node3_80_node4_80,0.3947571023020669
Test_U_4Layers_input_size_5_node1_30_node2_30_node3_80_node4_80,0.46354064691267105
Train_U_4Layers_input_size_5_node1_30_node2_30_node3_80_node4_90,0.39541027608932294
Test_U_4Layers_input_size_5_node1_30_node2_30_node3_80_node4_90,0.47010987438160545
Train_U_4Layers_input_size_5_node1_30_node2_30_node3_80_node4_100,0.3936827571914475
Test_U_4Layers_input_size_5_node1_30_node2_30_node3_80_node4_100,0.4654144662408315
Train_U_3Layers_input_size_5_node1_30_node2_30_node3_90_node4_0,0.38766942550366873
Test_U_3Layers_input_size_5_node1_30_node2_30_node3_90_node4_0,0.45092259576055765
Train_U_4Layers_input_size_5_node1_30_node2_30_node3_90_node4_30,0.3882464663853827
Test_U_4Layers_input_size_5_node1_30_node2_30_node3_90_node4_30,0.45604723775198797
Train_U_4Layers_input_size_5_node1_30_node2_30_node3_90_node4_40,0.39230006604851664
Test_U_4Layers_input_size_5_node1_30_node2_30_node3_90_node4_40,0.4547530556314494
Train_U_4Layers_input_size_5_node1_30_node2_30_node3_90_node4_50,0.3894950354398058
Test_U_4Layers_input_size_5_node1_30_node2_30_node3_90_node4_50,0.4541164764908521
Train_U_4Layers_input_size_5_node1_30_node2_30_node3_90_node4_60,0.3902536916295477
Test_U_4Layers_input_size_5_node1_30_node2_30_node3_90_node4_60,0.45321573795889836
Train_U_4Layers_input_size_5_node1_30_node2_30_node3_90_node4_70,0.38846337174718765
Test_U_4Layers_input_size_5_node1_30_node2_30_node3_90_node4_70,0.4548479734307907
Train_U_4Layers_input_size_5_node1_30_node2_30_node3_90_node4_80,0.4015882120175826
Test_U_4Layers_input_size_5_node1_30_node2_30_node3_90_node4_80,0.4770024723202835
Train_U_4Layers_input_size_5_node1_30_node2_30_node3_90_node4_90,0.397396354208322
Test_U_4Layers_input_size_5_node1_30_node2_30_node3_90_node4_90,0.47194512521966475
Train_U_4Layers_input_size_5_node1_30_node2_30_node3_90_node4_100,0.4118211651410178
Test_U_4Layers_input_size_5_node1_30_node2_30_node3_90_node4_100,0.4656612516538683
Train_U_3Layers_input_size_5_node1_30_node2_30_node3_100_node4_0,0.3946008148805583
Test_U_3Layers_input_size_5_node1_30_node2_30_node3_100_node4_0,0.46011749972277716
Train_U_4Layers_input_size_5_node1_30_node2_30_node3_100_node4_30,0.4172832000636576
Test_U_4Layers_input_size_5_node1_30_node2_30_node3_100_node4_30,0.47062264541908316
Train_U_4Layers_input_size_5_node1_30_node2_30_node3_100_node4_40,0.3906773150698089
Test_U_4Layers_input_size_5_node1_30_node2_30_node3_100_node4_40,0.46052320903253596
Train_U_4Layers_input_size_5_node1_30_node2_30_node3_100_node4_50,0.41754092843917046
Test_U_4Layers_input_size_5_node1_30_node2_30_node3_100_node4_50,0.49507512623073013
Train_U_4Layers_input_size_5_node1_30_node2_30_node3_100_node4_60,0.3905933176543821
Test_U_4Layers_input_size_5_node1_30_node2_30_node3_100_node4_60,0.45810771576463083
Train_U_4Layers_input_size_5_node1_30_node2_30_node3_100_node4_70,0.3889432946628149
Test_U_4Layers_input_size_5_node1_30_node2_30_node3_100_node4_70,0.45812207649099596
Train_U_4Layers_input_size_5_node1_30_node2_30_node3_100_node4_80,0.40319534102068005
Test_U_4Layers_input_size_5_node1_30_node2_30_node3_100_node4_80,0.4793851620319439
Train_U_4Layers_input_size_5_node1_30_node2_30_node3_100_node4_90,0.3922630488059049
Test_U_4Layers_input_size_5_node1_30_node2_30_node3_100_node4_90,0.4534187844355565
Train_U_4Layers_input_size_5_node1_30_node2_30_node3_100_node4_100,0.389847821537383
Test_U_4Layers_input_size_5_node1_30_node2_30_node3_100_node4_100,0.4609297412283969
Train_U_2Layers_input_size_5_node1_30_node2_40_node3_0_node4_0,0.39758729917736035
Test_U_2Layers_input_size_5_node1_30_node2_40_node3_0_node4_0,0.46822290985656856
Train_U_3Layers_input_size_5_node1_30_node2_40_node3_30_node4_0,0.413499953843083
Test_U_3Layers_input_size_5_node1_30_node2_40_node3_30_node4_0,0.49107481812880255
Train_U_4Layers_input_size_5_node1_30_node2_40_node3_30_node4_30,0.38213609766170487
Test_U_4Layers_input_size_5_node1_30_node2_40_node3_30_node4_30,0.4481415646043991
Train_U_4Layers_input_size_5_node1_30_node2_40_node3_30_node4_40,0.4507019435994704
Test_U_4Layers_input_size_5_node1_30_node2_40_node3_30_node4_40,0.5272376624880084
Train_U_4Layers_input_size_5_node1_30_node2_40_node3_30_node4_50,0.39115446447745256
Test_U_4Layers_input_size_5_node1_30_node2_40_node3_30_node4_50,0.46483376436166807
Train_U_4Layers_input_size_5_node1_30_node2_40_node3_30_node4_60,0.47460830751149885
Test_U_4Layers_input_size_5_node1_30_node2_40_node3_30_node4_60,0.5529262088516639
Train_U_4Layers_input_size_5_node1_30_node2_40_node3_30_node4_70,0.4022020812751853
Test_U_4Layers_input_size_5_node1_30_node2_40_node3_30_node4_70,0.4616951131176203
Train_U_4Layers_input_size_5_node1_30_node2_40_node3_30_node4_80,0.39581509180032076
Test_U_4Layers_input_size_5_node1_30_node2_40_node3_30_node4_80,0.4628747542996415
Train_U_4Layers_input_size_5_node1_30_node2_40_node3_30_node4_90,0.39182752525495745
Test_U_4Layers_input_size_5_node1_30_node2_40_node3_30_node4_90,0.45632281375583456
Train_U_4Layers_input_size_5_node1_30_node2_40_node3_30_node4_100,0.403272316503769
Test_U_4Layers_input_size_5_node1_30_node2_40_node3_30_node4_100,0.4583890584824054
Train_U_3Layers_input_size_5_node1_30_node2_40_node3_40_node4_0,0.41679568875974327
Test_U_3Layers_input_size_5_node1_30_node2_40_node3_40_node4_0,0.49468992257985966
Train_U_4Layers_input_size_5_node1_30_node2_40_node3_40_node4_30,0.3958890984388312
Test_U_4Layers_input_size_5_node1_30_node2_40_node3_40_node4_30,0.45454458959995686
Train_U_4Layers_input_size_5_node1_30_node2_40_node3_40_node4_40,0.38532920652679914
Test_U_4Layers_input_size_5_node1_30_node2_40_node3_40_node4_40,0.4502325146047722
Train_U_4Layers_input_size_5_node1_30_node2_40_node3_40_node4_50,0.38957707031165983
Test_U_4Layers_input_size_5_node1_30_node2_40_node3_40_node4_50,0.4603641953351421
Train_U_4Layers_input_size_5_node1_30_node2_40_node3_40_node4_60,0.3881822310129873
Test_U_4Layers_input_size_5_node1_30_node2_40_node3_40_node4_60,0.4543261393127699
Train_U_4Layers_input_size_5_node1_30_node2_40_node3_40_node4_70,0.39550511865522603
Test_U_4Layers_input_size_5_node1_30_node2_40_node3_40_node4_70,0.4572573208637368
Train_U_4Layers_input_size_5_node1_30_node2_40_node3_40_node4_80,0.3980319820534191
Test_U_4Layers_input_size_5_node1_30_node2_40_node3_40_node4_80,0.4584919499706667
Train_U_4Layers_input_size_5_node1_30_node2_40_node3_40_node4_90,0.4097801482297011
Test_U_4Layers_input_size_5_node1_30_node2_40_node3_40_node4_90,0.46214387108716204
Train_U_4Layers_input_size_5_node1_30_node2_40_node3_40_node4_100,0.3994787672091414
Test_U_4Layers_input_size_5_node1_30_node2_40_node3_40_node4_100,0.45788782496068897
Train_U_3Layers_input_size_5_node1_30_node2_40_node3_50_node4_0,0.3956069445294134
Test_U_3Layers_input_size_5_node1_30_node2_40_node3_50_node4_0,0.4692516186076047
Train_U_4Layers_input_size_5_node1_30_node2_40_node3_50_node4_30,0.38928029349066334
Test_U_4Layers_input_size_5_node1_30_node2_40_node3_50_node4_30,0.4620496619396791
Train_U_4Layers_input_size_5_node1_30_node2_40_node3_50_node4_40,0.39387451882364755
Test_U_4Layers_input_size_5_node1_30_node2_40_node3_50_node4_40,0.46701620846644615
Train_U_4Layers_input_size_5_node1_30_node2_40_node3_50_node4_50,0.3951614747280861
Test_U_4Layers_input_size_5_node1_30_node2_40_node3_50_node4_50,0.4687055566699652
Train_U_4Layers_input_size_5_node1_30_node2_40_node3_50_node4_60,0.3942456297417547
Test_U_4Layers_input_size_5_node1_30_node2_40_node3_50_node4_60,0.4683382132921935
Train_U_4Layers_input_size_5_node1_30_node2_40_node3_50_node4_70,0.3887881196212872
Test_U_4Layers_input_size_5_node1_30_node2_40_node3_50_node4_70,0.4546952990882266
Train_U_4Layers_input_size_5_node1_30_node2_40_node3_50_node4_80,0.3846649774114043
Test_U_4Layers_input_size_5_node1_30_node2_40_node3_50_node4_80,0.4496332992432565
Train_U_4Layers_input_size_5_node1_30_node2_40_node3_50_node4_90,0.39885534554153945
Test_U_4Layers_input_size_5_node1_30_node2_40_node3_50_node4_90,0.47468712252312445
Train_U_4Layers_input_size_5_node1_30_node2_40_node3_50_node4_100,0.41667010981408686
Test_U_4Layers_input_size_5_node1_30_node2_40_node3_50_node4_100,0.49359458034502296
Train_U_3Layers_input_size_5_node1_30_node2_40_node3_60_node4_0,0.40258405971612915
Test_U_3Layers_input_size_5_node1_30_node2_40_node3_60_node4_0,0.4784815717763953
Train_U_4Layers_input_size_5_node1_30_node2_40_node3_60_node4_30,0.39989608368497687
Test_U_4Layers_input_size_5_node1_30_node2_40_node3_60_node4_30,0.46519216735171276
Train_U_4Layers_input_size_5_node1_30_node2_40_node3_60_node4_40,0.4289607404271095
Test_U_4Layers_input_size_5_node1_30_node2_40_node3_60_node4_40,0.47543307438497245
Train_U_4Layers_input_size_5_node1_30_node2_40_node3_60_node4_50,0.4004641953773784
Test_U_4Layers_input_size_5_node1_30_node2_40_node3_60_node4_50,0.4614624977641495
Train_U_4Layers_input_size_5_node1_30_node2_40_node3_60_node4_60,0.39375389112336134
Test_U_4Layers_input_size_5_node1_30_node2_40_node3_60_node4_60,0.4557301185234665
Train_U_4Layers_input_size_5_node1_30_node2_40_node3_60_node4_70,0.3896824719090101
Test_U_4Layers_input_size_5_node1_30_node2_40_node3_60_node4_70,0.4612615706897268
Train_U_4Layers_input_size_5_node1_30_node2_40_node3_60_node4_80,0.4022169746737333
Test_U_4Layers_input_size_5_node1_30_node2_40_node3_60_node4_80,0.4770593242212213
Train_U_4Layers_input_size_5_node1_30_node2_40_node3_60_node4_90,0.3926341078587512
Test_U_4Layers_input_size_5_node1_30_node2_40_node3_60_node4_90,0.4594931521896487
Train_U_4Layers_input_size_5_node1_30_node2_40_node3_60_node4_100,0.3889080269490557
Test_U_4Layers_input_size_5_node1_30_node2_40_node3_60_node4_100,0.45741190911699137
Train_U_3Layers_input_size_5_node1_30_node2_40_node3_70_node4_0,0.3918484981829344
Test_U_3Layers_input_size_5_node1_30_node2_40_node3_70_node4_0,0.46429574544256674
Train_U_4Layers_input_size_5_node1_30_node2_40_node3_70_node4_30,0.4120834848669151
Test_U_4Layers_input_size_5_node1_30_node2_40_node3_70_node4_30,0.46704045727901317
Train_U_4Layers_input_size_5_node1_30_node2_40_node3_70_node4_40,0.44147070692590895
Test_U_4Layers_input_size_5_node1_30_node2_40_node3_70_node4_40,0.48210464116679186
Train_U_4Layers_input_size_5_node1_30_node2_40_node3_70_node4_50,0.39424188785637215
Test_U_4Layers_input_size_5_node1_30_node2_40_node3_70_node4_50,0.4673923222060157
Train_U_4Layers_input_size_5_node1_30_node2_40_node3_70_node4_60,0.39527648942698257
Test_U_4Layers_input_size_5_node1_30_node2_40_node3_70_node4_60,0.46934876347040916
Train_U_4Layers_input_size_5_node1_30_node2_40_node3_70_node4_70,0.4007646813788112
Test_U_4Layers_input_size_5_node1_30_node2_40_node3_70_node4_70,0.47571926872036197
Train_U_4Layers_input_size_5_node1_30_node2_40_node3_70_node4_80,0.38898342432019695
Test_U_4Layers_input_size_5_node1_30_node2_40_node3_70_node4_80,0.46166435411828877
Train_U_4Layers_input_size_5_node1_30_node2_40_node3_70_node4_90,0.39335835673589653
Test_U_4Layers_input_size_5_node1_30_node2_40_node3_70_node4_90,0.46662703421021834
Train_U_4Layers_input_size_5_node1_30_node2_40_node3_70_node4_100,0.41523230149333645
Test_U_4Layers_input_size_5_node1_30_node2_40_node3_70_node4_100,0.4636749029663251
Train_U_3Layers_input_size_5_node1_30_node2_40_node3_80_node4_0,0.4040869753063705
Test_U_3Layers_input_size_5_node1_30_node2_40_node3_80_node4_0,0.4616829453219515
Train_U_4Layers_input_size_5_node1_30_node2_40_node3_80_node4_30,0.4370263976290414
Test_U_4Layers_input_size_5_node1_30_node2_40_node3_80_node4_30,0.47906940101883577
Train_U_4Layers_input_size_5_node1_30_node2_40_node3_80_node4_40,0.40107008804412203
Test_U_4Layers_input_size_5_node1_30_node2_40_node3_80_node4_40,0.4770261041667941
Train_U_4Layers_input_size_5_node1_30_node2_40_node3_80_node4_50,0.39617767122121234
Test_U_4Layers_input_size_5_node1_30_node2_40_node3_80_node4_50,0.4695528783910457
Train_U_4Layers_input_size_5_node1_30_node2_40_node3_80_node4_60,0.3899561496376883
Test_U_4Layers_input_size_5_node1_30_node2_40_node3_80_node4_60,0.457627486252667
Train_U_4Layers_input_size_5_node1_30_node2_40_node3_80_node4_70,0.4603729022990984
Test_U_4Layers_input_size_5_node1_30_node2_40_node3_80_node4_70,0.5019762204567895
Train_U_4Layers_input_size_5_node1_30_node2_40_node3_80_node4_80,0.3854962107908796
Test_U_4Layers_input_size_5_node1_30_node2_40_node3_80_node4_80,0.4517910659366451
Train_U_4Layers_input_size_5_node1_30_node2_40_node3_80_node4_90,0.38939046326941545
Test_U_4Layers_input_size_5_node1_30_node2_40_node3_80_node4_90,0.45179624414639047
Train_U_4Layers_input_size_5_node1_30_node2_40_node3_80_node4_100,0.38912856525389466
Test_U_4Layers_input_size_5_node1_30_node2_40_node3_80_node4_100,0.4598731505897789
Train_U_3Layers_input_size_5_node1_30_node2_40_node3_90_node4_0,0.3877008471346129
Test_U_3Layers_input_size_5_node1_30_node2_40_node3_90_node4_0,0.4591911012698611
Train_U_4Layers_input_size_5_node1_30_node2_40_node3_90_node4_30,0.38975108618275994
Test_U_4Layers_input_size_5_node1_30_node2_40_node3_90_node4_30,0.459015297355344
Train_U_4Layers_input_size_5_node1_30_node2_40_node3_90_node4_40,0.38839422305576315
Test_U_4Layers_input_size_5_node1_30_node2_40_node3_90_node4_40,0.45504426625567623
Train_U_4Layers_input_size_5_node1_30_node2_40_node3_90_node4_50,0.3923521387805399
Test_U_4Layers_input_size_5_node1_30_node2_40_node3_90_node4_50,0.4538614602240153
Train_U_4Layers_input_size_5_node1_30_node2_40_node3_90_node4_60,0.38595428430299666
Test_U_4Layers_input_size_5_node1_30_node2_40_node3_90_node4_60,0.45300610396502217
Train_U_4Layers_input_size_5_node1_30_node2_40_node3_90_node4_70,0.4120066003872569
Test_U_4Layers_input_size_5_node1_30_node2_40_node3_90_node4_70,0.4892276442434137
Train_U_4Layers_input_size_5_node1_30_node2_40_node3_90_node4_80,0.3984161072018101
Test_U_4Layers_input_size_5_node1_30_node2_40_node3_90_node4_80,0.46130891157511034
Train_U_4Layers_input_size_5_node1_30_node2_40_node3_90_node4_90,0.3979566514894924
Test_U_4Layers_input_size_5_node1_30_node2_40_node3_90_node4_90,0.45424347987662894
Train_U_4Layers_input_size_5_node1_30_node2_40_node3_90_node4_100,0.4023954302734495
Test_U_4Layers_input_size_5_node1_30_node2_40_node3_90_node4_100,0.4564210780006417
Train_U_3Layers_input_size_5_node1_30_node2_40_node3_100_node4_0,0.3902375397730466
Test_U_3Layers_input_size_5_node1_30_node2_40_node3_100_node4_0,0.4594405484306613
Train_U_4Layers_input_size_5_node1_30_node2_40_node3_100_node4_30,0.40485196545832725
Test_U_4Layers_input_size_5_node1_30_node2_40_node3_100_node4_30,0.45994164493215556
Train_U_4Layers_input_size_5_node1_30_node2_40_node3_100_node4_40,0.413361513820458
Test_U_4Layers_input_size_5_node1_30_node2_40_node3_100_node4_40,0.49071819246453935
Train_U_4Layers_input_size_5_node1_30_node2_40_node3_100_node4_50,0.4756954153272214
Test_U_4Layers_input_size_5_node1_30_node2_40_node3_100_node4_50,0.5523764054331669
Train_U_4Layers_input_size_5_node1_30_node2_40_node3_100_node4_60,0.41929833892572393
Test_U_4Layers_input_size_5_node1_30_node2_40_node3_100_node4_60,0.4972609808166301
Train_U_4Layers_input_size_5_node1_30_node2_40_node3_100_node4_70,0.39123879846253623
Test_U_4Layers_input_size_5_node1_30_node2_40_node3_100_node4_70,0.45423937931461966
Train_U_4Layers_input_size_5_node1_30_node2_40_node3_100_node4_80,0.43279064825649477
Test_U_4Layers_input_size_5_node1_30_node2_40_node3_100_node4_80,0.4773847646621058
Train_U_4Layers_input_size_5_node1_30_node2_40_node3_100_node4_90,0.532097197043111
Test_U_4Layers_input_size_5_node1_30_node2_40_node3_100_node4_90,0.6046991933633361
Train_U_4Layers_input_size_5_node1_30_node2_40_node3_100_node4_100,0.39484183672919576
Test_U_4Layers_input_size_5_node1_30_node2_40_node3_100_node4_100,0.46180231787168863
Train_U_2Layers_input_size_5_node1_30_node2_50_node3_0_node4_0,0.39143032982130954
Test_U_2Layers_input_size_5_node1_30_node2_50_node3_0_node4_0,0.46497094794240434
Train_U_3Layers_input_size_5_node1_30_node2_50_node3_30_node4_0,0.39136111518892414
Test_U_3Layers_input_size_5_node1_30_node2_50_node3_30_node4_0,0.4548354586517471
Train_U_4Layers_input_size_5_node1_30_node2_50_node3_30_node4_30,0.3938811961600367
Test_U_4Layers_input_size_5_node1_30_node2_50_node3_30_node4_30,0.4649246369838964
Train_U_4Layers_input_size_5_node1_30_node2_50_node3_30_node4_40,0.405869984786402
Test_U_4Layers_input_size_5_node1_30_node2_50_node3_30_node4_40,0.48250637781543193
Train_U_4Layers_input_size_5_node1_30_node2_50_node3_30_node4_50,0.39333977522599173
Test_U_4Layers_input_size_5_node1_30_node2_50_node3_30_node4_50,0.46281530676897953
Train_U_4Layers_input_size_5_node1_30_node2_50_node3_30_node4_60,0.394757140049736
Test_U_4Layers_input_size_5_node1_30_node2_50_node3_30_node4_60,0.4659990331697053
Train_U_4Layers_input_size_5_node1_30_node2_50_node3_30_node4_70,0.3962507452190624
Test_U_4Layers_input_size_5_node1_30_node2_50_node3_30_node4_70,0.469026468126919
Train_U_4Layers_input_size_5_node1_30_node2_50_node3_30_node4_80,0.3863518833920187
Test_U_4Layers_input_size_5_node1_30_node2_50_node3_30_node4_80,0.4530648980894862
Train_U_4Layers_input_size_5_node1_30_node2_50_node3_30_node4_90,0.4101596832131702
Test_U_4Layers_input_size_5_node1_30_node2_50_node3_30_node4_90,0.4882524252966567
Train_U_4Layers_input_size_5_node1_30_node2_50_node3_30_node4_100,0.3985702443117478
Test_U_4Layers_input_size_5_node1_30_node2_50_node3_30_node4_100,0.4739151889600679
Train_U_3Layers_input_size_5_node1_30_node2_50_node3_40_node4_0,0.40755661503848983
Test_U_3Layers_input_size_5_node1_30_node2_50_node3_40_node4_0,0.48415611305104383
Train_U_4Layers_input_size_5_node1_30_node2_50_node3_40_node4_30,0.3976360001120254
Test_U_4Layers_input_size_5_node1_30_node2_50_node3_40_node4_30,0.4716616798896606
Train_U_4Layers_input_size_5_node1_30_node2_50_node3_40_node4_40,0.38923611731202645
Test_U_4Layers_input_size_5_node1_30_node2_50_node3_40_node4_40,0.45628271181598584
Train_U_4Layers_input_size_5_node1_30_node2_50_node3_40_node4_50,0.39400728766120646
Test_U_4Layers_input_size_5_node1_30_node2_50_node3_40_node4_50,0.45859249511235123
Train_U_4Layers_input_size_5_node1_30_node2_50_node3_40_node4_60,0.3992141559134934
Test_U_4Layers_input_size_5_node1_30_node2_50_node3_40_node4_60,0.47434162703517213
Train_U_4Layers_input_size_5_node1_30_node2_50_node3_40_node4_70,0.4015788613040248
Test_U_4Layers_input_size_5_node1_30_node2_50_node3_40_node4_70,0.45781432011473594
Train_U_4Layers_input_size_5_node1_30_node2_50_node3_40_node4_80,0.3898059268560527
Test_U_4Layers_input_size_5_node1_30_node2_50_node3_40_node4_80,0.4591653669907764
Train_U_4Layers_input_size_5_node1_30_node2_50_node3_40_node4_90,0.4482931469641327
Test_U_4Layers_input_size_5_node1_30_node2_50_node3_40_node4_90,0.48584643795579874
Train_U_4Layers_input_size_5_node1_30_node2_50_node3_40_node4_100,0.3856026312524602
Test_U_4Layers_input_size_5_node1_30_node2_50_node3_40_node4_100,0.45648519385018094
Train_U_3Layers_input_size_5_node1_30_node2_50_node3_50_node4_0,0.396049994435146
Test_U_3Layers_input_size_5_node1_30_node2_50_node3_50_node4_0,0.4703259044777417
Train_U_4Layers_input_size_5_node1_30_node2_50_node3_50_node4_30,0.4020465568003656
Test_U_4Layers_input_size_5_node1_30_node2_50_node3_50_node4_30,0.47771346139241894
Train_U_4Layers_input_size_5_node1_30_node2_50_node3_50_node4_40,0.42892384727524574
Test_U_4Layers_input_size_5_node1_30_node2_50_node3_50_node4_40,0.5062573314653925
Train_U_4Layers_input_size_5_node1_30_node2_50_node3_50_node4_50,0.38655294852148087
Test_U_4Layers_input_size_5_node1_30_node2_50_node3_50_node4_50,0.4521587856748126
Train_U_4Layers_input_size_5_node1_30_node2_50_node3_50_node4_60,0.4004356731101026
Test_U_4Layers_input_size_5_node1_30_node2_50_node3_50_node4_60,0.45840927780850077
Train_U_4Layers_input_size_5_node1_30_node2_50_node3_50_node4_70,0.3908947966600386
Test_U_4Layers_input_size_5_node1_30_node2_50_node3_50_node4_70,0.4635452920436175
Train_U_4Layers_input_size_5_node1_30_node2_50_node3_50_node4_80,0.39770344826942156
Test_U_4Layers_input_size_5_node1_30_node2_50_node3_50_node4_80,0.47302403603568405
Train_U_4Layers_input_size_5_node1_30_node2_50_node3_50_node4_90,0.4003275007404826
Test_U_4Layers_input_size_5_node1_30_node2_50_node3_50_node4_90,0.4758320197216993
Train_U_4Layers_input_size_5_node1_30_node2_50_node3_50_node4_100,0.39901153501888265
Test_U_4Layers_input_size_5_node1_30_node2_50_node3_50_node4_100,0.4530690421706799
Train_U_3Layers_input_size_5_node1_30_node2_50_node3_60_node4_0,0.3896624913943718
Test_U_3Layers_input_size_5_node1_30_node2_50_node3_60_node4_0,0.45268461597434556
Train_U_4Layers_input_size_5_node1_30_node2_50_node3_60_node4_30,0.392694636273843
Test_U_4Layers_input_size_5_node1_30_node2_50_node3_60_node4_30,0.46529259369479603
Train_U_4Layers_input_size_5_node1_30_node2_50_node3_60_node4_40,0.4042551138866401
Test_U_4Layers_input_size_5_node1_30_node2_50_node3_60_node4_40,0.4625791958714521
Train_U_4Layers_input_size_5_node1_30_node2_50_node3_60_node4_50,0.3945762117656931
Test_U_4Layers_input_size_5_node1_30_node2_50_node3_60_node4_50,0.45738934890724914
Train_U_4Layers_input_size_5_node1_30_node2_50_node3_60_node4_60,0.39567867403094364
Test_U_4Layers_input_size_5_node1_30_node2_50_node3_60_node4_60,0.4567084191139562
Train_U_4Layers_input_size_5_node1_30_node2_50_node3_60_node4_70,0.389810265610973
Test_U_4Layers_input_size_5_node1_30_node2_50_node3_60_node4_70,0.46053752679372545
Train_U_4Layers_input_size_5_node1_30_node2_50_node3_60_node4_80,0.39218425445429556
Test_U_4Layers_input_size_5_node1_30_node2_50_node3_60_node4_80,0.4651383660427656
Train_U_4Layers_input_size_5_node1_30_node2_50_node3_60_node4_90,0.39045099197434613
Test_U_4Layers_input_size_5_node1_30_node2_50_node3_60_node4_90,0.4618476029505136
Train_U_4Layers_input_size_5_node1_30_node2_50_node3_60_node4_100,0.38786417937237433
Test_U_4Layers_input_size_5_node1_30_node2_50_node3_60_node4_100,0.4588030030660699
Train_U_3Layers_input_size_5_node1_30_node2_50_node3_70_node4_0,0.39702248348569674
Test_U_3Layers_input_size_5_node1_30_node2_50_node3_70_node4_0,0.45774843724649156
Train_U_4Layers_input_size_5_node1_30_node2_50_node3_70_node4_30,0.3938247473476735
Test_U_4Layers_input_size_5_node1_30_node2_50_node3_70_node4_30,0.4678327964757664
Train_U_4Layers_input_size_5_node1_30_node2_50_node3_70_node4_40,0.38953549079407457
Test_U_4Layers_input_size_5_node1_30_node2_50_node3_70_node4_40,0.45173133083097733
Train_U_4Layers_input_size_5_node1_30_node2_50_node3_70_node4_50,0.3920599901133293
Test_U_4Layers_input_size_5_node1_30_node2_50_node3_70_node4_50,0.45816279800530657
Train_U_4Layers_input_size_5_node1_30_node2_50_node3_70_node4_60,0.3839797693948467
Test_U_4Layers_input_size_5_node1_30_node2_50_node3_70_node4_60,0.4481943308562794
Train_U_4Layers_input_size_5_node1_30_node2_50_node3_70_node4_70,0.3897588855361841
Test_U_4Layers_input_size_5_node1_30_node2_50_node3_70_node4_70,0.4608983976944616
Train_U_4Layers_input_size_5_node1_30_node2_50_node3_70_node4_80,0.41068996037541705
Test_U_4Layers_input_size_5_node1_30_node2_50_node3_70_node4_80,0.46664769490313474
Train_U_4Layers_input_size_5_node1_30_node2_50_node3_70_node4_90,0.4398199457804369
Test_U_4Layers_input_size_5_node1_30_node2_50_node3_70_node4_90,0.4803584212500385
Train_U_4Layers_input_size_5_node1_30_node2_50_node3_70_node4_100,0.39070260230755793
Test_U_4Layers_input_size_5_node1_30_node2_50_node3_70_node4_100,0.4573740529407372
Train_U_3Layers_input_size_5_node1_30_node2_50_node3_80_node4_0,0.3925360472035006
Test_U_3Layers_input_size_5_node1_30_node2_50_node3_80_node4_0,0.4644597013760275
Train_U_4Layers_input_size_5_node1_30_node2_50_node3_80_node4_30,0.39049302732809577
Test_U_4Layers_input_size_5_node1_30_node2_50_node3_80_node4_30,0.4534000515607124
Train_U_4Layers_input_size_5_node1_30_node2_50_node3_80_node4_40,0.3882403446195607
Test_U_4Layers_input_size_5_node1_30_node2_50_node3_80_node4_40,0.4592200627783578
Train_U_4Layers_input_size_5_node1_30_node2_50_node3_80_node4_50,0.41725163127587145
Test_U_4Layers_input_size_5_node1_30_node2_50_node3_80_node4_50,0.49488927648021724
Train_U_4Layers_input_size_5_node1_30_node2_50_node3_80_node4_60,0.38625822678850824
Test_U_4Layers_input_size_5_node1_30_node2_50_node3_80_node4_60,0.45370410219414326
Train_U_4Layers_input_size_5_node1_30_node2_50_node3_80_node4_70,0.39144034170586856
Test_U_4Layers_input_size_5_node1_30_node2_50_node3_80_node4_70,0.46238310470758737
Train_U_4Layers_input_size_5_node1_30_node2_50_node3_80_node4_80,0.3897127562095543
Test_U_4Layers_input_size_5_node1_30_node2_50_node3_80_node4_80,0.45448338033276353
Train_U_4Layers_input_size_5_node1_30_node2_50_node3_80_node4_90,0.3997813543639967
Test_U_4Layers_input_size_5_node1_30_node2_50_node3_80_node4_90,0.4752673074579826
Train_U_4Layers_input_size_5_node1_30_node2_50_node3_80_node4_100,0.38308925745083544
Test_U_4Layers_input_size_5_node1_30_node2_50_node3_80_node4_100,0.4491493503202776
Train_U_3Layers_input_size_5_node1_30_node2_50_node3_90_node4_0,0.4001223339825005
Test_U_3Layers_input_size_5_node1_30_node2_50_node3_90_node4_0,0.4646929969282898
Train_U_4Layers_input_size_5_node1_30_node2_50_node3_90_node4_30,0.3897003483432273
Test_U_4Layers_input_size_5_node1_30_node2_50_node3_90_node4_30,0.45591321952440284
Train_U_4Layers_input_size_5_node1_30_node2_50_node3_90_node4_40,0.39601746676677657
Test_U_4Layers_input_size_5_node1_30_node2_50_node3_90_node4_40,0.45613064837859124
Train_U_4Layers_input_size_5_node1_30_node2_50_node3_90_node4_50,0.4015527746306812
Test_U_4Layers_input_size_5_node1_30_node2_50_node3_90_node4_50,0.47772718597268116
Train_U_4Layers_input_size_5_node1_30_node2_50_node3_90_node4_60,0.4389233765837328
Test_U_4Layers_input_size_5_node1_30_node2_50_node3_90_node4_60,0.5155764759235152
Train_U_4Layers_input_size_5_node1_30_node2_50_node3_90_node4_70,0.39559266863746784
Test_U_4Layers_input_size_5_node1_30_node2_50_node3_90_node4_70,0.47060284001332015
Train_U_4Layers_input_size_5_node1_30_node2_50_node3_90_node4_80,0.3935187917388433
Test_U_4Layers_input_size_5_node1_30_node2_50_node3_90_node4_80,0.4677400039479417
Train_U_4Layers_input_size_5_node1_30_node2_50_node3_90_node4_90,0.3879990624927717
Test_U_4Layers_input_size_5_node1_30_node2_50_node3_90_node4_90,0.457182769438023
Train_U_4Layers_input_size_5_node1_30_node2_50_node3_90_node4_100,0.39323613074327507
Test_U_4Layers_input_size_5_node1_30_node2_50_node3_90_node4_100,0.466631999885301
Train_U_3Layers_input_size_5_node1_30_node2_50_node3_100_node4_0,0.3974328558371974
Test_U_3Layers_input_size_5_node1_30_node2_50_node3_100_node4_0,0.47186283639047344
Train_U_4Layers_input_size_5_node1_30_node2_50_node3_100_node4_30,0.3888623523267858
Test_U_4Layers_input_size_5_node1_30_node2_50_node3_100_node4_30,0.45576271660243706
Train_U_4Layers_input_size_5_node1_30_node2_50_node3_100_node4_40,0.3926574664812413
Test_U_4Layers_input_size_5_node1_30_node2_50_node3_100_node4_40,0.4624927275317858
Train_U_4Layers_input_size_5_node1_30_node2_50_node3_100_node4_50,0.4192651803561602
Test_U_4Layers_input_size_5_node1_30_node2_50_node3_100_node4_50,0.46952847370463063
Train_U_4Layers_input_size_5_node1_30_node2_50_node3_100_node4_60,0.39643134152366355
Test_U_4Layers_input_size_5_node1_30_node2_50_node3_100_node4_60,0.4709167628794738
Train_U_4Layers_input_size_5_node1_30_node2_50_node3_100_node4_70,0.4079705995176623
Test_U_4Layers_input_size_5_node1_30_node2_50_node3_100_node4_70,0.4843286215205545
Train_U_4Layers_input_size_5_node1_30_node2_50_node3_100_node4_80,0.3983791907035903
Test_U_4Layers_input_size_5_node1_30_node2_50_node3_100_node4_80,0.45539429123064157
Train_U_4Layers_input_size_5_node1_30_node2_50_node3_100_node4_90,0.42128993897751427
Test_U_4Layers_input_size_5_node1_30_node2_50_node3_100_node4_90,0.4681961920657918
Train_U_4Layers_input_size_5_node1_30_node2_50_node3_100_node4_100,0.38990003068712986
Test_U_4Layers_input_size_5_node1_30_node2_50_node3_100_node4_100,0.45414293982563714
Train_U_2Layers_input_size_5_node1_30_node2_60_node3_0_node4_0,0.39232240005795554
Test_U_2Layers_input_size_5_node1_30_node2_60_node3_0_node4_0,0.46435092799456573
Train_U_3Layers_input_size_5_node1_30_node2_60_node3_30_node4_0,0.3932735679097455
Test_U_3Layers_input_size_5_node1_30_node2_60_node3_30_node4_0,0.46586549487804985
Train_U_4Layers_input_size_5_node1_30_node2_60_node3_30_node4_30,0.40687095429127446
Test_U_4Layers_input_size_5_node1_30_node2_60_node3_30_node4_30,0.46648605724587844
Train_U_4Layers_input_size_5_node1_30_node2_60_node3_30_node4_40,0.3876966385134066
Test_U_4Layers_input_size_5_node1_30_node2_60_node3_30_node4_40,0.4564940074431229
Train_U_4Layers_input_size_5_node1_30_node2_60_node3_30_node4_50,0.3867287490014443
Test_U_4Layers_input_size_5_node1_30_node2_60_node3_30_node4_50,0.45754731215057576
Train_U_4Layers_input_size_5_node1_30_node2_60_node3_30_node4_60,0.41921712598510974
Test_U_4Layers_input_size_5_node1_30_node2_60_node3_30_node4_60,0.4979036461818259
Train_U_4Layers_input_size_5_node1_30_node2_60_node3_30_node4_70,0.3927725125628658
Test_U_4Layers_input_size_5_node1_30_node2_60_node3_30_node4_70,0.459529471862528
Train_U_4Layers_input_size_5_node1_30_node2_60_node3_30_node4_80,0.4089952476535486
Test_U_4Layers_input_size_5_node1_30_node2_60_node3_30_node4_80,0.48592488680351154
Train_U_4Layers_input_size_5_node1_30_node2_60_node3_30_node4_90,0.3908283467303404
Test_U_4Layers_input_size_5_node1_30_node2_60_node3_30_node4_90,0.4631023003475954
Train_U_4Layers_input_size_5_node1_30_node2_60_node3_30_node4_100,0.39314151780764806
Test_U_4Layers_input_size_5_node1_30_node2_60_node3_30_node4_100,0.4572706818019949
Train_U_3Layers_input_size_5_node1_30_node2_60_node3_40_node4_0,0.39504652084360664
Test_U_3Layers_input_size_5_node1_30_node2_60_node3_40_node4_0,0.4581413318434339
Train_U_4Layers_input_size_5_node1_30_node2_60_node3_40_node4_30,0.3892221820179221
Test_U_4Layers_input_size_5_node1_30_node2_60_node3_40_node4_30,0.45712822105455786
Train_U_4Layers_input_size_5_node1_30_node2_60_node3_40_node4_40,0.39432174483251814
Test_U_4Layers_input_size_5_node1_30_node2_60_node3_40_node4_40,0.4672730064606313
Train_U_4Layers_input_size_5_node1_30_node2_60_node3_40_node4_50,0.40621443739538005
Test_U_4Layers_input_size_5_node1_30_node2_60_node3_40_node4_50,0.4588266304520491
Train_U_4Layers_input_size_5_node1_30_node2_60_node3_40_node4_60,0.3919076650715783
Test_U_4Layers_input_size_5_node1_30_node2_60_node3_40_node4_60,0.4634970543499278
Train_U_4Layers_input_size_5_node1_30_node2_60_node3_40_node4_70,0.3884052531451864
Test_U_4Layers_input_size_5_node1_30_node2_60_node3_40_node4_70,0.45416343021406225
Train_U_4Layers_input_size_5_node1_30_node2_60_node3_40_node4_80,0.39489640437696755
Test_U_4Layers_input_size_5_node1_30_node2_60_node3_40_node4_80,0.46080026361632587
Train_U_4Layers_input_size_5_node1_30_node2_60_node3_40_node4_90,0.4015474865849099
Test_U_4Layers_input_size_5_node1_30_node2_60_node3_40_node4_90,0.4771043948420658
Train_U_4Layers_input_size_5_node1_30_node2_60_node3_40_node4_100,0.39442436734482633
Test_U_4Layers_input_size_5_node1_30_node2_60_node3_40_node4_100,0.4677123346419536
Train_U_3Layers_input_size_5_node1_30_node2_60_node3_50_node4_0,0.3890023479917903
Test_U_3Layers_input_size_5_node1_30_node2_60_node3_50_node4_0,0.45963847850035505
Train_U_4Layers_input_size_5_node1_30_node2_60_node3_50_node4_30,0.3995625003234109
Test_U_4Layers_input_size_5_node1_30_node2_60_node3_50_node4_30,0.45705488747008666
Train_U_4Layers_input_size_5_node1_30_node2_60_node3_50_node4_40,0.39763667465023095
Test_U_4Layers_input_size_5_node1_30_node2_60_node3_50_node4_40,0.47307742876186265
Train_U_4Layers_input_size_5_node1_30_node2_60_node3_50_node4_50,0.4208976409267314
Test_U_4Layers_input_size_5_node1_30_node2_60_node3_50_node4_50,0.4983707347387882
Train_U_4Layers_input_size_5_node1_30_node2_60_node3_50_node4_60,0.4651061367350594
Test_U_4Layers_input_size_5_node1_30_node2_60_node3_50_node4_60,0.49990781291839687
Train_U_4Layers_input_size_5_node1_30_node2_60_node3_50_node4_70,0.3851415666176139
Test_U_4Layers_input_size_5_node1_30_node2_60_node3_50_node4_70,0.4508556892906702
Train_U_4Layers_input_size_5_node1_30_node2_60_node3_50_node4_80,0.3953124894455015
Test_U_4Layers_input_size_5_node1_30_node2_60_node3_50_node4_80,0.4592143679705371
Train_U_4Layers_input_size_5_node1_30_node2_60_node3_50_node4_90,0.40217868418838776
Test_U_4Layers_input_size_5_node1_30_node2_60_node3_50_node4_90,0.45727589572078187
Train_U_4Layers_input_size_5_node1_30_node2_60_node3_50_node4_100,0.38311150609533806
Test_U_4Layers_input_size_5_node1_30_node2_60_node3_50_node4_100,0.44891778566626883
Train_U_3Layers_input_size_5_node1_30_node2_60_node3_60_node4_0,0.4187136100500828
Test_U_3Layers_input_size_5_node1_30_node2_60_node3_60_node4_0,0.46791694048632626
Train_U_4Layers_input_size_5_node1_30_node2_60_node3_60_node4_30,0.3880740604973398
Test_U_4Layers_input_size_5_node1_30_node2_60_node3_60_node4_30,0.4524532962902425
Train_U_4Layers_input_size_5_node1_30_node2_60_node3_60_node4_40,0.3989342043114645
Test_U_4Layers_input_size_5_node1_30_node2_60_node3_60_node4_40,0.4593773316304726
Train_U_4Layers_input_size_5_node1_30_node2_60_node3_60_node4_50,0.408230794306524
Test_U_4Layers_input_size_5_node1_30_node2_60_node3_60_node4_50,0.4649813953133571
Train_U_4Layers_input_size_5_node1_30_node2_60_node3_60_node4_60,0.39044084022550174
Test_U_4Layers_input_size_5_node1_30_node2_60_node3_60_node4_60,0.4540408678408645
Train_U_4Layers_input_size_5_node1_30_node2_60_node3_60_node4_70,0.40076072149516573
Test_U_4Layers_input_size_5_node1_30_node2_60_node3_60_node4_70,0.4578830410769103
Train_U_4Layers_input_size_5_node1_30_node2_60_node3_60_node4_80,0.40284373873257195
Test_U_4Layers_input_size_5_node1_30_node2_60_node3_60_node4_80,0.4786486382414358
Train_U_4Layers_input_size_5_node1_30_node2_60_node3_60_node4_90,0.39797537314000114
Test_U_4Layers_input_size_5_node1_30_node2_60_node3_60_node4_90,0.471987369244093
Train_U_4Layers_input_size_5_node1_30_node2_60_node3_60_node4_100,0.39126290687015103
Test_U_4Layers_input_size_5_node1_30_node2_60_node3_60_node4_100,0.4632993575573145
Train_U_3Layers_input_size_5_node1_30_node2_60_node3_70_node4_0,0.38455823934579547
Test_U_3Layers_input_size_5_node1_30_node2_60_node3_70_node4_0,0.45014478354397025
Train_U_4Layers_input_size_5_node1_30_node2_60_node3_70_node4_30,0.4005337157077198
Test_U_4Layers_input_size_5_node1_30_node2_60_node3_70_node4_30,0.45633102638120343
Train_U_4Layers_input_size_5_node1_30_node2_60_node3_70_node4_40,0.4077965386142759
Test_U_4Layers_input_size_5_node1_30_node2_60_node3_70_node4_40,0.48465937296100836
Train_U_4Layers_input_size_5_node1_30_node2_60_node3_70_node4_50,0.3903474584703662
Test_U_4Layers_input_size_5_node1_30_node2_60_node3_70_node4_50,0.4613713631002141
Train_U_4Layers_input_size_5_node1_30_node2_60_node3_70_node4_60,0.39097202145556453
Test_U_4Layers_input_size_5_node1_30_node2_60_node3_70_node4_60,0.4605032281358627
Train_U_4Layers_input_size_5_node1_30_node2_60_node3_70_node4_70,0.3906713839648656
Test_U_4Layers_input_size_5_node1_30_node2_60_node3_70_node4_70,0.45613989350582984
Train_U_4Layers_input_size_5_node1_30_node2_60_node3_70_node4_80,0.407933141322438
Test_U_4Layers_input_size_5_node1_30_node2_60_node3_70_node4_80,0.4848630200219195
Train_U_4Layers_input_size_5_node1_30_node2_60_node3_70_node4_90,0.3936213964525681
Test_U_4Layers_input_size_5_node1_30_node2_60_node3_70_node4_90,0.4676985073402635
Train_U_4Layers_input_size_5_node1_30_node2_60_node3_70_node4_100,0.3881618661617774
Test_U_4Layers_input_size_5_node1_30_node2_60_node3_70_node4_100,0.4595914194664383
Train_U_3Layers_input_size_5_node1_30_node2_60_node3_80_node4_0,0.3929932330716164
Test_U_3Layers_input_size_5_node1_30_node2_60_node3_80_node4_0,0.4649411748522171
Train_U_4Layers_input_size_5_node1_30_node2_60_node3_80_node4_30,0.3925379262811519
Test_U_4Layers_input_size_5_node1_30_node2_60_node3_80_node4_30,0.4537846105159661
Train_U_4Layers_input_size_5_node1_30_node2_60_node3_80_node4_40,0.41315897843698013
Test_U_4Layers_input_size_5_node1_30_node2_60_node3_80_node4_40,0.48984924325494195
Train_U_4Layers_input_size_5_node1_30_node2_60_node3_80_node4_50,0.41156722289831754
Test_U_4Layers_input_size_5_node1_30_node2_60_node3_80_node4_50,0.48926137591680435
Train_U_4Layers_input_size_5_node1_30_node2_60_node3_80_node4_60,0.41844134484961176
Test_U_4Layers_input_size_5_node1_30_node2_60_node3_80_node4_60,0.46876563999787224
Train_U_4Layers_input_size_5_node1_30_node2_60_node3_80_node4_70,0.40371859930304194
Test_U_4Layers_input_size_5_node1_30_node2_60_node3_80_node4_70,0.47978138020506905
Train_U_4Layers_input_size_5_node1_30_node2_60_node3_80_node4_80,0.408627941531764
Test_U_4Layers_input_size_5_node1_30_node2_60_node3_80_node4_80,0.46378259791017745
Train_U_4Layers_input_size_5_node1_30_node2_60_node3_80_node4_90,0.3885957461230306
Test_U_4Layers_input_size_5_node1_30_node2_60_node3_80_node4_90,0.45023509613143514
Train_U_4Layers_input_size_5_node1_30_node2_60_node3_80_node4_100,0.3878235688885367
Test_U_4Layers_input_size_5_node1_30_node2_60_node3_80_node4_100,0.4541089949461057
Train_U_3Layers_input_size_5_node1_30_node2_60_node3_90_node4_0,0.3902564217236416
Test_U_3Layers_input_size_5_node1_30_node2_60_node3_90_node4_0,0.46405099539833433
Train_U_4Layers_input_size_5_node1_30_node2_60_node3_90_node4_30,0.39888965905394685
Test_U_4Layers_input_size_5_node1_30_node2_60_node3_90_node4_30,0.4574038462095174
Train_U_4Layers_input_size_5_node1_30_node2_60_node3_90_node4_40,0.3901738231522154
Test_U_4Layers_input_size_5_node1_30_node2_60_node3_90_node4_40,0.46398646377167824
Train_U_4Layers_input_size_5_node1_30_node2_60_node3_90_node4_50,0.40053639433370397
Test_U_4Layers_input_size_5_node1_30_node2_60_node3_90_node4_50,0.4573143954121108
Train_U_4Layers_input_size_5_node1_30_node2_60_node3_90_node4_60,0.39995119124887407
Test_U_4Layers_input_size_5_node1_30_node2_60_node3_90_node4_60,0.47506531843511945
Train_U_4Layers_input_size_5_node1_30_node2_60_node3_90_node4_70,0.39617296965336307
Test_U_4Layers_input_size_5_node1_30_node2_60_node3_90_node4_70,0.45551055206006263
Train_U_4Layers_input_size_5_node1_30_node2_60_node3_90_node4_80,0.3973818238648326
Test_U_4Layers_input_size_5_node1_30_node2_60_node3_90_node4_80,0.47378301696669267
Train_U_4Layers_input_size_5_node1_30_node2_60_node3_90_node4_90,0.40368822141831817
Test_U_4Layers_input_size_5_node1_30_node2_60_node3_90_node4_90,0.47964938009184843
Train_U_4Layers_input_size_5_node1_30_node2_60_node3_90_node4_100,0.39137723971310534
Test_U_4Layers_input_size_5_node1_30_node2_60_node3_90_node4_100,0.46465101974943523
Train_U_3Layers_input_size_5_node1_30_node2_60_node3_100_node4_0,0.40162676285880117
Test_U_3Layers_input_size_5_node1_30_node2_60_node3_100_node4_0,0.4775534473585126
Train_U_4Layers_input_size_5_node1_30_node2_60_node3_100_node4_30,0.43314319261377676
Test_U_4Layers_input_size_5_node1_30_node2_60_node3_100_node4_30,0.5107834691710997
Train_U_4Layers_input_size_5_node1_30_node2_60_node3_100_node4_40,0.3916740065083048
Test_U_4Layers_input_size_5_node1_30_node2_60_node3_100_node4_40,0.45248351235674505
Train_U_4Layers_input_size_5_node1_30_node2_60_node3_100_node4_50,0.42124024074240934
Test_U_4Layers_input_size_5_node1_30_node2_60_node3_100_node4_50,0.46773968536996796
Train_U_4Layers_input_size_5_node1_30_node2_60_node3_100_node4_60,0.39947723784430755
Test_U_4Layers_input_size_5_node1_30_node2_60_node3_100_node4_60,0.47467299611860087
Train_U_4Layers_input_size_5_node1_30_node2_60_node3_100_node4_70,0.3855237897862464
Test_U_4Layers_input_size_5_node1_30_node2_60_node3_100_node4_70,0.45249574640814433
Train_U_4Layers_input_size_5_node1_30_node2_60_node3_100_node4_80,0.3871064602677659
Test_U_4Layers_input_size_5_node1_30_node2_60_node3_100_node4_80,0.4590805439944217
Train_U_4Layers_input_size_5_node1_30_node2_60_node3_100_node4_90,0.38540938301764727
Test_U_4Layers_input_size_5_node1_30_node2_60_node3_100_node4_90,0.45620806645031264
Train_U_4Layers_input_size_5_node1_30_node2_60_node3_100_node4_100,0.3977646850354254
Test_U_4Layers_input_size_5_node1_30_node2_60_node3_100_node4_100,0.4575379489053667
Train_U_2Layers_input_size_5_node1_30_node2_70_node3_0_node4_0,0.39078392610544965
Test_U_2Layers_input_size_5_node1_30_node2_70_node3_0_node4_0,0.4619064975627145
Train_U_3Layers_input_size_5_node1_30_node2_70_node3_30_node4_0,0.39753990419892266
Test_U_3Layers_input_size_5_node1_30_node2_70_node3_30_node4_0,0.4595143606330723
Train_U_4Layers_input_size_5_node1_30_node2_70_node3_30_node4_30,0.3907305574845765
Test_U_4Layers_input_size_5_node1_30_node2_70_node3_30_node4_30,0.4510659758233164
Train_U_4Layers_input_size_5_node1_30_node2_70_node3_30_node4_40,0.393677287729779
Test_U_4Layers_input_size_5_node1_30_node2_70_node3_30_node4_40,0.4637192178931165
Train_U_4Layers_input_size_5_node1_30_node2_70_node3_30_node4_50,0.39239545149548716
Test_U_4Layers_input_size_5_node1_30_node2_70_node3_30_node4_50,0.4615261231165497
Train_U_4Layers_input_size_5_node1_30_node2_70_node3_30_node4_60,0.38692923318235967
Test_U_4Layers_input_size_5_node1_30_node2_70_node3_30_node4_60,0.45494663811169
Train_U_4Layers_input_size_5_node1_30_node2_70_node3_30_node4_70,0.39938384223904183
Test_U_4Layers_input_size_5_node1_30_node2_70_node3_30_node4_70,0.458357931329545
Train_U_4Layers_input_size_5_node1_30_node2_70_node3_30_node4_80,0.38713642645586616
Test_U_4Layers_input_size_5_node1_30_node2_70_node3_30_node4_80,0.4567000011937739
Train_U_4Layers_input_size_5_node1_30_node2_70_node3_30_node4_90,0.3929845310022951
Test_U_4Layers_input_size_5_node1_30_node2_70_node3_30_node4_90,0.46027663102151317
Train_U_4Layers_input_size_5_node1_30_node2_70_node3_30_node4_100,0.4123780698901914
Test_U_4Layers_input_size_5_node1_30_node2_70_node3_30_node4_100,0.4889364805351122
Train_U_3Layers_input_size_5_node1_30_node2_70_node3_40_node4_0,0.400639340446058
Test_U_3Layers_input_size_5_node1_30_node2_70_node3_40_node4_0,0.4766840076321103
Train_U_4Layers_input_size_5_node1_30_node2_70_node3_40_node4_30,0.3996864080526007
Test_U_4Layers_input_size_5_node1_30_node2_70_node3_40_node4_30,0.4578189419758612
Train_U_4Layers_input_size_5_node1_30_node2_70_node3_40_node4_40,0.39090009539357345
Test_U_4Layers_input_size_5_node1_30_node2_70_node3_40_node4_40,0.45014981517807023
Train_U_4Layers_input_size_5_node1_30_node2_70_node3_40_node4_50,0.4052867473576835
Test_U_4Layers_input_size_5_node1_30_node2_70_node3_40_node4_50,0.4818525159169448
Train_U_4Layers_input_size_5_node1_30_node2_70_node3_40_node4_60,0.3895169947066573
Test_U_4Layers_input_size_5_node1_30_node2_70_node3_40_node4_60,0.4595885338435709
Train_U_4Layers_input_size_5_node1_30_node2_70_node3_40_node4_70,0.39052563357139725
Test_U_4Layers_input_size_5_node1_30_node2_70_node3_40_node4_70,0.4617619495869675
Train_U_4Layers_input_size_5_node1_30_node2_70_node3_40_node4_80,0.40400554462088667
Test_U_4Layers_input_size_5_node1_30_node2_70_node3_40_node4_80,0.4599748516205472
Train_U_4Layers_input_size_5_node1_30_node2_70_node3_40_node4_90,0.4184962357769928
Test_U_4Layers_input_size_5_node1_30_node2_70_node3_40_node4_90,0.47024003671437326
Train_U_4Layers_input_size_5_node1_30_node2_70_node3_40_node4_100,0.3883416579784079
Test_U_4Layers_input_size_5_node1_30_node2_70_node3_40_node4_100,0.45656965045173054
Train_U_3Layers_input_size_5_node1_30_node2_70_node3_50_node4_0,0.3875453091865722
Test_U_3Layers_input_size_5_node1_30_node2_70_node3_50_node4_0,0.4580246326473169
Train_U_4Layers_input_size_5_node1_30_node2_70_node3_50_node4_30,0.38882755631306953
Test_U_4Layers_input_size_5_node1_30_node2_70_node3_50_node4_30,0.45450639624653416
Train_U_4Layers_input_size_5_node1_30_node2_70_node3_50_node4_40,0.39880090857888223
Test_U_4Layers_input_size_5_node1_30_node2_70_node3_50_node4_40,0.4556549084426954
Train_U_4Layers_input_size_5_node1_30_node2_70_node3_50_node4_50,0.4032374520888942
Test_U_4Layers_input_size_5_node1_30_node2_70_node3_50_node4_50,0.4792779105739754
Train_U_4Layers_input_size_5_node1_30_node2_70_node3_50_node4_60,0.38930993925003543
Test_U_4Layers_input_size_5_node1_30_node2_70_node3_50_node4_60,0.45856238912680103
Train_U_4Layers_input_size_5_node1_30_node2_70_node3_50_node4_70,0.38906891829010926
Test_U_4Layers_input_size_5_node1_30_node2_70_node3_50_node4_70,0.4623249637748759
Train_U_4Layers_input_size_5_node1_30_node2_70_node3_50_node4_80,0.3987447264750119
Test_U_4Layers_input_size_5_node1_30_node2_70_node3_50_node4_80,0.4743328623344878
Train_U_4Layers_input_size_5_node1_30_node2_70_node3_50_node4_90,0.4185861501826147
Test_U_4Layers_input_size_5_node1_30_node2_70_node3_50_node4_90,0.46859315791383627
Train_U_4Layers_input_size_5_node1_30_node2_70_node3_50_node4_100,0.4052573878775613
Test_U_4Layers_input_size_5_node1_30_node2_70_node3_50_node4_100,0.48212556580917554
Train_U_3Layers_input_size_5_node1_30_node2_70_node3_60_node4_0,0.39944071785698054
Test_U_3Layers_input_size_5_node1_30_node2_70_node3_60_node4_0,0.47464832099019644
Train_U_4Layers_input_size_5_node1_30_node2_70_node3_60_node4_30,0.39338972169707465
Test_U_4Layers_input_size_5_node1_30_node2_70_node3_60_node4_30,0.46749297715588317
Train_U_4Layers_input_size_5_node1_30_node2_70_node3_60_node4_40,0.39043045921688324
Test_U_4Layers_input_size_5_node1_30_node2_70_node3_60_node4_40,0.45673628197559274
Train_U_4Layers_input_size_5_node1_30_node2_70_node3_60_node4_50,0.4079119725423226
Test_U_4Layers_input_size_5_node1_30_node2_70_node3_60_node4_50,0.46057531707401583
Train_U_4Layers_input_size_5_node1_30_node2_70_node3_60_node4_60,0.42824624843702314
Test_U_4Layers_input_size_5_node1_30_node2_70_node3_60_node4_60,0.5063268497205536
Train_U_4Layers_input_size_5_node1_30_node2_70_node3_60_node4_70,0.40456810666564247
Test_U_4Layers_input_size_5_node1_30_node2_70_node3_60_node4_70,0.4800511227642574
Train_U_4Layers_input_size_5_node1_30_node2_70_node3_60_node4_80,0.39685732584369116
Test_U_4Layers_input_size_5_node1_30_node2_70_node3_60_node4_80,0.4550780922558163
Train_U_4Layers_input_size_5_node1_30_node2_70_node3_60_node4_90,0.43818564842767693
Test_U_4Layers_input_size_5_node1_30_node2_70_node3_60_node4_90,0.48173900877168613
Train_U_4Layers_input_size_5_node1_30_node2_70_node3_60_node4_100,0.39482047555466704
Test_U_4Layers_input_size_5_node1_30_node2_70_node3_60_node4_100,0.4643932371293563
Train_U_3Layers_input_size_5_node1_30_node2_70_node3_70_node4_0,0.3943478564066647
Test_U_3Layers_input_size_5_node1_30_node2_70_node3_70_node4_0,0.46059332136955583
Train_U_4Layers_input_size_5_node1_30_node2_70_node3_70_node4_30,0.39054427266422387
Test_U_4Layers_input_size_5_node1_30_node2_70_node3_70_node4_30,0.463689123409734
Train_U_4Layers_input_size_5_node1_30_node2_70_node3_70_node4_40,0.39468386502679886
Test_U_4Layers_input_size_5_node1_30_node2_70_node3_70_node4_40,0.4615994888392086
Train_U_4Layers_input_size_5_node1_30_node2_70_node3_70_node4_50,0.3976509521071505
Test_U_4Layers_input_size_5_node1_30_node2_70_node3_70_node4_50,0.46013000037769924
Train_U_4Layers_input_size_5_node1_30_node2_70_node3_70_node4_60,0.38749078308957247
Test_U_4Layers_input_size_5_node1_30_node2_70_node3_70_node4_60,0.4590876848545814
Train_U_4Layers_input_size_5_node1_30_node2_70_node3_70_node4_70,0.39634236014481206
Test_U_4Layers_input_size_5_node1_30_node2_70_node3_70_node4_70,0.4579382967707045
Train_U_4Layers_input_size_5_node1_30_node2_70_node3_70_node4_80,0.40337938518049676
Test_U_4Layers_input_size_5_node1_30_node2_70_node3_70_node4_80,0.45777211906268633
Train_U_4Layers_input_size_5_node1_30_node2_70_node3_70_node4_90,0.39414804563162414
Test_U_4Layers_input_size_5_node1_30_node2_70_node3_70_node4_90,0.4674799880676157
Train_U_4Layers_input_size_5_node1_30_node2_70_node3_70_node4_100,0.4177321896514605
Test_U_4Layers_input_size_5_node1_30_node2_70_node3_70_node4_100,0.46725237341737746
Train_U_3Layers_input_size_5_node1_30_node2_70_node3_80_node4_0,0.3930117172200414
Test_U_3Layers_input_size_5_node1_30_node2_70_node3_80_node4_0,0.45174625710149086
Train_U_4Layers_input_size_5_node1_30_node2_70_node3_80_node4_30,0.3894515914657229
Test_U_4Layers_input_size_5_node1_30_node2_70_node3_80_node4_30,0.4548313470457874
Train_U_4Layers_input_size_5_node1_30_node2_70_node3_80_node4_40,0.40121042944781543
Test_U_4Layers_input_size_5_node1_30_node2_70_node3_80_node4_40,0.47649368977546375
Train_U_4Layers_input_size_5_node1_30_node2_70_node3_80_node4_50,0.39516720646111153
Test_U_4Layers_input_size_5_node1_30_node2_70_node3_80_node4_50,0.4545725359218578
Train_U_4Layers_input_size_5_node1_30_node2_70_node3_80_node4_60,0.4041430968690735
Test_U_4Layers_input_size_5_node1_30_node2_70_node3_80_node4_60,0.4600982784936309
Train_U_4Layers_input_size_5_node1_30_node2_70_node3_80_node4_70,0.38759275372269575
Test_U_4Layers_input_size_5_node1_30_node2_70_node3_80_node4_70,0.4521034333672672
Train_U_4Layers_input_size_5_node1_30_node2_70_node3_80_node4_80,0.4075537814591428
Test_U_4Layers_input_size_5_node1_30_node2_70_node3_80_node4_80,0.4616774422745657
Train_U_4Layers_input_size_5_node1_30_node2_70_node3_80_node4_90,0.39904036446330626
Test_U_4Layers_input_size_5_node1_30_node2_70_node3_80_node4_90,0.47388479864041766
Train_U_4Layers_input_size_5_node1_30_node2_70_node3_80_node4_100,0.3888225934120136
Test_U_4Layers_input_size_5_node1_30_node2_70_node3_80_node4_100,0.4600521248330457
Train_U_3Layers_input_size_5_node1_30_node2_70_node3_90_node4_0,0.39064853597308313
Test_U_3Layers_input_size_5_node1_30_node2_70_node3_90_node4_0,0.45926654339825285
Train_U_4Layers_input_size_5_node1_30_node2_70_node3_90_node4_30,0.39632324176639677
Test_U_4Layers_input_size_5_node1_30_node2_70_node3_90_node4_30,0.46454466486351176
Train_U_4Layers_input_size_5_node1_30_node2_70_node3_90_node4_40,0.38842525996889227
Test_U_4Layers_input_size_5_node1_30_node2_70_node3_90_node4_40,0.45571746447842965
Train_U_4Layers_input_size_5_node1_30_node2_70_node3_90_node4_50,0.3925544959401551
Test_U_4Layers_input_size_5_node1_30_node2_70_node3_90_node4_50,0.4662195570060638
Train_U_4Layers_input_size_5_node1_30_node2_70_node3_90_node4_60,0.3888207155410409
Test_U_4Layers_input_size_5_node1_30_node2_70_node3_90_node4_60,0.4583390914670886
Train_U_4Layers_input_size_5_node1_30_node2_70_node3_90_node4_70,0.39522772396393324
Test_U_4Layers_input_size_5_node1_30_node2_70_node3_90_node4_70,0.45649896909465726
Train_U_4Layers_input_size_5_node1_30_node2_70_node3_90_node4_80,0.41766906404657106
Test_U_4Layers_input_size_5_node1_30_node2_70_node3_90_node4_80,0.49514431850879864
Train_U_4Layers_input_size_5_node1_30_node2_70_node3_90_node4_90,0.41312678791184426
Test_U_4Layers_input_size_5_node1_30_node2_70_node3_90_node4_90,0.46281889669568466
Train_U_4Layers_input_size_5_node1_30_node2_70_node3_90_node4_100,0.385762042729702
Test_U_4Layers_input_size_5_node1_30_node2_70_node3_90_node4_100,0.4528202314486834
Train_U_3Layers_input_size_5_node1_30_node2_70_node3_100_node4_0,0.4031631496032131
Test_U_3Layers_input_size_5_node1_30_node2_70_node3_100_node4_0,0.46721061024232496
Train_U_4Layers_input_size_5_node1_30_node2_70_node3_100_node4_30,0.3991306110588605
Test_U_4Layers_input_size_5_node1_30_node2_70_node3_100_node4_30,0.47415563298457225
Train_U_4Layers_input_size_5_node1_30_node2_70_node3_100_node4_40,0.39083261694500193
Test_U_4Layers_input_size_5_node1_30_node2_70_node3_100_node4_40,0.4552070696949242
Train_U_4Layers_input_size_5_node1_30_node2_70_node3_100_node4_50,0.3941396148033542
Test_U_4Layers_input_size_5_node1_30_node2_70_node3_100_node4_50,0.46492904393459455
Train_U_4Layers_input_size_5_node1_30_node2_70_node3_100_node4_60,0.38948872287790515
Test_U_4Layers_input_size_5_node1_30_node2_70_node3_100_node4_60,0.4552663814827601
Train_U_4Layers_input_size_5_node1_30_node2_70_node3_100_node4_70,0.391715301967155
Test_U_4Layers_input_size_5_node1_30_node2_70_node3_100_node4_70,0.4562021380625254
Train_U_4Layers_input_size_5_node1_30_node2_70_node3_100_node4_80,0.3845785625419473
Test_U_4Layers_input_size_5_node1_30_node2_70_node3_100_node4_80,0.44721889668202963
Train_U_4Layers_input_size_5_node1_30_node2_70_node3_100_node4_90,0.4350108453341354
Test_U_4Layers_input_size_5_node1_30_node2_70_node3_100_node4_90,0.4779771694702558
Train_U_4Layers_input_size_5_node1_30_node2_70_node3_100_node4_100,0.4176681721216964
Test_U_4Layers_input_size_5_node1_30_node2_70_node3_100_node4_100,0.4953237399922807
Train_U_2Layers_input_size_5_node1_30_node2_80_node3_0_node4_0,0.3890823994951663
Test_U_2Layers_input_size_5_node1_30_node2_80_node3_0_node4_0,0.45947838028718185
Train_U_3Layers_input_size_5_node1_30_node2_80_node3_30_node4_0,0.390060913971444
Test_U_3Layers_input_size_5_node1_30_node2_80_node3_30_node4_0,0.46331412020247803
Train_U_4Layers_input_size_5_node1_30_node2_80_node3_30_node4_30,0.3920717342085268
Test_U_4Layers_input_size_5_node1_30_node2_80_node3_30_node4_30,0.4606646522266537
Train_U_4Layers_input_size_5_node1_30_node2_80_node3_30_node4_40,0.42372298804416597
Test_U_4Layers_input_size_5_node1_30_node2_80_node3_30_node4_40,0.5013587490273684
Train_U_4Layers_input_size_5_node1_30_node2_80_node3_30_node4_50,0.38960017237590916
Test_U_4Layers_input_size_5_node1_30_node2_80_node3_30_node4_50,0.45686588393065036
Train_U_4Layers_input_size_5_node1_30_node2_80_node3_30_node4_60,0.3896363909013624
Test_U_4Layers_input_size_5_node1_30_node2_80_node3_30_node4_60,0.4608362539272414
Train_U_4Layers_input_size_5_node1_30_node2_80_node3_30_node4_70,0.3892165733040702
Test_U_4Layers_input_size_5_node1_30_node2_80_node3_30_node4_70,0.45603119424105837
Train_U_4Layers_input_size_5_node1_30_node2_80_node3_30_node4_80,0.3876307551446641
Test_U_4Layers_input_size_5_node1_30_node2_80_node3_30_node4_80,0.4515358748720872
Train_U_4Layers_input_size_5_node1_30_node2_80_node3_30_node4_90,0.39224158518233976
Test_U_4Layers_input_size_5_node1_30_node2_80_node3_30_node4_90,0.4633619910349471
Train_U_4Layers_input_size_5_node1_30_node2_80_node3_30_node4_100,0.40412373912908384
Test_U_4Layers_input_size_5_node1_30_node2_80_node3_30_node4_100,0.4800771963112076
Train_U_3Layers_input_size_5_node1_30_node2_80_node3_40_node4_0,0.38638578395424794
Test_U_3Layers_input_size_5_node1_30_node2_80_node3_40_node4_0,0.4566222586091313
Train_U_4Layers_input_size_5_node1_30_node2_80_node3_40_node4_30,0.39721749088200936
Test_U_4Layers_input_size_5_node1_30_node2_80_node3_40_node4_30,0.4618311640284561
Train_U_4Layers_input_size_5_node1_30_node2_80_node3_40_node4_40,0.3988203378602746
Test_U_4Layers_input_size_5_node1_30_node2_80_node3_40_node4_40,0.4736327810385782
Train_U_4Layers_input_size_5_node1_30_node2_80_node3_40_node4_50,0.4408457581794847
Test_U_4Layers_input_size_5_node1_30_node2_80_node3_40_node4_50,0.4864963255946393
Train_U_4Layers_input_size_5_node1_30_node2_80_node3_40_node4_60,0.38849844969190966
Test_U_4Layers_input_size_5_node1_30_node2_80_node3_40_node4_60,0.45888310390622733
Train_U_4Layers_input_size_5_node1_30_node2_80_node3_40_node4_70,0.38385628458557663
Test_U_4Layers_input_size_5_node1_30_node2_80_node3_40_node4_70,0.4536386735294923
Train_U_4Layers_input_size_5_node1_30_node2_80_node3_40_node4_80,0.3930582365525693
Test_U_4Layers_input_size_5_node1_30_node2_80_node3_40_node4_80,0.4658953048512462
Train_U_4Layers_input_size_5_node1_30_node2_80_node3_40_node4_90,0.4285635901341698
Test_U_4Layers_input_size_5_node1_30_node2_80_node3_40_node4_90,0.4748854442541397
Train_U_4Layers_input_size_5_node1_30_node2_80_node3_40_node4_100,0.4158201877921703
Test_U_4Layers_input_size_5_node1_30_node2_80_node3_40_node4_100,0.4937241650111828
Train_U_3Layers_input_size_5_node1_30_node2_80_node3_50_node4_0,0.3936360277500938
Test_U_3Layers_input_size_5_node1_30_node2_80_node3_50_node4_0,0.4668731148361283
Train_U_4Layers_input_size_5_node1_30_node2_80_node3_50_node4_30,0.39299164055045943
Test_U_4Layers_input_size_5_node1_30_node2_80_node3_50_node4_30,0.4637101238771566
Train_U_4Layers_input_size_5_node1_30_node2_80_node3_50_node4_40,0.387695331717618
Test_U_4Layers_input_size_5_node1_30_node2_80_node3_50_node4_40,0.45805204133190064
Train_U_4Layers_input_size_5_node1_30_node2_80_node3_50_node4_50,0.40276786524351654
Test_U_4Layers_input_size_5_node1_30_node2_80_node3_50_node4_50,0.45974634109024337
Train_U_4Layers_input_size_5_node1_30_node2_80_node3_50_node4_60,0.4062741895956654
Test_U_4Layers_input_size_5_node1_30_node2_80_node3_50_node4_60,0.4827841043609523
Train_U_4Layers_input_size_5_node1_30_node2_80_node3_50_node4_70,0.3953625259108018
Test_U_4Layers_input_size_5_node1_30_node2_80_node3_50_node4_70,0.4693253959268822
Train_U_4Layers_input_size_5_node1_30_node2_80_node3_50_node4_80,0.3978411381460249
Test_U_4Layers_input_size_5_node1_30_node2_80_node3_50_node4_80,0.4728918670532109
Train_U_4Layers_input_size_5_node1_30_node2_80_node3_50_node4_90,0.38973938685997667
Test_U_4Layers_input_size_5_node1_30_node2_80_node3_50_node4_90,0.45542283980026915
Train_U_4Layers_input_size_5_node1_30_node2_80_node3_50_node4_100,0.3940602503204867
Test_U_4Layers_input_size_5_node1_30_node2_80_node3_50_node4_100,0.46842808796064883
Train_U_3Layers_input_size_5_node1_30_node2_80_node3_60_node4_0,0.4050700033287813
Test_U_3Layers_input_size_5_node1_30_node2_80_node3_60_node4_0,0.48145280255726053
Train_U_4Layers_input_size_5_node1_30_node2_80_node3_60_node4_30,0.3931244232767845
Test_U_4Layers_input_size_5_node1_30_node2_80_node3_60_node4_30,0.46654540434967456
Train_U_4Layers_input_size_5_node1_30_node2_80_node3_60_node4_40,0.3954915549622076
Test_U_4Layers_input_size_5_node1_30_node2_80_node3_60_node4_40,0.45962448935626904
Train_U_4Layers_input_size_5_node1_30_node2_80_node3_60_node4_50,0.3958119859293038
Test_U_4Layers_input_size_5_node1_30_node2_80_node3_60_node4_50,0.45704080294545046
Train_U_4Layers_input_size_5_node1_30_node2_80_node3_60_node4_60,0.3934033389179612
Test_U_4Layers_input_size_5_node1_30_node2_80_node3_60_node4_60,0.4653942310756431
Train_U_4Layers_input_size_5_node1_30_node2_80_node3_60_node4_70,0.3881476427620667
Test_U_4Layers_input_size_5_node1_30_node2_80_node3_60_node4_70,0.4608319695138094
Train_U_4Layers_input_size_5_node1_30_node2_80_node3_60_node4_80,0.394339146442781
Test_U_4Layers_input_size_5_node1_30_node2_80_node3_60_node4_80,0.456399334022912
Train_U_4Layers_input_size_5_node1_30_node2_80_node3_60_node4_90,0.4011118092648996
Test_U_4Layers_input_size_5_node1_30_node2_80_node3_60_node4_90,0.4768814051736663
Train_U_4Layers_input_size_5_node1_30_node2_80_node3_60_node4_100,0.3901079761673938
Test_U_4Layers_input_size_5_node1_30_node2_80_node3_60_node4_100,0.4588624021099258
Train_U_3Layers_input_size_5_node1_30_node2_80_node3_70_node4_0,0.43406665204055506
Test_U_3Layers_input_size_5_node1_30_node2_80_node3_70_node4_0,0.4772528666434662
Train_U_4Layers_input_size_5_node1_30_node2_80_node3_70_node4_30,0.3988027207730381
Test_U_4Layers_input_size_5_node1_30_node2_80_node3_70_node4_30,0.45872007836303436
Train_U_4Layers_input_size_5_node1_30_node2_80_node3_70_node4_40,0.405753786305585
Test_U_4Layers_input_size_5_node1_30_node2_80_node3_70_node4_40,0.4823728992142593
Train_U_4Layers_input_size_5_node1_30_node2_80_node3_70_node4_50,0.3946744073673061
Test_U_4Layers_input_size_5_node1_30_node2_80_node3_70_node4_50,0.4680601129520656
Train_U_4Layers_input_size_5_node1_30_node2_80_node3_70_node4_60,0.4382206737250572
Test_U_4Layers_input_size_5_node1_30_node2_80_node3_70_node4_60,0.5173105087822659
Train_U_4Layers_input_size_5_node1_30_node2_80_node3_70_node4_70,0.39869406798149826
Test_U_4Layers_input_size_5_node1_30_node2_80_node3_70_node4_70,0.4612768023542476
Train_U_4Layers_input_size_5_node1_30_node2_80_node3_70_node4_80,0.39533508673512796
Test_U_4Layers_input_size_5_node1_30_node2_80_node3_70_node4_80,0.4557982710261525
Train_U_4Layers_input_size_5_node1_30_node2_80_node3_70_node4_90,0.3893551786530244
Test_U_4Layers_input_size_5_node1_30_node2_80_node3_70_node4_90,0.4609455172601228
Train_U_4Layers_input_size_5_node1_30_node2_80_node3_70_node4_100,0.391442416379954
Test_U_4Layers_input_size_5_node1_30_node2_80_node3_70_node4_100,0.4625539400246497
Train_U_3Layers_input_size_5_node1_30_node2_80_node3_80_node4_0,0.3924591681325763
Test_U_3Layers_input_size_5_node1_30_node2_80_node3_80_node4_0,0.4555310790663589
Train_U_4Layers_input_size_5_node1_30_node2_80_node3_80_node4_30,0.40823090381192684
Test_U_4Layers_input_size_5_node1_30_node2_80_node3_80_node4_30,0.4636707733321178
Train_U_4Layers_input_size_5_node1_30_node2_80_node3_80_node4_40,0.38985898249954487
Test_U_4Layers_input_size_5_node1_30_node2_80_node3_80_node4_40,0.45245576634416435
Train_U_4Layers_input_size_5_node1_30_node2_80_node3_80_node4_50,0.4104618024292533
Test_U_4Layers_input_size_5_node1_30_node2_80_node3_80_node4_50,0.4650357595147788
Train_U_4Layers_input_size_5_node1_30_node2_80_node3_80_node4_60,0.39268596553426793
Test_U_4Layers_input_size_5_node1_30_node2_80_node3_80_node4_60,0.46522133181950925
Train_U_4Layers_input_size_5_node1_30_node2_80_node3_80_node4_70,0.39272182358793944
Test_U_4Layers_input_size_5_node1_30_node2_80_node3_80_node4_70,0.4586278139164777
Train_U_4Layers_input_size_5_node1_30_node2_80_node3_80_node4_80,0.40799163742471006
Test_U_4Layers_input_size_5_node1_30_node2_80_node3_80_node4_80,0.46178834587511003
Train_U_4Layers_input_size_5_node1_30_node2_80_node3_80_node4_90,0.3858243251219946
Test_U_4Layers_input_size_5_node1_30_node2_80_node3_80_node4_90,0.4509549961410123
Train_U_4Layers_input_size_5_node1_30_node2_80_node3_80_node4_100,0.4453620548449387
Test_U_4Layers_input_size_5_node1_30_node2_80_node3_80_node4_100,0.523131494607113
Train_U_3Layers_input_size_5_node1_30_node2_80_node3_90_node4_0,0.38534088506662995
Test_U_3Layers_input_size_5_node1_30_node2_80_node3_90_node4_0,0.4519654927585066
Train_U_4Layers_input_size_5_node1_30_node2_80_node3_90_node4_30,0.39581305886931956
Test_U_4Layers_input_size_5_node1_30_node2_80_node3_90_node4_30,0.46487655844431036
Train_U_4Layers_input_size_5_node1_30_node2_80_node3_90_node4_40,0.40802616865136687
Test_U_4Layers_input_size_5_node1_30_node2_80_node3_90_node4_40,0.48480032121184224
Train_U_4Layers_input_size_5_node1_30_node2_80_node3_90_node4_50,0.3979878974325248
Test_U_4Layers_input_size_5_node1_30_node2_80_node3_90_node4_50,0.4734997277233868
Train_U_4Layers_input_size_5_node1_30_node2_80_node3_90_node4_60,0.4037990914902332
Test_U_4Layers_input_size_5_node1_30_node2_80_node3_90_node4_60,0.47921249094514623
Train_U_4Layers_input_size_5_node1_30_node2_80_node3_90_node4_70,0.4437220934031225
Test_U_4Layers_input_size_5_node1_30_node2_80_node3_90_node4_70,0.4831553146405558
Train_U_4Layers_input_size_5_node1_30_node2_80_node3_90_node4_80,0.39407403343680864
Test_U_4Layers_input_size_5_node1_30_node2_80_node3_90_node4_80,0.4663421299244241
Train_U_4Layers_input_size_5_node1_30_node2_80_node3_90_node4_90,0.4373884740096642
Test_U_4Layers_input_size_5_node1_30_node2_80_node3_90_node4_90,0.5148493394562743
Train_U_4Layers_input_size_5_node1_30_node2_80_node3_90_node4_100,0.4181161068140203
Test_U_4Layers_input_size_5_node1_30_node2_80_node3_90_node4_100,0.46696810594448057
Train_U_3Layers_input_size_5_node1_30_node2_80_node3_100_node4_0,0.3884677063175568
Test_U_3Layers_input_size_5_node1_30_node2_80_node3_100_node4_0,0.45063551690769266
Train_U_4Layers_input_size_5_node1_30_node2_80_node3_100_node4_30,0.39757605532832524
Test_U_4Layers_input_size_5_node1_30_node2_80_node3_100_node4_30,0.4598777841616954
Train_U_4Layers_input_size_5_node1_30_node2_80_node3_100_node4_40,0.3909761185938434
Test_U_4Layers_input_size_5_node1_30_node2_80_node3_100_node4_40,0.45553843912220904
Train_U_4Layers_input_size_5_node1_30_node2_80_node3_100_node4_50,0.3871564026260414
Test_U_4Layers_input_size_5_node1_30_node2_80_node3_100_node4_50,0.4559680766624283
Train_U_4Layers_input_size_5_node1_30_node2_80_node3_100_node4_60,0.4211894929711065
Test_U_4Layers_input_size_5_node1_30_node2_80_node3_100_node4_60,0.46723473734290344
Train_U_4Layers_input_size_5_node1_30_node2_80_node3_100_node4_70,0.3923923565324287
Test_U_4Layers_input_size_5_node1_30_node2_80_node3_100_node4_70,0.45968105928847836
Train_U_4Layers_input_size_5_node1_30_node2_80_node3_100_node4_80,0.39957855493567673
Test_U_4Layers_input_size_5_node1_30_node2_80_node3_100_node4_80,0.45860700311957514
Train_U_4Layers_input_size_5_node1_30_node2_80_node3_100_node4_90,0.39231831697943675
Test_U_4Layers_input_size_5_node1_30_node2_80_node3_100_node4_90,0.465762168726334
Train_U_4Layers_input_size_5_node1_30_node2_80_node3_100_node4_100,0.3987723420798847
Test_U_4Layers_input_size_5_node1_30_node2_80_node3_100_node4_100,0.46001756323581017
Train_U_2Layers_input_size_5_node1_30_node2_90_node3_0_node4_0,0.4070299437752703
Test_U_2Layers_input_size_5_node1_30_node2_90_node3_0_node4_0,0.45977789279902403
Train_U_3Layers_input_size_5_node1_30_node2_90_node3_30_node4_0,0.391602190354907
Test_U_3Layers_input_size_5_node1_30_node2_90_node3_30_node4_0,0.46438977167963624
Train_U_4Layers_input_size_5_node1_30_node2_90_node3_30_node4_30,0.38991126658844677
Test_U_4Layers_input_size_5_node1_30_node2_90_node3_30_node4_30,0.45961421200808633
Train_U_4Layers_input_size_5_node1_30_node2_90_node3_30_node4_40,0.39935324655906074
Test_U_4Layers_input_size_5_node1_30_node2_90_node3_30_node4_40,0.4559286298666844
Train_U_4Layers_input_size_5_node1_30_node2_90_node3_30_node4_50,0.3959753028689284
Test_U_4Layers_input_size_5_node1_30_node2_90_node3_30_node4_50,0.46952834675886235
Train_U_4Layers_input_size_5_node1_30_node2_90_node3_30_node4_60,0.41307502533768803
Test_U_4Layers_input_size_5_node1_30_node2_90_node3_30_node4_60,0.48947772111156307
Train_U_4Layers_input_size_5_node1_30_node2_90_node3_30_node4_70,0.39116545482781523
Test_U_4Layers_input_size_5_node1_30_node2_90_node3_30_node4_70,0.46521207498166667
Train_U_4Layers_input_size_5_node1_30_node2_90_node3_30_node4_80,0.3965554948733649
Test_U_4Layers_input_size_5_node1_30_node2_90_node3_30_node4_80,0.47080342027565075
Train_U_4Layers_input_size_5_node1_30_node2_90_node3_30_node4_90,0.3915587137804915
Test_U_4Layers_input_size_5_node1_30_node2_90_node3_30_node4_90,0.4631993033125518
Train_U_4Layers_input_size_5_node1_30_node2_90_node3_30_node4_100,0.38753333179107585
Test_U_4Layers_input_size_5_node1_30_node2_90_node3_30_node4_100,0.45896109663999696
Train_U_3Layers_input_size_5_node1_30_node2_90_node3_40_node4_0,0.38936694692547125
Test_U_3Layers_input_size_5_node1_30_node2_90_node3_40_node4_0,0.45830259617418273
Train_U_4Layers_input_size_5_node1_30_node2_90_node3_40_node4_30,0.41842177608652215
Test_U_4Layers_input_size_5_node1_30_node2_90_node3_40_node4_30,0.469966232476707
Train_U_4Layers_input_size_5_node1_30_node2_90_node3_40_node4_40,0.389505097069401
Test_U_4Layers_input_size_5_node1_30_node2_90_node3_40_node4_40,0.4584282935634624
Train_U_4Layers_input_size_5_node1_30_node2_90_node3_40_node4_50,0.4383211093939879
Test_U_4Layers_input_size_5_node1_30_node2_90_node3_40_node4_50,0.5165572841540194
Train_U_4Layers_input_size_5_node1_30_node2_90_node3_40_node4_60,0.39515847684776545
Test_U_4Layers_input_size_5_node1_30_node2_90_node3_40_node4_60,0.4667770189986226
Train_U_4Layers_input_size_5_node1_30_node2_90_node3_40_node4_70,0.3970659622577041
Test_U_4Layers_input_size_5_node1_30_node2_90_node3_40_node4_70,0.47061085093330207
Train_U_4Layers_input_size_5_node1_30_node2_90_node3_40_node4_80,0.3961646383380976
Test_U_4Layers_input_size_5_node1_30_node2_90_node3_40_node4_80,0.4711736171704751
Train_U_4Layers_input_size_5_node1_30_node2_90_node3_40_node4_90,0.39354253328927
Test_U_4Layers_input_size_5_node1_30_node2_90_node3_40_node4_90,0.44832156606686563
Train_U_4Layers_input_size_5_node1_30_node2_90_node3_40_node4_100,0.394665270411163
Test_U_4Layers_input_size_5_node1_30_node2_90_node3_40_node4_100,0.45759848907732276
Train_U_3Layers_input_size_5_node1_30_node2_90_node3_50_node4_0,0.38916852264792196
Test_U_3Layers_input_size_5_node1_30_node2_90_node3_50_node4_0,0.45435980560209915
Train_U_4Layers_input_size_5_node1_30_node2_90_node3_50_node4_30,0.4009144403690131
Test_U_4Layers_input_size_5_node1_30_node2_90_node3_50_node4_30,0.459318502026952
Train_U_4Layers_input_size_5_node1_30_node2_90_node3_50_node4_40,0.3999461242036841
Test_U_4Layers_input_size_5_node1_30_node2_90_node3_50_node4_40,0.4622496662025216
Train_U_4Layers_input_size_5_node1_30_node2_90_node3_50_node4_50,0.40215537837348525
Test_U_4Layers_input_size_5_node1_30_node2_90_node3_50_node4_50,0.4573814810778205
Train_U_4Layers_input_size_5_node1_30_node2_90_node3_50_node4_60,0.39245373857209254
Test_U_4Layers_input_size_5_node1_30_node2_90_node3_50_node4_60,0.46372590172046707
Train_U_4Layers_input_size_5_node1_30_node2_90_node3_50_node4_70,0.49421552610597097
Test_U_4Layers_input_size_5_node1_30_node2_90_node3_50_node4_70,0.521420878570081
Train_U_4Layers_input_size_5_node1_30_node2_90_node3_50_node4_80,0.3905032731174248
Test_U_4Layers_input_size_5_node1_30_node2_90_node3_50_node4_80,0.4635411130351786
Train_U_4Layers_input_size_5_node1_30_node2_90_node3_50_node4_90,0.4083700249529152
Test_U_4Layers_input_size_5_node1_30_node2_90_node3_50_node4_90,0.45882857904812824
Train_U_4Layers_input_size_5_node1_30_node2_90_node3_50_node4_100,0.4592193489031863
Test_U_4Layers_input_size_5_node1_30_node2_90_node3_50_node4_100,0.5368715626758677
Train_U_3Layers_input_size_5_node1_30_node2_90_node3_60_node4_0,0.3952742840836725
Test_U_3Layers_input_size_5_node1_30_node2_90_node3_60_node4_0,0.46945699780638367
Train_U_4Layers_input_size_5_node1_30_node2_90_node3_60_node4_30,0.38992431740749667
Test_U_4Layers_input_size_5_node1_30_node2_90_node3_60_node4_30,0.45576167036129417
Train_U_4Layers_input_size_5_node1_30_node2_90_node3_60_node4_40,0.40381765297779976
Test_U_4Layers_input_size_5_node1_30_node2_90_node3_60_node4_40,0.46110512223369693
Train_U_4Layers_input_size_5_node1_30_node2_90_node3_60_node4_50,0.42233124539813366
Test_U_4Layers_input_size_5_node1_30_node2_90_node3_60_node4_50,0.4723623008000181
Train_U_4Layers_input_size_5_node1_30_node2_90_node3_60_node4_60,0.3900866422634417
Test_U_4Layers_input_size_5_node1_30_node2_90_node3_60_node4_60,0.45738768738932567
Train_U_4Layers_input_size_5_node1_30_node2_90_node3_60_node4_70,0.41375944455249647
Test_U_4Layers_input_size_5_node1_30_node2_90_node3_60_node4_70,0.4907511536783347
Train_U_4Layers_input_size_5_node1_30_node2_90_node3_60_node4_80,0.421895397540882
Test_U_4Layers_input_size_5_node1_30_node2_90_node3_60_node4_80,0.46516482700568196
Train_U_4Layers_input_size_5_node1_30_node2_90_node3_60_node4_90,0.3863756218111976
Test_U_4Layers_input_size_5_node1_30_node2_90_node3_60_node4_90,0.45820982489927464
Train_U_4Layers_input_size_5_node1_30_node2_90_node3_60_node4_100,0.4136070949994108
Test_U_4Layers_input_size_5_node1_30_node2_90_node3_60_node4_100,0.49051275366399427
Train_U_3Layers_input_size_5_node1_30_node2_90_node3_70_node4_0,0.3909622834336841
Test_U_3Layers_input_size_5_node1_30_node2_90_node3_70_node4_0,0.46291100179512046
Train_U_4Layers_input_size_5_node1_30_node2_90_node3_70_node4_30,0.38927525980311545
Test_U_4Layers_input_size_5_node1_30_node2_90_node3_70_node4_30,0.46219645733307146
Train_U_4Layers_input_size_5_node1_30_node2_90_node3_70_node4_40,0.3910016723338508
Test_U_4Layers_input_size_5_node1_30_node2_90_node3_70_node4_40,0.4610905958770351
Train_U_4Layers_input_size_5_node1_30_node2_90_node3_70_node4_50,0.40028666565532983
Test_U_4Layers_input_size_5_node1_30_node2_90_node3_70_node4_50,0.46100307256808326
Train_U_4Layers_input_size_5_node1_30_node2_90_node3_70_node4_60,0.3873052869244822
Test_U_4Layers_input_size_5_node1_30_node2_90_node3_70_node4_60,0.4543009002585941
Train_U_4Layers_input_size_5_node1_30_node2_90_node3_70_node4_70,0.46931610891021663
Test_U_4Layers_input_size_5_node1_30_node2_90_node3_70_node4_70,0.502252867740326
Train_U_4Layers_input_size_5_node1_30_node2_90_node3_70_node4_80,0.40409925486890763
Test_U_4Layers_input_size_5_node1_30_node2_90_node3_70_node4_80,0.45987839980759726
Train_U_4Layers_input_size_5_node1_30_node2_90_node3_70_node4_90,0.387661142068521
Test_U_4Layers_input_size_5_node1_30_node2_90_node3_70_node4_90,0.4568483035406474
Train_U_4Layers_input_size_5_node1_30_node2_90_node3_70_node4_100,0.3890195087441703
Test_U_4Layers_input_size_5_node1_30_node2_90_node3_70_node4_100,0.45558617846399097
Train_U_3Layers_input_size_5_node1_30_node2_90_node3_80_node4_0,0.3856757384419952
Test_U_3Layers_input_size_5_node1_30_node2_90_node3_80_node4_0,0.45562035669438494
Train_U_4Layers_input_size_5_node1_30_node2_90_node3_80_node4_30,0.39011086007026274
Test_U_4Layers_input_size_5_node1_30_node2_90_node3_80_node4_30,0.458660953283188
Train_U_4Layers_input_size_5_node1_30_node2_90_node3_80_node4_40,0.3980883021785564
Test_U_4Layers_input_size_5_node1_30_node2_90_node3_80_node4_40,0.45778941984878957
Train_U_4Layers_input_size_5_node1_30_node2_90_node3_80_node4_50,0.39241954580257876
Test_U_4Layers_input_size_5_node1_30_node2_90_node3_80_node4_50,0.4665096947796175
Train_U_4Layers_input_size_5_node1_30_node2_90_node3_80_node4_60,0.40202683865572875
Test_U_4Layers_input_size_5_node1_30_node2_90_node3_80_node4_60,0.4779609267762729
Train_U_4Layers_input_size_5_node1_30_node2_90_node3_80_node4_70,0.3885505908762762
Test_U_4Layers_input_size_5_node1_30_node2_90_node3_80_node4_70,0.4613470424097153
Train_U_4Layers_input_size_5_node1_30_node2_90_node3_80_node4_80,0.3876597390561765
Test_U_4Layers_input_size_5_node1_30_node2_90_node3_80_node4_80,0.4491066336662745
Train_U_4Layers_input_size_5_node1_30_node2_90_node3_80_node4_90,0.3861618656232635
Test_U_4Layers_input_size_5_node1_30_node2_90_node3_80_node4_90,0.4589521356176586
Train_U_4Layers_input_size_5_node1_30_node2_90_node3_80_node4_100,0.38601973966294356
Test_U_4Layers_input_size_5_node1_30_node2_90_node3_80_node4_100,0.45780344879264556
Train_U_3Layers_input_size_5_node1_30_node2_90_node3_90_node4_0,0.38906221581260997
Test_U_3Layers_input_size_5_node1_30_node2_90_node3_90_node4_0,0.4614190802516487
Train_U_4Layers_input_size_5_node1_30_node2_90_node3_90_node4_30,0.4100185889879832
Test_U_4Layers_input_size_5_node1_30_node2_90_node3_90_node4_30,0.485714858957862
Train_U_4Layers_input_size_5_node1_30_node2_90_node3_90_node4_40,0.3904758359305033
Test_U_4Layers_input_size_5_node1_30_node2_90_node3_90_node4_40,0.46409789120618955
Train_U_4Layers_input_size_5_node1_30_node2_90_node3_90_node4_50,0.40741450960518477
Test_U_4Layers_input_size_5_node1_30_node2_90_node3_90_node4_50,0.4606143659298439
Train_U_4Layers_input_size_5_node1_30_node2_90_node3_90_node4_60,0.3990430904558336
Test_U_4Layers_input_size_5_node1_30_node2_90_node3_90_node4_60,0.4740258699723284
Train_U_4Layers_input_size_5_node1_30_node2_90_node3_90_node4_70,0.38951707121761797
Test_U_4Layers_input_size_5_node1_30_node2_90_node3_90_node4_70,0.46000928685412706
Train_U_4Layers_input_size_5_node1_30_node2_90_node3_90_node4_80,0.4047633258376567
Test_U_4Layers_input_size_5_node1_30_node2_90_node3_90_node4_80,0.4808271668444771
Train_U_4Layers_input_size_5_node1_30_node2_90_node3_90_node4_90,0.39722705680102915
Test_U_4Layers_input_size_5_node1_30_node2_90_node3_90_node4_90,0.45705907688035297
Train_U_4Layers_input_size_5_node1_30_node2_90_node3_90_node4_100,0.3931477906696875
Test_U_4Layers_input_size_5_node1_30_node2_90_node3_90_node4_100,0.46532093527214485
Train_U_3Layers_input_size_5_node1_30_node2_90_node3_100_node4_0,0.4009143660331395
Test_U_3Layers_input_size_5_node1_30_node2_90_node3_100_node4_0,0.4662273236300835
Train_U_4Layers_input_size_5_node1_30_node2_90_node3_100_node4_30,0.39615164264101027
Test_U_4Layers_input_size_5_node1_30_node2_90_node3_100_node4_30,0.47049979412487847
Train_U_4Layers_input_size_5_node1_30_node2_90_node3_100_node4_40,0.3967625060559235
Test_U_4Layers_input_size_5_node1_30_node2_90_node3_100_node4_40,0.46031120553906163
Train_U_4Layers_input_size_5_node1_30_node2_90_node3_100_node4_50,0.39289338467990903
Test_U_4Layers_input_size_5_node1_30_node2_90_node3_100_node4_50,0.45672595594935533
Train_U_4Layers_input_size_5_node1_30_node2_90_node3_100_node4_60,0.3928553992238922
Test_U_4Layers_input_size_5_node1_30_node2_90_node3_100_node4_60,0.4666914242183148
Train_U_4Layers_input_size_5_node1_30_node2_90_node3_100_node4_70,0.4231680903335057
Test_U_4Layers_input_size_5_node1_30_node2_90_node3_100_node4_70,0.4694592831722415
Train_U_4Layers_input_size_5_node1_30_node2_90_node3_100_node4_80,0.39354817501008943
Test_U_4Layers_input_size_5_node1_30_node2_90_node3_100_node4_80,0.4626150155751263
Train_U_4Layers_input_size_5_node1_30_node2_90_node3_100_node4_90,0.4093613869827899
Test_U_4Layers_input_size_5_node1_30_node2_90_node3_100_node4_90,0.4856703726242662
Train_U_4Layers_input_size_5_node1_30_node2_90_node3_100_node4_100,0.39866446594135335
Test_U_4Layers_input_size_5_node1_30_node2_90_node3_100_node4_100,0.46107225549612535
Train_U_2Layers_input_size_5_node1_30_node2_100_node3_0_node4_0,0.3830286505680123
Test_U_2Layers_input_size_5_node1_30_node2_100_node3_0_node4_0,0.4514788619465771
Train_U_3Layers_input_size_5_node1_30_node2_100_node3_30_node4_0,0.39077933123764597
Test_U_3Layers_input_size_5_node1_30_node2_100_node3_30_node4_0,0.4643390062945901
Train_U_4Layers_input_size_5_node1_30_node2_100_node3_30_node4_30,0.4084609280779173
Test_U_4Layers_input_size_5_node1_30_node2_100_node3_30_node4_30,0.4848076518589562
Train_U_4Layers_input_size_5_node1_30_node2_100_node3_30_node4_40,0.41266004102035114
Test_U_4Layers_input_size_5_node1_30_node2_100_node3_30_node4_40,0.46477152159068763
Train_U_4Layers_input_size_5_node1_30_node2_100_node3_30_node4_50,0.38648266762810707
Test_U_4Layers_input_size_5_node1_30_node2_100_node3_30_node4_50,0.45413496653432456
Train_U_4Layers_input_size_5_node1_30_node2_100_node3_30_node4_60,0.3863031485326299
Test_U_4Layers_input_size_5_node1_30_node2_100_node3_30_node4_60,0.45171325371485105
Train_U_4Layers_input_size_5_node1_30_node2_100_node3_30_node4_70,0.40492321646407625
Test_U_4Layers_input_size_5_node1_30_node2_100_node3_30_node4_70,0.4810861481985585
Train_U_4Layers_input_size_5_node1_30_node2_100_node3_30_node4_80,0.4106956386627636
Test_U_4Layers_input_size_5_node1_30_node2_100_node3_30_node4_80,0.46462403241750294
Train_U_4Layers_input_size_5_node1_30_node2_100_node3_30_node4_90,0.40634302761427615
Test_U_4Layers_input_size_5_node1_30_node2_100_node3_30_node4_90,0.481934799610241
Train_U_4Layers_input_size_5_node1_30_node2_100_node3_30_node4_100,0.3917266950193394
Test_U_4Layers_input_size_5_node1_30_node2_100_node3_30_node4_100,0.4578542716332882
Train_U_3Layers_input_size_5_node1_30_node2_100_node3_40_node4_0,0.39097958683548223
Test_U_3Layers_input_size_5_node1_30_node2_100_node3_40_node4_0,0.46385247458163525
Train_U_4Layers_input_size_5_node1_30_node2_100_node3_40_node4_30,0.40209625557738227
Test_U_4Layers_input_size_5_node1_30_node2_100_node3_40_node4_30,0.45832990695655207
Train_U_4Layers_input_size_5_node1_30_node2_100_node3_40_node4_40,0.3910803429762706
Test_U_4Layers_input_size_5_node1_30_node2_100_node3_40_node4_40,0.46391469611769315
Train_U_4Layers_input_size_5_node1_30_node2_100_node3_40_node4_50,0.39114951205227433
Test_U_4Layers_input_size_5_node1_30_node2_100_node3_40_node4_50,0.4604009803268956
Train_U_4Layers_input_size_5_node1_30_node2_100_node3_40_node4_60,0.3882435686336553
Test_U_4Layers_input_size_5_node1_30_node2_100_node3_40_node4_60,0.4573541788229116
Train_U_4Layers_input_size_5_node1_30_node2_100_node3_40_node4_70,0.38796125078270266
Test_U_4Layers_input_size_5_node1_30_node2_100_node3_40_node4_70,0.4575842421782071
Train_U_4Layers_input_size_5_node1_30_node2_100_node3_40_node4_80,0.4232624691626536
Test_U_4Layers_input_size_5_node1_30_node2_100_node3_40_node4_80,0.5005077823468312
Train_U_4Layers_input_size_5_node1_30_node2_100_node3_40_node4_90,0.38749426329888575
Test_U_4Layers_input_size_5_node1_30_node2_100_node3_40_node4_90,0.4555777561617869
Train_U_4Layers_input_size_5_node1_30_node2_100_node3_40_node4_100,0.3942965763242833
Test_U_4Layers_input_size_5_node1_30_node2_100_node3_40_node4_100,0.46859454120239746
Train_U_3Layers_input_size_5_node1_30_node2_100_node3_50_node4_0,0.3884096650932504
Test_U_3Layers_input_size_5_node1_30_node2_100_node3_50_node4_0,0.45703951510267443
Train_U_4Layers_input_size_5_node1_30_node2_100_node3_50_node4_30,0.3876052290565197
Test_U_4Layers_input_size_5_node1_30_node2_100_node3_50_node4_30,0.4531615012364249
Train_U_4Layers_input_size_5_node1_30_node2_100_node3_50_node4_40,0.402651604213714
Test_U_4Layers_input_size_5_node1_30_node2_100_node3_50_node4_40,0.4787103062302199
Train_U_4Layers_input_size_5_node1_30_node2_100_node3_50_node4_50,0.42654120144053687
Test_U_4Layers_input_size_5_node1_30_node2_100_node3_50_node4_50,0.5037408897484826
Train_U_4Layers_input_size_5_node1_30_node2_100_node3_50_node4_60,0.3986532150946055
Test_U_4Layers_input_size_5_node1_30_node2_100_node3_50_node4_60,0.4607160327145309
Train_U_4Layers_input_size_5_node1_30_node2_100_node3_50_node4_70,0.3854995930443185
Test_U_4Layers_input_size_5_node1_30_node2_100_node3_50_node4_70,0.456313082501445
Train_U_4Layers_input_size_5_node1_30_node2_100_node3_50_node4_80,0.40084602695055416
Test_U_4Layers_input_size_5_node1_30_node2_100_node3_50_node4_80,0.47672548790055086
Train_U_4Layers_input_size_5_node1_30_node2_100_node3_50_node4_90,0.39382603380480075
Test_U_4Layers_input_size_5_node1_30_node2_100_node3_50_node4_90,0.46207163987987726
Train_U_4Layers_input_size_5_node1_30_node2_100_node3_50_node4_100,0.39564555089163556
Test_U_4Layers_input_size_5_node1_30_node2_100_node3_50_node4_100,0.4537143820452476
Train_U_3Layers_input_size_5_node1_30_node2_100_node3_60_node4_0,0.39391477028613736
Test_U_3Layers_input_size_5_node1_30_node2_100_node3_60_node4_0,0.45646516677579285
Train_U_4Layers_input_size_5_node1_30_node2_100_node3_60_node4_30,0.38793059927725954
Test_U_4Layers_input_size_5_node1_30_node2_100_node3_60_node4_30,0.459937481778198
Train_U_4Layers_input_size_5_node1_30_node2_100_node3_60_node4_40,0.394839383649516
Test_U_4Layers_input_size_5_node1_30_node2_100_node3_60_node4_40,0.46950751131953466
Train_U_4Layers_input_size_5_node1_30_node2_100_node3_60_node4_50,0.39752805925697127
Test_U_4Layers_input_size_5_node1_30_node2_100_node3_60_node4_50,0.46112834083234155
Train_U_4Layers_input_size_5_node1_30_node2_100_node3_60_node4_60,0.43178567995039496
Test_U_4Layers_input_size_5_node1_30_node2_100_node3_60_node4_60,0.47933113516658116
Train_U_4Layers_input_size_5_node1_30_node2_100_node3_60_node4_70,0.3925581020733824
Test_U_4Layers_input_size_5_node1_30_node2_100_node3_60_node4_70,0.45579572100808907
Train_U_4Layers_input_size_5_node1_30_node2_100_node3_60_node4_80,0.40915577893749727
Test_U_4Layers_input_size_5_node1_30_node2_100_node3_60_node4_80,0.45997828554130415
Train_U_4Layers_input_size_5_node1_30_node2_100_node3_60_node4_90,0.3889869294826818
Test_U_4Layers_input_size_5_node1_30_node2_100_node3_60_node4_90,0.45971024924389897
Train_U_4Layers_input_size_5_node1_30_node2_100_node3_60_node4_100,0.3937490470814149
Test_U_4Layers_input_size_5_node1_30_node2_100_node3_60_node4_100,0.45314341540569375
Train_U_3Layers_input_size_5_node1_30_node2_100_node3_70_node4_0,0.4235782501975887
Test_U_3Layers_input_size_5_node1_30_node2_100_node3_70_node4_0,0.5010186488150865
Train_U_4Layers_input_size_5_node1_30_node2_100_node3_70_node4_30,0.38825563925819123
Test_U_4Layers_input_size_5_node1_30_node2_100_node3_70_node4_30,0.4560414216360541
Train_U_4Layers_input_size_5_node1_30_node2_100_node3_70_node4_40,0.4241282020445726
Test_U_4Layers_input_size_5_node1_30_node2_100_node3_70_node4_40,0.5019944763962565
Train_U_4Layers_input_size_5_node1_30_node2_100_node3_70_node4_50,0.3934720806956116
Test_U_4Layers_input_size_5_node1_30_node2_100_node3_70_node4_50,0.4659010939059789
Train_U_4Layers_input_size_5_node1_30_node2_100_node3_70_node4_60,0.44268689010149403
Test_U_4Layers_input_size_5_node1_30_node2_100_node3_70_node4_60,0.482846632926817
Train_U_4Layers_input_size_5_node1_30_node2_100_node3_70_node4_70,0.4076004690224679
Test_U_4Layers_input_size_5_node1_30_node2_100_node3_70_node4_70,0.48436298663100547
Train_U_4Layers_input_size_5_node1_30_node2_100_node3_70_node4_80,0.3954318126608925
Test_U_4Layers_input_size_5_node1_30_node2_100_node3_70_node4_80,0.46908570030827373
Train_U_4Layers_input_size_5_node1_30_node2_100_node3_70_node4_90,0.39542972123423736
Test_U_4Layers_input_size_5_node1_30_node2_100_node3_70_node4_90,0.46975749145957685
Train_U_4Layers_input_size_5_node1_30_node2_100_node3_70_node4_100,0.4099588554951003
Test_U_4Layers_input_size_5_node1_30_node2_100_node3_70_node4_100,0.46432329742307626
Train_U_3Layers_input_size_5_node1_30_node2_100_node3_80_node4_0,0.3863864395672024
Test_U_3Layers_input_size_5_node1_30_node2_100_node3_80_node4_0,0.45843208036749156
Train_U_4Layers_input_size_5_node1_30_node2_100_node3_80_node4_30,0.3847567174819583
Test_U_4Layers_input_size_5_node1_30_node2_100_node3_80_node4_30,0.4537597682521454
Train_U_4Layers_input_size_5_node1_30_node2_100_node3_80_node4_40,0.4049595915980919
Test_U_4Layers_input_size_5_node1_30_node2_100_node3_80_node4_40,0.481319449726888
Train_U_4Layers_input_size_5_node1_30_node2_100_node3_80_node4_50,0.3843845474794189
Test_U_4Layers_input_size_5_node1_30_node2_100_node3_80_node4_50,0.4515425905372682
Train_U_4Layers_input_size_5_node1_30_node2_100_node3_80_node4_60,0.39738825477916473
Test_U_4Layers_input_size_5_node1_30_node2_100_node3_80_node4_60,0.45933572834852615
Train_U_4Layers_input_size_5_node1_30_node2_100_node3_80_node4_70,0.3922840174420336
Test_U_4Layers_input_size_5_node1_30_node2_100_node3_80_node4_70,0.4663418902747538
Train_U_4Layers_input_size_5_node1_30_node2_100_node3_80_node4_80,0.3965517747840034
Test_U_4Layers_input_size_5_node1_30_node2_100_node3_80_node4_80,0.45816152957824624
Train_U_4Layers_input_size_5_node1_30_node2_100_node3_80_node4_90,0.4024298862732939
Test_U_4Layers_input_size_5_node1_30_node2_100_node3_80_node4_90,0.4578484459263146
Train_U_4Layers_input_size_5_node1_30_node2_100_node3_80_node4_100,0.41457274325980986
Test_U_4Layers_input_size_5_node1_30_node2_100_node3_80_node4_100,0.46378190712271433
Train_U_3Layers_input_size_5_node1_30_node2_100_node3_90_node4_0,0.3915917830542257
Test_U_3Layers_input_size_5_node1_30_node2_100_node3_90_node4_0,0.4630024448972872
Train_U_4Layers_input_size_5_node1_30_node2_100_node3_90_node4_30,0.41238161107638344
Test_U_4Layers_input_size_5_node1_30_node2_100_node3_90_node4_30,0.46407647481099445
Train_U_4Layers_input_size_5_node1_30_node2_100_node3_90_node4_40,0.38792458776437466
Test_U_4Layers_input_size_5_node1_30_node2_100_node3_90_node4_40,0.4596981099484242
Train_U_4Layers_input_size_5_node1_30_node2_100_node3_90_node4_50,0.39979583476989744
Test_U_4Layers_input_size_5_node1_30_node2_100_node3_90_node4_50,0.4750065809346124
Train_U_4Layers_input_size_5_node1_30_node2_100_node3_90_node4_60,0.38629431504281336
Test_U_4Layers_input_size_5_node1_30_node2_100_node3_90_node4_60,0.4582562779185406
Train_U_4Layers_input_size_5_node1_30_node2_100_node3_90_node4_70,0.3893233164229196
Test_U_4Layers_input_size_5_node1_30_node2_100_node3_90_node4_70,0.45958772327209024
Train_U_4Layers_input_size_5_node1_30_node2_100_node3_90_node4_80,0.3904186657508687
Test_U_4Layers_input_size_5_node1_30_node2_100_node3_90_node4_80,0.46015352724367564
Train_U_4Layers_input_size_5_node1_30_node2_100_node3_90_node4_90,0.4346109092694921
Test_U_4Layers_input_size_5_node1_30_node2_100_node3_90_node4_90,0.4808727209871616
Train_U_4Layers_input_size_5_node1_30_node2_100_node3_90_node4_100,0.3984833485272594
Test_U_4Layers_input_size_5_node1_30_node2_100_node3_90_node4_100,0.4566436493367991
Train_U_3Layers_input_size_5_node1_30_node2_100_node3_100_node4_0,0.3875802010940222
Test_U_3Layers_input_size_5_node1_30_node2_100_node3_100_node4_0,0.4544551006377153
Train_U_4Layers_input_size_5_node1_30_node2_100_node3_100_node4_30,0.3836820225042701
Test_U_4Layers_input_size_5_node1_30_node2_100_node3_100_node4_30,0.45341158715940943
Train_U_4Layers_input_size_5_node1_30_node2_100_node3_100_node4_40,0.42857713283988763
Test_U_4Layers_input_size_5_node1_30_node2_100_node3_100_node4_40,0.5060387959666497
Train_U_4Layers_input_size_5_node1_30_node2_100_node3_100_node4_50,0.41733876104311446
Test_U_4Layers_input_size_5_node1_30_node2_100_node3_100_node4_50,0.49396330776898134
Train_U_4Layers_input_size_5_node1_30_node2_100_node3_100_node4_60,0.3879644579118021
Test_U_4Layers_input_size_5_node1_30_node2_100_node3_100_node4_60,0.4489628602026103
Train_U_4Layers_input_size_5_node1_30_node2_100_node3_100_node4_70,0.38473344077651533
Test_U_4Layers_input_size_5_node1_30_node2_100_node3_100_node4_70,0.4550831348323523
Train_U_4Layers_input_size_5_node1_30_node2_100_node3_100_node4_80,0.3917872685389061
Test_U_4Layers_input_size_5_node1_30_node2_100_node3_100_node4_80,0.46005667562779234
Train_U_4Layers_input_size_5_node1_30_node2_100_node3_100_node4_90,0.38558048770404946
Test_U_4Layers_input_size_5_node1_30_node2_100_node3_100_node4_90,0.4564754334135007
Train_U_4Layers_input_size_5_node1_30_node2_100_node3_100_node4_100,0.385045293645526
Test_U_4Layers_input_size_5_node1_30_node2_100_node3_100_node4_100,0.4554781976573869
Train_U_1Layers_input_size_5_node1_40_node2_0_node3_0_node4_0,0.40345957570802465
Test_U_1Layers_input_size_5_node1_40_node2_0_node3_0_node4_0,0.4758200725131725
Train_U_2Layers_input_size_5_node1_40_node2_30_node3_0_node4_0,0.39402914672963063
Test_U_2Layers_input_size_5_node1_40_node2_30_node3_0_node4_0,0.4593189075504219
Train_U_3Layers_input_size_5_node1_40_node2_30_node3_30_node4_0,0.3949434374498629
Test_U_3Layers_input_size_5_node1_40_node2_30_node3_30_node4_0,0.4616305426753689
Train_U_4Layers_input_size_5_node1_40_node2_30_node3_30_node4_30,0.39243528509874326
Test_U_4Layers_input_size_5_node1_40_node2_30_node3_30_node4_30,0.4546397475765671
Train_U_4Layers_input_size_5_node1_40_node2_30_node3_30_node4_40,0.3911981573888371
Test_U_4Layers_input_size_5_node1_40_node2_30_node3_30_node4_40,0.45762488130361084
Train_U_4Layers_input_size_5_node1_40_node2_30_node3_30_node4_50,0.4118472345802334
Test_U_4Layers_input_size_5_node1_40_node2_30_node3_30_node4_50,0.46606932887808594
Train_U_4Layers_input_size_5_node1_40_node2_30_node3_30_node4_60,0.39905205249179665
Test_U_4Layers_input_size_5_node1_40_node2_30_node3_30_node4_60,0.46155396956591327
Train_U_4Layers_input_size_5_node1_40_node2_30_node3_30_node4_70,0.3912489866359372
Test_U_4Layers_input_size_5_node1_40_node2_30_node3_30_node4_70,0.4648035657166902
Train_U_4Layers_input_size_5_node1_40_node2_30_node3_30_node4_80,0.3924697992222871
Test_U_4Layers_input_size_5_node1_40_node2_30_node3_30_node4_80,0.466541300123981
Train_U_4Layers_input_size_5_node1_40_node2_30_node3_30_node4_90,0.404696465175698
Test_U_4Layers_input_size_5_node1_40_node2_30_node3_30_node4_90,0.46022155894105254
Train_U_4Layers_input_size_5_node1_40_node2_30_node3_30_node4_100,0.3924944014970017
Test_U_4Layers_input_size_5_node1_40_node2_30_node3_30_node4_100,0.46303136110584436
Train_U_3Layers_input_size_5_node1_40_node2_30_node3_40_node4_0,0.4049672084354827
Test_U_3Layers_input_size_5_node1_40_node2_30_node3_40_node4_0,0.4812670178315056
Train_U_4Layers_input_size_5_node1_40_node2_30_node3_40_node4_30,0.39631446241835316
Test_U_4Layers_input_size_5_node1_40_node2_30_node3_40_node4_30,0.47070435963069085
Train_U_4Layers_input_size_5_node1_40_node2_30_node3_40_node4_40,0.3912765981085233
Test_U_4Layers_input_size_5_node1_40_node2_30_node3_40_node4_40,0.46246558203089994
Train_U_4Layers_input_size_5_node1_40_node2_30_node3_40_node4_50,0.4229295936105902
Test_U_4Layers_input_size_5_node1_40_node2_30_node3_40_node4_50,0.471406450761519
Train_U_4Layers_input_size_5_node1_40_node2_30_node3_40_node4_60,0.40580394906124306
Test_U_4Layers_input_size_5_node1_40_node2_30_node3_40_node4_60,0.48276231313556484
Train_U_4Layers_input_size_5_node1_40_node2_30_node3_40_node4_70,0.39060264523436194
Test_U_4Layers_input_size_5_node1_40_node2_30_node3_40_node4_70,0.45650650939603965
Train_U_4Layers_input_size_5_node1_40_node2_30_node3_40_node4_80,0.38978883895514377
Test_U_4Layers_input_size_5_node1_40_node2_30_node3_40_node4_80,0.4622797415755209
Train_U_4Layers_input_size_5_node1_40_node2_30_node3_40_node4_90,0.3894427146017632
Test_U_4Layers_input_size_5_node1_40_node2_30_node3_40_node4_90,0.4585436714032638
Train_U_4Layers_input_size_5_node1_40_node2_30_node3_40_node4_100,0.45173510780128573
Test_U_4Layers_input_size_5_node1_40_node2_30_node3_40_node4_100,0.5299327170201942
Train_U_3Layers_input_size_5_node1_40_node2_30_node3_50_node4_0,0.389248444271715
Test_U_3Layers_input_size_5_node1_40_node2_30_node3_50_node4_0,0.45846905288337864
Train_U_4Layers_input_size_5_node1_40_node2_30_node3_50_node4_30,0.3943469117344166
Test_U_4Layers_input_size_5_node1_40_node2_30_node3_50_node4_30,0.45447964259573076
Train_U_4Layers_input_size_5_node1_40_node2_30_node3_50_node4_40,0.4100775506947079
Test_U_4Layers_input_size_5_node1_40_node2_30_node3_50_node4_40,0.48722386119873273
Train_U_4Layers_input_size_5_node1_40_node2_30_node3_50_node4_50,0.3928272348946682
Test_U_4Layers_input_size_5_node1_40_node2_30_node3_50_node4_50,0.45371231295655895
Train_U_4Layers_input_size_5_node1_40_node2_30_node3_50_node4_60,0.4356073756600183
Test_U_4Layers_input_size_5_node1_40_node2_30_node3_50_node4_60,0.47729637360413013
Train_U_4Layers_input_size_5_node1_40_node2_30_node3_50_node4_70,0.39365620404193463
Test_U_4Layers_input_size_5_node1_40_node2_30_node3_50_node4_70,0.46695061869185606
Train_U_4Layers_input_size_5_node1_40_node2_30_node3_50_node4_80,0.3887880046396611
Test_U_4Layers_input_size_5_node1_40_node2_30_node3_50_node4_80,0.4513201119119488
Train_U_4Layers_input_size_5_node1_40_node2_30_node3_50_node4_90,0.3906186484774152
Test_U_4Layers_input_size_5_node1_40_node2_30_node3_50_node4_90,0.4512811833858342
Train_U_4Layers_input_size_5_node1_40_node2_30_node3_50_node4_100,0.39883184552675705
Test_U_4Layers_input_size_5_node1_40_node2_30_node3_50_node4_100,0.45864953346790127
Train_U_3Layers_input_size_5_node1_40_node2_30_node3_60_node4_0,0.39069512691446484
Test_U_3Layers_input_size_5_node1_40_node2_30_node3_60_node4_0,0.46198183494006606
Train_U_4Layers_input_size_5_node1_40_node2_30_node3_60_node4_30,0.41129502745636093
Test_U_4Layers_input_size_5_node1_40_node2_30_node3_60_node4_30,0.48831329240567434
Train_U_4Layers_input_size_5_node1_40_node2_30_node3_60_node4_40,0.38678076275772233
Test_U_4Layers_input_size_5_node1_40_node2_30_node3_60_node4_40,0.45346186711086073
Train_U_4Layers_input_size_5_node1_40_node2_30_node3_60_node4_50,0.38666322097531053
Test_U_4Layers_input_size_5_node1_40_node2_30_node3_60_node4_50,0.45185320053702
Train_U_4Layers_input_size_5_node1_40_node2_30_node3_60_node4_60,0.40281656871365523
Test_U_4Layers_input_size_5_node1_40_node2_30_node3_60_node4_60,0.46009652959720726
Train_U_4Layers_input_size_5_node1_40_node2_30_node3_60_node4_70,0.3965793364357431
Test_U_4Layers_input_size_5_node1_40_node2_30_node3_60_node4_70,0.4703964722400928
Train_U_4Layers_input_size_5_node1_40_node2_30_node3_60_node4_80,0.4199585122382697
Test_U_4Layers_input_size_5_node1_40_node2_30_node3_60_node4_80,0.49657040322642143
Train_U_4Layers_input_size_5_node1_40_node2_30_node3_60_node4_90,0.418129560248991
Test_U_4Layers_input_size_5_node1_40_node2_30_node3_60_node4_90,0.4956822829077188
Train_U_4Layers_input_size_5_node1_40_node2_30_node3_60_node4_100,0.3962647153727282
Test_U_4Layers_input_size_5_node1_40_node2_30_node3_60_node4_100,0.45750248082327355
Train_U_3Layers_input_size_5_node1_40_node2_30_node3_70_node4_0,0.39383585236120855
Test_U_3Layers_input_size_5_node1_40_node2_30_node3_70_node4_0,0.4598681443354829
Train_U_4Layers_input_size_5_node1_40_node2_30_node3_70_node4_30,0.44187143170589976
Test_U_4Layers_input_size_5_node1_40_node2_30_node3_70_node4_30,0.4802029502495218
Train_U_4Layers_input_size_5_node1_40_node2_30_node3_70_node4_40,0.41746160453428266
Test_U_4Layers_input_size_5_node1_40_node2_30_node3_70_node4_40,0.4698305867377483
Train_U_4Layers_input_size_5_node1_40_node2_30_node3_70_node4_50,0.38817944794366327
Test_U_4Layers_input_size_5_node1_40_node2_30_node3_70_node4_50,0.4541678923698241
Train_U_4Layers_input_size_5_node1_40_node2_30_node3_70_node4_60,0.3903462559845029
Test_U_4Layers_input_size_5_node1_40_node2_30_node3_70_node4_60,0.45564436168897243
Train_U_4Layers_input_size_5_node1_40_node2_30_node3_70_node4_70,0.39560788619282866
Test_U_4Layers_input_size_5_node1_40_node2_30_node3_70_node4_70,0.46845183426274656
Train_U_4Layers_input_size_5_node1_40_node2_30_node3_70_node4_80,0.3857127118015471
Test_U_4Layers_input_size_5_node1_40_node2_30_node3_70_node4_80,0.45499457054776316
Train_U_4Layers_input_size_5_node1_40_node2_30_node3_70_node4_90,0.39558392957869193
Test_U_4Layers_input_size_5_node1_40_node2_30_node3_70_node4_90,0.4704417535846256
Train_U_4Layers_input_size_5_node1_40_node2_30_node3_70_node4_100,0.40691411315267284
Test_U_4Layers_input_size_5_node1_40_node2_30_node3_70_node4_100,0.4834885176140375
Train_U_3Layers_input_size_5_node1_40_node2_30_node3_80_node4_0,0.40250648984948856
Test_U_3Layers_input_size_5_node1_40_node2_30_node3_80_node4_0,0.46429065849742257
Train_U_4Layers_input_size_5_node1_40_node2_30_node3_80_node4_30,0.38791721249032196
Test_U_4Layers_input_size_5_node1_40_node2_30_node3_80_node4_30,0.45784885275183473
Train_U_4Layers_input_size_5_node1_40_node2_30_node3_80_node4_40,0.4294235632640147
Test_U_4Layers_input_size_5_node1_40_node2_30_node3_80_node4_40,0.47800189097581103
Train_U_4Layers_input_size_5_node1_40_node2_30_node3_80_node4_50,0.4021369254348225
Test_U_4Layers_input_size_5_node1_40_node2_30_node3_80_node4_50,0.47809922142595745
Train_U_4Layers_input_size_5_node1_40_node2_30_node3_80_node4_60,0.42537915202941273
Test_U_4Layers_input_size_5_node1_40_node2_30_node3_80_node4_60,0.47315963232863295
Train_U_4Layers_input_size_5_node1_40_node2_30_node3_80_node4_70,0.44260336996671
Test_U_4Layers_input_size_5_node1_40_node2_30_node3_80_node4_70,0.520155366877926
Train_U_4Layers_input_size_5_node1_40_node2_30_node3_80_node4_80,0.3896958362938857
Test_U_4Layers_input_size_5_node1_40_node2_30_node3_80_node4_80,0.4568331199320996
Train_U_4Layers_input_size_5_node1_40_node2_30_node3_80_node4_90,0.3871958708146899
Test_U_4Layers_input_size_5_node1_40_node2_30_node3_80_node4_90,0.45531598206957835
Train_U_4Layers_input_size_5_node1_40_node2_30_node3_80_node4_100,0.40756970409127147
Test_U_4Layers_input_size_5_node1_40_node2_30_node3_80_node4_100,0.4627252919253818
Train_U_3Layers_input_size_5_node1_40_node2_30_node3_90_node4_0,0.39767890595834293
Test_U_3Layers_input_size_5_node1_40_node2_30_node3_90_node4_0,0.47145114519261555
Train_U_4Layers_input_size_5_node1_40_node2_30_node3_90_node4_30,0.41137467109205694
Test_U_4Layers_input_size_5_node1_40_node2_30_node3_90_node4_30,0.46552465560901984
Train_U_4Layers_input_size_5_node1_40_node2_30_node3_90_node4_40,0.4364298436404075
Test_U_4Layers_input_size_5_node1_40_node2_30_node3_90_node4_40,0.5143188057908218
Train_U_4Layers_input_size_5_node1_40_node2_30_node3_90_node4_50,0.4071244036196076
Test_U_4Layers_input_size_5_node1_40_node2_30_node3_90_node4_50,0.48338852689197515
Train_U_4Layers_input_size_5_node1_40_node2_30_node3_90_node4_60,0.40393154943097664
Test_U_4Layers_input_size_5_node1_40_node2_30_node3_90_node4_60,0.4621093853187076
Train_U_4Layers_input_size_5_node1_40_node2_30_node3_90_node4_70,0.3900694520560305
Test_U_4Layers_input_size_5_node1_40_node2_30_node3_90_node4_70,0.46018514817691336
Train_U_4Layers_input_size_5_node1_40_node2_30_node3_90_node4_80,0.39606111230256463
Test_U_4Layers_input_size_5_node1_40_node2_30_node3_90_node4_80,0.46243395591560477
Train_U_4Layers_input_size_5_node1_40_node2_30_node3_90_node4_90,0.39183562553970624
Test_U_4Layers_input_size_5_node1_40_node2_30_node3_90_node4_90,0.4599846673825421
Train_U_4Layers_input_size_5_node1_40_node2_30_node3_90_node4_100,0.39596741898242005
Test_U_4Layers_input_size_5_node1_40_node2_30_node3_90_node4_100,0.4531349641427855
Train_U_3Layers_input_size_5_node1_40_node2_30_node3_100_node4_0,0.38646547134401665
Test_U_3Layers_input_size_5_node1_40_node2_30_node3_100_node4_0,0.4533941193223239
Train_U_4Layers_input_size_5_node1_40_node2_30_node3_100_node4_30,0.39309260121129214
Test_U_4Layers_input_size_5_node1_40_node2_30_node3_100_node4_30,0.46345400427807587
Train_U_4Layers_input_size_5_node1_40_node2_30_node3_100_node4_40,0.4156420646835569
Test_U_4Layers_input_size_5_node1_40_node2_30_node3_100_node4_40,0.4927250031305331
Train_U_4Layers_input_size_5_node1_40_node2_30_node3_100_node4_50,0.3938020823108337
Test_U_4Layers_input_size_5_node1_40_node2_30_node3_100_node4_50,0.46057416852813776
Train_U_4Layers_input_size_5_node1_40_node2_30_node3_100_node4_60,0.3973853111957247
Test_U_4Layers_input_size_5_node1_40_node2_30_node3_100_node4_60,0.47265576134018034
Train_U_4Layers_input_size_5_node1_40_node2_30_node3_100_node4_70,0.40067855902457544
Test_U_4Layers_input_size_5_node1_40_node2_30_node3_100_node4_70,0.4559594653291945
Train_U_4Layers_input_size_5_node1_40_node2_30_node3_100_node4_80,0.401218544567848
Test_U_4Layers_input_size_5_node1_40_node2_30_node3_100_node4_80,0.47626262360210253
Train_U_4Layers_input_size_5_node1_40_node2_30_node3_100_node4_90,0.3883287458326196
Test_U_4Layers_input_size_5_node1_40_node2_30_node3_100_node4_90,0.4514793240194836
Train_U_4Layers_input_size_5_node1_40_node2_30_node3_100_node4_100,0.3920212967218404
Test_U_4Layers_input_size_5_node1_40_node2_30_node3_100_node4_100,0.46050452247121954
Train_U_2Layers_input_size_5_node1_40_node2_40_node3_0_node4_0,0.39438652934588836
Test_U_2Layers_input_size_5_node1_40_node2_40_node3_0_node4_0,0.461871122981461
Train_U_3Layers_input_size_5_node1_40_node2_40_node3_30_node4_0,0.39754974347887
Test_U_3Layers_input_size_5_node1_40_node2_40_node3_30_node4_0,0.4667550551064635
Train_U_4Layers_input_size_5_node1_40_node2_40_node3_30_node4_30,0.3910517840667753
Test_U_4Layers_input_size_5_node1_40_node2_40_node3_30_node4_30,0.4584901949469535
Train_U_4Layers_input_size_5_node1_40_node2_40_node3_30_node4_40,0.40337201542159473
Test_U_4Layers_input_size_5_node1_40_node2_40_node3_30_node4_40,0.4621248308758765
Train_U_4Layers_input_size_5_node1_40_node2_40_node3_30_node4_50,0.38937523234132354
Test_U_4Layers_input_size_5_node1_40_node2_40_node3_30_node4_50,0.45704813868952504
Train_U_4Layers_input_size_5_node1_40_node2_40_node3_30_node4_60,0.3915180488252893
Test_U_4Layers_input_size_5_node1_40_node2_40_node3_30_node4_60,0.45262198645392615
Train_U_4Layers_input_size_5_node1_40_node2_40_node3_30_node4_70,0.3970904298743968
Test_U_4Layers_input_size_5_node1_40_node2_40_node3_30_node4_70,0.45681056375806917
Train_U_4Layers_input_size_5_node1_40_node2_40_node3_30_node4_80,0.3878347881038765
Test_U_4Layers_input_size_5_node1_40_node2_40_node3_30_node4_80,0.45712171784021416
Train_U_4Layers_input_size_5_node1_40_node2_40_node3_30_node4_90,0.45425789715878223
Test_U_4Layers_input_size_5_node1_40_node2_40_node3_30_node4_90,0.493197796866987
Train_U_4Layers_input_size_5_node1_40_node2_40_node3_30_node4_100,0.39695399992436653
Test_U_4Layers_input_size_5_node1_40_node2_40_node3_30_node4_100,0.47029536143154127
Train_U_3Layers_input_size_5_node1_40_node2_40_node3_40_node4_0,0.40587615271246885
Test_U_3Layers_input_size_5_node1_40_node2_40_node3_40_node4_0,0.46600848222040514
Train_U_4Layers_input_size_5_node1_40_node2_40_node3_40_node4_30,0.3898897499359307
Test_U_4Layers_input_size_5_node1_40_node2_40_node3_40_node4_30,0.45770922527767477
Train_U_4Layers_input_size_5_node1_40_node2_40_node3_40_node4_40,0.40361865372569866
Test_U_4Layers_input_size_5_node1_40_node2_40_node3_40_node4_40,0.4596084410304375
Train_U_4Layers_input_size_5_node1_40_node2_40_node3_40_node4_50,0.42857935804456504
Test_U_4Layers_input_size_5_node1_40_node2_40_node3_40_node4_50,0.5056304118900641
Train_U_4Layers_input_size_5_node1_40_node2_40_node3_40_node4_60,0.40357039782420207
Test_U_4Layers_input_size_5_node1_40_node2_40_node3_40_node4_60,0.4788652193996925
Train_U_4Layers_input_size_5_node1_40_node2_40_node3_40_node4_70,0.3960659656899754
Test_U_4Layers_input_size_5_node1_40_node2_40_node3_40_node4_70,0.45812017367996605
Train_U_4Layers_input_size_5_node1_40_node2_40_node3_40_node4_80,0.40069720928238023
Test_U_4Layers_input_size_5_node1_40_node2_40_node3_40_node4_80,0.47588035353126007
Train_U_4Layers_input_size_5_node1_40_node2_40_node3_40_node4_90,0.42372627616684294
Test_U_4Layers_input_size_5_node1_40_node2_40_node3_40_node4_90,0.5010399731814289
Train_U_4Layers_input_size_5_node1_40_node2_40_node3_40_node4_100,0.39733301677000527
Test_U_4Layers_input_size_5_node1_40_node2_40_node3_40_node4_100,0.4727289443428322
Train_U_3Layers_input_size_5_node1_40_node2_40_node3_50_node4_0,0.40006283624149513
Test_U_3Layers_input_size_5_node1_40_node2_40_node3_50_node4_0,0.47553732308260455
Train_U_4Layers_input_size_5_node1_40_node2_40_node3_50_node4_30,0.39396156122440923
Test_U_4Layers_input_size_5_node1_40_node2_40_node3_50_node4_30,0.46759147529377637
Train_U_4Layers_input_size_5_node1_40_node2_40_node3_50_node4_40,0.39449464987014565
Test_U_4Layers_input_size_5_node1_40_node2_40_node3_50_node4_40,0.45958016867713847
Train_U_4Layers_input_size_5_node1_40_node2_40_node3_50_node4_50,0.3999683293083238
Test_U_4Layers_input_size_5_node1_40_node2_40_node3_50_node4_50,0.47524314918677246
Train_U_4Layers_input_size_5_node1_40_node2_40_node3_50_node4_60,0.3904402105030633
Test_U_4Layers_input_size_5_node1_40_node2_40_node3_50_node4_60,0.45396278475743473
Train_U_4Layers_input_size_5_node1_40_node2_40_node3_50_node4_70,0.4069644075009825
Test_U_4Layers_input_size_5_node1_40_node2_40_node3_50_node4_70,0.48335031597402955
Train_U_4Layers_input_size_5_node1_40_node2_40_node3_50_node4_80,0.39298970676609296
Test_U_4Layers_input_size_5_node1_40_node2_40_node3_50_node4_80,0.4669929316126672
Train_U_4Layers_input_size_5_node1_40_node2_40_node3_50_node4_90,0.38642253512854846
Test_U_4Layers_input_size_5_node1_40_node2_40_node3_50_node4_90,0.4534465043838707
Train_U_4Layers_input_size_5_node1_40_node2_40_node3_50_node4_100,0.39258795578827177
Test_U_4Layers_input_size_5_node1_40_node2_40_node3_50_node4_100,0.4650820273683074
Train_U_3Layers_input_size_5_node1_40_node2_40_node3_60_node4_0,0.3942329109663338
Test_U_3Layers_input_size_5_node1_40_node2_40_node3_60_node4_0,0.45661114678304926
Train_U_4Layers_input_size_5_node1_40_node2_40_node3_60_node4_30,0.3879669544610129
Test_U_4Layers_input_size_5_node1_40_node2_40_node3_60_node4_30,0.45506214555837365
Train_U_4Layers_input_size_5_node1_40_node2_40_node3_60_node4_40,0.384983233575984
Test_U_4Layers_input_size_5_node1_40_node2_40_node3_60_node4_40,0.45259087421957783
Train_U_4Layers_input_size_5_node1_40_node2_40_node3_60_node4_50,0.39256647197072575
Test_U_4Layers_input_size_5_node1_40_node2_40_node3_60_node4_50,0.4600573234240962
Train_U_4Layers_input_size_5_node1_40_node2_40_node3_60_node4_60,0.3880762875590203
Test_U_4Layers_input_size_5_node1_40_node2_40_node3_60_node4_60,0.45927079374723145
Train_U_4Layers_input_size_5_node1_40_node2_40_node3_60_node4_70,0.40253451371156224
Test_U_4Layers_input_size_5_node1_40_node2_40_node3_60_node4_70,0.4582695609577949
Train_U_4Layers_input_size_5_node1_40_node2_40_node3_60_node4_80,0.3868529732246622
Test_U_4Layers_input_size_5_node1_40_node2_40_node3_60_node4_80,0.4540381766759813
Train_U_4Layers_input_size_5_node1_40_node2_40_node3_60_node4_90,0.4257192654069274
Test_U_4Layers_input_size_5_node1_40_node2_40_node3_60_node4_90,0.4725421893998725
Train_U_4Layers_input_size_5_node1_40_node2_40_node3_60_node4_100,0.39760414561603996
Test_U_4Layers_input_size_5_node1_40_node2_40_node3_60_node4_100,0.47059904031979927
Train_U_3Layers_input_size_5_node1_40_node2_40_node3_70_node4_0,0.4019305690890885
Test_U_3Layers_input_size_5_node1_40_node2_40_node3_70_node4_0,0.4604369209402934
Train_U_4Layers_input_size_5_node1_40_node2_40_node3_70_node4_30,0.401078298885601
Test_U_4Layers_input_size_5_node1_40_node2_40_node3_70_node4_30,0.47480259796398344
Train_U_4Layers_input_size_5_node1_40_node2_40_node3_70_node4_40,0.3910903447696762
Test_U_4Layers_input_size_5_node1_40_node2_40_node3_70_node4_40,0.46357674590973497
Train_U_4Layers_input_size_5_node1_40_node2_40_node3_70_node4_50,0.3945189559078566
Test_U_4Layers_input_size_5_node1_40_node2_40_node3_70_node4_50,0.46784580761938144
Train_U_4Layers_input_size_5_node1_40_node2_40_node3_70_node4_60,0.4040913266655114
Test_U_4Layers_input_size_5_node1_40_node2_40_node3_70_node4_60,0.4806343506547092
Train_U_4Layers_input_size_5_node1_40_node2_40_node3_70_node4_70,0.38737884211719764
Test_U_4Layers_input_size_5_node1_40_node2_40_node3_70_node4_70,0.45708616855974166
Train_U_4Layers_input_size_5_node1_40_node2_40_node3_70_node4_80,0.3905607170617351
Test_U_4Layers_input_size_5_node1_40_node2_40_node3_70_node4_80,0.45261372298968
Train_U_4Layers_input_size_5_node1_40_node2_40_node3_70_node4_90,0.388660890816984
Test_U_4Layers_input_size_5_node1_40_node2_40_node3_70_node4_90,0.4595949048856311
Train_U_4Layers_input_size_5_node1_40_node2_40_node3_70_node4_100,0.3911517787469646
Test_U_4Layers_input_size_5_node1_40_node2_40_node3_70_node4_100,0.4564990996637063
Train_U_3Layers_input_size_5_node1_40_node2_40_node3_80_node4_0,0.42333984375
Test_U_3Layers_input_size_5_node1_40_node2_40_node3_80_node4_0,0.46724459194035595
Train_U_4Layers_input_size_5_node1_40_node2_40_node3_80_node4_30,0.3893379561497364
Test_U_4Layers_input_size_5_node1_40_node2_40_node3_80_node4_30,0.45205517789590177
Train_U_4Layers_input_size_5_node1_40_node2_40_node3_80_node4_40,0.4021205282878697
Test_U_4Layers_input_size_5_node1_40_node2_40_node3_80_node4_40,0.47712760002241317
Train_U_4Layers_input_size_5_node1_40_node2_40_node3_80_node4_50,0.3907179531128034
Test_U_4Layers_input_size_5_node1_40_node2_40_node3_80_node4_50,0.46275313061624335
Train_U_4Layers_input_size_5_node1_40_node2_40_node3_80_node4_60,0.3905003921125839
Test_U_4Layers_input_size_5_node1_40_node2_40_node3_80_node4_60,0.46033773356962704
Train_U_4Layers_input_size_5_node1_40_node2_40_node3_80_node4_70,0.39493790998647366
Test_U_4Layers_input_size_5_node1_40_node2_40_node3_80_node4_70,0.45945635937968127
Train_U_4Layers_input_size_5_node1_40_node2_40_node3_80_node4_80,0.39023263298921235
Test_U_4Layers_input_size_5_node1_40_node2_40_node3_80_node4_80,0.4518470006528089
Train_U_4Layers_input_size_5_node1_40_node2_40_node3_80_node4_90,0.40633059582493536
Test_U_4Layers_input_size_5_node1_40_node2_40_node3_80_node4_90,0.4832029775929207
Train_U_4Layers_input_size_5_node1_40_node2_40_node3_80_node4_100,0.38923248040151376
Test_U_4Layers_input_size_5_node1_40_node2_40_node3_80_node4_100,0.4557507827718586
Train_U_3Layers_input_size_5_node1_40_node2_40_node3_90_node4_0,0.38552916233919554
Test_U_3Layers_input_size_5_node1_40_node2_40_node3_90_node4_0,0.4501538702369927
Train_U_4Layers_input_size_5_node1_40_node2_40_node3_90_node4_30,0.3900434934071192
Test_U_4Layers_input_size_5_node1_40_node2_40_node3_90_node4_30,0.45911460814437177
Train_U_4Layers_input_size_5_node1_40_node2_40_node3_90_node4_40,0.3923267489646199
Test_U_4Layers_input_size_5_node1_40_node2_40_node3_90_node4_40,0.4585448412833693
Train_U_4Layers_input_size_5_node1_40_node2_40_node3_90_node4_50,0.40910744769087454
Test_U_4Layers_input_size_5_node1_40_node2_40_node3_90_node4_50,0.48601115671252165
Train_U_4Layers_input_size_5_node1_40_node2_40_node3_90_node4_60,0.4130904105014179
Test_U_4Layers_input_size_5_node1_40_node2_40_node3_90_node4_60,0.48985923608761694
Train_U_4Layers_input_size_5_node1_40_node2_40_node3_90_node4_70,0.3908476385794078
Test_U_4Layers_input_size_5_node1_40_node2_40_node3_90_node4_70,0.4558207628753134
Train_U_4Layers_input_size_5_node1_40_node2_40_node3_90_node4_80,0.3963535638003416
Test_U_4Layers_input_size_5_node1_40_node2_40_node3_90_node4_80,0.45631411115056014
Train_U_4Layers_input_size_5_node1_40_node2_40_node3_90_node4_90,0.4408117358548448
Test_U_4Layers_input_size_5_node1_40_node2_40_node3_90_node4_90,0.517738375057565
Train_U_4Layers_input_size_5_node1_40_node2_40_node3_90_node4_100,0.3926815826587039
Test_U_4Layers_input_size_5_node1_40_node2_40_node3_90_node4_100,0.45407199558271605
Train_U_3Layers_input_size_5_node1_40_node2_40_node3_100_node4_0,0.4080659371148171
Test_U_3Layers_input_size_5_node1_40_node2_40_node3_100_node4_0,0.46178295702443534
Train_U_4Layers_input_size_5_node1_40_node2_40_node3_100_node4_30,0.3988658995491284
Test_U_4Layers_input_size_5_node1_40_node2_40_node3_100_node4_30,0.47420641586125645
Train_U_4Layers_input_size_5_node1_40_node2_40_node3_100_node4_40,0.3945552138802851
Test_U_4Layers_input_size_5_node1_40_node2_40_node3_100_node4_40,0.45964001841488383
Train_U_4Layers_input_size_5_node1_40_node2_40_node3_100_node4_50,0.391293221179592
Test_U_4Layers_input_size_5_node1_40_node2_40_node3_100_node4_50,0.4579098074031647
Train_U_4Layers_input_size_5_node1_40_node2_40_node3_100_node4_60,0.38677743023418387
Test_U_4Layers_input_size_5_node1_40_node2_40_node3_100_node4_60,0.4572749995827212
Train_U_4Layers_input_size_5_node1_40_node2_40_node3_100_node4_70,0.4116262342826625
Test_U_4Layers_input_size_5_node1_40_node2_40_node3_100_node4_70,0.4880826622531353
Train_U_4Layers_input_size_5_node1_40_node2_40_node3_100_node4_80,0.3944139211706736
Test_U_4Layers_input_size_5_node1_40_node2_40_node3_100_node4_80,0.46831310893179173
Train_U_4Layers_input_size_5_node1_40_node2_40_node3_100_node4_90,0.40560067075936307
Test_U_4Layers_input_size_5_node1_40_node2_40_node3_100_node4_90,0.48241734985206103
Train_U_4Layers_input_size_5_node1_40_node2_40_node3_100_node4_100,0.39319954270023866
Test_U_4Layers_input_size_5_node1_40_node2_40_node3_100_node4_100,0.4662921523146557
Train_U_2Layers_input_size_5_node1_40_node2_50_node3_0_node4_0,0.3972580788044752
Test_U_2Layers_input_size_5_node1_40_node2_50_node3_0_node4_0,0.4582724548858928
Train_U_3Layers_input_size_5_node1_40_node2_50_node3_30_node4_0,0.39262663128795416
Test_U_3Layers_input_size_5_node1_40_node2_50_node3_30_node4_0,0.46473179599020836
Train_U_4Layers_input_size_5_node1_40_node2_50_node3_30_node4_30,0.42232831688957395
Test_U_4Layers_input_size_5_node1_40_node2_50_node3_30_node4_30,0.49951725245418904
Train_U_4Layers_input_size_5_node1_40_node2_50_node3_30_node4_40,0.3923247169487288
Test_U_4Layers_input_size_5_node1_40_node2_50_node3_30_node4_40,0.46653419349994407
Train_U_4Layers_input_size_5_node1_40_node2_50_node3_30_node4_50,0.39249929898800784
Test_U_4Layers_input_size_5_node1_40_node2_50_node3_30_node4_50,0.46227772694126323
Train_U_4Layers_input_size_5_node1_40_node2_50_node3_30_node4_60,0.3927403015393753
Test_U_4Layers_input_size_5_node1_40_node2_50_node3_30_node4_60,0.46027941520802285
Train_U_4Layers_input_size_5_node1_40_node2_50_node3_30_node4_70,0.3887148119342635
Test_U_4Layers_input_size_5_node1_40_node2_50_node3_30_node4_70,0.45535029511685626
Train_U_4Layers_input_size_5_node1_40_node2_50_node3_30_node4_80,0.4176238410554554
Test_U_4Layers_input_size_5_node1_40_node2_50_node3_30_node4_80,0.4690224173826954
Train_U_4Layers_input_size_5_node1_40_node2_50_node3_30_node4_90,0.3896108432311456
Test_U_4Layers_input_size_5_node1_40_node2_50_node3_30_node4_90,0.4556916157828684
Train_U_4Layers_input_size_5_node1_40_node2_50_node3_30_node4_100,0.3917042699814836
Test_U_4Layers_input_size_5_node1_40_node2_50_node3_30_node4_100,0.46453209054141403
Train_U_3Layers_input_size_5_node1_40_node2_50_node3_40_node4_0,0.3905010408175148
Test_U_3Layers_input_size_5_node1_40_node2_50_node3_40_node4_0,0.46207929885772425
Train_U_4Layers_input_size_5_node1_40_node2_50_node3_40_node4_30,0.394305060482905
Test_U_4Layers_input_size_5_node1_40_node2_50_node3_40_node4_30,0.4617331797867124
Train_U_4Layers_input_size_5_node1_40_node2_50_node3_40_node4_40,0.424364831266079
Test_U_4Layers_input_size_5_node1_40_node2_50_node3_40_node4_40,0.5022400507228688
Train_U_4Layers_input_size_5_node1_40_node2_50_node3_40_node4_50,0.3912429499371833
Test_U_4Layers_input_size_5_node1_40_node2_50_node3_40_node4_50,0.4625606406898277
Train_U_4Layers_input_size_5_node1_40_node2_50_node3_40_node4_60,0.3955247098350823
Test_U_4Layers_input_size_5_node1_40_node2_50_node3_40_node4_60,0.45543319537202964
Train_U_4Layers_input_size_5_node1_40_node2_50_node3_40_node4_70,0.4008026236324517
Test_U_4Layers_input_size_5_node1_40_node2_50_node3_40_node4_70,0.4768542819190973
Train_U_4Layers_input_size_5_node1_40_node2_50_node3_40_node4_80,0.4153241603239156
Test_U_4Layers_input_size_5_node1_40_node2_50_node3_40_node4_80,0.49257612780076093
Train_U_4Layers_input_size_5_node1_40_node2_50_node3_40_node4_90,0.388035200053599
Test_U_4Layers_input_size_5_node1_40_node2_50_node3_40_node4_90,0.4545296076970806
Train_U_4Layers_input_size_5_node1_40_node2_50_node3_40_node4_100,0.3896126790477421
Test_U_4Layers_input_size_5_node1_40_node2_50_node3_40_node4_100,0.4618093359783705
Train_U_3Layers_input_size_5_node1_40_node2_50_node3_50_node4_0,0.3931095075966045
Test_U_3Layers_input_size_5_node1_40_node2_50_node3_50_node4_0,0.46402284921608344
Train_U_4Layers_input_size_5_node1_40_node2_50_node3_50_node4_30,0.3906462282134678
Test_U_4Layers_input_size_5_node1_40_node2_50_node3_50_node4_30,0.4615442678922299
Train_U_4Layers_input_size_5_node1_40_node2_50_node3_50_node4_40,0.39728849827156976
Test_U_4Layers_input_size_5_node1_40_node2_50_node3_50_node4_40,0.47217385447166205
Train_U_4Layers_input_size_5_node1_40_node2_50_node3_50_node4_50,0.3863551231647389
Test_U_4Layers_input_size_5_node1_40_node2_50_node3_50_node4_50,0.4555871269853579
Train_U_4Layers_input_size_5_node1_40_node2_50_node3_50_node4_60,0.387871113850202
Test_U_4Layers_input_size_5_node1_40_node2_50_node3_50_node4_60,0.4524878758181406
Train_U_4Layers_input_size_5_node1_40_node2_50_node3_50_node4_70,0.38875310614470354
Test_U_4Layers_input_size_5_node1_40_node2_50_node3_50_node4_70,0.4557484777083008
Train_U_4Layers_input_size_5_node1_40_node2_50_node3_50_node4_80,0.3891986363626215
Test_U_4Layers_input_size_5_node1_40_node2_50_node3_50_node4_80,0.45453662335421663
Train_U_4Layers_input_size_5_node1_40_node2_50_node3_50_node4_90,0.3822241368360552
Test_U_4Layers_input_size_5_node1_40_node2_50_node3_50_node4_90,0.449952695267531
Train_U_4Layers_input_size_5_node1_40_node2_50_node3_50_node4_100,0.3990472354224843
Test_U_4Layers_input_size_5_node1_40_node2_50_node3_50_node4_100,0.4614988723267885
Train_U_3Layers_input_size_5_node1_40_node2_50_node3_60_node4_0,0.4006927280932858
Test_U_3Layers_input_size_5_node1_40_node2_50_node3_60_node4_0,0.47251319296649225
Train_U_4Layers_input_size_5_node1_40_node2_50_node3_60_node4_30,0.39902337326818577
Test_U_4Layers_input_size_5_node1_40_node2_50_node3_60_node4_30,0.45629608496366447
Train_U_4Layers_input_size_5_node1_40_node2_50_node3_60_node4_40,0.41240538682476574
Test_U_4Layers_input_size_5_node1_40_node2_50_node3_60_node4_40,0.46512295648340696
Train_U_4Layers_input_size_5_node1_40_node2_50_node3_60_node4_50,0.38746267108162136
Test_U_4Layers_input_size_5_node1_40_node2_50_node3_60_node4_50,0.4580280974558699
Train_U_4Layers_input_size_5_node1_40_node2_50_node3_60_node4_60,0.3873331602925643
Test_U_4Layers_input_size_5_node1_40_node2_50_node3_60_node4_60,0.4573841851504038
Train_U_4Layers_input_size_5_node1_40_node2_50_node3_60_node4_70,0.3928981065293803
Test_U_4Layers_input_size_5_node1_40_node2_50_node3_60_node4_70,0.46600902581478637
Train_U_4Layers_input_size_5_node1_40_node2_50_node3_60_node4_80,0.39522811984232104
Test_U_4Layers_input_size_5_node1_40_node2_50_node3_60_node4_80,0.45537552509282825
Train_U_4Layers_input_size_5_node1_40_node2_50_node3_60_node4_90,0.3979664055793043
Test_U_4Layers_input_size_5_node1_40_node2_50_node3_60_node4_90,0.47284225082840503
Train_U_4Layers_input_size_5_node1_40_node2_50_node3_60_node4_100,0.3889111687980215
Test_U_4Layers_input_size_5_node1_40_node2_50_node3_60_node4_100,0.4611751461026133
Train_U_3Layers_input_size_5_node1_40_node2_50_node3_70_node4_0,0.3919236340376263
Test_U_3Layers_input_size_5_node1_40_node2_50_node3_70_node4_0,0.4658447994937643
Train_U_4Layers_input_size_5_node1_40_node2_50_node3_70_node4_30,0.4051809917858731
Test_U_4Layers_input_size_5_node1_40_node2_50_node3_70_node4_30,0.4616103837441533
Train_U_4Layers_input_size_5_node1_40_node2_50_node3_70_node4_40,0.3910896398897573
Test_U_4Layers_input_size_5_node1_40_node2_50_node3_70_node4_40,0.4634695497055413
Train_U_4Layers_input_size_5_node1_40_node2_50_node3_70_node4_50,0.39313107544975817
Test_U_4Layers_input_size_5_node1_40_node2_50_node3_70_node4_50,0.4634894509498735
Train_U_4Layers_input_size_5_node1_40_node2_50_node3_70_node4_60,0.3874910330503993
Test_U_4Layers_input_size_5_node1_40_node2_50_node3_70_node4_60,0.4533309632857629
Train_U_4Layers_input_size_5_node1_40_node2_50_node3_70_node4_70,0.39280278624038806
Test_U_4Layers_input_size_5_node1_40_node2_50_node3_70_node4_70,0.45497365906731224
Train_U_4Layers_input_size_5_node1_40_node2_50_node3_70_node4_80,0.39168041700548406
Test_U_4Layers_input_size_5_node1_40_node2_50_node3_70_node4_80,0.46235743529140516
Train_U_4Layers_input_size_5_node1_40_node2_50_node3_70_node4_90,0.4177478670103453
Test_U_4Layers_input_size_5_node1_40_node2_50_node3_70_node4_90,0.4715721213065174
Train_U_4Layers_input_size_5_node1_40_node2_50_node3_70_node4_100,0.409554812565991
Test_U_4Layers_input_size_5_node1_40_node2_50_node3_70_node4_100,0.48650932766282995
Train_U_3Layers_input_size_5_node1_40_node2_50_node3_80_node4_0,0.39548577141275054
Test_U_3Layers_input_size_5_node1_40_node2_50_node3_80_node4_0,0.4635611076421504
Train_U_4Layers_input_size_5_node1_40_node2_50_node3_80_node4_30,0.3954242570943776
Test_U_4Layers_input_size_5_node1_40_node2_50_node3_80_node4_30,0.45683837146281886
Train_U_4Layers_input_size_5_node1_40_node2_50_node3_80_node4_40,0.3933799298853014
Test_U_4Layers_input_size_5_node1_40_node2_50_node3_80_node4_40,0.45520978668411527
Train_U_4Layers_input_size_5_node1_40_node2_50_node3_80_node4_50,0.39047484372907204
Test_U_4Layers_input_size_5_node1_40_node2_50_node3_80_node4_50,0.46255397223961836
Train_U_4Layers_input_size_5_node1_40_node2_50_node3_80_node4_60,0.38724049138585004
Test_U_4Layers_input_size_5_node1_40_node2_50_node3_80_node4_60,0.4545459828590444
Train_U_4Layers_input_size_5_node1_40_node2_50_node3_80_node4_70,0.4238422584814019
Test_U_4Layers_input_size_5_node1_40_node2_50_node3_80_node4_70,0.5008532872512087
Train_U_4Layers_input_size_5_node1_40_node2_50_node3_80_node4_80,0.3912125936426463
Test_U_4Layers_input_size_5_node1_40_node2_50_node3_80_node4_80,0.46470564706099443
Train_U_4Layers_input_size_5_node1_40_node2_50_node3_80_node4_90,0.3946958519541984
Test_U_4Layers_input_size_5_node1_40_node2_50_node3_80_node4_90,0.4692387099566769
Train_U_4Layers_input_size_5_node1_40_node2_50_node3_80_node4_100,0.39914752302408313
Test_U_4Layers_input_size_5_node1_40_node2_50_node3_80_node4_100,0.4565034410633199
Train_U_3Layers_input_size_5_node1_40_node2_50_node3_90_node4_0,0.3916327066950815
Test_U_3Layers_input_size_5_node1_40_node2_50_node3_90_node4_0,0.4598584232976974
Train_U_4Layers_input_size_5_node1_40_node2_50_node3_90_node4_30,0.4050328471262143
Test_U_4Layers_input_size_5_node1_40_node2_50_node3_90_node4_30,0.48059061877396875
Train_U_4Layers_input_size_5_node1_40_node2_50_node3_90_node4_40,0.39433710590282034
Test_U_4Layers_input_size_5_node1_40_node2_50_node3_90_node4_40,0.4556704419764961
Train_U_4Layers_input_size_5_node1_40_node2_50_node3_90_node4_50,0.39585179570291756
Test_U_4Layers_input_size_5_node1_40_node2_50_node3_90_node4_50,0.4699582581296659
Train_U_4Layers_input_size_5_node1_40_node2_50_node3_90_node4_60,0.4206455294004795
Test_U_4Layers_input_size_5_node1_40_node2_50_node3_90_node4_60,0.4975701837060191
Train_U_4Layers_input_size_5_node1_40_node2_50_node3_90_node4_70,0.39544375807499615
Test_U_4Layers_input_size_5_node1_40_node2_50_node3_90_node4_70,0.45670407966285076
Train_U_4Layers_input_size_5_node1_40_node2_50_node3_90_node4_80,0.39745940037085675
Test_U_4Layers_input_size_5_node1_40_node2_50_node3_90_node4_80,0.47224908425871887
Train_U_4Layers_input_size_5_node1_40_node2_50_node3_90_node4_90,0.3873066527470193
Test_U_4Layers_input_size_5_node1_40_node2_50_node3_90_node4_90,0.45870904983980615
Train_U_4Layers_input_size_5_node1_40_node2_50_node3_90_node4_100,0.4271795079251762
Test_U_4Layers_input_size_5_node1_40_node2_50_node3_90_node4_100,0.4737123088387443
Train_U_3Layers_input_size_5_node1_40_node2_50_node3_100_node4_0,0.40239457855634636
Test_U_3Layers_input_size_5_node1_40_node2_50_node3_100_node4_0,0.47837508337011675
Train_U_4Layers_input_size_5_node1_40_node2_50_node3_100_node4_30,0.39405004029386925
Test_U_4Layers_input_size_5_node1_40_node2_50_node3_100_node4_30,0.46712836462232626
Train_U_4Layers_input_size_5_node1_40_node2_50_node3_100_node4_40,0.40589032390181096
Test_U_4Layers_input_size_5_node1_40_node2_50_node3_100_node4_40,0.4817517216646226
Train_U_4Layers_input_size_5_node1_40_node2_50_node3_100_node4_50,0.3871956591481533
Test_U_4Layers_input_size_5_node1_40_node2_50_node3_100_node4_50,0.45275179522541265
Train_U_4Layers_input_size_5_node1_40_node2_50_node3_100_node4_60,0.43079102735800656
Test_U_4Layers_input_size_5_node1_40_node2_50_node3_100_node4_60,0.5086828842225513
Train_U_4Layers_input_size_5_node1_40_node2_50_node3_100_node4_70,0.4603684193661034
Test_U_4Layers_input_size_5_node1_40_node2_50_node3_100_node4_70,0.5364715673301903
Train_U_4Layers_input_size_5_node1_40_node2_50_node3_100_node4_80,0.38690770474736497
Test_U_4Layers_input_size_5_node1_40_node2_50_node3_100_node4_80,0.4581027552732287
Train_U_4Layers_input_size_5_node1_40_node2_50_node3_100_node4_90,0.39061847681320927
Test_U_4Layers_input_size_5_node1_40_node2_50_node3_100_node4_90,0.4530058737072973
Train_U_4Layers_input_size_5_node1_40_node2_50_node3_100_node4_100,0.40206175245502845
Test_U_4Layers_input_size_5_node1_40_node2_50_node3_100_node4_100,0.4604152857067865
Train_U_2Layers_input_size_5_node1_40_node2_60_node3_0_node4_0,0.40350005275815787
Test_U_2Layers_input_size_5_node1_40_node2_60_node3_0_node4_0,0.479941287920321
Train_U_3Layers_input_size_5_node1_40_node2_60_node3_30_node4_0,0.41140938922453707
Test_U_3Layers_input_size_5_node1_40_node2_60_node3_30_node4_0,0.4649409505052262
Train_U_4Layers_input_size_5_node1_40_node2_60_node3_30_node4_30,0.3921134248058092
Test_U_4Layers_input_size_5_node1_40_node2_60_node3_30_node4_30,0.4642888451564989
Train_U_4Layers_input_size_5_node1_40_node2_60_node3_30_node4_40,0.390640773454727
Test_U_4Layers_input_size_5_node1_40_node2_60_node3_30_node4_40,0.456537485344744
Train_U_4Layers_input_size_5_node1_40_node2_60_node3_30_node4_50,0.3935305490971451
Test_U_4Layers_input_size_5_node1_40_node2_60_node3_30_node4_50,0.4658298771354104
Train_U_4Layers_input_size_5_node1_40_node2_60_node3_30_node4_60,0.39485419624497703
Test_U_4Layers_input_size_5_node1_40_node2_60_node3_30_node4_60,0.4576336729472478
Train_U_4Layers_input_size_5_node1_40_node2_60_node3_30_node4_70,0.39776166931264123
Test_U_4Layers_input_size_5_node1_40_node2_60_node3_30_node4_70,0.4724230230288138
Train_U_4Layers_input_size_5_node1_40_node2_60_node3_30_node4_80,0.3854234948283706
Test_U_4Layers_input_size_5_node1_40_node2_60_node3_30_node4_80,0.45037364944268216
Train_U_4Layers_input_size_5_node1_40_node2_60_node3_30_node4_90,0.40377971725816564
Test_U_4Layers_input_size_5_node1_40_node2_60_node3_30_node4_90,0.48040507445144726
Train_U_4Layers_input_size_5_node1_40_node2_60_node3_30_node4_100,0.3884750327822878
Test_U_4Layers_input_size_5_node1_40_node2_60_node3_30_node4_100,0.458343577992935
Train_U_3Layers_input_size_5_node1_40_node2_60_node3_40_node4_0,0.3950263967023524
Test_U_3Layers_input_size_5_node1_40_node2_60_node3_40_node4_0,0.4573700944763072
Train_U_4Layers_input_size_5_node1_40_node2_60_node3_40_node4_30,0.39268338514591866
Test_U_4Layers_input_size_5_node1_40_node2_60_node3_40_node4_30,0.45651093232872303
Train_U_4Layers_input_size_5_node1_40_node2_60_node3_40_node4_40,0.3870824971958214
Test_U_4Layers_input_size_5_node1_40_node2_60_node3_40_node4_40,0.45779575082911783
Train_U_4Layers_input_size_5_node1_40_node2_60_node3_40_node4_50,0.3901594439441871
Test_U_4Layers_input_size_5_node1_40_node2_60_node3_40_node4_50,0.45939312853691666
Train_U_4Layers_input_size_5_node1_40_node2_60_node3_40_node4_60,0.39676258116967317
Test_U_4Layers_input_size_5_node1_40_node2_60_node3_40_node4_60,0.459017715866428
Train_U_4Layers_input_size_5_node1_40_node2_60_node3_40_node4_70,0.39655169963032333
Test_U_4Layers_input_size_5_node1_40_node2_60_node3_40_node4_70,0.45582880474969995
Train_U_4Layers_input_size_5_node1_40_node2_60_node3_40_node4_80,0.402298378469436
Test_U_4Layers_input_size_5_node1_40_node2_60_node3_40_node4_80,0.4595865074121888
Train_U_4Layers_input_size_5_node1_40_node2_60_node3_40_node4_90,0.3967283466045313
Test_U_4Layers_input_size_5_node1_40_node2_60_node3_40_node4_90,0.45497508376407025
Train_U_4Layers_input_size_5_node1_40_node2_60_node3_40_node4_100,0.39346206370203257
Test_U_4Layers_input_size_5_node1_40_node2_60_node3_40_node4_100,0.45749801862006206
Train_U_3Layers_input_size_5_node1_40_node2_60_node3_50_node4_0,0.39758237066267643
Test_U_3Layers_input_size_5_node1_40_node2_60_node3_50_node4_0,0.45850803737501294
Train_U_4Layers_input_size_5_node1_40_node2_60_node3_50_node4_30,0.4660712471931869
Test_U_4Layers_input_size_5_node1_40_node2_60_node3_50_node4_30,0.5439657210899429
Train_U_4Layers_input_size_5_node1_40_node2_60_node3_50_node4_40,0.423379546418964
Test_U_4Layers_input_size_5_node1_40_node2_60_node3_50_node4_40,0.5018471631967883
Train_U_4Layers_input_size_5_node1_40_node2_60_node3_50_node4_50,0.39315556054130263
Test_U_4Layers_input_size_5_node1_40_node2_60_node3_50_node4_50,0.45556611186812235
Train_U_4Layers_input_size_5_node1_40_node2_60_node3_50_node4_60,0.3948168523432912
Test_U_4Layers_input_size_5_node1_40_node2_60_node3_50_node4_60,0.4679150456609641
Train_U_4Layers_input_size_5_node1_40_node2_60_node3_50_node4_70,0.47026098228986996
Test_U_4Layers_input_size_5_node1_40_node2_60_node3_50_node4_70,0.5468131439104038
Train_U_4Layers_input_size_5_node1_40_node2_60_node3_50_node4_80,0.4138823603197662
Test_U_4Layers_input_size_5_node1_40_node2_60_node3_50_node4_80,0.466475643573924
Train_U_4Layers_input_size_5_node1_40_node2_60_node3_50_node4_90,0.3904427293867232
Test_U_4Layers_input_size_5_node1_40_node2_60_node3_50_node4_90,0.45893747617671365
Train_U_4Layers_input_size_5_node1_40_node2_60_node3_50_node4_100,0.3903510659057305
Test_U_4Layers_input_size_5_node1_40_node2_60_node3_50_node4_100,0.4626930394565694
Train_U_3Layers_input_size_5_node1_40_node2_60_node3_60_node4_0,0.4093489558547549
Test_U_3Layers_input_size_5_node1_40_node2_60_node3_60_node4_0,0.46335904849627346
Train_U_4Layers_input_size_5_node1_40_node2_60_node3_60_node4_30,0.3988445857702135
Test_U_4Layers_input_size_5_node1_40_node2_60_node3_60_node4_30,0.4607792275462971
Train_U_4Layers_input_size_5_node1_40_node2_60_node3_60_node4_40,0.3960835728287784
Test_U_4Layers_input_size_5_node1_40_node2_60_node3_60_node4_40,0.45550796771801305
Train_U_4Layers_input_size_5_node1_40_node2_60_node3_60_node4_50,0.39078731979055054
Test_U_4Layers_input_size_5_node1_40_node2_60_node3_60_node4_50,0.4631188228519551
Train_U_4Layers_input_size_5_node1_40_node2_60_node3_60_node4_60,0.41735202531168913
Test_U_4Layers_input_size_5_node1_40_node2_60_node3_60_node4_60,0.4937638968914324
Train_U_4Layers_input_size_5_node1_40_node2_60_node3_60_node4_70,0.38911543030311146
Test_U_4Layers_input_size_5_node1_40_node2_60_node3_60_node4_70,0.4614953367094796
Train_U_4Layers_input_size_5_node1_40_node2_60_node3_60_node4_80,0.3916129969118989
Test_U_4Layers_input_size_5_node1_40_node2_60_node3_60_node4_80,0.46334203607575775
Train_U_4Layers_input_size_5_node1_40_node2_60_node3_60_node4_90,0.38990366137092336
Test_U_4Layers_input_size_5_node1_40_node2_60_node3_60_node4_90,0.45598281522731854
Train_U_4Layers_input_size_5_node1_40_node2_60_node3_60_node4_100,0.40446768943908706
Test_U_4Layers_input_size_5_node1_40_node2_60_node3_60_node4_100,0.46065992952723295
Train_U_3Layers_input_size_5_node1_40_node2_60_node3_70_node4_0,0.39171026152949207
Test_U_3Layers_input_size_5_node1_40_node2_60_node3_70_node4_0,0.4643856484025296
Train_U_4Layers_input_size_5_node1_40_node2_60_node3_70_node4_30,0.39121133668129754
Test_U_4Layers_input_size_5_node1_40_node2_60_node3_70_node4_30,0.4624822561623469
Train_U_4Layers_input_size_5_node1_40_node2_60_node3_70_node4_40,0.3874531333022777
Test_U_4Layers_input_size_5_node1_40_node2_60_node3_70_node4_40,0.456973390095622
Train_U_4Layers_input_size_5_node1_40_node2_60_node3_70_node4_50,0.3931522441514699
Test_U_4Layers_input_size_5_node1_40_node2_60_node3_70_node4_50,0.45379104662423103
Train_U_4Layers_input_size_5_node1_40_node2_60_node3_70_node4_60,0.43785914938352927
Test_U_4Layers_input_size_5_node1_40_node2_60_node3_70_node4_60,0.5162430151773987
Train_U_4Layers_input_size_5_node1_40_node2_60_node3_70_node4_70,0.40062697343146836
Test_U_4Layers_input_size_5_node1_40_node2_60_node3_70_node4_70,0.4755571266549566
Train_U_4Layers_input_size_5_node1_40_node2_60_node3_70_node4_80,0.39557490780471355
Test_U_4Layers_input_size_5_node1_40_node2_60_node3_70_node4_80,0.454198240427962
Train_U_4Layers_input_size_5_node1_40_node2_60_node3_70_node4_90,0.4182243278796735
Test_U_4Layers_input_size_5_node1_40_node2_60_node3_70_node4_90,0.46829778792893156
Train_U_4Layers_input_size_5_node1_40_node2_60_node3_70_node4_100,0.39119251986804143
Test_U_4Layers_input_size_5_node1_40_node2_60_node3_70_node4_100,0.46415370725601574
Train_U_3Layers_input_size_5_node1_40_node2_60_node3_80_node4_0,0.3953141668533345
Test_U_3Layers_input_size_5_node1_40_node2_60_node3_80_node4_0,0.4691697466575839
Train_U_4Layers_input_size_5_node1_40_node2_60_node3_80_node4_30,0.3925276766574077
Test_U_4Layers_input_size_5_node1_40_node2_60_node3_80_node4_30,0.461941304925756
Train_U_4Layers_input_size_5_node1_40_node2_60_node3_80_node4_40,0.39504303172669336
Test_U_4Layers_input_size_5_node1_40_node2_60_node3_80_node4_40,0.46929180304458606
Train_U_4Layers_input_size_5_node1_40_node2_60_node3_80_node4_50,0.43971758196639493
Test_U_4Layers_input_size_5_node1_40_node2_60_node3_80_node4_50,0.517184096725653
Train_U_4Layers_input_size_5_node1_40_node2_60_node3_80_node4_60,0.3892063319286108
Test_U_4Layers_input_size_5_node1_40_node2_60_node3_80_node4_60,0.45931112143724534
Train_U_4Layers_input_size_5_node1_40_node2_60_node3_80_node4_70,0.38820436050239926
Test_U_4Layers_input_size_5_node1_40_node2_60_node3_80_node4_70,0.459040877739942
Train_U_4Layers_input_size_5_node1_40_node2_60_node3_80_node4_80,0.3926593070285014
Test_U_4Layers_input_size_5_node1_40_node2_60_node3_80_node4_80,0.46652346149397567
Train_U_4Layers_input_size_5_node1_40_node2_60_node3_80_node4_90,0.39524661257653715
Test_U_4Layers_input_size_5_node1_40_node2_60_node3_80_node4_90,0.46936806621585775
Train_U_4Layers_input_size_5_node1_40_node2_60_node3_80_node4_100,0.3964353822401682
Test_U_4Layers_input_size_5_node1_40_node2_60_node3_80_node4_100,0.4613977978814202
Train_U_3Layers_input_size_5_node1_40_node2_60_node3_90_node4_0,0.39308356016650003
Test_U_3Layers_input_size_5_node1_40_node2_60_node3_90_node4_0,0.46626203214649986
Train_U_4Layers_input_size_5_node1_40_node2_60_node3_90_node4_30,0.41068252224446095
Test_U_4Layers_input_size_5_node1_40_node2_60_node3_90_node4_30,0.4641220516950567
Train_U_4Layers_input_size_5_node1_40_node2_60_node3_90_node4_40,0.39249817902452383
Test_U_4Layers_input_size_5_node1_40_node2_60_node3_90_node4_40,0.45299003498430523
Train_U_4Layers_input_size_5_node1_40_node2_60_node3_90_node4_50,0.40316715981086787
Test_U_4Layers_input_size_5_node1_40_node2_60_node3_90_node4_50,0.47948783670537554
Train_U_4Layers_input_size_5_node1_40_node2_60_node3_90_node4_60,0.390799102131389
Test_U_4Layers_input_size_5_node1_40_node2_60_node3_90_node4_60,0.46276399836087057
Train_U_4Layers_input_size_5_node1_40_node2_60_node3_90_node4_70,0.39530713677066426
Test_U_4Layers_input_size_5_node1_40_node2_60_node3_90_node4_70,0.46952065060754405
Train_U_4Layers_input_size_5_node1_40_node2_60_node3_90_node4_80,0.3864095202908029
Test_U_4Layers_input_size_5_node1_40_node2_60_node3_90_node4_80,0.4574020055662687
Train_U_4Layers_input_size_5_node1_40_node2_60_node3_90_node4_90,0.38970323526264566
Test_U_4Layers_input_size_5_node1_40_node2_60_node3_90_node4_90,0.4519398251277053
Train_U_4Layers_input_size_5_node1_40_node2_60_node3_90_node4_100,0.390246474925218
Test_U_4Layers_input_size_5_node1_40_node2_60_node3_90_node4_100,0.4550303487297874
Train_U_3Layers_input_size_5_node1_40_node2_60_node3_100_node4_0,0.39473488717264316
Test_U_3Layers_input_size_5_node1_40_node2_60_node3_100_node4_0,0.45241365831384045
Train_U_4Layers_input_size_5_node1_40_node2_60_node3_100_node4_30,0.4213661197653423
Test_U_4Layers_input_size_5_node1_40_node2_60_node3_100_node4_30,0.49961945834509236
Train_U_4Layers_input_size_5_node1_40_node2_60_node3_100_node4_40,0.3892247470683133
Test_U_4Layers_input_size_5_node1_40_node2_60_node3_100_node4_40,0.45637837263129016
Train_U_4Layers_input_size_5_node1_40_node2_60_node3_100_node4_50,0.3869686667796423
Test_U_4Layers_input_size_5_node1_40_node2_60_node3_100_node4_50,0.45412143130571053
Train_U_4Layers_input_size_5_node1_40_node2_60_node3_100_node4_60,0.39205358582257804
Test_U_4Layers_input_size_5_node1_40_node2_60_node3_100_node4_60,0.4573928836851054
Train_U_4Layers_input_size_5_node1_40_node2_60_node3_100_node4_70,0.46462776872509354
Test_U_4Layers_input_size_5_node1_40_node2_60_node3_100_node4_70,0.542799587107145
Train_U_4Layers_input_size_5_node1_40_node2_60_node3_100_node4_80,0.3946725195837872
Test_U_4Layers_input_size_5_node1_40_node2_60_node3_100_node4_80,0.45755574704915997
Train_U_4Layers_input_size_5_node1_40_node2_60_node3_100_node4_90,0.38800902850053554
Test_U_4Layers_input_size_5_node1_40_node2_60_node3_100_node4_90,0.4576417155251675
Train_U_4Layers_input_size_5_node1_40_node2_60_node3_100_node4_100,0.3927747319530704
Test_U_4Layers_input_size_5_node1_40_node2_60_node3_100_node4_100,0.4528914375817743
Train_U_2Layers_input_size_5_node1_40_node2_70_node3_0_node4_0,0.38656372276735695
Test_U_2Layers_input_size_5_node1_40_node2_70_node3_0_node4_0,0.45726075889856793
Train_U_3Layers_input_size_5_node1_40_node2_70_node3_30_node4_0,0.4252779724770689
Test_U_3Layers_input_size_5_node1_40_node2_70_node3_30_node4_0,0.4709489425858719
Train_U_4Layers_input_size_5_node1_40_node2_70_node3_30_node4_30,0.41362872884804003
Test_U_4Layers_input_size_5_node1_40_node2_70_node3_30_node4_30,0.46493061440147515
Train_U_4Layers_input_size_5_node1_40_node2_70_node3_30_node4_40,0.4467617011328364
Test_U_4Layers_input_size_5_node1_40_node2_70_node3_30_node4_40,0.524172679394601
Train_U_4Layers_input_size_5_node1_40_node2_70_node3_30_node4_50,0.38758890916292166
Test_U_4Layers_input_size_5_node1_40_node2_70_node3_30_node4_50,0.4560024386746465
Train_U_4Layers_input_size_5_node1_40_node2_70_node3_30_node4_60,0.4073561318187102
Test_U_4Layers_input_size_5_node1_40_node2_70_node3_30_node4_60,0.4588153446703276
Train_U_4Layers_input_size_5_node1_40_node2_70_node3_30_node4_70,0.39366697314027316
Test_U_4Layers_input_size_5_node1_40_node2_70_node3_30_node4_70,0.4674300524203357
Train_U_4Layers_input_size_5_node1_40_node2_70_node3_30_node4_80,0.38717470358822875
Test_U_4Layers_input_size_5_node1_40_node2_70_node3_30_node4_80,0.4530982305577637
Train_U_4Layers_input_size_5_node1_40_node2_70_node3_30_node4_90,0.39241234994302837
Test_U_4Layers_input_size_5_node1_40_node2_70_node3_30_node4_90,0.4631462518034839
Train_U_4Layers_input_size_5_node1_40_node2_70_node3_30_node4_100,0.38835829156614365
Test_U_4Layers_input_size_5_node1_40_node2_70_node3_30_node4_100,0.45688114798775836
Train_U_3Layers_input_size_5_node1_40_node2_70_node3_40_node4_0,0.43238274828873907
Test_U_3Layers_input_size_5_node1_40_node2_70_node3_40_node4_0,0.5102169625811782
Train_U_4Layers_input_size_5_node1_40_node2_70_node3_40_node4_30,0.41029766006536983
Test_U_4Layers_input_size_5_node1_40_node2_70_node3_40_node4_30,0.4870411345549974
Train_U_4Layers_input_size_5_node1_40_node2_70_node3_40_node4_40,0.38580802645330614
Test_U_4Layers_input_size_5_node1_40_node2_70_node3_40_node4_40,0.4566994138912268
Train_U_4Layers_input_size_5_node1_40_node2_70_node3_40_node4_50,0.3924773736980244
Test_U_4Layers_input_size_5_node1_40_node2_70_node3_40_node4_50,0.46513697247575353
Train_U_4Layers_input_size_5_node1_40_node2_70_node3_40_node4_60,0.4093132438379141
Test_U_4Layers_input_size_5_node1_40_node2_70_node3_40_node4_60,0.4855365669218149
Train_U_4Layers_input_size_5_node1_40_node2_70_node3_40_node4_70,0.39023129650043414
Test_U_4Layers_input_size_5_node1_40_node2_70_node3_40_node4_70,0.45834510600258177
Train_U_4Layers_input_size_5_node1_40_node2_70_node3_40_node4_80,0.3903662778458347
Test_U_4Layers_input_size_5_node1_40_node2_70_node3_40_node4_80,0.45307303821307604
Train_U_4Layers_input_size_5_node1_40_node2_70_node3_40_node4_90,0.41234406572787335
Test_U_4Layers_input_size_5_node1_40_node2_70_node3_40_node4_90,0.4630862599230561
Train_U_4Layers_input_size_5_node1_40_node2_70_node3_40_node4_100,0.39631951949697025
Test_U_4Layers_input_size_5_node1_40_node2_70_node3_40_node4_100,0.4693602880668845
Train_U_3Layers_input_size_5_node1_40_node2_70_node3_50_node4_0,0.3948234571307562
Test_U_3Layers_input_size_5_node1_40_node2_70_node3_50_node4_0,0.46827054935279316
Train_U_4Layers_input_size_5_node1_40_node2_70_node3_50_node4_30,0.39861906813869885
Test_U_4Layers_input_size_5_node1_40_node2_70_node3_50_node4_30,0.4739537832719429
Train_U_4Layers_input_size_5_node1_40_node2_70_node3_50_node4_40,0.43051463192432127
Test_U_4Layers_input_size_5_node1_40_node2_70_node3_50_node4_40,0.5087668620883823
Train_U_4Layers_input_size_5_node1_40_node2_70_node3_50_node4_50,0.3930875026183086
Test_U_4Layers_input_size_5_node1_40_node2_70_node3_50_node4_50,0.45693248105387535
Train_U_4Layers_input_size_5_node1_40_node2_70_node3_50_node4_60,0.4036446253440583
Test_U_4Layers_input_size_5_node1_40_node2_70_node3_50_node4_60,0.45974340782189616
Train_U_4Layers_input_size_5_node1_40_node2_70_node3_50_node4_70,0.3903294780572301
Test_U_4Layers_input_size_5_node1_40_node2_70_node3_50_node4_70,0.4541347204428595
Train_U_4Layers_input_size_5_node1_40_node2_70_node3_50_node4_80,0.3936975943795392
Test_U_4Layers_input_size_5_node1_40_node2_70_node3_50_node4_80,0.4654081908723246
Train_U_4Layers_input_size_5_node1_40_node2_70_node3_50_node4_90,0.39740964666368195
Test_U_4Layers_input_size_5_node1_40_node2_70_node3_50_node4_90,0.47255573307313764
Train_U_4Layers_input_size_5_node1_40_node2_70_node3_50_node4_100,0.39650081731969383
Test_U_4Layers_input_size_5_node1_40_node2_70_node3_50_node4_100,0.47176153448262836
Train_U_3Layers_input_size_5_node1_40_node2_70_node3_60_node4_0,0.3989622736737092
Test_U_3Layers_input_size_5_node1_40_node2_70_node3_60_node4_0,0.47361907939074616
Train_U_4Layers_input_size_5_node1_40_node2_70_node3_60_node4_30,0.3929113046510156
Test_U_4Layers_input_size_5_node1_40_node2_70_node3_60_node4_30,0.4670416856393031
Train_U_4Layers_input_size_5_node1_40_node2_70_node3_60_node4_40,0.38943485152094404
Test_U_4Layers_input_size_5_node1_40_node2_70_node3_60_node4_40,0.45495284488529303
Train_U_4Layers_input_size_5_node1_40_node2_70_node3_60_node4_50,0.3872458786015532
Test_U_4Layers_input_size_5_node1_40_node2_70_node3_60_node4_50,0.45516032184700583
Train_U_4Layers_input_size_5_node1_40_node2_70_node3_60_node4_60,0.3897247239775209
Test_U_4Layers_input_size_5_node1_40_node2_70_node3_60_node4_60,0.4631094918119128
Train_U_4Layers_input_size_5_node1_40_node2_70_node3_60_node4_70,0.39067315758446275
Test_U_4Layers_input_size_5_node1_40_node2_70_node3_60_node4_70,0.4609621170711843
Train_U_4Layers_input_size_5_node1_40_node2_70_node3_60_node4_80,0.39043654664327615
Test_U_4Layers_input_size_5_node1_40_node2_70_node3_60_node4_80,0.45068924756703854
Train_U_4Layers_input_size_5_node1_40_node2_70_node3_60_node4_90,0.38514560971061246
Test_U_4Layers_input_size_5_node1_40_node2_70_node3_60_node4_90,0.4525166406785707
Train_U_4Layers_input_size_5_node1_40_node2_70_node3_60_node4_100,0.3899777772575286
Test_U_4Layers_input_size_5_node1_40_node2_70_node3_60_node4_100,0.46107684469951793
Train_U_3Layers_input_size_5_node1_40_node2_70_node3_70_node4_0,0.4046215467579639
Test_U_3Layers_input_size_5_node1_40_node2_70_node3_70_node4_0,0.4804073852801583
Train_U_4Layers_input_size_5_node1_40_node2_70_node3_70_node4_30,0.4016802418493615
Test_U_4Layers_input_size_5_node1_40_node2_70_node3_70_node4_30,0.460932472977462
Train_U_4Layers_input_size_5_node1_40_node2_70_node3_70_node4_40,0.4175415172891959
Test_U_4Layers_input_size_5_node1_40_node2_70_node3_70_node4_40,0.4673914454643627
Train_U_4Layers_input_size_5_node1_40_node2_70_node3_70_node4_50,0.3971815509785818
Test_U_4Layers_input_size_5_node1_40_node2_70_node3_70_node4_50,0.4563000854017674
Train_U_4Layers_input_size_5_node1_40_node2_70_node3_70_node4_60,0.4060581744742937
Test_U_4Layers_input_size_5_node1_40_node2_70_node3_70_node4_60,0.48251144257254663
Train_U_4Layers_input_size_5_node1_40_node2_70_node3_70_node4_70,0.3887378502446666
Test_U_4Layers_input_size_5_node1_40_node2_70_node3_70_node4_70,0.460230349547551
Train_U_4Layers_input_size_5_node1_40_node2_70_node3_70_node4_80,0.38686167840407876
Test_U_4Layers_input_size_5_node1_40_node2_70_node3_70_node4_80,0.4520137083551026
Train_U_4Layers_input_size_5_node1_40_node2_70_node3_70_node4_90,0.4007360689451135
Test_U_4Layers_input_size_5_node1_40_node2_70_node3_70_node4_90,0.4530820990675368
Train_U_4Layers_input_size_5_node1_40_node2_70_node3_70_node4_100,0.3878607601105233
Test_U_4Layers_input_size_5_node1_40_node2_70_node3_70_node4_100,0.4597239764722076
Train_U_3Layers_input_size_5_node1_40_node2_70_node3_80_node4_0,0.42444886838596074
Test_U_3Layers_input_size_5_node1_40_node2_70_node3_80_node4_0,0.471973114676463
Train_U_4Layers_input_size_5_node1_40_node2_70_node3_80_node4_30,0.3932959224129713
Test_U_4Layers_input_size_5_node1_40_node2_70_node3_80_node4_30,0.4615631383479514
Train_U_4Layers_input_size_5_node1_40_node2_70_node3_80_node4_40,0.3941706718734639
Test_U_4Layers_input_size_5_node1_40_node2_70_node3_80_node4_40,0.4643764711718661
Train_U_4Layers_input_size_5_node1_40_node2_70_node3_80_node4_50,0.39166474248873384
Test_U_4Layers_input_size_5_node1_40_node2_70_node3_80_node4_50,0.4576579304954383
Train_U_4Layers_input_size_5_node1_40_node2_70_node3_80_node4_60,0.3936137114911332
Test_U_4Layers_input_size_5_node1_40_node2_70_node3_80_node4_60,0.46474894991464166
Train_U_4Layers_input_size_5_node1_40_node2_70_node3_80_node4_70,0.3879783999732784
Test_U_4Layers_input_size_5_node1_40_node2_70_node3_80_node4_70,0.45653427034139193
Train_U_4Layers_input_size_5_node1_40_node2_70_node3_80_node4_80,0.3946476943903828
Test_U_4Layers_input_size_5_node1_40_node2_70_node3_80_node4_80,0.4619384984978656
Train_U_4Layers_input_size_5_node1_40_node2_70_node3_80_node4_90,0.3894027088097026
Test_U_4Layers_input_size_5_node1_40_node2_70_node3_80_node4_90,0.4547690787001549
Train_U_4Layers_input_size_5_node1_40_node2_70_node3_80_node4_100,0.3957020412177922
Test_U_4Layers_input_size_5_node1_40_node2_70_node3_80_node4_100,0.4694149704840501
Train_U_3Layers_input_size_5_node1_40_node2_70_node3_90_node4_0,0.3940658279084813
Test_U_3Layers_input_size_5_node1_40_node2_70_node3_90_node4_0,0.46816885209289266
Train_U_4Layers_input_size_5_node1_40_node2_70_node3_90_node4_30,0.4028286835502468
Test_U_4Layers_input_size_5_node1_40_node2_70_node3_90_node4_30,0.46282333979511053
Train_U_4Layers_input_size_5_node1_40_node2_70_node3_90_node4_40,0.3918428890329247
Test_U_4Layers_input_size_5_node1_40_node2_70_node3_90_node4_40,0.4560276979224293
Train_U_4Layers_input_size_5_node1_40_node2_70_node3_90_node4_50,0.387383323454455
Test_U_4Layers_input_size_5_node1_40_node2_70_node3_90_node4_50,0.4540598696365358
Train_U_4Layers_input_size_5_node1_40_node2_70_node3_90_node4_60,0.4622467649376551
Test_U_4Layers_input_size_5_node1_40_node2_70_node3_90_node4_60,0.5389401117239648
Train_U_4Layers_input_size_5_node1_40_node2_70_node3_90_node4_70,0.4071665657909694
Test_U_4Layers_input_size_5_node1_40_node2_70_node3_90_node4_70,0.4831129059258626
Train_U_4Layers_input_size_5_node1_40_node2_70_node3_90_node4_80,0.39761651295871636
Test_U_4Layers_input_size_5_node1_40_node2_70_node3_90_node4_80,0.4582474006666518
Train_U_4Layers_input_size_5_node1_40_node2_70_node3_90_node4_90,0.3918313092116324
Test_U_4Layers_input_size_5_node1_40_node2_70_node3_90_node4_90,0.45191407360545444
Train_U_4Layers_input_size_5_node1_40_node2_70_node3_90_node4_100,0.39701424506355715
Test_U_4Layers_input_size_5_node1_40_node2_70_node3_90_node4_100,0.45300947558259
Train_U_3Layers_input_size_5_node1_40_node2_70_node3_100_node4_0,0.41305935100013674
Test_U_3Layers_input_size_5_node1_40_node2_70_node3_100_node4_0,0.4897444355138848
Train_U_4Layers_input_size_5_node1_40_node2_70_node3_100_node4_30,0.3910153536647957
Test_U_4Layers_input_size_5_node1_40_node2_70_node3_100_node4_30,0.46518857972361755
Train_U_4Layers_input_size_5_node1_40_node2_70_node3_100_node4_40,0.38790972183408345
Test_U_4Layers_input_size_5_node1_40_node2_70_node3_100_node4_40,0.45395406973407687
Train_U_4Layers_input_size_5_node1_40_node2_70_node3_100_node4_50,0.4004161361382523
Test_U_4Layers_input_size_5_node1_40_node2_70_node3_100_node4_50,0.47579702279140357
Train_U_4Layers_input_size_5_node1_40_node2_70_node3_100_node4_60,0.389115372860662
Test_U_4Layers_input_size_5_node1_40_node2_70_node3_100_node4_60,0.4554353547980821
Train_U_4Layers_input_size_5_node1_40_node2_70_node3_100_node4_70,0.38503952733782226
Test_U_4Layers_input_size_5_node1_40_node2_70_node3_100_node4_70,0.45688023476791495
Train_U_4Layers_input_size_5_node1_40_node2_70_node3_100_node4_80,0.3918959730945473
Test_U_4Layers_input_size_5_node1_40_node2_70_node3_100_node4_80,0.4647959355999375
Train_U_4Layers_input_size_5_node1_40_node2_70_node3_100_node4_90,0.391760834151549
Test_U_4Layers_input_size_5_node1_40_node2_70_node3_100_node4_90,0.45343028669449653
Train_U_4Layers_input_size_5_node1_40_node2_70_node3_100_node4_100,0.43969291079078704
Test_U_4Layers_input_size_5_node1_40_node2_70_node3_100_node4_100,0.5171684227043939
Train_U_2Layers_input_size_5_node1_40_node2_80_node3_0_node4_0,0.39530219867537786
Test_U_2Layers_input_size_5_node1_40_node2_80_node3_0_node4_0,0.4695038455830018
Train_U_3Layers_input_size_5_node1_40_node2_80_node3_30_node4_0,0.3948428934357458
Test_U_3Layers_input_size_5_node1_40_node2_80_node3_30_node4_0,0.4596578324194931
Train_U_4Layers_input_size_5_node1_40_node2_80_node3_30_node4_30,0.40297869237768563
Test_U_4Layers_input_size_5_node1_40_node2_80_node3_30_node4_30,0.47876910288574515
Train_U_4Layers_input_size_5_node1_40_node2_80_node3_30_node4_40,0.3956475470206182
Test_U_4Layers_input_size_5_node1_40_node2_80_node3_30_node4_40,0.46970633861759226
Train_U_4Layers_input_size_5_node1_40_node2_80_node3_30_node4_50,0.39346200689415844
Test_U_4Layers_input_size_5_node1_40_node2_80_node3_30_node4_50,0.4611213608337315
Train_U_4Layers_input_size_5_node1_40_node2_80_node3_30_node4_60,0.4019304393301783
Test_U_4Layers_input_size_5_node1_40_node2_80_node3_30_node4_60,0.45790735049861686
Train_U_4Layers_input_size_5_node1_40_node2_80_node3_30_node4_70,0.39626074812478895
Test_U_4Layers_input_size_5_node1_40_node2_80_node3_30_node4_70,0.4713718681453957
Train_U_4Layers_input_size_5_node1_40_node2_80_node3_30_node4_80,0.3885503799477363
Test_U_4Layers_input_size_5_node1_40_node2_80_node3_30_node4_80,0.4519625089919114
Train_U_4Layers_input_size_5_node1_40_node2_80_node3_30_node4_90,0.3894174220823872
Test_U_4Layers_input_size_5_node1_40_node2_80_node3_30_node4_90,0.46162692736737987
Train_U_4Layers_input_size_5_node1_40_node2_80_node3_30_node4_100,0.4019972225574843
Test_U_4Layers_input_size_5_node1_40_node2_80_node3_30_node4_100,0.4782068307200467
Train_U_3Layers_input_size_5_node1_40_node2_80_node3_40_node4_0,0.42319574950694105
Test_U_3Layers_input_size_5_node1_40_node2_80_node3_40_node4_0,0.501532203733783
Train_U_4Layers_input_size_5_node1_40_node2_80_node3_40_node4_30,0.3850355605323862
Test_U_4Layers_input_size_5_node1_40_node2_80_node3_40_node4_30,0.45503427842728345
Train_U_4Layers_input_size_5_node1_40_node2_80_node3_40_node4_40,0.3842049982589261
Test_U_4Layers_input_size_5_node1_40_node2_80_node3_40_node4_40,0.4477285463229638
Train_U_4Layers_input_size_5_node1_40_node2_80_node3_40_node4_50,0.401906266368109
Test_U_4Layers_input_size_5_node1_40_node2_80_node3_40_node4_50,0.4585023337235125
Train_U_4Layers_input_size_5_node1_40_node2_80_node3_40_node4_60,0.3880952746607618
Test_U_4Layers_input_size_5_node1_40_node2_80_node3_40_node4_60,0.45661706986056133
Train_U_4Layers_input_size_5_node1_40_node2_80_node3_40_node4_70,0.39113625448242634
Test_U_4Layers_input_size_5_node1_40_node2_80_node3_40_node4_70,0.4553601451181766
Train_U_4Layers_input_size_5_node1_40_node2_80_node3_40_node4_80,0.39238022328230276
Test_U_4Layers_input_size_5_node1_40_node2_80_node3_40_node4_80,0.46590765048330907
Train_U_4Layers_input_size_5_node1_40_node2_80_node3_40_node4_90,0.4355560438619415
Test_U_4Layers_input_size_5_node1_40_node2_80_node3_40_node4_90,0.5142155080418958
Train_U_4Layers_input_size_5_node1_40_node2_80_node3_40_node4_100,0.38922759923136274
Test_U_4Layers_input_size_5_node1_40_node2_80_node3_40_node4_100,0.45203264702357887
Train_U_3Layers_input_size_5_node1_40_node2_80_node3_50_node4_0,0.3896742312658638
Test_U_3Layers_input_size_5_node1_40_node2_80_node3_50_node4_0,0.45508678575386824
Train_U_4Layers_input_size_5_node1_40_node2_80_node3_50_node4_30,0.3892652687931969
Test_U_4Layers_input_size_5_node1_40_node2_80_node3_50_node4_30,0.4592455506397361
Train_U_4Layers_input_size_5_node1_40_node2_80_node3_50_node4_40,0.3859793404821921
Test_U_4Layers_input_size_5_node1_40_node2_80_node3_50_node4_40,0.449056048575869
Train_U_4Layers_input_size_5_node1_40_node2_80_node3_50_node4_50,0.38737930371656326
Test_U_4Layers_input_size_5_node1_40_node2_80_node3_50_node4_50,0.45459617012120795
Train_U_4Layers_input_size_5_node1_40_node2_80_node3_50_node4_60,0.40276407304372963
Test_U_4Layers_input_size_5_node1_40_node2_80_node3_50_node4_60,0.47898315633613486
Train_U_4Layers_input_size_5_node1_40_node2_80_node3_50_node4_70,0.4164020194577709
Test_U_4Layers_input_size_5_node1_40_node2_80_node3_50_node4_70,0.4702553102821126
Train_U_4Layers_input_size_5_node1_40_node2_80_node3_50_node4_80,0.4030110094528389
Test_U_4Layers_input_size_5_node1_40_node2_80_node3_50_node4_80,0.4782920003466064
Train_U_4Layers_input_size_5_node1_40_node2_80_node3_50_node4_90,0.4070959087422058
Test_U_4Layers_input_size_5_node1_40_node2_80_node3_50_node4_90,0.46501449846922294
Train_U_4Layers_input_size_5_node1_40_node2_80_node3_50_node4_100,0.38742051847620024
Test_U_4Layers_input_size_5_node1_40_node2_80_node3_50_node4_100,0.45391612214532645
Train_U_3Layers_input_size_5_node1_40_node2_80_node3_60_node4_0,0.39269634383675295
Test_U_3Layers_input_size_5_node1_40_node2_80_node3_60_node4_0,0.45522325681873976
Train_U_4Layers_input_size_5_node1_40_node2_80_node3_60_node4_30,0.3842181653378612
Test_U_4Layers_input_size_5_node1_40_node2_80_node3_60_node4_30,0.45132872922334244
Train_U_4Layers_input_size_5_node1_40_node2_80_node3_60_node4_40,0.38626285614913736
Test_U_4Layers_input_size_5_node1_40_node2_80_node3_60_node4_40,0.4525013611177659
Train_U_4Layers_input_size_5_node1_40_node2_80_node3_60_node4_50,0.3869888826419532
Test_U_4Layers_input_size_5_node1_40_node2_80_node3_60_node4_50,0.4570629728344287
Train_U_4Layers_input_size_5_node1_40_node2_80_node3_60_node4_60,0.39148809449106176
Test_U_4Layers_input_size_5_node1_40_node2_80_node3_60_node4_60,0.456037892720567
Train_U_4Layers_input_size_5_node1_40_node2_80_node3_60_node4_70,0.44842498974512723
Test_U_4Layers_input_size_5_node1_40_node2_80_node3_60_node4_70,0.5264246242234351
Train_U_4Layers_input_size_5_node1_40_node2_80_node3_60_node4_80,0.39511591957782655
Test_U_4Layers_input_size_5_node1_40_node2_80_node3_60_node4_80,0.45763145877142913
Train_U_4Layers_input_size_5_node1_40_node2_80_node3_60_node4_90,0.40521692088751243
Test_U_4Layers_input_size_5_node1_40_node2_80_node3_60_node4_90,0.46319053688129547
Train_U_4Layers_input_size_5_node1_40_node2_80_node3_60_node4_100,0.40815564842287855
Test_U_4Layers_input_size_5_node1_40_node2_80_node3_60_node4_100,0.4633513141934936
Train_U_3Layers_input_size_5_node1_40_node2_80_node3_70_node4_0,0.3877583411652011
Test_U_3Layers_input_size_5_node1_40_node2_80_node3_70_node4_0,0.4580823109762076
Train_U_4Layers_input_size_5_node1_40_node2_80_node3_70_node4_30,0.3861758341770543
Test_U_4Layers_input_size_5_node1_40_node2_80_node3_70_node4_30,0.4536132648250384
Train_U_4Layers_input_size_5_node1_40_node2_80_node3_70_node4_40,0.3924719633731287
Test_U_4Layers_input_size_5_node1_40_node2_80_node3_70_node4_40,0.46530361028701667
Train_U_4Layers_input_size_5_node1_40_node2_80_node3_70_node4_50,0.3893187808664486
Test_U_4Layers_input_size_5_node1_40_node2_80_node3_70_node4_50,0.4572323739694015
Train_U_4Layers_input_size_5_node1_40_node2_80_node3_70_node4_60,0.38890557475661697
Test_U_4Layers_input_size_5_node1_40_node2_80_node3_70_node4_60,0.4568306898555286
Train_U_4Layers_input_size_5_node1_40_node2_80_node3_70_node4_70,0.3896499098365138
Test_U_4Layers_input_size_5_node1_40_node2_80_node3_70_node4_70,0.45401672883448824
Train_U_4Layers_input_size_5_node1_40_node2_80_node3_70_node4_80,0.39210061786523154
Test_U_4Layers_input_size_5_node1_40_node2_80_node3_70_node4_80,0.4660613837723054
Train_U_4Layers_input_size_5_node1_40_node2_80_node3_70_node4_90,0.39107451324154596
Test_U_4Layers_input_size_5_node1_40_node2_80_node3_70_node4_90,0.4640508027320399
Train_U_4Layers_input_size_5_node1_40_node2_80_node3_70_node4_100,0.3882390972259719
Test_U_4Layers_input_size_5_node1_40_node2_80_node3_70_node4_100,0.456967634680602
Train_U_3Layers_input_size_5_node1_40_node2_80_node3_80_node4_0,0.3908332269718592
Test_U_3Layers_input_size_5_node1_40_node2_80_node3_80_node4_0,0.4616070910888837
Train_U_4Layers_input_size_5_node1_40_node2_80_node3_80_node4_30,0.3908055460445557
Test_U_4Layers_input_size_5_node1_40_node2_80_node3_80_node4_30,0.4615904983314038
Train_U_4Layers_input_size_5_node1_40_node2_80_node3_80_node4_40,0.4062988912066372
Test_U_4Layers_input_size_5_node1_40_node2_80_node3_80_node4_40,0.4829464272974448
Train_U_4Layers_input_size_5_node1_40_node2_80_node3_80_node4_50,0.3938209257884828
Test_U_4Layers_input_size_5_node1_40_node2_80_node3_80_node4_50,0.4613401464693506
Train_U_4Layers_input_size_5_node1_40_node2_80_node3_80_node4_60,0.38958315194817605
Test_U_4Layers_input_size_5_node1_40_node2_80_node3_80_node4_60,0.45955656382061266
Train_U_4Layers_input_size_5_node1_40_node2_80_node3_80_node4_70,0.4206047538147203
Test_U_4Layers_input_size_5_node1_40_node2_80_node3_80_node4_70,0.4697378399103858
Train_U_4Layers_input_size_5_node1_40_node2_80_node3_80_node4_80,0.4284411648204719
Test_U_4Layers_input_size_5_node1_40_node2_80_node3_80_node4_80,0.5056253134746547
Train_U_4Layers_input_size_5_node1_40_node2_80_node3_80_node4_90,0.38851653402142755
Test_U_4Layers_input_size_5_node1_40_node2_80_node3_80_node4_90,0.4575489242378072
Train_U_4Layers_input_size_5_node1_40_node2_80_node3_80_node4_100,0.38466796022770083
Test_U_4Layers_input_size_5_node1_40_node2_80_node3_80_node4_100,0.45596822372363277
Train_U_3Layers_input_size_5_node1_40_node2_80_node3_90_node4_0,0.3993609703238365
Test_U_3Layers_input_size_5_node1_40_node2_80_node3_90_node4_0,0.47490044290835626
Train_U_4Layers_input_size_5_node1_40_node2_80_node3_90_node4_30,0.39187135226241804
Test_U_4Layers_input_size_5_node1_40_node2_80_node3_90_node4_30,0.46120805397143555
Train_U_4Layers_input_size_5_node1_40_node2_80_node3_90_node4_40,0.4182075638217478
Test_U_4Layers_input_size_5_node1_40_node2_80_node3_90_node4_40,0.4665661485022163
Train_U_4Layers_input_size_5_node1_40_node2_80_node3_90_node4_50,0.3915637181134468
Test_U_4Layers_input_size_5_node1_40_node2_80_node3_90_node4_50,0.4532508182139515
Train_U_4Layers_input_size_5_node1_40_node2_80_node3_90_node4_60,0.3932236445799202
Test_U_4Layers_input_size_5_node1_40_node2_80_node3_90_node4_60,0.4596247000881334
Train_U_4Layers_input_size_5_node1_40_node2_80_node3_90_node4_70,0.3885029181146204
Test_U_4Layers_input_size_5_node1_40_node2_80_node3_90_node4_70,0.4589622654560989
Train_U_4Layers_input_size_5_node1_40_node2_80_node3_90_node4_80,0.3928293591434385
Test_U_4Layers_input_size_5_node1_40_node2_80_node3_90_node4_80,0.4658190009460539
Train_U_4Layers_input_size_5_node1_40_node2_80_node3_90_node4_90,0.39095847200878203
Test_U_4Layers_input_size_5_node1_40_node2_80_node3_90_node4_90,0.464594221058809
Train_U_4Layers_input_size_5_node1_40_node2_80_node3_90_node4_100,0.3918578529256859
Test_U_4Layers_input_size_5_node1_40_node2_80_node3_90_node4_100,0.45341653324502196
Train_U_3Layers_input_size_5_node1_40_node2_80_node3_100_node4_0,0.38891666697263805
Test_U_3Layers_input_size_5_node1_40_node2_80_node3_100_node4_0,0.4620420830972117
Train_U_4Layers_input_size_5_node1_40_node2_80_node3_100_node4_30,0.39176092924246986
Test_U_4Layers_input_size_5_node1_40_node2_80_node3_100_node4_30,0.4650090508708159
Train_U_4Layers_input_size_5_node1_40_node2_80_node3_100_node4_40,0.40462570823322264
Test_U_4Layers_input_size_5_node1_40_node2_80_node3_100_node4_40,0.4809639557470675
Train_U_4Layers_input_size_5_node1_40_node2_80_node3_100_node4_50,0.387766315098519
Test_U_4Layers_input_size_5_node1_40_node2_80_node3_100_node4_50,0.4558494318357397
Train_U_4Layers_input_size_5_node1_40_node2_80_node3_100_node4_60,0.38968985201226025
Test_U_4Layers_input_size_5_node1_40_node2_80_node3_100_node4_60,0.46089537476544373
Train_U_4Layers_input_size_5_node1_40_node2_80_node3_100_node4_70,0.4031549812227738
Test_U_4Layers_input_size_5_node1_40_node2_80_node3_100_node4_70,0.4579234584406493
Train_U_4Layers_input_size_5_node1_40_node2_80_node3_100_node4_80,0.4044546842112116
Test_U_4Layers_input_size_5_node1_40_node2_80_node3_100_node4_80,0.4606001961395005
Train_U_4Layers_input_size_5_node1_40_node2_80_node3_100_node4_90,0.38510645376194763
Test_U_4Layers_input_size_5_node1_40_node2_80_node3_100_node4_90,0.45692015381704015
Train_U_4Layers_input_size_5_node1_40_node2_80_node3_100_node4_100,0.3980515237373922
Test_U_4Layers_input_size_5_node1_40_node2_80_node3_100_node4_100,0.47354683636440414
Train_U_2Layers_input_size_5_node1_40_node2_90_node3_0_node4_0,0.41634701348634645
Test_U_2Layers_input_size_5_node1_40_node2_90_node3_0_node4_0,0.46680226981265754
Train_U_3Layers_input_size_5_node1_40_node2_90_node3_30_node4_0,0.38931125976394343
Test_U_3Layers_input_size_5_node1_40_node2_90_node3_30_node4_0,0.4517367901097729
Train_U_4Layers_input_size_5_node1_40_node2_90_node3_30_node4_30,0.3941104835803492
Test_U_4Layers_input_size_5_node1_40_node2_90_node3_30_node4_30,0.4683953851214322
Train_U_4Layers_input_size_5_node1_40_node2_90_node3_30_node4_40,0.3878680596217824
Test_U_4Layers_input_size_5_node1_40_node2_90_node3_30_node4_40,0.45084223739635754
Train_U_4Layers_input_size_5_node1_40_node2_90_node3_30_node4_50,0.3925473784747283
Test_U_4Layers_input_size_5_node1_40_node2_90_node3_30_node4_50,0.4646322907395865
Train_U_4Layers_input_size_5_node1_40_node2_90_node3_30_node4_60,0.4494327698767542
Test_U_4Layers_input_size_5_node1_40_node2_90_node3_30_node4_60,0.5266045652617586
Train_U_4Layers_input_size_5_node1_40_node2_90_node3_30_node4_70,0.39557176237793856
Test_U_4Layers_input_size_5_node1_40_node2_90_node3_30_node4_70,0.45501022487197446
Train_U_4Layers_input_size_5_node1_40_node2_90_node3_30_node4_80,0.3968999216560196
Test_U_4Layers_input_size_5_node1_40_node2_90_node3_30_node4_80,0.4528277178327122
Train_U_4Layers_input_size_5_node1_40_node2_90_node3_30_node4_90,0.3918899463620159
Test_U_4Layers_input_size_5_node1_40_node2_90_node3_30_node4_90,0.4630915048973296
Train_U_4Layers_input_size_5_node1_40_node2_90_node3_30_node4_100,0.40298192789955023
Test_U_4Layers_input_size_5_node1_40_node2_90_node3_30_node4_100,0.47922881559554137
Train_U_3Layers_input_size_5_node1_40_node2_90_node3_40_node4_0,0.3917951604742871
Test_U_3Layers_input_size_5_node1_40_node2_90_node3_40_node4_0,0.44967835176452725
Train_U_4Layers_input_size_5_node1_40_node2_90_node3_40_node4_30,0.38970365587163697
Test_U_4Layers_input_size_5_node1_40_node2_90_node3_40_node4_30,0.46199349492620956
Train_U_4Layers_input_size_5_node1_40_node2_90_node3_40_node4_40,0.4023729702607102
Test_U_4Layers_input_size_5_node1_40_node2_90_node3_40_node4_40,0.4779532417008646
Train_U_4Layers_input_size_5_node1_40_node2_90_node3_40_node4_50,0.38451193176998394
Test_U_4Layers_input_size_5_node1_40_node2_90_node3_40_node4_50,0.4495077944759744
Train_U_4Layers_input_size_5_node1_40_node2_90_node3_40_node4_60,0.45215923057510765
Test_U_4Layers_input_size_5_node1_40_node2_90_node3_40_node4_60,0.49397136216804194
Train_U_4Layers_input_size_5_node1_40_node2_90_node3_40_node4_70,0.39278438710296765
Test_U_4Layers_input_size_5_node1_40_node2_90_node3_40_node4_70,0.46610753383325904
Train_U_4Layers_input_size_5_node1_40_node2_90_node3_40_node4_80,0.39002905208633737
Test_U_4Layers_input_size_5_node1_40_node2_90_node3_40_node4_80,0.4582110606723442
Train_U_4Layers_input_size_5_node1_40_node2_90_node3_40_node4_90,0.44164978330959487
Test_U_4Layers_input_size_5_node1_40_node2_90_node3_40_node4_90,0.48246238322207785
Train_U_4Layers_input_size_5_node1_40_node2_90_node3_40_node4_100,0.39075690903294064
Test_U_4Layers_input_size_5_node1_40_node2_90_node3_40_node4_100,0.4649547636680931
Train_U_3Layers_input_size_5_node1_40_node2_90_node3_50_node4_0,0.40167451031071494
Test_U_3Layers_input_size_5_node1_40_node2_90_node3_50_node4_0,0.4774413837784754
Train_U_4Layers_input_size_5_node1_40_node2_90_node3_50_node4_30,0.39348967135832547
Test_U_4Layers_input_size_5_node1_40_node2_90_node3_50_node4_30,0.451706853978456
Train_U_4Layers_input_size_5_node1_40_node2_90_node3_50_node4_40,0.3954627494100544
Test_U_4Layers_input_size_5_node1_40_node2_90_node3_50_node4_40,0.46857624012336696
Train_U_4Layers_input_size_5_node1_40_node2_90_node3_50_node4_50,0.3925863426449175
Test_U_4Layers_input_size_5_node1_40_node2_90_node3_50_node4_50,0.45877982918325927
Train_U_4Layers_input_size_5_node1_40_node2_90_node3_50_node4_60,0.3920654251266813
Test_U_4Layers_input_size_5_node1_40_node2_90_node3_50_node4_60,0.45607290292830793
Train_U_4Layers_input_size_5_node1_40_node2_90_node3_50_node4_70,0.42863121247260183
Test_U_4Layers_input_size_5_node1_40_node2_90_node3_50_node4_70,0.5068314392243033
Train_U_4Layers_input_size_5_node1_40_node2_90_node3_50_node4_80,0.39083238818468496
Test_U_4Layers_input_size_5_node1_40_node2_90_node3_50_node4_80,0.45387114554879976
Train_U_4Layers_input_size_5_node1_40_node2_90_node3_50_node4_90,0.42310850516980403
Test_U_4Layers_input_size_5_node1_40_node2_90_node3_50_node4_90,0.47047746559667414
Train_U_4Layers_input_size_5_node1_40_node2_90_node3_50_node4_100,0.4117041308360941
Test_U_4Layers_input_size_5_node1_40_node2_90_node3_50_node4_100,0.4887770767467882
Train_U_3Layers_input_size_5_node1_40_node2_90_node3_60_node4_0,0.4000608248956406
Test_U_3Layers_input_size_5_node1_40_node2_90_node3_60_node4_0,0.47571275340144004
Train_U_4Layers_input_size_5_node1_40_node2_90_node3_60_node4_30,0.39553523969329635
Test_U_4Layers_input_size_5_node1_40_node2_90_node3_60_node4_30,0.4685483180730615
Train_U_4Layers_input_size_5_node1_40_node2_90_node3_60_node4_40,0.41810220744643534
Test_U_4Layers_input_size_5_node1_40_node2_90_node3_60_node4_40,0.46858101023890136
Train_U_4Layers_input_size_5_node1_40_node2_90_node3_60_node4_50,0.4285941518850525
Test_U_4Layers_input_size_5_node1_40_node2_90_node3_60_node4_50,0.4754829060142364
Train_U_4Layers_input_size_5_node1_40_node2_90_node3_60_node4_60,0.39029107125850016
Test_U_4Layers_input_size_5_node1_40_node2_90_node3_60_node4_60,0.4611962933532418
Train_U_4Layers_input_size_5_node1_40_node2_90_node3_60_node4_70,0.390661123512823
Test_U_4Layers_input_size_5_node1_40_node2_90_node3_60_node4_70,0.4566498004131827
Train_U_4Layers_input_size_5_node1_40_node2_90_node3_60_node4_80,0.3881844574540804
Test_U_4Layers_input_size_5_node1_40_node2_90_node3_60_node4_80,0.4519492219246996
Train_U_4Layers_input_size_5_node1_40_node2_90_node3_60_node4_90,0.3918395995618391
Test_U_4Layers_input_size_5_node1_40_node2_90_node3_60_node4_90,0.462867671864247
Train_U_4Layers_input_size_5_node1_40_node2_90_node3_60_node4_100,0.3883704737303441
Test_U_4Layers_input_size_5_node1_40_node2_90_node3_60_node4_100,0.4507317150541443
Train_U_3Layers_input_size_5_node1_40_node2_90_node3_70_node4_0,0.38911194544582967
Test_U_3Layers_input_size_5_node1_40_node2_90_node3_70_node4_0,0.4592092734102448
Train_U_4Layers_input_size_5_node1_40_node2_90_node3_70_node4_30,0.3899437113024314
Test_U_4Layers_input_size_5_node1_40_node2_90_node3_70_node4_30,0.45426572068009735
Train_U_4Layers_input_size_5_node1_40_node2_90_node3_70_node4_40,0.3862181612120319
Test_U_4Layers_input_size_5_node1_40_node2_90_node3_70_node4_40,0.45059158526693693
Train_U_4Layers_input_size_5_node1_40_node2_90_node3_70_node4_50,0.40675910813954924
Test_U_4Layers_input_size_5_node1_40_node2_90_node3_70_node4_50,0.46007444111092
Train_U_4Layers_input_size_5_node1_40_node2_90_node3_70_node4_60,0.3849751245834988
Test_U_4Layers_input_size_5_node1_40_node2_90_node3_70_node4_60,0.4545598824335327
Train_U_4Layers_input_size_5_node1_40_node2_90_node3_70_node4_70,0.38903580692750067
Test_U_4Layers_input_size_5_node1_40_node2_90_node3_70_node4_70,0.453951952499752
Train_U_4Layers_input_size_5_node1_40_node2_90_node3_70_node4_80,0.385235823483704
Test_U_4Layers_input_size_5_node1_40_node2_90_node3_70_node4_80,0.4566946991295225
Train_U_4Layers_input_size_5_node1_40_node2_90_node3_70_node4_90,0.40112321404368284
Test_U_4Layers_input_size_5_node1_40_node2_90_node3_70_node4_90,0.47660206802450156
Train_U_4Layers_input_size_5_node1_40_node2_90_node3_70_node4_100,0.42910131872046053
Test_U_4Layers_input_size_5_node1_40_node2_90_node3_70_node4_100,0.47488434600770746
Train_U_3Layers_input_size_5_node1_40_node2_90_node3_80_node4_0,0.4133678223015896
Test_U_3Layers_input_size_5_node1_40_node2_90_node3_80_node4_0,0.4902028837386077
Train_U_4Layers_input_size_5_node1_40_node2_90_node3_80_node4_30,0.38994854529552486
Test_U_4Layers_input_size_5_node1_40_node2_90_node3_80_node4_30,0.46205204844306064
Train_U_4Layers_input_size_5_node1_40_node2_90_node3_80_node4_40,0.4089225926411336
Test_U_4Layers_input_size_5_node1_40_node2_90_node3_80_node4_40,0.46117824797546114
Train_U_4Layers_input_size_5_node1_40_node2_90_node3_80_node4_50,0.3979482451818996
Test_U_4Layers_input_size_5_node1_40_node2_90_node3_80_node4_50,0.47310525674078574
Train_U_4Layers_input_size_5_node1_40_node2_90_node3_80_node4_60,0.40757992276626426
Test_U_4Layers_input_size_5_node1_40_node2_90_node3_80_node4_60,0.4607208195251546
Train_U_4Layers_input_size_5_node1_40_node2_90_node3_80_node4_70,0.39766472318424323
Test_U_4Layers_input_size_5_node1_40_node2_90_node3_80_node4_70,0.45827281256113034
Train_U_4Layers_input_size_5_node1_40_node2_90_node3_80_node4_80,0.4014873463998948
Test_U_4Layers_input_size_5_node1_40_node2_90_node3_80_node4_80,0.47689530993067336
Train_U_4Layers_input_size_5_node1_40_node2_90_node3_80_node4_90,0.39314667255357255
Test_U_4Layers_input_size_5_node1_40_node2_90_node3_80_node4_90,0.45285746470277033
Train_U_4Layers_input_size_5_node1_40_node2_90_node3_80_node4_100,0.39839544261289567
Test_U_4Layers_input_size_5_node1_40_node2_90_node3_80_node4_100,0.45701467043808164
Train_U_3Layers_input_size_5_node1_40_node2_90_node3_90_node4_0,0.3898886989144939
Test_U_3Layers_input_size_5_node1_40_node2_90_node3_90_node4_0,0.457648390431899
Train_U_4Layers_input_size_5_node1_40_node2_90_node3_90_node4_30,0.40104749807436535
Test_U_4Layers_input_size_5_node1_40_node2_90_node3_90_node4_30,0.47616249244214665
Train_U_4Layers_input_size_5_node1_40_node2_90_node3_90_node4_40,0.3900792887674334
Test_U_4Layers_input_size_5_node1_40_node2_90_node3_90_node4_40,0.46197111007334274
Train_U_4Layers_input_size_5_node1_40_node2_90_node3_90_node4_50,0.4158674522474019
Test_U_4Layers_input_size_5_node1_40_node2_90_node3_90_node4_50,0.4921538023539313
Train_U_4Layers_input_size_5_node1_40_node2_90_node3_90_node4_60,0.39837868574296914
Test_U_4Layers_input_size_5_node1_40_node2_90_node3_90_node4_60,0.4585049336874122
Train_U_4Layers_input_size_5_node1_40_node2_90_node3_90_node4_70,0.4029371829498355
Test_U_4Layers_input_size_5_node1_40_node2_90_node3_90_node4_70,0.4790402242131097
Train_U_4Layers_input_size_5_node1_40_node2_90_node3_90_node4_80,0.387677977820608
Test_U_4Layers_input_size_5_node1_40_node2_90_node3_90_node4_80,0.459659291224592
Train_U_4Layers_input_size_5_node1_40_node2_90_node3_90_node4_90,0.39778187983781654
Test_U_4Layers_input_size_5_node1_40_node2_90_node3_90_node4_90,0.4563133110903376
Train_U_4Layers_input_size_5_node1_40_node2_90_node3_90_node4_100,0.3925451767792888
Test_U_4Layers_input_size_5_node1_40_node2_90_node3_90_node4_100,0.4659835081712451
Train_U_3Layers_input_size_5_node1_40_node2_90_node3_100_node4_0,0.4261269696963088
Test_U_3Layers_input_size_5_node1_40_node2_90_node3_100_node4_0,0.47180864297005565
Train_U_4Layers_input_size_5_node1_40_node2_90_node3_100_node4_30,0.38867948515069534
Test_U_4Layers_input_size_5_node1_40_node2_90_node3_100_node4_30,0.4556350247466819
Train_U_4Layers_input_size_5_node1_40_node2_90_node3_100_node4_40,0.38486607203794193
Test_U_4Layers_input_size_5_node1_40_node2_90_node3_100_node4_40,0.4558583394409028
Train_U_4Layers_input_size_5_node1_40_node2_90_node3_100_node4_50,0.4271437691362353
Test_U_4Layers_input_size_5_node1_40_node2_90_node3_100_node4_50,0.472864830086213
Train_U_4Layers_input_size_5_node1_40_node2_90_node3_100_node4_60,0.39715995921192465
Test_U_4Layers_input_size_5_node1_40_node2_90_node3_100_node4_60,0.4718815784122112
Train_U_4Layers_input_size_5_node1_40_node2_90_node3_100_node4_70,0.40960836602115286
Test_U_4Layers_input_size_5_node1_40_node2_90_node3_100_node4_70,0.46307839235025905
Train_U_4Layers_input_size_5_node1_40_node2_90_node3_100_node4_80,0.39010285766477015
Test_U_4Layers_input_size_5_node1_40_node2_90_node3_100_node4_80,0.45969964966319793
Train_U_4Layers_input_size_5_node1_40_node2_90_node3_100_node4_90,0.387527333341533
Test_U_4Layers_input_size_5_node1_40_node2_90_node3_100_node4_90,0.45054553263732006
Train_U_4Layers_input_size_5_node1_40_node2_90_node3_100_node4_100,0.40376942085940337
Test_U_4Layers_input_size_5_node1_40_node2_90_node3_100_node4_100,0.4579785953792284
Train_U_2Layers_input_size_5_node1_40_node2_100_node3_0_node4_0,0.39134896900474475
Test_U_2Layers_input_size_5_node1_40_node2_100_node3_0_node4_0,0.4642751405633257
Train_U_3Layers_input_size_5_node1_40_node2_100_node3_30_node4_0,0.38499877372150076
Test_U_3Layers_input_size_5_node1_40_node2_100_node3_30_node4_0,0.45168478408890067
Train_U_4Layers_input_size_5_node1_40_node2_100_node3_30_node4_30,0.39839147788143253
Test_U_4Layers_input_size_5_node1_40_node2_100_node3_30_node4_30,0.4582948415661108
Train_U_4Layers_input_size_5_node1_40_node2_100_node3_30_node4_40,0.3896879209624757
Test_U_4Layers_input_size_5_node1_40_node2_100_node3_30_node4_40,0.454907643224783
Train_U_4Layers_input_size_5_node1_40_node2_100_node3_30_node4_50,0.4246788452366894
Test_U_4Layers_input_size_5_node1_40_node2_100_node3_30_node4_50,0.4734989724364606
Train_U_4Layers_input_size_5_node1_40_node2_100_node3_30_node4_60,0.3886397650408614
Test_U_4Layers_input_size_5_node1_40_node2_100_node3_30_node4_60,0.45938981998957323
Train_U_4Layers_input_size_5_node1_40_node2_100_node3_30_node4_70,0.38808490770315646
Test_U_4Layers_input_size_5_node1_40_node2_100_node3_30_node4_70,0.4550188377955716
Train_U_4Layers_input_size_5_node1_40_node2_100_node3_30_node4_80,0.4129247869616321
Test_U_4Layers_input_size_5_node1_40_node2_100_node3_30_node4_80,0.4899248004400781
Train_U_4Layers_input_size_5_node1_40_node2_100_node3_30_node4_90,0.3866020373306527
Test_U_4Layers_input_size_5_node1_40_node2_100_node3_30_node4_90,0.45476927529871897
Train_U_4Layers_input_size_5_node1_40_node2_100_node3_30_node4_100,0.403022841143477
Test_U_4Layers_input_size_5_node1_40_node2_100_node3_30_node4_100,0.47903292973400746
Train_U_3Layers_input_size_5_node1_40_node2_100_node3_40_node4_0,0.39325267098350947
Test_U_3Layers_input_size_5_node1_40_node2_100_node3_40_node4_0,0.45653901939927827
Train_U_4Layers_input_size_5_node1_40_node2_100_node3_40_node4_30,0.39180677939586733
Test_U_4Layers_input_size_5_node1_40_node2_100_node3_40_node4_30,0.4651018115585978
Train_U_4Layers_input_size_5_node1_40_node2_100_node3_40_node4_40,0.3866771136131832
Test_U_4Layers_input_size_5_node1_40_node2_100_node3_40_node4_40,0.45608045027377064
Train_U_4Layers_input_size_5_node1_40_node2_100_node3_40_node4_50,0.39206506406169706
Test_U_4Layers_input_size_5_node1_40_node2_100_node3_40_node4_50,0.46443899147596057
Train_U_4Layers_input_size_5_node1_40_node2_100_node3_40_node4_60,0.38991308188225776
Test_U_4Layers_input_size_5_node1_40_node2_100_node3_40_node4_60,0.4531268909020268
Train_U_4Layers_input_size_5_node1_40_node2_100_node3_40_node4_70,0.420498527427889
Test_U_4Layers_input_size_5_node1_40_node2_100_node3_40_node4_70,0.4734468389918227
Train_U_4Layers_input_size_5_node1_40_node2_100_node3_40_node4_80,0.3997882871334222
Test_U_4Layers_input_size_5_node1_40_node2_100_node3_40_node4_80,0.4752784063688207
Train_U_4Layers_input_size_5_node1_40_node2_100_node3_40_node4_90,0.38368625574303217
Test_U_4Layers_input_size_5_node1_40_node2_100_node3_40_node4_90,0.4495977212968196
Train_U_4Layers_input_size_5_node1_40_node2_100_node3_40_node4_100,0.43100394679295895
Test_U_4Layers_input_size_5_node1_40_node2_100_node3_40_node4_100,0.5088735792139731
Train_U_3Layers_input_size_5_node1_40_node2_100_node3_50_node4_0,0.39114585483650866
Test_U_3Layers_input_size_5_node1_40_node2_100_node3_50_node4_0,0.45326217679616887
Train_U_4Layers_input_size_5_node1_40_node2_100_node3_50_node4_30,0.3927260352714366
Test_U_4Layers_input_size_5_node1_40_node2_100_node3_50_node4_30,0.45118072633193845
Train_U_4Layers_input_size_5_node1_40_node2_100_node3_50_node4_40,0.39815144461532936
Test_U_4Layers_input_size_5_node1_40_node2_100_node3_50_node4_40,0.4723887829603189
Train_U_4Layers_input_size_5_node1_40_node2_100_node3_50_node4_50,0.39092235691372174
Test_U_4Layers_input_size_5_node1_40_node2_100_node3_50_node4_50,0.4580053235862794
Train_U_4Layers_input_size_5_node1_40_node2_100_node3_50_node4_60,0.3896576729734037
Test_U_4Layers_input_size_5_node1_40_node2_100_node3_50_node4_60,0.45536111047229016
Train_U_4Layers_input_size_5_node1_40_node2_100_node3_50_node4_70,0.3897603192238761
Test_U_4Layers_input_size_5_node1_40_node2_100_node3_50_node4_70,0.45975463841096553
Train_U_4Layers_input_size_5_node1_40_node2_100_node3_50_node4_80,0.3915099229395493
Test_U_4Layers_input_size_5_node1_40_node2_100_node3_50_node4_80,0.4641611232061284
Train_U_4Layers_input_size_5_node1_40_node2_100_node3_50_node4_90,0.3988995397521104
Test_U_4Layers_input_size_5_node1_40_node2_100_node3_50_node4_90,0.4747156565780553
Train_U_4Layers_input_size_5_node1_40_node2_100_node3_50_node4_100,0.40215259937061454
Test_U_4Layers_input_size_5_node1_40_node2_100_node3_50_node4_100,0.45901753731906547
Train_U_3Layers_input_size_5_node1_40_node2_100_node3_60_node4_0,0.4000929121053226
Test_U_3Layers_input_size_5_node1_40_node2_100_node3_60_node4_0,0.47514259933437325
Train_U_4Layers_input_size_5_node1_40_node2_100_node3_60_node4_30,0.4106752835437699
Test_U_4Layers_input_size_5_node1_40_node2_100_node3_60_node4_30,0.46510948471440705
Train_U_4Layers_input_size_5_node1_40_node2_100_node3_60_node4_40,0.39222682588536323
Test_U_4Layers_input_size_5_node1_40_node2_100_node3_60_node4_40,0.45674668932979673
Train_U_4Layers_input_size_5_node1_40_node2_100_node3_60_node4_50,0.38893747120862804
Test_U_4Layers_input_size_5_node1_40_node2_100_node3_60_node4_50,0.4557856188732439
Train_U_4Layers_input_size_5_node1_40_node2_100_node3_60_node4_60,0.39391639690350927
Test_U_4Layers_input_size_5_node1_40_node2_100_node3_60_node4_60,0.4683201885612999
Train_U_4Layers_input_size_5_node1_40_node2_100_node3_60_node4_70,0.3945223363492605
Test_U_4Layers_input_size_5_node1_40_node2_100_node3_60_node4_70,0.46846029548072365
Train_U_4Layers_input_size_5_node1_40_node2_100_node3_60_node4_80,0.40076691228194394
Test_U_4Layers_input_size_5_node1_40_node2_100_node3_60_node4_80,0.4761843822861346
Train_U_4Layers_input_size_5_node1_40_node2_100_node3_60_node4_90,0.40221638191218967
Test_U_4Layers_input_size_5_node1_40_node2_100_node3_60_node4_90,0.4572385660100734
Train_U_4Layers_input_size_5_node1_40_node2_100_node3_60_node4_100,0.3891539722750608
Test_U_4Layers_input_size_5_node1_40_node2_100_node3_60_node4_100,0.45522939435421783
Train_U_3Layers_input_size_5_node1_40_node2_100_node3_70_node4_0,0.3914428731874498
Test_U_3Layers_input_size_5_node1_40_node2_100_node3_70_node4_0,0.4529882750920098
Train_U_4Layers_input_size_5_node1_40_node2_100_node3_70_node4_30,0.391727075416033
Test_U_4Layers_input_size_5_node1_40_node2_100_node3_70_node4_30,0.4536439948878681
Train_U_4Layers_input_size_5_node1_40_node2_100_node3_70_node4_40,0.39187389997239686
Test_U_4Layers_input_size_5_node1_40_node2_100_node3_70_node4_40,0.4656201778392584
Train_U_4Layers_input_size_5_node1_40_node2_100_node3_70_node4_50,0.39148453559636204
Test_U_4Layers_input_size_5_node1_40_node2_100_node3_70_node4_50,0.4609878156969514
Train_U_4Layers_input_size_5_node1_40_node2_100_node3_70_node4_60,0.3855155955325332
Test_U_4Layers_input_size_5_node1_40_node2_100_node3_70_node4_60,0.4535409235243637
Train_U_4Layers_input_size_5_node1_40_node2_100_node3_70_node4_70,0.40661084215369825
Test_U_4Layers_input_size_5_node1_40_node2_100_node3_70_node4_70,0.46086204040449796
Train_U_4Layers_input_size_5_node1_40_node2_100_node3_70_node4_80,0.4577285305521878
Test_U_4Layers_input_size_5_node1_40_node2_100_node3_70_node4_80,0.5341373126920556
Train_U_4Layers_input_size_5_node1_40_node2_100_node3_70_node4_90,0.389520074260953
Test_U_4Layers_input_size_5_node1_40_node2_100_node3_70_node4_90,0.45432176070798946
Train_U_4Layers_input_size_5_node1_40_node2_100_node3_70_node4_100,0.4112779447226934
Test_U_4Layers_input_size_5_node1_40_node2_100_node3_70_node4_100,0.46316269230838986
Train_U_3Layers_input_size_5_node1_40_node2_100_node3_80_node4_0,0.38815213441828234
Test_U_3Layers_input_size_5_node1_40_node2_100_node3_80_node4_0,0.457668447126846
Train_U_4Layers_input_size_5_node1_40_node2_100_node3_80_node4_30,0.3962591499331163
Test_U_4Layers_input_size_5_node1_40_node2_100_node3_80_node4_30,0.4710068257165273
Train_U_4Layers_input_size_5_node1_40_node2_100_node3_80_node4_40,0.40614414670009746
Test_U_4Layers_input_size_5_node1_40_node2_100_node3_80_node4_40,0.4604587655073902
Train_U_4Layers_input_size_5_node1_40_node2_100_node3_80_node4_50,0.4095680196731561
Test_U_4Layers_input_size_5_node1_40_node2_100_node3_80_node4_50,0.485620895967362
Train_U_4Layers_input_size_5_node1_40_node2_100_node3_80_node4_60,0.3933898542731246
Test_U_4Layers_input_size_5_node1_40_node2_100_node3_80_node4_60,0.46535840114876753
Train_U_4Layers_input_size_5_node1_40_node2_100_node3_80_node4_70,0.40084262548978733
Test_U_4Layers_input_size_5_node1_40_node2_100_node3_80_node4_70,0.4610595703125
Train_U_4Layers_input_size_5_node1_40_node2_100_node3_80_node4_80,0.38381990886321404
Test_U_4Layers_input_size_5_node1_40_node2_100_node3_80_node4_80,0.4479797525854282
Train_U_4Layers_input_size_5_node1_40_node2_100_node3_80_node4_90,0.39359900364657613
Test_U_4Layers_input_size_5_node1_40_node2_100_node3_80_node4_90,0.4665968717879805
Train_U_4Layers_input_size_5_node1_40_node2_100_node3_80_node4_100,0.39286594373270317
Test_U_4Layers_input_size_5_node1_40_node2_100_node3_80_node4_100,0.4570314619275767
Train_U_3Layers_input_size_5_node1_40_node2_100_node3_90_node4_0,0.4036141865127346
Test_U_3Layers_input_size_5_node1_40_node2_100_node3_90_node4_0,0.46278317327007656
Train_U_4Layers_input_size_5_node1_40_node2_100_node3_90_node4_30,0.43613759852652034
Test_U_4Layers_input_size_5_node1_40_node2_100_node3_90_node4_30,0.5136617797323689
Train_U_4Layers_input_size_5_node1_40_node2_100_node3_90_node4_40,0.3964614861557255
Test_U_4Layers_input_size_5_node1_40_node2_100_node3_90_node4_40,0.45476211577953624
Train_U_4Layers_input_size_5_node1_40_node2_100_node3_90_node4_50,0.39610828922230207
Test_U_4Layers_input_size_5_node1_40_node2_100_node3_90_node4_50,0.46980400795243965
Train_U_4Layers_input_size_5_node1_40_node2_100_node3_90_node4_60,0.4212300173890186
Test_U_4Layers_input_size_5_node1_40_node2_100_node3_90_node4_60,0.4687351383396425
Train_U_4Layers_input_size_5_node1_40_node2_100_node3_90_node4_70,0.4143342260147528
Test_U_4Layers_input_size_5_node1_40_node2_100_node3_90_node4_70,0.4916679880022085
Train_U_4Layers_input_size_5_node1_40_node2_100_node3_90_node4_80,0.40916493828532113
Test_U_4Layers_input_size_5_node1_40_node2_100_node3_90_node4_80,0.46489401152904347
Train_U_4Layers_input_size_5_node1_40_node2_100_node3_90_node4_90,0.4113000271466295
Test_U_4Layers_input_size_5_node1_40_node2_100_node3_90_node4_90,0.46308450622208697
Train_U_4Layers_input_size_5_node1_40_node2_100_node3_90_node4_100,0.39550801971806876
Test_U_4Layers_input_size_5_node1_40_node2_100_node3_90_node4_100,0.45466250976893063
Train_U_3Layers_input_size_5_node1_40_node2_100_node3_100_node4_0,0.4079739963365102
Test_U_3Layers_input_size_5_node1_40_node2_100_node3_100_node4_0,0.4843557723136039
Train_U_4Layers_input_size_5_node1_40_node2_100_node3_100_node4_30,0.392958499478984
Test_U_4Layers_input_size_5_node1_40_node2_100_node3_100_node4_30,0.4677656965471348
Train_U_4Layers_input_size_5_node1_40_node2_100_node3_100_node4_40,0.3926698757772079
Test_U_4Layers_input_size_5_node1_40_node2_100_node3_100_node4_40,0.45330520861115964
Train_U_4Layers_input_size_5_node1_40_node2_100_node3_100_node4_50,0.41661901996302614
Test_U_4Layers_input_size_5_node1_40_node2_100_node3_100_node4_50,0.49287191367870054
Train_U_4Layers_input_size_5_node1_40_node2_100_node3_100_node4_60,0.38573337979462025
Test_U_4Layers_input_size_5_node1_40_node2_100_node3_100_node4_60,0.45006748130593993
Train_U_4Layers_input_size_5_node1_40_node2_100_node3_100_node4_70,0.39457447457296985
Test_U_4Layers_input_size_5_node1_40_node2_100_node3_100_node4_70,0.4613729941232258
Train_U_4Layers_input_size_5_node1_40_node2_100_node3_100_node4_80,0.38478762181332815
Test_U_4Layers_input_size_5_node1_40_node2_100_node3_100_node4_80,0.4537969244188665
Train_U_4Layers_input_size_5_node1_40_node2_100_node3_100_node4_90,0.41814967722694996
Test_U_4Layers_input_size_5_node1_40_node2_100_node3_100_node4_90,0.4682888623784478
Train_U_4Layers_input_size_5_node1_40_node2_100_node3_100_node4_100,0.3849449127283758
Test_U_4Layers_input_size_5_node1_40_node2_100_node3_100_node4_100,0.45406466098279047
Train_U_1Layers_input_size_5_node1_50_node2_0_node3_0_node4_0,0.39736063673443023
Test_U_1Layers_input_size_5_node1_50_node2_0_node3_0_node4_0,0.46464009993049143
Train_U_2Layers_input_size_5_node1_50_node2_30_node3_0_node4_0,0.41685179730174643
Test_U_2Layers_input_size_5_node1_50_node2_30_node3_0_node4_0,0.48325586239336976
Train_U_3Layers_input_size_5_node1_50_node2_30_node3_30_node4_0,0.3914545596646167
Test_U_3Layers_input_size_5_node1_50_node2_30_node3_30_node4_0,0.4598940336970554
Train_U_4Layers_input_size_5_node1_50_node2_30_node3_30_node4_30,0.4021778320122679
Test_U_4Layers_input_size_5_node1_50_node2_30_node3_30_node4_30,0.46074095269426224
Train_U_4Layers_input_size_5_node1_50_node2_30_node3_30_node4_40,0.3927651714136127
Test_U_4Layers_input_size_5_node1_50_node2_30_node3_30_node4_40,0.4604904625585295
Train_U_4Layers_input_size_5_node1_50_node2_30_node3_30_node4_50,0.457434191322166
Test_U_4Layers_input_size_5_node1_50_node2_30_node3_30_node4_50,0.49430601646636707
Train_U_4Layers_input_size_5_node1_50_node2_30_node3_30_node4_60,0.3952204095680887
Test_U_4Layers_input_size_5_node1_50_node2_30_node3_30_node4_60,0.4586527336439615
Train_U_4Layers_input_size_5_node1_50_node2_30_node3_30_node4_70,0.3988140421294883
Test_U_4Layers_input_size_5_node1_50_node2_30_node3_30_node4_70,0.4738880217103128
Train_U_4Layers_input_size_5_node1_50_node2_30_node3_30_node4_80,0.39182446383613173
Test_U_4Layers_input_size_5_node1_50_node2_30_node3_30_node4_80,0.4624155882536774
Train_U_4Layers_input_size_5_node1_50_node2_30_node3_30_node4_90,0.39467729565861387
Test_U_4Layers_input_size_5_node1_50_node2_30_node3_30_node4_90,0.4597974515025848
Train_U_4Layers_input_size_5_node1_50_node2_30_node3_30_node4_100,0.39366668924866716
Test_U_4Layers_input_size_5_node1_50_node2_30_node3_30_node4_100,0.4654741260414026
Train_U_3Layers_input_size_5_node1_50_node2_30_node3_40_node4_0,0.40654826219215684
Test_U_3Layers_input_size_5_node1_50_node2_30_node3_40_node4_0,0.4634655629238068
Train_U_4Layers_input_size_5_node1_50_node2_30_node3_40_node4_30,0.3949759781148382
Test_U_4Layers_input_size_5_node1_50_node2_30_node3_40_node4_30,0.4531421986966219
Train_U_4Layers_input_size_5_node1_50_node2_30_node3_40_node4_40,0.4030939533787043
Test_U_4Layers_input_size_5_node1_50_node2_30_node3_40_node4_40,0.47903608705949163
Train_U_4Layers_input_size_5_node1_50_node2_30_node3_40_node4_50,0.39185676915595125
Test_U_4Layers_input_size_5_node1_50_node2_30_node3_40_node4_50,0.4630479022317649
Train_U_4Layers_input_size_5_node1_50_node2_30_node3_40_node4_60,0.4084361383230077
Test_U_4Layers_input_size_5_node1_50_node2_30_node3_40_node4_60,0.48511771204132415
Train_U_4Layers_input_size_5_node1_50_node2_30_node3_40_node4_70,0.3982086272268371
Test_U_4Layers_input_size_5_node1_50_node2_30_node3_40_node4_70,0.47321323018071987
Train_U_4Layers_input_size_5_node1_50_node2_30_node3_40_node4_80,0.3881762617846292
Test_U_4Layers_input_size_5_node1_50_node2_30_node3_40_node4_80,0.46148621501462145
Train_U_4Layers_input_size_5_node1_50_node2_30_node3_40_node4_90,0.40876758371381605
Test_U_4Layers_input_size_5_node1_50_node2_30_node3_40_node4_90,0.48545543088834653
Train_U_4Layers_input_size_5_node1_50_node2_30_node3_40_node4_100,0.3917760293878524
Test_U_4Layers_input_size_5_node1_50_node2_30_node3_40_node4_100,0.46451436722630796
Train_U_3Layers_input_size_5_node1_50_node2_30_node3_50_node4_0,0.3912821201692266
Test_U_3Layers_input_size_5_node1_50_node2_30_node3_50_node4_0,0.46153994162258
Train_U_4Layers_input_size_5_node1_50_node2_30_node3_50_node4_30,0.3946405769176237
Test_U_4Layers_input_size_5_node1_50_node2_30_node3_50_node4_30,0.4683300362275203
Train_U_4Layers_input_size_5_node1_50_node2_30_node3_50_node4_40,0.42697663447508744
Test_U_4Layers_input_size_5_node1_50_node2_30_node3_50_node4_40,0.5046133063612501
Train_U_4Layers_input_size_5_node1_50_node2_30_node3_50_node4_50,0.40761437920049426
Test_U_4Layers_input_size_5_node1_50_node2_30_node3_50_node4_50,0.48407680808014675
Train_U_4Layers_input_size_5_node1_50_node2_30_node3_50_node4_60,0.3927298295422191
Test_U_4Layers_input_size_5_node1_50_node2_30_node3_50_node4_60,0.4650616015115555
Train_U_4Layers_input_size_5_node1_50_node2_30_node3_50_node4_70,0.3926834610399357
Test_U_4Layers_input_size_5_node1_50_node2_30_node3_50_node4_70,0.4661027064343675
Train_U_4Layers_input_size_5_node1_50_node2_30_node3_50_node4_80,0.4055578314032922
Test_U_4Layers_input_size_5_node1_50_node2_30_node3_50_node4_80,0.4594231476496432
Train_U_4Layers_input_size_5_node1_50_node2_30_node3_50_node4_90,0.3938777156362132
Test_U_4Layers_input_size_5_node1_50_node2_30_node3_50_node4_90,0.4671889537929
Train_U_4Layers_input_size_5_node1_50_node2_30_node3_50_node4_100,0.3898417058061659
Test_U_4Layers_input_size_5_node1_50_node2_30_node3_50_node4_100,0.4545512280314252
Train_U_3Layers_input_size_5_node1_50_node2_30_node3_60_node4_0,0.3884782356697978
Test_U_3Layers_input_size_5_node1_50_node2_30_node3_60_node4_0,0.4586301857350229
Train_U_4Layers_input_size_5_node1_50_node2_30_node3_60_node4_30,0.3960593251875675
Test_U_4Layers_input_size_5_node1_50_node2_30_node3_60_node4_30,0.4701088917677423
Train_U_4Layers_input_size_5_node1_50_node2_30_node3_60_node4_40,0.4027965553152499
Test_U_4Layers_input_size_5_node1_50_node2_30_node3_60_node4_40,0.45713682666966904
Train_U_4Layers_input_size_5_node1_50_node2_30_node3_60_node4_50,0.44097540091656345
Test_U_4Layers_input_size_5_node1_50_node2_30_node3_60_node4_50,0.5177251067281045
Train_U_4Layers_input_size_5_node1_50_node2_30_node3_60_node4_60,0.43672436691793826
Test_U_4Layers_input_size_5_node1_50_node2_30_node3_60_node4_60,0.5149703059848622
Train_U_4Layers_input_size_5_node1_50_node2_30_node3_60_node4_70,0.3974280378892306
Test_U_4Layers_input_size_5_node1_50_node2_30_node3_60_node4_70,0.4592104253699057
Train_U_4Layers_input_size_5_node1_50_node2_30_node3_60_node4_80,0.4245649340832301
Test_U_4Layers_input_size_5_node1_50_node2_30_node3_60_node4_80,0.5018712730316837
Train_U_4Layers_input_size_5_node1_50_node2_30_node3_60_node4_90,0.4358885070998747
Test_U_4Layers_input_size_5_node1_50_node2_30_node3_60_node4_90,0.48069915829365195
Train_U_4Layers_input_size_5_node1_50_node2_30_node3_60_node4_100,0.3905986586272299
Test_U_4Layers_input_size_5_node1_50_node2_30_node3_60_node4_100,0.46108720255759494
Train_U_3Layers_input_size_5_node1_50_node2_30_node3_70_node4_0,0.3959290133667937
Test_U_3Layers_input_size_5_node1_50_node2_30_node3_70_node4_0,0.46978711790714794
Train_U_4Layers_input_size_5_node1_50_node2_30_node3_70_node4_30,0.39364628636917137
Test_U_4Layers_input_size_5_node1_50_node2_30_node3_70_node4_30,0.46510112273048543
Train_U_4Layers_input_size_5_node1_50_node2_30_node3_70_node4_40,0.3915651642205644
Test_U_4Layers_input_size_5_node1_50_node2_30_node3_70_node4_40,0.46124876148812266
Train_U_4Layers_input_size_5_node1_50_node2_30_node3_70_node4_50,0.3929722643594601
Test_U_4Layers_input_size_5_node1_50_node2_30_node3_70_node4_50,0.46007089454694255
Train_U_4Layers_input_size_5_node1_50_node2_30_node3_70_node4_60,0.40583930897605186
Test_U_4Layers_input_size_5_node1_50_node2_30_node3_70_node4_60,0.48227748177130925
Train_U_4Layers_input_size_5_node1_50_node2_30_node3_70_node4_70,0.39609241372509435
Test_U_4Layers_input_size_5_node1_50_node2_30_node3_70_node4_70,0.4706339171883239
Train_U_4Layers_input_size_5_node1_50_node2_30_node3_70_node4_80,0.38828511380090336
Test_U_4Layers_input_size_5_node1_50_node2_30_node3_70_node4_80,0.4574553323525627
Train_U_4Layers_input_size_5_node1_50_node2_30_node3_70_node4_90,0.40312666781768003
Test_U_4Layers_input_size_5_node1_50_node2_30_node3_70_node4_90,0.45974089589213757
Train_U_4Layers_input_size_5_node1_50_node2_30_node3_70_node4_100,0.3864695391439859
Test_U_4Layers_input_size_5_node1_50_node2_30_node3_70_node4_100,0.45225713094885217
Train_U_3Layers_input_size_5_node1_50_node2_30_node3_80_node4_0,0.3902601445484456
Test_U_3Layers_input_size_5_node1_50_node2_30_node3_80_node4_0,0.45476601502821695
Train_U_4Layers_input_size_5_node1_50_node2_30_node3_80_node4_30,0.390961140010115
Test_U_4Layers_input_size_5_node1_50_node2_30_node3_80_node4_30,0.45144334692814697
Train_U_4Layers_input_size_5_node1_50_node2_30_node3_80_node4_40,0.3937860192369646
Test_U_4Layers_input_size_5_node1_50_node2_30_node3_80_node4_40,0.45571824923562815
Train_U_4Layers_input_size_5_node1_50_node2_30_node3_80_node4_50,0.39387502955875753
Test_U_4Layers_input_size_5_node1_50_node2_30_node3_80_node4_50,0.4621894773450006
Train_U_4Layers_input_size_5_node1_50_node2_30_node3_80_node4_60,0.3895526280602022
Test_U_4Layers_input_size_5_node1_50_node2_30_node3_80_node4_60,0.4571502726189715
Train_U_4Layers_input_size_5_node1_50_node2_30_node3_80_node4_70,0.4173699305130237
Test_U_4Layers_input_size_5_node1_50_node2_30_node3_80_node4_70,0.4945406745627289
Train_U_4Layers_input_size_5_node1_50_node2_30_node3_80_node4_80,0.39065561174609553
Test_U_4Layers_input_size_5_node1_50_node2_30_node3_80_node4_80,0.46152977150062857
Train_U_4Layers_input_size_5_node1_50_node2_30_node3_80_node4_90,0.3997784843113592
Test_U_4Layers_input_size_5_node1_50_node2_30_node3_80_node4_90,0.4599394256680041
Train_U_4Layers_input_size_5_node1_50_node2_30_node3_80_node4_100,0.38852727299160306
Test_U_4Layers_input_size_5_node1_50_node2_30_node3_80_node4_100,0.45258438811931123
Train_U_3Layers_input_size_5_node1_50_node2_30_node3_90_node4_0,0.39258930323234587
Test_U_3Layers_input_size_5_node1_50_node2_30_node3_90_node4_0,0.46351255011105225
Train_U_4Layers_input_size_5_node1_50_node2_30_node3_90_node4_30,0.41427466516958317
Test_U_4Layers_input_size_5_node1_50_node2_30_node3_90_node4_30,0.4907903975612223
Train_U_4Layers_input_size_5_node1_50_node2_30_node3_90_node4_40,0.39158887200471504
Test_U_4Layers_input_size_5_node1_50_node2_30_node3_90_node4_40,0.4549296058968766
Train_U_4Layers_input_size_5_node1_50_node2_30_node3_90_node4_50,0.40109583459958104
Test_U_4Layers_input_size_5_node1_50_node2_30_node3_90_node4_50,0.4762142973005222
Train_U_4Layers_input_size_5_node1_50_node2_30_node3_90_node4_60,0.3934570645777086
Test_U_4Layers_input_size_5_node1_50_node2_30_node3_90_node4_60,0.45377219776366257
Train_U_4Layers_input_size_5_node1_50_node2_30_node3_90_node4_70,0.4113888339808843
Test_U_4Layers_input_size_5_node1_50_node2_30_node3_90_node4_70,0.46737891584940794
Train_U_4Layers_input_size_5_node1_50_node2_30_node3_90_node4_80,0.40121830315932333
Test_U_4Layers_input_size_5_node1_50_node2_30_node3_90_node4_80,0.4590617824779951
Train_U_4Layers_input_size_5_node1_50_node2_30_node3_90_node4_90,0.4172858604462706
Test_U_4Layers_input_size_5_node1_50_node2_30_node3_90_node4_90,0.46808289105495926
Train_U_4Layers_input_size_5_node1_50_node2_30_node3_90_node4_100,0.38951906049732027
Test_U_4Layers_input_size_5_node1_50_node2_30_node3_90_node4_100,0.4623498131501744
Train_U_3Layers_input_size_5_node1_50_node2_30_node3_100_node4_0,0.39170369935308397
Test_U_3Layers_input_size_5_node1_50_node2_30_node3_100_node4_0,0.4633928463670985
Train_U_4Layers_input_size_5_node1_50_node2_30_node3_100_node4_30,0.3932100779803343
Test_U_4Layers_input_size_5_node1_50_node2_30_node3_100_node4_30,0.45830892006560425
Train_U_4Layers_input_size_5_node1_50_node2_30_node3_100_node4_40,0.3928830495101365
Test_U_4Layers_input_size_5_node1_50_node2_30_node3_100_node4_40,0.4516424227145752
Train_U_4Layers_input_size_5_node1_50_node2_30_node3_100_node4_50,0.3908082150898961
Test_U_4Layers_input_size_5_node1_50_node2_30_node3_100_node4_50,0.4599188038182541
Train_U_4Layers_input_size_5_node1_50_node2_30_node3_100_node4_60,0.4045144753276774
Test_U_4Layers_input_size_5_node1_50_node2_30_node3_100_node4_60,0.46145537750755616
Train_U_4Layers_input_size_5_node1_50_node2_30_node3_100_node4_70,0.3899694473268926
Test_U_4Layers_input_size_5_node1_50_node2_30_node3_100_node4_70,0.4595605845137123
Train_U_4Layers_input_size_5_node1_50_node2_30_node3_100_node4_80,0.38476012560017386
Test_U_4Layers_input_size_5_node1_50_node2_30_node3_100_node4_80,0.45140969420030513
Train_U_4Layers_input_size_5_node1_50_node2_30_node3_100_node4_90,0.4009352910374172
Test_U_4Layers_input_size_5_node1_50_node2_30_node3_100_node4_90,0.4770620416973626
Train_U_4Layers_input_size_5_node1_50_node2_30_node3_100_node4_100,0.3922468847171737
Test_U_4Layers_input_size_5_node1_50_node2_30_node3_100_node4_100,0.4554075923055181
Train_U_2Layers_input_size_5_node1_50_node2_40_node3_0_node4_0,0.4038567842928863
Test_U_2Layers_input_size_5_node1_50_node2_40_node3_0_node4_0,0.4608929337762064
Train_U_3Layers_input_size_5_node1_50_node2_40_node3_30_node4_0,0.3914426447837685
Test_U_3Layers_input_size_5_node1_50_node2_40_node3_30_node4_0,0.45746210769947954
Train_U_4Layers_input_size_5_node1_50_node2_40_node3_30_node4_30,0.3868185935552093
Test_U_4Layers_input_size_5_node1_50_node2_40_node3_30_node4_30,0.45553951858706765
Train_U_4Layers_input_size_5_node1_50_node2_40_node3_30_node4_40,0.3903608191751703
Test_U_4Layers_input_size_5_node1_50_node2_40_node3_30_node4_40,0.4611297141992583
Train_U_4Layers_input_size_5_node1_50_node2_40_node3_30_node4_50,0.39066415590495496
Test_U_4Layers_input_size_5_node1_50_node2_40_node3_30_node4_50,0.4578791358286082
Train_U_4Layers_input_size_5_node1_50_node2_40_node3_30_node4_60,0.3883151617150817
Test_U_4Layers_input_size_5_node1_50_node2_40_node3_30_node4_60,0.45679921185655964
Train_U_4Layers_input_size_5_node1_50_node2_40_node3_30_node4_70,0.39566489032120583
Test_U_4Layers_input_size_5_node1_50_node2_40_node3_30_node4_70,0.46897582336590204
Train_U_4Layers_input_size_5_node1_50_node2_40_node3_30_node4_80,0.40197520366862594
Test_U_4Layers_input_size_5_node1_50_node2_40_node3_30_node4_80,0.4589475738706047
Train_U_4Layers_input_size_5_node1_50_node2_40_node3_30_node4_90,0.3902117832429841
Test_U_4Layers_input_size_5_node1_50_node2_40_node3_30_node4_90,0.46094288257107036
Train_U_4Layers_input_size_5_node1_50_node2_40_node3_30_node4_100,0.40209245704353463
Test_U_4Layers_input_size_5_node1_50_node2_40_node3_30_node4_100,0.45492906544116085
Train_U_3Layers_input_size_5_node1_50_node2_40_node3_40_node4_0,0.3931734685630175
Test_U_3Layers_input_size_5_node1_50_node2_40_node3_40_node4_0,0.4584096028707679
Train_U_4Layers_input_size_5_node1_50_node2_40_node3_40_node4_30,0.3947353779196772
Test_U_4Layers_input_size_5_node1_50_node2_40_node3_40_node4_30,0.4678864312728429
Train_U_4Layers_input_size_5_node1_50_node2_40_node3_40_node4_40,0.39233142066217636
Test_U_4Layers_input_size_5_node1_50_node2_40_node3_40_node4_40,0.46360291030005685
Train_U_4Layers_input_size_5_node1_50_node2_40_node3_40_node4_50,0.3963561390925023
Test_U_4Layers_input_size_5_node1_50_node2_40_node3_40_node4_50,0.4598995418838273
Train_U_4Layers_input_size_5_node1_50_node2_40_node3_40_node4_60,0.3902656619004017
Test_U_4Layers_input_size_5_node1_50_node2_40_node3_40_node4_60,0.46088245839084063
Train_U_4Layers_input_size_5_node1_50_node2_40_node3_40_node4_70,0.3864162687799082
Test_U_4Layers_input_size_5_node1_50_node2_40_node3_40_node4_70,0.45550803314457494
Train_U_4Layers_input_size_5_node1_50_node2_40_node3_40_node4_80,0.3943391275489409
Test_U_4Layers_input_size_5_node1_50_node2_40_node3_40_node4_80,0.4545376232404594
Train_U_4Layers_input_size_5_node1_50_node2_40_node3_40_node4_90,0.3894503862137373
Test_U_4Layers_input_size_5_node1_50_node2_40_node3_40_node4_90,0.45389680245263436
Train_U_4Layers_input_size_5_node1_50_node2_40_node3_40_node4_100,0.4029278635417356
Test_U_4Layers_input_size_5_node1_50_node2_40_node3_40_node4_100,0.47914815086028634
Train_U_3Layers_input_size_5_node1_50_node2_40_node3_50_node4_0,0.4022945262834299
Test_U_3Layers_input_size_5_node1_50_node2_40_node3_50_node4_0,0.4780034340790967
Train_U_4Layers_input_size_5_node1_50_node2_40_node3_50_node4_30,0.40124506148154276
Test_U_4Layers_input_size_5_node1_50_node2_40_node3_50_node4_30,0.4605389666343421
Train_U_4Layers_input_size_5_node1_50_node2_40_node3_50_node4_40,0.3883357679443554
Test_U_4Layers_input_size_5_node1_50_node2_40_node3_50_node4_40,0.45151072736629605
Train_U_4Layers_input_size_5_node1_50_node2_40_node3_50_node4_50,0.46012996799302164
Test_U_4Layers_input_size_5_node1_50_node2_40_node3_50_node4_50,0.5371164772257707
Train_U_4Layers_input_size_5_node1_50_node2_40_node3_50_node4_60,0.38954513059903884
Test_U_4Layers_input_size_5_node1_50_node2_40_node3_50_node4_60,0.45830844862169606
Train_U_4Layers_input_size_5_node1_50_node2_40_node3_50_node4_70,0.3916343618151242
Test_U_4Layers_input_size_5_node1_50_node2_40_node3_50_node4_70,0.4606067958221127
Train_U_4Layers_input_size_5_node1_50_node2_40_node3_50_node4_80,0.3875906584423471
Test_U_4Layers_input_size_5_node1_50_node2_40_node3_50_node4_80,0.45767163788363885
Train_U_4Layers_input_size_5_node1_50_node2_40_node3_50_node4_90,0.40950110655298577
Test_U_4Layers_input_size_5_node1_50_node2_40_node3_50_node4_90,0.46444871289184436
Train_U_4Layers_input_size_5_node1_50_node2_40_node3_50_node4_100,0.38617205268474536
Test_U_4Layers_input_size_5_node1_50_node2_40_node3_50_node4_100,0.4562654355455899
Train_U_3Layers_input_size_5_node1_50_node2_40_node3_60_node4_0,0.4392141921798583
Test_U_3Layers_input_size_5_node1_50_node2_40_node3_60_node4_0,0.4804767359868502
Train_U_4Layers_input_size_5_node1_50_node2_40_node3_60_node4_30,0.385915094566946
Test_U_4Layers_input_size_5_node1_50_node2_40_node3_60_node4_30,0.4529630272863358
Train_U_4Layers_input_size_5_node1_50_node2_40_node3_60_node4_40,0.4488866490653364
Test_U_4Layers_input_size_5_node1_50_node2_40_node3_60_node4_40,0.5269875347646591
Train_U_4Layers_input_size_5_node1_50_node2_40_node3_60_node4_50,0.42831776518614356
Test_U_4Layers_input_size_5_node1_50_node2_40_node3_60_node4_50,0.4752091123158404
Train_U_4Layers_input_size_5_node1_50_node2_40_node3_60_node4_60,0.4073016968717287
Test_U_4Layers_input_size_5_node1_50_node2_40_node3_60_node4_60,0.4836549174830263
Train_U_4Layers_input_size_5_node1_50_node2_40_node3_60_node4_70,0.4321049915312775
Test_U_4Layers_input_size_5_node1_50_node2_40_node3_60_node4_70,0.5089723106939424
Train_U_4Layers_input_size_5_node1_50_node2_40_node3_60_node4_80,0.3899700778095179
Test_U_4Layers_input_size_5_node1_50_node2_40_node3_60_node4_80,0.4615442678922299
Train_U_4Layers_input_size_5_node1_50_node2_40_node3_60_node4_90,0.3948343076131664
Test_U_4Layers_input_size_5_node1_50_node2_40_node3_60_node4_90,0.4681696478073269
Train_U_4Layers_input_size_5_node1_50_node2_40_node3_60_node4_100,0.3919586304127224
Test_U_4Layers_input_size_5_node1_50_node2_40_node3_60_node4_100,0.4652532488808404
Train_U_3Layers_input_size_5_node1_50_node2_40_node3_70_node4_0,0.43950744293212
Test_U_3Layers_input_size_5_node1_50_node2_40_node3_70_node4_0,0.5169892614013045
Train_U_4Layers_input_size_5_node1_50_node2_40_node3_70_node4_30,0.38739651713354095
Test_U_4Layers_input_size_5_node1_50_node2_40_node3_70_node4_30,0.45989531354633595
Train_U_4Layers_input_size_5_node1_50_node2_40_node3_70_node4_40,0.3935709303918761
Test_U_4Layers_input_size_5_node1_50_node2_40_node3_70_node4_40,0.4533894194883293
Train_U_4Layers_input_size_5_node1_50_node2_40_node3_70_node4_50,0.3897813842670445
Test_U_4Layers_input_size_5_node1_50_node2_40_node3_70_node4_50,0.4609796213850686
Train_U_4Layers_input_size_5_node1_50_node2_40_node3_70_node4_60,0.3902531761550928
Test_U_4Layers_input_size_5_node1_50_node2_40_node3_70_node4_60,0.46138463719921463
Train_U_4Layers_input_size_5_node1_50_node2_40_node3_70_node4_70,0.433342095968097
Test_U_4Layers_input_size_5_node1_50_node2_40_node3_70_node4_70,0.5101811261267841
Train_U_4Layers_input_size_5_node1_50_node2_40_node3_70_node4_80,0.39824140622528653
Test_U_4Layers_input_size_5_node1_50_node2_40_node3_70_node4_80,0.4733354559227314
Train_U_4Layers_input_size_5_node1_50_node2_40_node3_70_node4_90,0.39354010997495975
Test_U_4Layers_input_size_5_node1_50_node2_40_node3_70_node4_90,0.46417855503785527
Train_U_4Layers_input_size_5_node1_50_node2_40_node3_70_node4_100,0.3892532103362639
Test_U_4Layers_input_size_5_node1_50_node2_40_node3_70_node4_100,0.46265962526687077
Train_U_3Layers_input_size_5_node1_50_node2_40_node3_80_node4_0,0.3910414002237579
Test_U_3Layers_input_size_5_node1_50_node2_40_node3_80_node4_0,0.46283554200091986
Train_U_4Layers_input_size_5_node1_50_node2_40_node3_80_node4_30,0.4006973394406506
Test_U_4Layers_input_size_5_node1_50_node2_40_node3_80_node4_30,0.45866522548808597
Train_U_4Layers_input_size_5_node1_50_node2_40_node3_80_node4_40,0.4051836764655235
Test_U_4Layers_input_size_5_node1_50_node2_40_node3_80_node4_40,0.480871388512286
Train_U_4Layers_input_size_5_node1_50_node2_40_node3_80_node4_50,0.3925828885980326
Test_U_4Layers_input_size_5_node1_50_node2_40_node3_80_node4_50,0.46658526296716785
Train_U_4Layers_input_size_5_node1_50_node2_40_node3_80_node4_60,0.39002118172344824
Test_U_4Layers_input_size_5_node1_50_node2_40_node3_80_node4_60,0.4616801534615339
Train_U_4Layers_input_size_5_node1_50_node2_40_node3_80_node4_70,0.39487438576684647
Test_U_4Layers_input_size_5_node1_50_node2_40_node3_80_node4_70,0.4689475120229111
Train_U_4Layers_input_size_5_node1_50_node2_40_node3_80_node4_80,0.3974966647050191
Test_U_4Layers_input_size_5_node1_50_node2_40_node3_80_node4_80,0.45518426926102856
Train_U_4Layers_input_size_5_node1_50_node2_40_node3_80_node4_90,0.41652055999983995
Test_U_4Layers_input_size_5_node1_50_node2_40_node3_80_node4_90,0.494200209089827
Train_U_4Layers_input_size_5_node1_50_node2_40_node3_80_node4_100,0.39477369205484536
Test_U_4Layers_input_size_5_node1_50_node2_40_node3_80_node4_100,0.46121194718693737
Train_U_3Layers_input_size_5_node1_50_node2_40_node3_90_node4_0,0.39480702044072397
Test_U_3Layers_input_size_5_node1_50_node2_40_node3_90_node4_0,0.4591651885008284
Train_U_4Layers_input_size_5_node1_50_node2_40_node3_90_node4_30,0.397982281206593
Test_U_4Layers_input_size_5_node1_50_node2_40_node3_90_node4_30,0.45797288513399126
Train_U_4Layers_input_size_5_node1_50_node2_40_node3_90_node4_40,0.389641362558635
Test_U_4Layers_input_size_5_node1_50_node2_40_node3_90_node4_40,0.4612995600759681
Train_U_4Layers_input_size_5_node1_50_node2_40_node3_90_node4_50,0.3917941335808487
Test_U_4Layers_input_size_5_node1_50_node2_40_node3_90_node4_50,0.45957232214232535
Train_U_4Layers_input_size_5_node1_50_node2_40_node3_90_node4_60,0.3909203175977574
Test_U_4Layers_input_size_5_node1_50_node2_40_node3_90_node4_60,0.4551269766982815
Train_U_4Layers_input_size_5_node1_50_node2_40_node3_90_node4_70,0.3919038438296522
Test_U_4Layers_input_size_5_node1_50_node2_40_node3_90_node4_70,0.46469378256126265
Train_U_4Layers_input_size_5_node1_50_node2_40_node3_90_node4_80,0.39467082057089986
Test_U_4Layers_input_size_5_node1_50_node2_40_node3_90_node4_80,0.45839369080226916
Train_U_4Layers_input_size_5_node1_50_node2_40_node3_90_node4_90,0.3937933224354063
Test_U_4Layers_input_size_5_node1_50_node2_40_node3_90_node4_90,0.4563384551694781
Train_U_4Layers_input_size_5_node1_50_node2_40_node3_90_node4_100,0.3914680729084641
Test_U_4Layers_input_size_5_node1_50_node2_40_node3_90_node4_100,0.4643297158208982
Train_U_3Layers_input_size_5_node1_50_node2_40_node3_100_node4_0,0.3934767766652944
Test_U_3Layers_input_size_5_node1_50_node2_40_node3_100_node4_0,0.4560064090113151
Train_U_4Layers_input_size_5_node1_50_node2_40_node3_100_node4_30,0.3906560694736289
Test_U_4Layers_input_size_5_node1_50_node2_40_node3_100_node4_30,0.460104448158478
Train_U_4Layers_input_size_5_node1_50_node2_40_node3_100_node4_40,0.3922446433455872
Test_U_4Layers_input_size_5_node1_50_node2_40_node3_100_node4_40,0.45453886899729107
Train_U_4Layers_input_size_5_node1_50_node2_40_node3_100_node4_50,0.38775930188874663
Test_U_4Layers_input_size_5_node1_50_node2_40_node3_100_node4_50,0.45083627150148714
Train_U_4Layers_input_size_5_node1_50_node2_40_node3_100_node4_60,0.4156800111776575
Test_U_4Layers_input_size_5_node1_50_node2_40_node3_100_node4_60,0.4930354035502301
Train_U_4Layers_input_size_5_node1_50_node2_40_node3_100_node4_70,0.40751449322231614
Test_U_4Layers_input_size_5_node1_50_node2_40_node3_100_node4_70,0.4848465162684518
Train_U_4Layers_input_size_5_node1_50_node2_40_node3_100_node4_80,0.3985247609942721
Test_U_4Layers_input_size_5_node1_50_node2_40_node3_100_node4_80,0.4564780449220251
Train_U_4Layers_input_size_5_node1_50_node2_40_node3_100_node4_90,0.4059949404314319
Test_U_4Layers_input_size_5_node1_50_node2_40_node3_100_node4_90,0.48286186262207814
Train_U_4Layers_input_size_5_node1_50_node2_40_node3_100_node4_100,0.42634066308311913
Test_U_4Layers_input_size_5_node1_50_node2_40_node3_100_node4_100,0.4742580573493961
Train_U_2Layers_input_size_5_node1_50_node2_50_node3_0_node4_0,0.3924716786171208
Test_U_2Layers_input_size_5_node1_50_node2_50_node3_0_node4_0,0.4539236232827242
Train_U_3Layers_input_size_5_node1_50_node2_50_node3_30_node4_0,0.39389364256424203
Test_U_3Layers_input_size_5_node1_50_node2_50_node3_30_node4_0,0.4669514643496157
Train_U_4Layers_input_size_5_node1_50_node2_50_node3_30_node4_30,0.3994029820031452
Test_U_4Layers_input_size_5_node1_50_node2_50_node3_30_node4_30,0.47438392464908563
Train_U_4Layers_input_size_5_node1_50_node2_50_node3_30_node4_40,0.39664677643528157
Test_U_4Layers_input_size_5_node1_50_node2_50_node3_30_node4_40,0.45833065472889395
Train_U_4Layers_input_size_5_node1_50_node2_50_node3_30_node4_50,0.4191285201828481
Test_U_4Layers_input_size_5_node1_50_node2_50_node3_30_node4_50,0.4701439951665226
Train_U_4Layers_input_size_5_node1_50_node2_50_node3_30_node4_60,0.39289964254046983
Test_U_4Layers_input_size_5_node1_50_node2_50_node3_30_node4_60,0.4542412655777414
Train_U_4Layers_input_size_5_node1_50_node2_50_node3_30_node4_70,0.393759113539328
Test_U_4Layers_input_size_5_node1_50_node2_50_node3_30_node4_70,0.46211580222038384
Train_U_4Layers_input_size_5_node1_50_node2_50_node3_30_node4_80,0.4212987637806612
Test_U_4Layers_input_size_5_node1_50_node2_50_node3_30_node4_80,0.49908124435853024
Train_U_4Layers_input_size_5_node1_50_node2_50_node3_30_node4_90,0.41281005087623385
Test_U_4Layers_input_size_5_node1_50_node2_50_node3_30_node4_90,0.4631903116863802
Train_U_4Layers_input_size_5_node1_50_node2_50_node3_30_node4_100,0.40618791472588006
Test_U_4Layers_input_size_5_node1_50_node2_50_node3_30_node4_100,0.4617151553922558
Train_U_3Layers_input_size_5_node1_50_node2_50_node3_40_node4_0,0.39523100408717776
Test_U_3Layers_input_size_5_node1_50_node2_50_node3_40_node4_0,0.468888055816408
Train_U_4Layers_input_size_5_node1_50_node2_50_node3_40_node4_30,0.388624063742839
Test_U_4Layers_input_size_5_node1_50_node2_50_node3_40_node4_30,0.4588203136961972
Train_U_4Layers_input_size_5_node1_50_node2_50_node3_40_node4_40,0.3915695595923071
Test_U_4Layers_input_size_5_node1_50_node2_50_node3_40_node4_40,0.45534037945181693
Train_U_4Layers_input_size_5_node1_50_node2_50_node3_40_node4_50,0.3890130927032607
Test_U_4Layers_input_size_5_node1_50_node2_50_node3_40_node4_50,0.45936568633518554
Train_U_4Layers_input_size_5_node1_50_node2_50_node3_40_node4_60,0.3986707266571054
Test_U_4Layers_input_size_5_node1_50_node2_50_node3_40_node4_60,0.46009091041277866
Train_U_4Layers_input_size_5_node1_50_node2_50_node3_40_node4_70,0.4028614195305105
Test_U_4Layers_input_size_5_node1_50_node2_50_node3_40_node4_70,0.47936206613671367
Train_U_4Layers_input_size_5_node1_50_node2_50_node3_40_node4_80,0.38987151908971707
Test_U_4Layers_input_size_5_node1_50_node2_50_node3_40_node4_80,0.45766644475280444
Train_U_4Layers_input_size_5_node1_50_node2_50_node3_40_node4_90,0.3979457925286268
Test_U_4Layers_input_size_5_node1_50_node2_50_node3_40_node4_90,0.4561524868317504
Train_U_4Layers_input_size_5_node1_50_node2_50_node3_40_node4_100,0.4979675379374188
Test_U_4Layers_input_size_5_node1_50_node2_50_node3_40_node4_100,0.5252985820480982
Train_U_3Layers_input_size_5_node1_50_node2_50_node3_50_node4_0,0.3879760187200198
Test_U_3Layers_input_size_5_node1_50_node2_50_node3_50_node4_0,0.45302253419625954
Train_U_4Layers_input_size_5_node1_50_node2_50_node3_50_node4_30,0.3903336964663101
Test_U_4Layers_input_size_5_node1_50_node2_50_node3_50_node4_30,0.46059095966020075
Train_U_4Layers_input_size_5_node1_50_node2_50_node3_50_node4_40,0.3965688530884242
Test_U_4Layers_input_size_5_node1_50_node2_50_node3_50_node4_40,0.4715253526125557
Train_U_4Layers_input_size_5_node1_50_node2_50_node3_50_node4_50,0.4096982124086171
Test_U_4Layers_input_size_5_node1_50_node2_50_node3_50_node4_50,0.465851372856876
Train_U_4Layers_input_size_5_node1_50_node2_50_node3_50_node4_60,0.3886861558907199
Test_U_4Layers_input_size_5_node1_50_node2_50_node3_50_node4_60,0.45865343215657944
Train_U_4Layers_input_size_5_node1_50_node2_50_node3_50_node4_70,0.4111126421332132
Test_U_4Layers_input_size_5_node1_50_node2_50_node3_50_node4_70,0.46359850681437215
Train_U_4Layers_input_size_5_node1_50_node2_50_node3_50_node4_80,0.402378247457994
Test_U_4Layers_input_size_5_node1_50_node2_50_node3_50_node4_80,0.47824750901514224
Train_U_4Layers_input_size_5_node1_50_node2_50_node3_50_node4_90,0.3878345959967559
Test_U_4Layers_input_size_5_node1_50_node2_50_node3_50_node4_90,0.45351238791717585
Train_U_4Layers_input_size_5_node1_50_node2_50_node3_50_node4_100,0.39165538313351295
Test_U_4Layers_input_size_5_node1_50_node2_50_node3_50_node4_100,0.4529504604272411
Train_U_3Layers_input_size_5_node1_50_node2_50_node3_60_node4_0,0.39076363964278876
Test_U_3Layers_input_size_5_node1_50_node2_50_node3_60_node4_0,0.4600953960496782
Train_U_4Layers_input_size_5_node1_50_node2_50_node3_60_node4_30,0.39272358794733436
Test_U_4Layers_input_size_5_node1_50_node2_50_node3_60_node4_30,0.4669155145656232
Train_U_4Layers_input_size_5_node1_50_node2_50_node3_60_node4_40,0.42186258439055807
Test_U_4Layers_input_size_5_node1_50_node2_50_node3_60_node4_40,0.5004919731190054
Train_U_4Layers_input_size_5_node1_50_node2_50_node3_60_node4_50,0.4422134344630498
Test_U_4Layers_input_size_5_node1_50_node2_50_node3_60_node4_50,0.5195014199319182
Train_U_4Layers_input_size_5_node1_50_node2_50_node3_60_node4_60,0.3914536841425867
Test_U_4Layers_input_size_5_node1_50_node2_50_node3_60_node4_60,0.4634199053973519
Train_U_4Layers_input_size_5_node1_50_node2_50_node3_60_node4_70,0.38965050259379924
Test_U_4Layers_input_size_5_node1_50_node2_50_node3_60_node4_70,0.45276143846433475
Train_U_4Layers_input_size_5_node1_50_node2_50_node3_60_node4_80,0.3968782582487189
Test_U_4Layers_input_size_5_node1_50_node2_50_node3_60_node4_80,0.4713769577024154
Train_U_4Layers_input_size_5_node1_50_node2_50_node3_60_node4_90,0.4513156050916122
Test_U_4Layers_input_size_5_node1_50_node2_50_node3_60_node4_90,0.4904104273822413
Train_U_4Layers_input_size_5_node1_50_node2_50_node3_60_node4_100,0.3897367104949486
Test_U_4Layers_input_size_5_node1_50_node2_50_node3_60_node4_100,0.4564155768068674
Train_U_3Layers_input_size_5_node1_50_node2_50_node3_70_node4_0,0.39008614566807587
Test_U_3Layers_input_size_5_node1_50_node2_50_node3_70_node4_0,0.460788557266965
Train_U_4Layers_input_size_5_node1_50_node2_50_node3_70_node4_30,0.4026728275011448
Test_U_4Layers_input_size_5_node1_50_node2_50_node3_70_node4_30,0.47904075301964344
Train_U_4Layers_input_size_5_node1_50_node2_50_node3_70_node4_40,0.3985510645567785
Test_U_4Layers_input_size_5_node1_50_node2_50_node3_70_node4_40,0.47402832192198074
Train_U_4Layers_input_size_5_node1_50_node2_50_node3_70_node4_50,0.4081422130641007
Test_U_4Layers_input_size_5_node1_50_node2_50_node3_70_node4_50,0.4850126499315695
Train_U_4Layers_input_size_5_node1_50_node2_50_node3_70_node4_60,0.3960318590374874
Test_U_4Layers_input_size_5_node1_50_node2_50_node3_70_node4_60,0.4704640362977571
Train_U_4Layers_input_size_5_node1_50_node2_50_node3_70_node4_70,0.3930164755626734
Test_U_4Layers_input_size_5_node1_50_node2_50_node3_70_node4_70,0.45218849416648543
Train_U_4Layers_input_size_5_node1_50_node2_50_node3_70_node4_80,0.3933465184645959
Test_U_4Layers_input_size_5_node1_50_node2_50_node3_70_node4_80,0.4590456982492386
Train_U_4Layers_input_size_5_node1_50_node2_50_node3_70_node4_90,0.3955958892332902
Test_U_4Layers_input_size_5_node1_50_node2_50_node3_70_node4_90,0.4557886429985798
Train_U_4Layers_input_size_5_node1_50_node2_50_node3_70_node4_100,0.3896893931498118
Test_U_4Layers_input_size_5_node1_50_node2_50_node3_70_node4_100,0.4615701923749538
Train_U_3Layers_input_size_5_node1_50_node2_50_node3_80_node4_0,0.3978900139888414
Test_U_3Layers_input_size_5_node1_50_node2_50_node3_80_node4_0,0.45875550103072565
Train_U_4Layers_input_size_5_node1_50_node2_50_node3_80_node4_30,0.3889706100967369
Test_U_4Layers_input_size_5_node1_50_node2_50_node3_80_node4_30,0.4547240062360282
Train_U_4Layers_input_size_5_node1_50_node2_50_node3_80_node4_40,0.4970158095541296
Test_U_4Layers_input_size_5_node1_50_node2_50_node3_80_node4_40,0.5727858798703476
Train_U_4Layers_input_size_5_node1_50_node2_50_node3_80_node4_50,0.4594034919207068
Test_U_4Layers_input_size_5_node1_50_node2_50_node3_80_node4_50,0.4964937114663075
Train_U_4Layers_input_size_5_node1_50_node2_50_node3_80_node4_60,0.3975418533327689
Test_U_4Layers_input_size_5_node1_50_node2_50_node3_80_node4_60,0.457119631576413
Train_U_4Layers_input_size_5_node1_50_node2_50_node3_80_node4_70,0.3909786721373777
Test_U_4Layers_input_size_5_node1_50_node2_50_node3_80_node4_70,0.4548736898933281
Train_U_4Layers_input_size_5_node1_50_node2_50_node3_80_node4_80,0.3936578506542568
Test_U_4Layers_input_size_5_node1_50_node2_50_node3_80_node4_80,0.45674742338187696
Train_U_4Layers_input_size_5_node1_50_node2_50_node3_80_node4_90,0.3918000667057886
Test_U_4Layers_input_size_5_node1_50_node2_50_node3_80_node4_90,0.4657773012021382
Train_U_4Layers_input_size_5_node1_50_node2_50_node3_80_node4_100,0.3961655222557003
Test_U_4Layers_input_size_5_node1_50_node2_50_node3_80_node4_100,0.45930998595137945
Train_U_3Layers_input_size_5_node1_50_node2_50_node3_90_node4_0,0.3898012631184961
Test_U_3Layers_input_size_5_node1_50_node2_50_node3_90_node4_0,0.4589888552183268
Train_U_4Layers_input_size_5_node1_50_node2_50_node3_90_node4_30,0.39043744352879795
Test_U_4Layers_input_size_5_node1_50_node2_50_node3_90_node4_30,0.4585891970354835
Train_U_4Layers_input_size_5_node1_50_node2_50_node3_90_node4_40,0.38684099365307534
Test_U_4Layers_input_size_5_node1_50_node2_50_node3_90_node4_40,0.45455645675240114
Train_U_4Layers_input_size_5_node1_50_node2_50_node3_90_node4_50,0.3942608614945122
Test_U_4Layers_input_size_5_node1_50_node2_50_node3_90_node4_50,0.4687575657551868
Train_U_4Layers_input_size_5_node1_50_node2_50_node3_90_node4_60,0.3892213014743381
Test_U_4Layers_input_size_5_node1_50_node2_50_node3_90_node4_60,0.4581713516653341
Train_U_4Layers_input_size_5_node1_50_node2_50_node3_90_node4_70,0.3854187393991908
Test_U_4Layers_input_size_5_node1_50_node2_50_node3_90_node4_70,0.45297248509825433
Train_U_4Layers_input_size_5_node1_50_node2_50_node3_90_node4_80,0.39102554766005243
Test_U_4Layers_input_size_5_node1_50_node2_50_node3_90_node4_80,0.46304407272404857
Train_U_4Layers_input_size_5_node1_50_node2_50_node3_90_node4_90,0.4037079506935692
Test_U_4Layers_input_size_5_node1_50_node2_50_node3_90_node4_90,0.462975200539904
Train_U_4Layers_input_size_5_node1_50_node2_50_node3_90_node4_100,0.3873012856138321
Test_U_4Layers_input_size_5_node1_50_node2_50_node3_90_node4_100,0.4567292837937327
Train_U_3Layers_input_size_5_node1_50_node2_50_node3_100_node4_0,0.41466791050628315
Test_U_3Layers_input_size_5_node1_50_node2_50_node3_100_node4_0,0.49236226385107473
Train_U_4Layers_input_size_5_node1_50_node2_50_node3_100_node4_30,0.400724281292494
Test_U_4Layers_input_size_5_node1_50_node2_50_node3_100_node4_30,0.4594250774984839
Train_U_4Layers_input_size_5_node1_50_node2_50_node3_100_node4_40,0.39236503245589394
Test_U_4Layers_input_size_5_node1_50_node2_50_node3_100_node4_40,0.45512741869708345
Train_U_4Layers_input_size_5_node1_50_node2_50_node3_100_node4_50,0.395352896032392
Test_U_4Layers_input_size_5_node1_50_node2_50_node3_100_node4_50,0.45616762776332226
Train_U_4Layers_input_size_5_node1_50_node2_50_node3_100_node4_60,0.3873051137917039
Test_U_4Layers_input_size_5_node1_50_node2_50_node3_100_node4_60,0.4570618480644861
Train_U_4Layers_input_size_5_node1_50_node2_50_node3_100_node4_70,0.389542376393391
Test_U_4Layers_input_size_5_node1_50_node2_50_node3_100_node4_70,0.4575467422193875
Train_U_4Layers_input_size_5_node1_50_node2_50_node3_100_node4_80,0.3865390706960825
Test_U_4Layers_input_size_5_node1_50_node2_50_node3_100_node4_80,0.4516722971341203
Train_U_4Layers_input_size_5_node1_50_node2_50_node3_100_node4_90,0.42426002048781547
Test_U_4Layers_input_size_5_node1_50_node2_50_node3_100_node4_90,0.5014952415457344
Train_U_4Layers_input_size_5_node1_50_node2_50_node3_100_node4_100,0.39342167123308786
Test_U_4Layers_input_size_5_node1_50_node2_50_node3_100_node4_100,0.4544214905956678
Train_U_2Layers_input_size_5_node1_50_node2_60_node3_0_node4_0,0.39307207375936415
Test_U_2Layers_input_size_5_node1_50_node2_60_node3_0_node4_0,0.4619363372141908
Train_U_3Layers_input_size_5_node1_50_node2_60_node3_30_node4_0,0.38898827024686544
Test_U_3Layers_input_size_5_node1_50_node2_60_node3_30_node4_0,0.46092015573230144
Train_U_4Layers_input_size_5_node1_50_node2_60_node3_30_node4_30,0.39358541212529746
Test_U_4Layers_input_size_5_node1_50_node2_60_node3_30_node4_30,0.4661376000499513
Train_U_4Layers_input_size_5_node1_50_node2_60_node3_30_node4_40,0.3916574376452817
Test_U_4Layers_input_size_5_node1_50_node2_60_node3_30_node4_40,0.4602054666775548
Train_U_4Layers_input_size_5_node1_50_node2_60_node3_30_node4_50,0.3899521182084273
Test_U_4Layers_input_size_5_node1_50_node2_60_node3_30_node4_50,0.4592478057038491
Train_U_4Layers_input_size_5_node1_50_node2_60_node3_30_node4_60,0.4380524587232829
Test_U_4Layers_input_size_5_node1_50_node2_60_node3_30_node4_60,0.5160027478536733
Train_U_4Layers_input_size_5_node1_50_node2_60_node3_30_node4_70,0.39720948159223163
Test_U_4Layers_input_size_5_node1_50_node2_60_node3_30_node4_70,0.45685195666438266
Train_U_4Layers_input_size_5_node1_50_node2_60_node3_30_node4_80,0.3947974902438962
Test_U_4Layers_input_size_5_node1_50_node2_60_node3_30_node4_80,0.45886878323376984
Train_U_4Layers_input_size_5_node1_50_node2_60_node3_30_node4_90,0.3870199745023446
Test_U_4Layers_input_size_5_node1_50_node2_60_node3_30_node4_90,0.4584700441933094
Train_U_4Layers_input_size_5_node1_50_node2_60_node3_30_node4_100,0.4267492751745003
Test_U_4Layers_input_size_5_node1_50_node2_60_node3_30_node4_100,0.5043778098216016
Train_U_3Layers_input_size_5_node1_50_node2_60_node3_40_node4_0,0.3933520493492913
Test_U_3Layers_input_size_5_node1_50_node2_60_node3_40_node4_0,0.4600332895703656
Train_U_4Layers_input_size_5_node1_50_node2_60_node3_40_node4_30,0.3969961537143595
Test_U_4Layers_input_size_5_node1_50_node2_60_node3_40_node4_30,0.45617291962088646
Train_U_4Layers_input_size_5_node1_50_node2_60_node3_40_node4_40,0.38912464013283693
Test_U_4Layers_input_size_5_node1_50_node2_60_node3_40_node4_40,0.45642870120703993
Train_U_4Layers_input_size_5_node1_50_node2_60_node3_40_node4_50,0.39395743839815195
Test_U_4Layers_input_size_5_node1_50_node2_60_node3_40_node4_50,0.4583032464498193
Train_U_4Layers_input_size_5_node1_50_node2_60_node3_40_node4_60,0.3907551548606211
Test_U_4Layers_input_size_5_node1_50_node2_60_node3_40_node4_60,0.46108285584049585
Train_U_4Layers_input_size_5_node1_50_node2_60_node3_40_node4_70,0.39006097127464806
Test_U_4Layers_input_size_5_node1_50_node2_60_node3_40_node4_70,0.45745894805499066
Train_U_4Layers_input_size_5_node1_50_node2_60_node3_40_node4_80,0.38857352387816024
Test_U_4Layers_input_size_5_node1_50_node2_60_node3_40_node4_80,0.45133955840819046
Train_U_4Layers_input_size_5_node1_50_node2_60_node3_40_node4_90,0.4122029419754667
Test_U_4Layers_input_size_5_node1_50_node2_60_node3_40_node4_90,0.4892453707942363
Train_U_4Layers_input_size_5_node1_50_node2_60_node3_40_node4_100,0.39831052888783264
Test_U_4Layers_input_size_5_node1_50_node2_60_node3_40_node4_100,0.4734905383172764
Train_U_3Layers_input_size_5_node1_50_node2_60_node3_50_node4_0,0.40383958985859497
Test_U_3Layers_input_size_5_node1_50_node2_60_node3_50_node4_0,0.45769455858471114
Train_U_4Layers_input_size_5_node1_50_node2_60_node3_50_node4_30,0.392092884094688
Test_U_4Layers_input_size_5_node1_50_node2_60_node3_50_node4_30,0.4557188214535668
Train_U_4Layers_input_size_5_node1_50_node2_60_node3_50_node4_40,0.38755042301795184
Test_U_4Layers_input_size_5_node1_50_node2_60_node3_50_node4_40,0.45408236555315007
Train_U_4Layers_input_size_5_node1_50_node2_60_node3_50_node4_50,0.3921155149196118
Test_U_4Layers_input_size_5_node1_50_node2_60_node3_50_node4_50,0.4642673091855954
Train_U_4Layers_input_size_5_node1_50_node2_60_node3_50_node4_60,0.39299402932977484
Test_U_4Layers_input_size_5_node1_50_node2_60_node3_50_node4_60,0.4542769882822026
Train_U_4Layers_input_size_5_node1_50_node2_60_node3_50_node4_70,0.41437736271778686
Test_U_4Layers_input_size_5_node1_50_node2_60_node3_50_node4_70,0.46760890671345895
Train_U_4Layers_input_size_5_node1_50_node2_60_node3_50_node4_80,0.42151895262801836
Test_U_4Layers_input_size_5_node1_50_node2_60_node3_50_node4_80,0.4686824590979348
Train_U_4Layers_input_size_5_node1_50_node2_60_node3_50_node4_90,0.394487151901269
Test_U_4Layers_input_size_5_node1_50_node2_60_node3_50_node4_90,0.4601969184455668
Train_U_4Layers_input_size_5_node1_50_node2_60_node3_50_node4_100,0.40072699582997917
Test_U_4Layers_input_size_5_node1_50_node2_60_node3_50_node4_100,0.4764517671104549
Train_U_3Layers_input_size_5_node1_50_node2_60_node3_60_node4_0,0.38716604393476395
Test_U_3Layers_input_size_5_node1_50_node2_60_node3_60_node4_0,0.45447997046863026
Train_U_4Layers_input_size_5_node1_50_node2_60_node3_60_node4_30,0.39069138916428114
Test_U_4Layers_input_size_5_node1_50_node2_60_node3_60_node4_30,0.45244364648367685
Train_U_4Layers_input_size_5_node1_50_node2_60_node3_60_node4_40,0.40238467258371174
Test_U_4Layers_input_size_5_node1_50_node2_60_node3_60_node4_40,0.47850354237774895
Train_U_4Layers_input_size_5_node1_50_node2_60_node3_60_node4_50,0.4031194782618197
Test_U_4Layers_input_size_5_node1_50_node2_60_node3_60_node4_50,0.45904581186332516
Train_U_4Layers_input_size_5_node1_50_node2_60_node3_60_node4_60,0.40564587496749344
Test_U_4Layers_input_size_5_node1_50_node2_60_node3_60_node4_60,0.4818776879934504
Train_U_4Layers_input_size_5_node1_50_node2_60_node3_60_node4_70,0.3987953224852882
Test_U_4Layers_input_size_5_node1_50_node2_60_node3_60_node4_70,0.4740554654147031
Train_U_4Layers_input_size_5_node1_50_node2_60_node3_60_node4_80,0.40228434003693536
Test_U_4Layers_input_size_5_node1_50_node2_60_node3_60_node4_80,0.4778857698516646
Train_U_4Layers_input_size_5_node1_50_node2_60_node3_60_node4_90,0.39231444276332
Test_U_4Layers_input_size_5_node1_50_node2_60_node3_60_node4_90,0.4561458227025905
Train_U_4Layers_input_size_5_node1_50_node2_60_node3_60_node4_100,0.4149610378750401
Test_U_4Layers_input_size_5_node1_50_node2_60_node3_60_node4_100,0.46516795032510444
Train_U_3Layers_input_size_5_node1_50_node2_60_node3_70_node4_0,0.39269315637998164
Test_U_3Layers_input_size_5_node1_50_node2_60_node3_70_node4_0,0.46253623756001566
Train_U_4Layers_input_size_5_node1_50_node2_60_node3_70_node4_30,0.40287225695820456
Test_U_4Layers_input_size_5_node1_50_node2_60_node3_70_node4_30,0.45754625370637536
Train_U_4Layers_input_size_5_node1_50_node2_60_node3_70_node4_40,0.3931031393574512
Test_U_4Layers_input_size_5_node1_50_node2_60_node3_70_node4_40,0.458226783967665
Train_U_4Layers_input_size_5_node1_50_node2_60_node3_70_node4_50,0.4077637603105539
Test_U_4Layers_input_size_5_node1_50_node2_60_node3_70_node4_50,0.46374188788791565
Train_U_4Layers_input_size_5_node1_50_node2_60_node3_70_node4_60,0.4063884792527169
Test_U_4Layers_input_size_5_node1_50_node2_60_node3_70_node4_60,0.4833037004211162
Train_U_4Layers_input_size_5_node1_50_node2_60_node3_70_node4_70,0.38605272372297417
Test_U_4Layers_input_size_5_node1_50_node2_60_node3_70_node4_70,0.45611970425785614
Train_U_4Layers_input_size_5_node1_50_node2_60_node3_70_node4_80,0.3981390190351116
Test_U_4Layers_input_size_5_node1_50_node2_60_node3_70_node4_80,0.472655493365226
Train_U_4Layers_input_size_5_node1_50_node2_60_node3_70_node4_90,0.40130560929294296
Test_U_4Layers_input_size_5_node1_50_node2_60_node3_70_node4_90,0.47735923080189935
Train_U_4Layers_input_size_5_node1_50_node2_60_node3_70_node4_100,0.4241691307428482
Test_U_4Layers_input_size_5_node1_50_node2_60_node3_70_node4_100,0.4683107543346656
Train_U_3Layers_input_size_5_node1_50_node2_60_node3_80_node4_0,0.39035547494812434
Test_U_3Layers_input_size_5_node1_50_node2_60_node3_80_node4_0,0.46082589042866035
Train_U_4Layers_input_size_5_node1_50_node2_60_node3_80_node4_30,0.39741122148083946
Test_U_4Layers_input_size_5_node1_50_node2_60_node3_80_node4_30,0.471746041189826
Train_U_4Layers_input_size_5_node1_50_node2_60_node3_80_node4_40,0.4000737494788292
Test_U_4Layers_input_size_5_node1_50_node2_60_node3_80_node4_40,0.4761752446894844
Train_U_4Layers_input_size_5_node1_50_node2_60_node3_80_node4_50,0.39153108414451515
Test_U_4Layers_input_size_5_node1_50_node2_60_node3_80_node4_50,0.4619523207968607
Train_U_4Layers_input_size_5_node1_50_node2_60_node3_80_node4_60,0.39150154948506466
Test_U_4Layers_input_size_5_node1_50_node2_60_node3_80_node4_60,0.4581497558056469
Train_U_4Layers_input_size_5_node1_50_node2_60_node3_80_node4_70,0.46584811017729005
Test_U_4Layers_input_size_5_node1_50_node2_60_node3_80_node4_70,0.49909335130032256
Train_U_4Layers_input_size_5_node1_50_node2_60_node3_80_node4_80,0.3904736416354989
Test_U_4Layers_input_size_5_node1_50_node2_60_node3_80_node4_80,0.4632784832104667
Train_U_4Layers_input_size_5_node1_50_node2_60_node3_80_node4_90,0.40523210797356946
Test_U_4Layers_input_size_5_node1_50_node2_60_node3_80_node4_90,0.4623452204674133
Train_U_4Layers_input_size_5_node1_50_node2_60_node3_80_node4_100,0.3890633648169531
Test_U_4Layers_input_size_5_node1_50_node2_60_node3_80_node4_100,0.4565927243786781
Train_U_3Layers_input_size_5_node1_50_node2_60_node3_90_node4_0,0.4115632945395572
Test_U_3Layers_input_size_5_node1_50_node2_60_node3_90_node4_0,0.48868108019555867
Train_U_4Layers_input_size_5_node1_50_node2_60_node3_90_node4_30,0.3976689949316554
Test_U_4Layers_input_size_5_node1_50_node2_60_node3_90_node4_30,0.4579349777123061
Train_U_4Layers_input_size_5_node1_50_node2_60_node3_90_node4_40,0.39500536616217397
Test_U_4Layers_input_size_5_node1_50_node2_60_node3_90_node4_40,0.45799720605472777
Train_U_4Layers_input_size_5_node1_50_node2_60_node3_90_node4_50,0.39149604955046674
Test_U_4Layers_input_size_5_node1_50_node2_60_node3_90_node4_50,0.4639785151152539
Train_U_4Layers_input_size_5_node1_50_node2_60_node3_90_node4_60,0.3909014486557316
Test_U_4Layers_input_size_5_node1_50_node2_60_node3_90_node4_60,0.4598096529898549
Train_U_4Layers_input_size_5_node1_50_node2_60_node3_90_node4_70,0.38988065372928454
Test_U_4Layers_input_size_5_node1_50_node2_60_node3_90_node4_70,0.45265304717042487
Train_U_4Layers_input_size_5_node1_50_node2_60_node3_90_node4_80,0.42719386190213243
Test_U_4Layers_input_size_5_node1_50_node2_60_node3_90_node4_80,0.47320713695874134
Train_U_4Layers_input_size_5_node1_50_node2_60_node3_90_node4_90,0.40376222429577585
Test_U_4Layers_input_size_5_node1_50_node2_60_node3_90_node4_90,0.47912537009814327
Train_U_4Layers_input_size_5_node1_50_node2_60_node3_90_node4_100,0.42049656067574515
Test_U_4Layers_input_size_5_node1_50_node2_60_node3_90_node4_100,0.47048169384611394
Train_U_3Layers_input_size_5_node1_50_node2_60_node3_100_node4_0,0.39350578439695005
Test_U_3Layers_input_size_5_node1_50_node2_60_node3_100_node4_0,0.4682275085363282
Train_U_4Layers_input_size_5_node1_50_node2_60_node3_100_node4_30,0.3880431298969351
Test_U_4Layers_input_size_5_node1_50_node2_60_node3_100_node4_30,0.4555982147265967
Train_U_4Layers_input_size_5_node1_50_node2_60_node3_100_node4_40,0.3969770105177095
Test_U_4Layers_input_size_5_node1_50_node2_60_node3_100_node4_40,0.4719425519375536
Train_U_4Layers_input_size_5_node1_50_node2_60_node3_100_node4_50,0.39345431881952203
Test_U_4Layers_input_size_5_node1_50_node2_60_node3_100_node4_50,0.4683258999147496
Train_U_4Layers_input_size_5_node1_50_node2_60_node3_100_node4_60,0.3858606084296839
Test_U_4Layers_input_size_5_node1_50_node2_60_node3_100_node4_60,0.4519911259638801
Train_U_4Layers_input_size_5_node1_50_node2_60_node3_100_node4_70,0.3900793651681046
Test_U_4Layers_input_size_5_node1_50_node2_60_node3_100_node4_70,0.4553205311105535
Train_U_4Layers_input_size_5_node1_50_node2_60_node3_100_node4_80,0.39469339796720093
Test_U_4Layers_input_size_5_node1_50_node2_60_node3_100_node4_80,0.4549569881461362
Train_U_4Layers_input_size_5_node1_50_node2_60_node3_100_node4_90,0.3970214513465043
Test_U_4Layers_input_size_5_node1_50_node2_60_node3_100_node4_90,0.4588453528704826
Train_U_4Layers_input_size_5_node1_50_node2_60_node3_100_node4_100,0.4061838976560461
Test_U_4Layers_input_size_5_node1_50_node2_60_node3_100_node4_100,0.48261712636603754
Train_U_2Layers_input_size_5_node1_50_node2_70_node3_0_node4_0,0.38990990988965907
Test_U_2Layers_input_size_5_node1_50_node2_70_node3_0_node4_0,0.4575834443387409
Train_U_3Layers_input_size_5_node1_50_node2_70_node3_30_node4_0,0.38870032124919485
Test_U_3Layers_input_size_5_node1_50_node2_70_node3_30_node4_0,0.45711839285277595
Train_U_4Layers_input_size_5_node1_50_node2_70_node3_30_node4_30,0.39255903207078885
Test_U_4Layers_input_size_5_node1_50_node2_70_node3_30_node4_30,0.46028856081844355
Train_U_4Layers_input_size_5_node1_50_node2_70_node3_30_node4_40,0.3961050916022362
Test_U_4Layers_input_size_5_node1_50_node2_70_node3_30_node4_40,0.4560570400267214
Train_U_4Layers_input_size_5_node1_50_node2_70_node3_30_node4_50,0.396197153923725
Test_U_4Layers_input_size_5_node1_50_node2_70_node3_30_node4_50,0.47005419497310613
Train_U_4Layers_input_size_5_node1_50_node2_70_node3_30_node4_60,0.3907716094501471
Test_U_4Layers_input_size_5_node1_50_node2_70_node3_30_node4_60,0.4571946821867608
Train_U_4Layers_input_size_5_node1_50_node2_70_node3_30_node4_70,0.39926706234512704
Test_U_4Layers_input_size_5_node1_50_node2_70_node3_30_node4_70,0.47449950528093926
Train_U_4Layers_input_size_5_node1_50_node2_70_node3_30_node4_80,0.3920894447030095
Test_U_4Layers_input_size_5_node1_50_node2_70_node3_30_node4_80,0.4528955503481842
Train_U_4Layers_input_size_5_node1_50_node2_70_node3_30_node4_90,0.41679009357859637
Test_U_4Layers_input_size_5_node1_50_node2_70_node3_30_node4_90,0.4671964650904657
Train_U_4Layers_input_size_5_node1_50_node2_70_node3_30_node4_100,0.3879090687956591
Test_U_4Layers_input_size_5_node1_50_node2_70_node3_30_node4_100,0.45183220962803067
Train_U_3Layers_input_size_5_node1_50_node2_70_node3_40_node4_0,0.3946905853017999
Test_U_3Layers_input_size_5_node1_50_node2_70_node3_40_node4_0,0.4552647285823112
Train_U_4Layers_input_size_5_node1_50_node2_70_node3_40_node4_30,0.3904758740920464
Test_U_4Layers_input_size_5_node1_50_node2_70_node3_40_node4_30,0.4627400084807461
Train_U_4Layers_input_size_5_node1_50_node2_70_node3_40_node4_40,0.39368845367800614
Test_U_4Layers_input_size_5_node1_50_node2_70_node3_40_node4_40,0.4680624051383665
Train_U_4Layers_input_size_5_node1_50_node2_70_node3_40_node4_50,0.3860889083762514
Test_U_4Layers_input_size_5_node1_50_node2_70_node3_40_node4_50,0.4534080706404764
Train_U_4Layers_input_size_5_node1_50_node2_70_node3_40_node4_60,0.402362174936276
Test_U_4Layers_input_size_5_node1_50_node2_70_node3_40_node4_60,0.4624505989651962
Train_U_4Layers_input_size_5_node1_50_node2_70_node3_40_node4_70,0.39443685327681494
Test_U_4Layers_input_size_5_node1_50_node2_70_node3_40_node4_70,0.46746683923644594
Train_U_4Layers_input_size_5_node1_50_node2_70_node3_40_node4_80,0.39335589440481206
Test_U_4Layers_input_size_5_node1_50_node2_70_node3_40_node4_80,0.45646557483416234
Train_U_4Layers_input_size_5_node1_50_node2_70_node3_40_node4_90,0.39131608864918255
Test_U_4Layers_input_size_5_node1_50_node2_70_node3_40_node4_90,0.45295148026388404
Train_U_4Layers_input_size_5_node1_50_node2_70_node3_40_node4_100,0.38607590158998634
Test_U_4Layers_input_size_5_node1_50_node2_70_node3_40_node4_100,0.45724615929285245
Train_U_3Layers_input_size_5_node1_50_node2_70_node3_50_node4_0,0.4059457740204763
Test_U_3Layers_input_size_5_node1_50_node2_70_node3_50_node4_0,0.4608268443329643
Train_U_4Layers_input_size_5_node1_50_node2_70_node3_50_node4_30,0.41103927381849864
Test_U_4Layers_input_size_5_node1_50_node2_70_node3_50_node4_30,0.4879854145313191
Train_U_4Layers_input_size_5_node1_50_node2_70_node3_50_node4_40,0.387749809835696
Test_U_4Layers_input_size_5_node1_50_node2_70_node3_50_node4_40,0.45514172613017334
Train_U_4Layers_input_size_5_node1_50_node2_70_node3_50_node4_50,0.39163061400455457
Test_U_4Layers_input_size_5_node1_50_node2_70_node3_50_node4_50,0.4524564744238017
Train_U_4Layers_input_size_5_node1_50_node2_70_node3_50_node4_60,0.38278787884067045
Test_U_4Layers_input_size_5_node1_50_node2_70_node3_50_node4_60,0.45138470472532133
Train_U_4Layers_input_size_5_node1_50_node2_70_node3_50_node4_70,0.41583461136643834
Test_U_4Layers_input_size_5_node1_50_node2_70_node3_50_node4_70,0.49388354101111764
Train_U_4Layers_input_size_5_node1_50_node2_70_node3_50_node4_80,0.3920204984879019
Test_U_4Layers_input_size_5_node1_50_node2_70_node3_50_node4_80,0.4653319511933873
Train_U_4Layers_input_size_5_node1_50_node2_70_node3_50_node4_90,0.3991532721823895
Test_U_4Layers_input_size_5_node1_50_node2_70_node3_50_node4_90,0.4749196612028348
Train_U_4Layers_input_size_5_node1_50_node2_70_node3_50_node4_100,0.3891719878538822
Test_U_4Layers_input_size_5_node1_50_node2_70_node3_50_node4_100,0.4613089923298905
Train_U_3Layers_input_size_5_node1_50_node2_70_node3_60_node4_0,0.3936788964028637
Test_U_3Layers_input_size_5_node1_50_node2_70_node3_60_node4_0,0.45229417993780574
Train_U_4Layers_input_size_5_node1_50_node2_70_node3_60_node4_30,0.4200891738128166
Test_U_4Layers_input_size_5_node1_50_node2_70_node3_60_node4_30,0.46893936147095383
Train_U_4Layers_input_size_5_node1_50_node2_70_node3_60_node4_40,0.3898994765271559
Test_U_4Layers_input_size_5_node1_50_node2_70_node3_60_node4_40,0.45196707530075053
Train_U_4Layers_input_size_5_node1_50_node2_70_node3_60_node4_50,0.3934527281646345
Test_U_4Layers_input_size_5_node1_50_node2_70_node3_60_node4_50,0.45256733285372525
Train_U_4Layers_input_size_5_node1_50_node2_70_node3_60_node4_60,0.4076652451002008
Test_U_4Layers_input_size_5_node1_50_node2_70_node3_60_node4_60,0.4840973396643446
Train_U_4Layers_input_size_5_node1_50_node2_70_node3_60_node4_70,0.42291060249165185
Test_U_4Layers_input_size_5_node1_50_node2_70_node3_60_node4_70,0.49974600479853326
Train_U_4Layers_input_size_5_node1_50_node2_70_node3_60_node4_80,0.3920005801242798
Test_U_4Layers_input_size_5_node1_50_node2_70_node3_60_node4_80,0.4613916293630042
Train_U_4Layers_input_size_5_node1_50_node2_70_node3_60_node4_90,0.40351607995686173
Test_U_4Layers_input_size_5_node1_50_node2_70_node3_60_node4_90,0.4579503200210434
Train_U_4Layers_input_size_5_node1_50_node2_70_node3_60_node4_100,0.3860307217957737
Test_U_4Layers_input_size_5_node1_50_node2_70_node3_60_node4_100,0.4536810291562964
Train_U_3Layers_input_size_5_node1_50_node2_70_node3_70_node4_0,0.4218571623810531
Test_U_3Layers_input_size_5_node1_50_node2_70_node3_70_node4_0,0.47024986002026126
Train_U_4Layers_input_size_5_node1_50_node2_70_node3_70_node4_30,0.4014186779695383
Test_U_4Layers_input_size_5_node1_50_node2_70_node3_70_node4_30,0.4769282578992681
Train_U_4Layers_input_size_5_node1_50_node2_70_node3_70_node4_40,0.39142107906917706
Test_U_4Layers_input_size_5_node1_50_node2_70_node3_70_node4_40,0.4541307829612827
Train_U_4Layers_input_size_5_node1_50_node2_70_node3_70_node4_50,0.3888092948243078
Test_U_4Layers_input_size_5_node1_50_node2_70_node3_70_node4_50,0.4590957181894974
Train_U_4Layers_input_size_5_node1_50_node2_70_node3_70_node4_60,0.38944700000962623
Test_U_4Layers_input_size_5_node1_50_node2_70_node3_70_node4_60,0.4538662864964376
Train_U_4Layers_input_size_5_node1_50_node2_70_node3_70_node4_70,0.3947982828630964
Test_U_4Layers_input_size_5_node1_50_node2_70_node3_70_node4_70,0.4689717721842343
Train_U_4Layers_input_size_5_node1_50_node2_70_node3_70_node4_80,0.40362369312560353
Test_U_4Layers_input_size_5_node1_50_node2_70_node3_70_node4_80,0.45865817551644994
Train_U_4Layers_input_size_5_node1_50_node2_70_node3_70_node4_90,0.3888208496749826
Test_U_4Layers_input_size_5_node1_50_node2_70_node3_70_node4_90,0.4585982626281915
Train_U_4Layers_input_size_5_node1_50_node2_70_node3_70_node4_100,0.38898750409646926
Test_U_4Layers_input_size_5_node1_50_node2_70_node3_70_node4_100,0.45492867238205525
Train_U_3Layers_input_size_5_node1_50_node2_70_node3_80_node4_0,0.4113931081073106
Test_U_3Layers_input_size_5_node1_50_node2_70_node3_80_node4_0,0.48866754128953344
Train_U_4Layers_input_size_5_node1_50_node2_70_node3_80_node4_30,0.3934743908167335
Test_U_4Layers_input_size_5_node1_50_node2_70_node3_80_node4_30,0.45406722072239775
Train_U_4Layers_input_size_5_node1_50_node2_70_node3_80_node4_40,0.40627571171310967
Test_U_4Layers_input_size_5_node1_50_node2_70_node3_80_node4_40,0.4636938313248488
Train_U_4Layers_input_size_5_node1_50_node2_70_node3_80_node4_50,0.40296691485871255
Test_U_4Layers_input_size_5_node1_50_node2_70_node3_80_node4_50,0.4789698099644923
Train_U_4Layers_input_size_5_node1_50_node2_70_node3_80_node4_60,0.39128958434810535
Test_U_4Layers_input_size_5_node1_50_node2_70_node3_80_node4_60,0.4618535395322359
Train_U_4Layers_input_size_5_node1_50_node2_70_node3_80_node4_70,0.435133956392904
Test_U_4Layers_input_size_5_node1_50_node2_70_node3_80_node4_70,0.4791327720208784
Train_U_4Layers_input_size_5_node1_50_node2_70_node3_80_node4_80,0.4048746743973792
Test_U_4Layers_input_size_5_node1_50_node2_70_node3_80_node4_80,0.46079111199288525
Train_U_4Layers_input_size_5_node1_50_node2_70_node3_80_node4_90,0.3879889234013768
Test_U_4Layers_input_size_5_node1_50_node2_70_node3_80_node4_90,0.4525330886808735
Train_U_4Layers_input_size_5_node1_50_node2_70_node3_80_node4_100,0.40162589096055995
Test_U_4Layers_input_size_5_node1_50_node2_70_node3_80_node4_100,0.45888503602623115
Train_U_3Layers_input_size_5_node1_50_node2_70_node3_90_node4_0,0.3915312744379321
Test_U_3Layers_input_size_5_node1_50_node2_70_node3_90_node4_0,0.4633057097335321
Train_U_4Layers_input_size_5_node1_50_node2_70_node3_90_node4_30,0.3938547888085591
Test_U_4Layers_input_size_5_node1_50_node2_70_node3_90_node4_30,0.453357324564358
Train_U_4Layers_input_size_5_node1_50_node2_70_node3_90_node4_40,0.39028089625959317
Test_U_4Layers_input_size_5_node1_50_node2_70_node3_90_node4_40,0.4522408541328699
Train_U_4Layers_input_size_5_node1_50_node2_70_node3_90_node4_50,0.4621966346524117
Test_U_4Layers_input_size_5_node1_50_node2_70_node3_90_node4_50,0.5385053768757302
Train_U_4Layers_input_size_5_node1_50_node2_70_node3_90_node4_60,0.3982766144498827
Test_U_4Layers_input_size_5_node1_50_node2_70_node3_90_node4_60,0.4587537470152622
Train_U_4Layers_input_size_5_node1_50_node2_70_node3_90_node4_70,0.38868774688364455
Test_U_4Layers_input_size_5_node1_50_node2_70_node3_90_node4_70,0.46154170119236754
Train_U_4Layers_input_size_5_node1_50_node2_70_node3_90_node4_80,0.40863492477420965
Test_U_4Layers_input_size_5_node1_50_node2_70_node3_90_node4_80,0.4611922384551911
Train_U_4Layers_input_size_5_node1_50_node2_70_node3_90_node4_90,0.40044536681565307
Test_U_4Layers_input_size_5_node1_50_node2_70_node3_90_node4_90,0.47634568519752263
Train_U_4Layers_input_size_5_node1_50_node2_70_node3_90_node4_100,0.394383695600257
Test_U_4Layers_input_size_5_node1_50_node2_70_node3_90_node4_100,0.4675101413238828
Train_U_3Layers_input_size_5_node1_50_node2_70_node3_100_node4_0,0.3858665362456459
Test_U_3Layers_input_size_5_node1_50_node2_70_node3_100_node4_0,0.45362231488877197
Train_U_4Layers_input_size_5_node1_50_node2_70_node3_100_node4_30,0.3957152776179441
Test_U_4Layers_input_size_5_node1_50_node2_70_node3_100_node4_30,0.46908493791419725
Train_U_4Layers_input_size_5_node1_50_node2_70_node3_100_node4_40,0.3936870342953779
Test_U_4Layers_input_size_5_node1_50_node2_70_node3_100_node4_40,0.4655806046641443
Train_U_4Layers_input_size_5_node1_50_node2_70_node3_100_node4_50,0.39123133331472965
Test_U_4Layers_input_size_5_node1_50_node2_70_node3_100_node4_50,0.45845840835478224
Train_U_4Layers_input_size_5_node1_50_node2_70_node3_100_node4_60,0.4152787537423314
Test_U_4Layers_input_size_5_node1_50_node2_70_node3_100_node4_60,0.4657538024636553
Train_U_4Layers_input_size_5_node1_50_node2_70_node3_100_node4_70,0.3879875599806193
Test_U_4Layers_input_size_5_node1_50_node2_70_node3_100_node4_70,0.4595990062985497
Train_U_4Layers_input_size_5_node1_50_node2_70_node3_100_node4_80,0.3966012603899886
Test_U_4Layers_input_size_5_node1_50_node2_70_node3_100_node4_80,0.47167325854609543
Train_U_4Layers_input_size_5_node1_50_node2_70_node3_100_node4_90,0.3974960461605813
Test_U_4Layers_input_size_5_node1_50_node2_70_node3_100_node4_90,0.45032818668317803
Train_U_4Layers_input_size_5_node1_50_node2_70_node3_100_node4_100,0.38986418064683137
Test_U_4Layers_input_size_5_node1_50_node2_70_node3_100_node4_100,0.46042245441210916
Train_U_2Layers_input_size_5_node1_50_node2_80_node3_0_node4_0,0.4015955774065158
Test_U_2Layers_input_size_5_node1_50_node2_80_node3_0_node4_0,0.4625355932355125
Train_U_3Layers_input_size_5_node1_50_node2_80_node3_30_node4_0,0.4007249692249661
Test_U_3Layers_input_size_5_node1_50_node2_80_node3_30_node4_0,0.4759503951802313
Train_U_4Layers_input_size_5_node1_50_node2_80_node3_30_node4_30,0.4031904625784535
Test_U_4Layers_input_size_5_node1_50_node2_80_node3_30_node4_30,0.4633695322099526
Train_U_4Layers_input_size_5_node1_50_node2_80_node3_30_node4_40,0.3909550416946003
Test_U_4Layers_input_size_5_node1_50_node2_80_node3_30_node4_40,0.4527671815244014
Train_U_4Layers_input_size_5_node1_50_node2_80_node3_30_node4_50,0.3874389608053799
Test_U_4Layers_input_size_5_node1_50_node2_80_node3_30_node4_50,0.45502419213547657
Train_U_4Layers_input_size_5_node1_50_node2_80_node3_30_node4_60,0.394279097248316
Test_U_4Layers_input_size_5_node1_50_node2_80_node3_30_node4_60,0.4669610058159507
Train_U_4Layers_input_size_5_node1_50_node2_80_node3_30_node4_70,0.3992503047349563
Test_U_4Layers_input_size_5_node1_50_node2_80_node3_30_node4_70,0.47429835171470425
Train_U_4Layers_input_size_5_node1_50_node2_80_node3_30_node4_80,0.3941590848291665
Test_U_4Layers_input_size_5_node1_50_node2_80_node3_30_node4_80,0.4675393046211854
Train_U_4Layers_input_size_5_node1_50_node2_80_node3_30_node4_90,0.3931943507497402
Test_U_4Layers_input_size_5_node1_50_node2_80_node3_30_node4_90,0.46076281518754364
Train_U_4Layers_input_size_5_node1_50_node2_80_node3_30_node4_100,0.3902752645795518
Test_U_4Layers_input_size_5_node1_50_node2_80_node3_30_node4_100,0.4602382658064024
Train_U_3Layers_input_size_5_node1_50_node2_80_node3_40_node4_0,0.43554725133768424
Test_U_3Layers_input_size_5_node1_50_node2_80_node3_40_node4_0,0.5125271185236323
Train_U_4Layers_input_size_5_node1_50_node2_80_node3_40_node4_30,0.3910824005089546
Test_U_4Layers_input_size_5_node1_50_node2_80_node3_40_node4_30,0.4559026624039117
Train_U_4Layers_input_size_5_node1_50_node2_80_node3_40_node4_40,0.3937725666179479
Test_U_4Layers_input_size_5_node1_50_node2_80_node3_40_node4_40,0.4575560075840923
Train_U_4Layers_input_size_5_node1_50_node2_80_node3_40_node4_50,0.3867267646344369
Test_U_4Layers_input_size_5_node1_50_node2_80_node3_40_node4_50,0.451772479962541
Train_U_4Layers_input_size_5_node1_50_node2_80_node3_40_node4_60,0.3954149113560189
Test_U_4Layers_input_size_5_node1_50_node2_80_node3_40_node4_60,0.4550291206923601
Train_U_4Layers_input_size_5_node1_50_node2_80_node3_40_node4_70,0.38547564605123374
Test_U_4Layers_input_size_5_node1_50_node2_80_node3_40_node4_70,0.4533041895703292
Train_U_4Layers_input_size_5_node1_50_node2_80_node3_40_node4_80,0.40930372374779506
Test_U_4Layers_input_size_5_node1_50_node2_80_node3_40_node4_80,0.46162308607161756
Train_U_4Layers_input_size_5_node1_50_node2_80_node3_40_node4_90,0.40503728029777086
Test_U_4Layers_input_size_5_node1_50_node2_80_node3_40_node4_90,0.4617714692046938
Train_U_4Layers_input_size_5_node1_50_node2_80_node3_40_node4_100,0.4130719229843712
Test_U_4Layers_input_size_5_node1_50_node2_80_node3_40_node4_100,0.4631750142611653
Train_U_3Layers_input_size_5_node1_50_node2_80_node3_50_node4_0,0.3925165156516097
Test_U_3Layers_input_size_5_node1_50_node2_80_node3_50_node4_0,0.4656018878653931
Train_U_4Layers_input_size_5_node1_50_node2_80_node3_50_node4_30,0.38865607914863737
Test_U_4Layers_input_size_5_node1_50_node2_80_node3_50_node4_30,0.45796436030491106
Train_U_4Layers_input_size_5_node1_50_node2_80_node3_50_node4_40,0.3952677433777332
Test_U_4Layers_input_size_5_node1_50_node2_80_node3_50_node4_40,0.45927082619249227
Train_U_4Layers_input_size_5_node1_50_node2_80_node3_50_node4_50,0.3928266469309253
Test_U_4Layers_input_size_5_node1_50_node2_80_node3_50_node4_50,0.4539386908384132
Train_U_4Layers_input_size_5_node1_50_node2_80_node3_50_node4_60,0.39155372841182357
Test_U_4Layers_input_size_5_node1_50_node2_80_node3_50_node4_60,0.4643786692313919
Train_U_4Layers_input_size_5_node1_50_node2_80_node3_50_node4_70,0.40762410324802856
Test_U_4Layers_input_size_5_node1_50_node2_80_node3_50_node4_70,0.48434588129441136
Train_U_4Layers_input_size_5_node1_50_node2_80_node3_50_node4_80,0.3867377652203891
Test_U_4Layers_input_size_5_node1_50_node2_80_node3_50_node4_80,0.4536247293035772
Train_U_4Layers_input_size_5_node1_50_node2_80_node3_50_node4_90,0.38959621375851566
Test_U_4Layers_input_size_5_node1_50_node2_80_node3_50_node4_90,0.4613228173398763
Train_U_4Layers_input_size_5_node1_50_node2_80_node3_50_node4_100,0.409128973465181
Test_U_4Layers_input_size_5_node1_50_node2_80_node3_50_node4_100,0.4639663108524676
Train_U_3Layers_input_size_5_node1_50_node2_80_node3_60_node4_0,0.4085193303681188
Test_U_3Layers_input_size_5_node1_50_node2_80_node3_60_node4_0,0.46293829821299814
Train_U_4Layers_input_size_5_node1_50_node2_80_node3_60_node4_30,0.4311223089831507
Test_U_4Layers_input_size_5_node1_50_node2_80_node3_60_node4_30,0.508617789642309
Train_U_4Layers_input_size_5_node1_50_node2_80_node3_60_node4_40,0.39321970349308166
Test_U_4Layers_input_size_5_node1_50_node2_80_node3_60_node4_40,0.46711440838266205
Train_U_4Layers_input_size_5_node1_50_node2_80_node3_60_node4_50,0.40171997084964395
Test_U_4Layers_input_size_5_node1_50_node2_80_node3_60_node4_50,0.45535225858927214
Train_U_4Layers_input_size_5_node1_50_node2_80_node3_60_node4_60,0.4014565212952533
Test_U_4Layers_input_size_5_node1_50_node2_80_node3_60_node4_60,0.47709718008089536
Train_U_4Layers_input_size_5_node1_50_node2_80_node3_60_node4_70,0.3895002767013429
Test_U_4Layers_input_size_5_node1_50_node2_80_node3_60_node4_70,0.4568747227951023
Train_U_4Layers_input_size_5_node1_50_node2_80_node3_60_node4_80,0.4167755064272863
Test_U_4Layers_input_size_5_node1_50_node2_80_node3_60_node4_80,0.4676713931725551
Train_U_4Layers_input_size_5_node1_50_node2_80_node3_60_node4_90,0.3991866828595935
Test_U_4Layers_input_size_5_node1_50_node2_80_node3_60_node4_90,0.4744604371523571
Train_U_4Layers_input_size_5_node1_50_node2_80_node3_60_node4_100,0.4010301831900878
Test_U_4Layers_input_size_5_node1_50_node2_80_node3_60_node4_100,0.4768326103298746
Train_U_3Layers_input_size_5_node1_50_node2_80_node3_70_node4_0,0.3889213221607629
Test_U_3Layers_input_size_5_node1_50_node2_80_node3_70_node4_0,0.4601924176080955
Train_U_4Layers_input_size_5_node1_50_node2_80_node3_70_node4_30,0.3942699511311117
Test_U_4Layers_input_size_5_node1_50_node2_80_node3_70_node4_30,0.4670786466059948
Train_U_4Layers_input_size_5_node1_50_node2_80_node3_70_node4_40,0.39275633150141354
Test_U_4Layers_input_size_5_node1_50_node2_80_node3_70_node4_40,0.4575546886244717
Train_U_4Layers_input_size_5_node1_50_node2_80_node3_70_node4_50,0.40770539598311634
Test_U_4Layers_input_size_5_node1_50_node2_80_node3_70_node4_50,0.4843562030221365
Train_U_4Layers_input_size_5_node1_50_node2_80_node3_70_node4_60,0.42442007960246736
Test_U_4Layers_input_size_5_node1_50_node2_80_node3_70_node4_60,0.5017273094376139
Train_U_4Layers_input_size_5_node1_50_node2_80_node3_70_node4_70,0.38686701311855415
Test_U_4Layers_input_size_5_node1_50_node2_80_node3_70_node4_70,0.45309250813766605
Train_U_4Layers_input_size_5_node1_50_node2_80_node3_70_node4_80,0.397746028395988
Test_U_4Layers_input_size_5_node1_50_node2_80_node3_70_node4_80,0.4553609468530929
Train_U_4Layers_input_size_5_node1_50_node2_80_node3_70_node4_90,0.40442388262672474
Test_U_4Layers_input_size_5_node1_50_node2_80_node3_70_node4_90,0.4596729551409139
Train_U_4Layers_input_size_5_node1_50_node2_80_node3_70_node4_100,0.3911370735694492
Test_U_4Layers_input_size_5_node1_50_node2_80_node3_70_node4_100,0.4651534707598553
Train_U_3Layers_input_size_5_node1_50_node2_80_node3_80_node4_0,0.39516880906896007
Test_U_3Layers_input_size_5_node1_50_node2_80_node3_80_node4_0,0.46736209758120995
Train_U_4Layers_input_size_5_node1_50_node2_80_node3_80_node4_30,0.4005142021208988
Test_U_4Layers_input_size_5_node1_50_node2_80_node3_80_node4_30,0.4613385153302088
Train_U_4Layers_input_size_5_node1_50_node2_80_node3_80_node4_40,0.3945084178096573
Test_U_4Layers_input_size_5_node1_50_node2_80_node3_80_node4_40,0.4684876025421129
Train_U_4Layers_input_size_5_node1_50_node2_80_node3_80_node4_50,0.3983904679906981
Test_U_4Layers_input_size_5_node1_50_node2_80_node3_80_node4_50,0.45669482964261227
Train_U_4Layers_input_size_5_node1_50_node2_80_node3_80_node4_60,0.3847171733576935
Test_U_4Layers_input_size_5_node1_50_node2_80_node3_80_node4_60,0.45184838574070374
Train_U_4Layers_input_size_5_node1_50_node2_80_node3_80_node4_70,0.3948619136700767
Test_U_4Layers_input_size_5_node1_50_node2_80_node3_80_node4_70,0.45313624664029756
Train_U_4Layers_input_size_5_node1_50_node2_80_node3_80_node4_80,0.40666053276178327
Test_U_4Layers_input_size_5_node1_50_node2_80_node3_80_node4_80,0.4610541083042896
Train_U_4Layers_input_size_5_node1_50_node2_80_node3_80_node4_90,0.3905450929928053
Test_U_4Layers_input_size_5_node1_50_node2_80_node3_80_node4_90,0.4624734439185039
Train_U_4Layers_input_size_5_node1_50_node2_80_node3_80_node4_100,0.41134380806987203
Test_U_4Layers_input_size_5_node1_50_node2_80_node3_80_node4_100,0.48856995249228874
Train_U_3Layers_input_size_5_node1_50_node2_80_node3_90_node4_0,0.39321149908464037
Test_U_3Layers_input_size_5_node1_50_node2_80_node3_90_node4_0,0.456854174618113
Train_U_4Layers_input_size_5_node1_50_node2_80_node3_90_node4_30,0.423823923538408
Test_U_4Layers_input_size_5_node1_50_node2_80_node3_90_node4_30,0.4724737871306366
Train_U_4Layers_input_size_5_node1_50_node2_80_node3_90_node4_40,0.4091373867848603
Test_U_4Layers_input_size_5_node1_50_node2_80_node3_90_node4_40,0.4857978994388091
Train_U_4Layers_input_size_5_node1_50_node2_80_node3_90_node4_50,0.4015182248061172
Test_U_4Layers_input_size_5_node1_50_node2_80_node3_90_node4_50,0.45885020790889336
Train_U_4Layers_input_size_5_node1_50_node2_80_node3_90_node4_60,0.4038383906486363
Test_U_4Layers_input_size_5_node1_50_node2_80_node3_90_node4_60,0.4556551373617748
Train_U_4Layers_input_size_5_node1_50_node2_80_node3_90_node4_70,0.39181229398438744
Test_U_4Layers_input_size_5_node1_50_node2_80_node3_90_node4_70,0.46463952266419833
Train_U_4Layers_input_size_5_node1_50_node2_80_node3_90_node4_80,0.41004193847438436
Test_U_4Layers_input_size_5_node1_50_node2_80_node3_90_node4_80,0.48658528097596654
Train_U_4Layers_input_size_5_node1_50_node2_80_node3_90_node4_90,0.3874652093220529
Test_U_4Layers_input_size_5_node1_50_node2_80_node3_90_node4_90,0.4508299419477652
Train_U_4Layers_input_size_5_node1_50_node2_80_node3_90_node4_100,0.39133853593115825
Test_U_4Layers_input_size_5_node1_50_node2_80_node3_90_node4_100,0.45695170500950943
Train_U_3Layers_input_size_5_node1_50_node2_80_node3_100_node4_0,0.3883677879317037
Test_U_3Layers_input_size_5_node1_50_node2_80_node3_100_node4_0,0.45842205258212615
Train_U_4Layers_input_size_5_node1_50_node2_80_node3_100_node4_30,0.3903848863767339
Test_U_4Layers_input_size_5_node1_50_node2_80_node3_100_node4_30,0.4558603497570766
Train_U_4Layers_input_size_5_node1_50_node2_80_node3_100_node4_40,0.39251571842476607
Test_U_4Layers_input_size_5_node1_50_node2_80_node3_100_node4_40,0.46122238278090705
Train_U_4Layers_input_size_5_node1_50_node2_80_node3_100_node4_50,0.4016987343145007
Test_U_4Layers_input_size_5_node1_50_node2_80_node3_100_node4_50,0.4771236961342933
Train_U_4Layers_input_size_5_node1_50_node2_80_node3_100_node4_60,0.4124783315169239
Test_U_4Layers_input_size_5_node1_50_node2_80_node3_100_node4_60,0.4631227965308936
Train_U_4Layers_input_size_5_node1_50_node2_80_node3_100_node4_70,0.391935496276931
Test_U_4Layers_input_size_5_node1_50_node2_80_node3_100_node4_70,0.45612831256590874
Train_U_4Layers_input_size_5_node1_50_node2_80_node3_100_node4_80,0.4275670878433668
Test_U_4Layers_input_size_5_node1_50_node2_80_node3_100_node4_80,0.4712028225321178
Train_U_4Layers_input_size_5_node1_50_node2_80_node3_100_node4_90,0.39833203958290614
Test_U_4Layers_input_size_5_node1_50_node2_80_node3_100_node4_90,0.4575349037738943
Train_U_4Layers_input_size_5_node1_50_node2_80_node3_100_node4_100,0.41497168498937176
Test_U_4Layers_input_size_5_node1_50_node2_80_node3_100_node4_100,0.4918844864595751
Train_U_2Layers_input_size_5_node1_50_node2_90_node3_0_node4_0,0.407335646402037
Test_U_2Layers_input_size_5_node1_50_node2_90_node3_0_node4_0,0.48382357003414544
Train_U_3Layers_input_size_5_node1_50_node2_90_node3_30_node4_0,0.3933708386232914
Test_U_3Layers_input_size_5_node1_50_node2_90_node3_30_node4_0,0.4527698144215681
Train_U_4Layers_input_size_5_node1_50_node2_90_node3_30_node4_30,0.3892232731235127
Test_U_4Layers_input_size_5_node1_50_node2_90_node3_30_node4_30,0.45769042382718733
Train_U_4Layers_input_size_5_node1_50_node2_90_node3_30_node4_40,0.40485437627323106
Test_U_4Layers_input_size_5_node1_50_node2_90_node3_30_node4_40,0.46000648483598144
Train_U_4Layers_input_size_5_node1_50_node2_90_node3_30_node4_50,0.38548987140164226
Test_U_4Layers_input_size_5_node1_50_node2_90_node3_30_node4_50,0.45609935076189995
Train_U_4Layers_input_size_5_node1_50_node2_90_node3_30_node4_60,0.3909967941947893
Test_U_4Layers_input_size_5_node1_50_node2_90_node3_30_node4_60,0.4645197243901447
Train_U_4Layers_input_size_5_node1_50_node2_90_node3_30_node4_70,0.3979918287435215
Test_U_4Layers_input_size_5_node1_50_node2_90_node3_30_node4_70,0.4590876848545814
Train_U_4Layers_input_size_5_node1_50_node2_90_node3_30_node4_80,0.39402033517493035
Test_U_4Layers_input_size_5_node1_50_node2_90_node3_30_node4_80,0.46508433423221957
Train_U_4Layers_input_size_5_node1_50_node2_90_node3_30_node4_90,0.41635676621360507
Test_U_4Layers_input_size_5_node1_50_node2_90_node3_30_node4_90,0.4939395208837522
Train_U_4Layers_input_size_5_node1_50_node2_90_node3_30_node4_100,0.39121196516247675
Test_U_4Layers_input_size_5_node1_50_node2_90_node3_30_node4_100,0.4549505030255168
Train_U_3Layers_input_size_5_node1_50_node2_90_node3_40_node4_0,0.3905068027963699
Test_U_3Layers_input_size_5_node1_50_node2_90_node3_40_node4_0,0.4595382270685417
Train_U_4Layers_input_size_5_node1_50_node2_90_node3_40_node4_30,0.38802028075654627
Test_U_4Layers_input_size_5_node1_50_node2_90_node3_40_node4_30,0.45723154292598156
Train_U_4Layers_input_size_5_node1_50_node2_90_node3_40_node4_40,0.3877230233155031
Test_U_4Layers_input_size_5_node1_50_node2_90_node3_40_node4_40,0.45602041111614505
Train_U_4Layers_input_size_5_node1_50_node2_90_node3_40_node4_50,0.3904719434335094
Test_U_4Layers_input_size_5_node1_50_node2_90_node3_40_node4_50,0.46268408630072283
Train_U_4Layers_input_size_5_node1_50_node2_90_node3_40_node4_60,0.39286873153215307
Test_U_4Layers_input_size_5_node1_50_node2_90_node3_40_node4_60,0.4666796740637848
Train_U_4Layers_input_size_5_node1_50_node2_90_node3_40_node4_70,0.3885577240285766
Test_U_4Layers_input_size_5_node1_50_node2_90_node3_40_node4_70,0.452850538200142
Train_U_4Layers_input_size_5_node1_50_node2_90_node3_40_node4_80,0.40317044926017875
Test_U_4Layers_input_size_5_node1_50_node2_90_node3_40_node4_80,0.4600925945559477
Train_U_4Layers_input_size_5_node1_50_node2_90_node3_40_node4_90,0.39763170927276065
Test_U_4Layers_input_size_5_node1_50_node2_90_node3_40_node4_90,0.45588292025941585
Train_U_4Layers_input_size_5_node1_50_node2_90_node3_40_node4_100,0.40404179952985847
Test_U_4Layers_input_size_5_node1_50_node2_90_node3_40_node4_100,0.4619305629888059
Train_U_3Layers_input_size_5_node1_50_node2_90_node3_50_node4_0,0.4649682879914499
Test_U_3Layers_input_size_5_node1_50_node2_90_node3_50_node4_0,0.5419840219243424
Train_U_4Layers_input_size_5_node1_50_node2_90_node3_50_node4_30,0.39277351792921306
Test_U_4Layers_input_size_5_node1_50_node2_90_node3_50_node4_30,0.4662220659913448
Train_U_4Layers_input_size_5_node1_50_node2_90_node3_50_node4_40,0.38450801765232884
Test_U_4Layers_input_size_5_node1_50_node2_90_node3_50_node4_40,0.452916771629319
Train_U_4Layers_input_size_5_node1_50_node2_90_node3_50_node4_50,0.403412058003659
Test_U_4Layers_input_size_5_node1_50_node2_90_node3_50_node4_50,0.47956720142205206
Train_U_4Layers_input_size_5_node1_50_node2_90_node3_50_node4_60,0.41051420305007474
Test_U_4Layers_input_size_5_node1_50_node2_90_node3_50_node4_60,0.4872220261667762
Train_U_4Layers_input_size_5_node1_50_node2_90_node3_50_node4_70,0.42156305082608964
Test_U_4Layers_input_size_5_node1_50_node2_90_node3_50_node4_70,0.4987989544087382
Train_U_4Layers_input_size_5_node1_50_node2_90_node3_50_node4_80,0.38876458600637775
Test_U_4Layers_input_size_5_node1_50_node2_90_node3_50_node4_80,0.45586775352799963
Train_U_4Layers_input_size_5_node1_50_node2_90_node3_50_node4_90,0.400911578427931
Test_U_4Layers_input_size_5_node1_50_node2_90_node3_50_node4_90,0.4576324193343132
Train_U_4Layers_input_size_5_node1_50_node2_90_node3_50_node4_100,0.3866018253389891
Test_U_4Layers_input_size_5_node1_50_node2_90_node3_50_node4_100,0.4542700178189631
Train_U_3Layers_input_size_5_node1_50_node2_90_node3_60_node4_0,0.38839805964413454
Test_U_3Layers_input_size_5_node1_50_node2_90_node3_60_node4_0,0.45926605671456217
Train_U_4Layers_input_size_5_node1_50_node2_90_node3_60_node4_30,0.38950352854348524
Test_U_4Layers_input_size_5_node1_50_node2_90_node3_60_node4_30,0.46036997302291455
Train_U_4Layers_input_size_5_node1_50_node2_90_node3_60_node4_40,0.3889979236125691
Test_U_4Layers_input_size_5_node1_50_node2_90_node3_60_node4_40,0.46089569807430697
Train_U_4Layers_input_size_5_node1_50_node2_90_node3_60_node4_50,0.412411366679484
Test_U_4Layers_input_size_5_node1_50_node2_90_node3_60_node4_50,0.4888522052488463
Train_U_4Layers_input_size_5_node1_50_node2_90_node3_60_node4_60,0.3960518004043837
Test_U_4Layers_input_size_5_node1_50_node2_90_node3_60_node4_60,0.4707021119672709
Train_U_4Layers_input_size_5_node1_50_node2_90_node3_60_node4_70,0.41445948805315314
Test_U_4Layers_input_size_5_node1_50_node2_90_node3_60_node4_70,0.4907988987238777
Train_U_4Layers_input_size_5_node1_50_node2_90_node3_60_node4_80,0.39544381459817984
Test_U_4Layers_input_size_5_node1_50_node2_90_node3_60_node4_80,0.46987749240535903
Train_U_4Layers_input_size_5_node1_50_node2_90_node3_60_node4_90,0.38933246392458903
Test_U_4Layers_input_size_5_node1_50_node2_90_node3_60_node4_90,0.4580227944988051
Train_U_4Layers_input_size_5_node1_50_node2_90_node3_60_node4_100,0.4222759178523382
Test_U_4Layers_input_size_5_node1_50_node2_90_node3_60_node4_100,0.4993561533211037
Train_U_3Layers_input_size_5_node1_50_node2_90_node3_70_node4_0,0.3907378987240265
Test_U_3Layers_input_size_5_node1_50_node2_90_node3_70_node4_0,0.463975207149423
Train_U_4Layers_input_size_5_node1_50_node2_90_node3_70_node4_30,0.39206629928263437
Test_U_4Layers_input_size_5_node1_50_node2_90_node3_70_node4_30,0.46557164302517573
Train_U_4Layers_input_size_5_node1_50_node2_90_node3_70_node4_40,0.41022999418437156
Test_U_4Layers_input_size_5_node1_50_node2_90_node3_70_node4_40,0.4865345803925426
Train_U_4Layers_input_size_5_node1_50_node2_90_node3_70_node4_50,0.4020883249391364
Test_U_4Layers_input_size_5_node1_50_node2_90_node3_70_node4_50,0.4562664969610244
Train_U_4Layers_input_size_5_node1_50_node2_90_node3_70_node4_60,0.3875794513835791
Test_U_4Layers_input_size_5_node1_50_node2_90_node3_70_node4_60,0.4515980940785326
Train_U_4Layers_input_size_5_node1_50_node2_90_node3_70_node4_70,0.3873840350783484
Test_U_4Layers_input_size_5_node1_50_node2_90_node3_70_node4_70,0.4572061709322118
Train_U_4Layers_input_size_5_node1_50_node2_90_node3_70_node4_80,0.39420832269027
Test_U_4Layers_input_size_5_node1_50_node2_90_node3_70_node4_80,0.4564003951269491
Train_U_4Layers_input_size_5_node1_50_node2_90_node3_70_node4_90,0.3854575736872993
Test_U_4Layers_input_size_5_node1_50_node2_90_node3_70_node4_90,0.45841875327901593
Train_U_4Layers_input_size_5_node1_50_node2_90_node3_70_node4_100,0.39680817259199713
Test_U_4Layers_input_size_5_node1_50_node2_90_node3_70_node4_100,0.4578280716418847
Train_U_3Layers_input_size_5_node1_50_node2_90_node3_80_node4_0,0.3866788477493048
Test_U_3Layers_input_size_5_node1_50_node2_90_node3_80_node4_0,0.4573703876970695
Train_U_4Layers_input_size_5_node1_50_node2_90_node3_80_node4_30,0.3954421377402937
Test_U_4Layers_input_size_5_node1_50_node2_90_node3_80_node4_30,0.4578664760863632
Train_U_4Layers_input_size_5_node1_50_node2_90_node3_80_node4_40,0.3907702938711385
Test_U_4Layers_input_size_5_node1_50_node2_90_node3_80_node4_40,0.46112283116629676
Train_U_4Layers_input_size_5_node1_50_node2_90_node3_80_node4_50,0.38995240480430066
Test_U_4Layers_input_size_5_node1_50_node2_90_node3_80_node4_50,0.45688436055020215
Train_U_4Layers_input_size_5_node1_50_node2_90_node3_80_node4_60,0.43797814262843937
Test_U_4Layers_input_size_5_node1_50_node2_90_node3_80_node4_60,0.4795315603961854
Train_U_4Layers_input_size_5_node1_50_node2_90_node3_80_node4_70,0.40502903934261325
Test_U_4Layers_input_size_5_node1_50_node2_90_node3_80_node4_70,0.45953804872341686
Train_U_4Layers_input_size_5_node1_50_node2_90_node3_80_node4_80,0.3914557016469304
Test_U_4Layers_input_size_5_node1_50_node2_90_node3_80_node4_80,0.4638448288197016
Train_U_4Layers_input_size_5_node1_50_node2_90_node3_80_node4_90,0.38924318047799134
Test_U_4Layers_input_size_5_node1_50_node2_90_node3_80_node4_90,0.449418910670583
Train_U_4Layers_input_size_5_node1_50_node2_90_node3_80_node4_100,0.39687718818842277
Test_U_4Layers_input_size_5_node1_50_node2_90_node3_80_node4_100,0.47225686215836726
Train_U_3Layers_input_size_5_node1_50_node2_90_node3_90_node4_0,0.39076888295539547
Test_U_3Layers_input_size_5_node1_50_node2_90_node3_90_node4_0,0.4566711572208194
Train_U_4Layers_input_size_5_node1_50_node2_90_node3_90_node4_30,0.39601342178607823
Test_U_4Layers_input_size_5_node1_50_node2_90_node3_90_node4_30,0.4575724535514564
Train_U_4Layers_input_size_5_node1_50_node2_90_node3_90_node4_40,0.40243482947674275
Test_U_4Layers_input_size_5_node1_50_node2_90_node3_90_node4_40,0.47791738677476386
Train_U_4Layers_input_size_5_node1_50_node2_90_node3_90_node4_50,0.38695751872380335
Test_U_4Layers_input_size_5_node1_50_node2_90_node3_90_node4_50,0.4513553725131939
Train_U_4Layers_input_size_5_node1_50_node2_90_node3_90_node4_60,0.3977770661172918
Test_U_4Layers_input_size_5_node1_50_node2_90_node3_90_node4_60,0.4714707569345847
Train_U_4Layers_input_size_5_node1_50_node2_90_node3_90_node4_70,0.3968834958706521
Test_U_4Layers_input_size_5_node1_50_node2_90_node3_90_node4_70,0.4716040509159156
Train_U_4Layers_input_size_5_node1_50_node2_90_node3_90_node4_80,0.3988897337671386
Test_U_4Layers_input_size_5_node1_50_node2_90_node3_90_node4_80,0.45600263474146624
Train_U_4Layers_input_size_5_node1_50_node2_90_node3_90_node4_90,0.40972063455794894
Test_U_4Layers_input_size_5_node1_50_node2_90_node3_90_node4_90,0.4631844726657109
Train_U_4Layers_input_size_5_node1_50_node2_90_node3_90_node4_100,0.4270972466722368
Test_U_4Layers_input_size_5_node1_50_node2_90_node3_90_node4_100,0.5042303063552174
Train_U_3Layers_input_size_5_node1_50_node2_90_node3_100_node4_0,0.389440036197902
Test_U_3Layers_input_size_5_node1_50_node2_90_node3_100_node4_0,0.45694567213341236
Train_U_4Layers_input_size_5_node1_50_node2_90_node3_100_node4_30,0.38838240612545066
Test_U_4Layers_input_size_5_node1_50_node2_90_node3_100_node4_30,0.4590517359874539
Train_U_4Layers_input_size_5_node1_50_node2_90_node3_100_node4_40,0.3891324328954292
Test_U_4Layers_input_size_5_node1_50_node2_90_node3_100_node4_40,0.46139828231654667
Train_U_4Layers_input_size_5_node1_50_node2_90_node3_100_node4_50,0.3860114208271203
Test_U_4Layers_input_size_5_node1_50_node2_90_node3_100_node4_50,0.44976557745046203
Train_U_4Layers_input_size_5_node1_50_node2_90_node3_100_node4_60,0.4143180058841848
Test_U_4Layers_input_size_5_node1_50_node2_90_node3_100_node4_60,0.4915491233019305
Train_U_4Layers_input_size_5_node1_50_node2_90_node3_100_node4_70,0.38760332606544917
Test_U_4Layers_input_size_5_node1_50_node2_90_node3_100_node4_70,0.4553111875275577
Train_U_4Layers_input_size_5_node1_50_node2_90_node3_100_node4_80,0.3881959925176924
Test_U_4Layers_input_size_5_node1_50_node2_90_node3_100_node4_80,0.46081124209086527
Train_U_4Layers_input_size_5_node1_50_node2_90_node3_100_node4_90,0.38844459444351254
Test_U_4Layers_input_size_5_node1_50_node2_90_node3_100_node4_90,0.4599844082232014
Train_U_4Layers_input_size_5_node1_50_node2_90_node3_100_node4_100,0.38294577711376665
Test_U_4Layers_input_size_5_node1_50_node2_90_node3_100_node4_100,0.45261301515604635
Train_U_2Layers_input_size_5_node1_50_node2_100_node3_0_node4_0,0.43494383800179165
Test_U_2Layers_input_size_5_node1_50_node2_100_node3_0_node4_0,0.5125222922338316
Train_U_3Layers_input_size_5_node1_50_node2_100_node3_30_node4_0,0.3886800218811394
Test_U_3Layers_input_size_5_node1_50_node2_100_node3_30_node4_0,0.459394004324872
Train_U_4Layers_input_size_5_node1_50_node2_100_node3_30_node4_30,0.3864017304596941
Test_U_4Layers_input_size_5_node1_50_node2_100_node3_30_node4_30,0.4580780658645766
Train_U_4Layers_input_size_5_node1_50_node2_100_node3_30_node4_40,0.42118954603924036
Test_U_4Layers_input_size_5_node1_50_node2_100_node3_30_node4_40,0.4993911851305876
Train_U_4Layers_input_size_5_node1_50_node2_100_node3_30_node4_50,0.3887297429084374
Test_U_4Layers_input_size_5_node1_50_node2_100_node3_30_node4_50,0.46053644286579687
Train_U_4Layers_input_size_5_node1_50_node2_100_node3_30_node4_60,0.3892419171569056
Test_U_4Layers_input_size_5_node1_50_node2_100_node3_30_node4_60,0.4598092641028257
Train_U_4Layers_input_size_5_node1_50_node2_100_node3_30_node4_70,0.3868296493116259
Test_U_4Layers_input_size_5_node1_50_node2_100_node3_30_node4_70,0.45539080638296164
Train_U_4Layers_input_size_5_node1_50_node2_100_node3_30_node4_80,0.4264945259011266
Test_U_4Layers_input_size_5_node1_50_node2_100_node3_30_node4_80,0.4740058766787435
Train_U_4Layers_input_size_5_node1_50_node2_100_node3_30_node4_90,0.3861167730725116
Test_U_4Layers_input_size_5_node1_50_node2_100_node3_30_node4_90,0.45017699165054076
Train_U_4Layers_input_size_5_node1_50_node2_100_node3_30_node4_100,0.39722949513570016
Test_U_4Layers_input_size_5_node1_50_node2_100_node3_30_node4_100,0.4570295219714761
Train_U_3Layers_input_size_5_node1_50_node2_100_node3_40_node4_0,0.3951296658697519
Test_U_3Layers_input_size_5_node1_50_node2_100_node3_40_node4_0,0.46934647756640313
Train_U_4Layers_input_size_5_node1_50_node2_100_node3_40_node4_30,0.4148416027006334
Test_U_4Layers_input_size_5_node1_50_node2_100_node3_40_node4_30,0.49226548318841196
Train_U_4Layers_input_size_5_node1_50_node2_100_node3_40_node4_40,0.4566969831032084
Test_U_4Layers_input_size_5_node1_50_node2_100_node3_40_node4_40,0.5330398924536713
Train_U_4Layers_input_size_5_node1_50_node2_100_node3_40_node4_50,0.39178761084301583
Test_U_4Layers_input_size_5_node1_50_node2_100_node3_40_node4_50,0.46420179646188353
Train_U_4Layers_input_size_5_node1_50_node2_100_node3_40_node4_60,0.4028798762720837
Test_U_4Layers_input_size_5_node1_50_node2_100_node3_40_node4_60,0.47887715287049487
Train_U_4Layers_input_size_5_node1_50_node2_100_node3_40_node4_70,0.39417982029423543
Test_U_4Layers_input_size_5_node1_50_node2_100_node3_40_node4_70,0.46675037806862885
Train_U_4Layers_input_size_5_node1_50_node2_100_node3_40_node4_80,0.39141277985446316
Test_U_4Layers_input_size_5_node1_50_node2_100_node3_40_node4_80,0.45492693636694326
Train_U_4Layers_input_size_5_node1_50_node2_100_node3_40_node4_90,0.3889606304165573
Test_U_4Layers_input_size_5_node1_50_node2_100_node3_40_node4_90,0.4578434175330388
Train_U_4Layers_input_size_5_node1_50_node2_100_node3_40_node4_100,0.42703864592628543
Test_U_4Layers_input_size_5_node1_50_node2_100_node3_40_node4_100,0.5047718272900464
Train_U_3Layers_input_size_5_node1_50_node2_100_node3_50_node4_0,0.3911392069973636
Test_U_3Layers_input_size_5_node1_50_node2_100_node3_50_node4_0,0.45970452809384665
Train_U_4Layers_input_size_5_node1_50_node2_100_node3_50_node4_30,0.44241740447286015
Test_U_4Layers_input_size_5_node1_50_node2_100_node3_50_node4_30,0.5197755626357454
Train_U_4Layers_input_size_5_node1_50_node2_100_node3_50_node4_40,0.38750964506512775
Test_U_4Layers_input_size_5_node1_50_node2_100_node3_50_node4_40,0.45507196905204644
Train_U_4Layers_input_size_5_node1_50_node2_100_node3_50_node4_50,0.3991864402222978
Test_U_4Layers_input_size_5_node1_50_node2_100_node3_50_node4_50,0.45884402137940056
Train_U_4Layers_input_size_5_node1_50_node2_100_node3_50_node4_60,0.38875952647640044
Test_U_4Layers_input_size_5_node1_50_node2_100_node3_50_node4_60,0.45103976144307506
Train_U_4Layers_input_size_5_node1_50_node2_100_node3_50_node4_70,0.399835247890033
Test_U_4Layers_input_size_5_node1_50_node2_100_node3_50_node4_70,0.4752011161979738
Train_U_4Layers_input_size_5_node1_50_node2_100_node3_50_node4_80,0.40562140911376104
Test_U_4Layers_input_size_5_node1_50_node2_100_node3_50_node4_80,0.48168779808877643
Train_U_4Layers_input_size_5_node1_50_node2_100_node3_50_node4_90,0.3911734926355253
Test_U_4Layers_input_size_5_node1_50_node2_100_node3_50_node4_90,0.454216628724175
Train_U_4Layers_input_size_5_node1_50_node2_100_node3_50_node4_100,0.39048493735292117
Test_U_4Layers_input_size_5_node1_50_node2_100_node3_50_node4_100,0.4588393611301859
Train_U_3Layers_input_size_5_node1_50_node2_100_node3_60_node4_0,0.3877205251956091
Test_U_3Layers_input_size_5_node1_50_node2_100_node3_60_node4_0,0.45909928851545073
Train_U_4Layers_input_size_5_node1_50_node2_100_node3_60_node4_30,0.39122773399614125
Test_U_4Layers_input_size_5_node1_50_node2_100_node3_60_node4_30,0.4575896804754701
Train_U_4Layers_input_size_5_node1_50_node2_100_node3_60_node4_40,0.38456441972595296
Test_U_4Layers_input_size_5_node1_50_node2_100_node3_60_node4_40,0.4512760487960641
Train_U_4Layers_input_size_5_node1_50_node2_100_node3_60_node4_50,0.39858306768765944
Test_U_4Layers_input_size_5_node1_50_node2_100_node3_60_node4_50,0.4552506377714781
Train_U_4Layers_input_size_5_node1_50_node2_100_node3_60_node4_60,0.3884508280719362
Test_U_4Layers_input_size_5_node1_50_node2_100_node3_60_node4_60,0.4586534646455125
Train_U_4Layers_input_size_5_node1_50_node2_100_node3_60_node4_70,0.3907280023195266
Test_U_4Layers_input_size_5_node1_50_node2_100_node3_60_node4_70,0.4648384446554602
Train_U_4Layers_input_size_5_node1_50_node2_100_node3_60_node4_80,0.41566750015143616
Test_U_4Layers_input_size_5_node1_50_node2_100_node3_60_node4_80,0.49250097736997495
Train_U_4Layers_input_size_5_node1_50_node2_100_node3_60_node4_90,0.394200176658765
Test_U_4Layers_input_size_5_node1_50_node2_100_node3_60_node4_90,0.4665905005451919
Train_U_4Layers_input_size_5_node1_50_node2_100_node3_60_node4_100,0.4282766240735408
Test_U_4Layers_input_size_5_node1_50_node2_100_node3_60_node4_100,0.505873690958594
Train_U_3Layers_input_size_5_node1_50_node2_100_node3_70_node4_0,0.3921708038849226
Test_U_3Layers_input_size_5_node1_50_node2_100_node3_70_node4_0,0.45561865602009144
Train_U_4Layers_input_size_5_node1_50_node2_100_node3_70_node4_30,0.39156522130363053
Test_U_4Layers_input_size_5_node1_50_node2_100_node3_70_node4_30,0.4644368418284745
Train_U_4Layers_input_size_5_node1_50_node2_100_node3_70_node4_40,0.4129223871781118
Test_U_4Layers_input_size_5_node1_50_node2_100_node3_70_node4_40,0.49008066875734696
Train_U_4Layers_input_size_5_node1_50_node2_100_node3_70_node4_50,0.3956035168556532
Test_U_4Layers_input_size_5_node1_50_node2_100_node3_70_node4_50,0.46934582671669856
Train_U_4Layers_input_size_5_node1_50_node2_100_node3_70_node4_60,0.41190812317792946
Test_U_4Layers_input_size_5_node1_50_node2_100_node3_70_node4_60,0.4890119654472848
Train_U_4Layers_input_size_5_node1_50_node2_100_node3_70_node4_70,0.3856636450274656
Test_U_4Layers_input_size_5_node1_50_node2_100_node3_70_node4_70,0.4534762270930543
Train_U_4Layers_input_size_5_node1_50_node2_100_node3_70_node4_80,0.39234659380016984
Test_U_4Layers_input_size_5_node1_50_node2_100_node3_70_node4_80,0.4652739705772955
Train_U_4Layers_input_size_5_node1_50_node2_100_node3_70_node4_90,0.39851743232931947
Test_U_4Layers_input_size_5_node1_50_node2_100_node3_70_node4_90,0.47359047926651515
Train_U_4Layers_input_size_5_node1_50_node2_100_node3_70_node4_100,0.40537780888490316
Test_U_4Layers_input_size_5_node1_50_node2_100_node3_70_node4_100,0.4815631590683355
Train_U_3Layers_input_size_5_node1_50_node2_100_node3_80_node4_0,0.4147429183863555
Test_U_3Layers_input_size_5_node1_50_node2_100_node3_80_node4_0,0.4920237283867681
Train_U_4Layers_input_size_5_node1_50_node2_100_node3_80_node4_30,0.4087751660488786
Test_U_4Layers_input_size_5_node1_50_node2_100_node3_80_node4_30,0.4854676781265905
Train_U_4Layers_input_size_5_node1_50_node2_100_node3_80_node4_40,0.39735797420097446
Test_U_4Layers_input_size_5_node1_50_node2_100_node3_80_node4_40,0.45704570975619213
Train_U_4Layers_input_size_5_node1_50_node2_100_node3_80_node4_50,0.3898272378975557
Test_U_4Layers_input_size_5_node1_50_node2_100_node3_80_node4_50,0.46330542026916804
Train_U_4Layers_input_size_5_node1_50_node2_100_node3_80_node4_60,0.40428286910560324
Test_U_4Layers_input_size_5_node1_50_node2_100_node3_80_node4_60,0.4582996699224004
Train_U_4Layers_input_size_5_node1_50_node2_100_node3_80_node4_70,0.3896085675714822
Test_U_4Layers_input_size_5_node1_50_node2_100_node3_80_node4_70,0.4505362884722373
Train_U_4Layers_input_size_5_node1_50_node2_100_node3_80_node4_80,0.4751306191091799
Test_U_4Layers_input_size_5_node1_50_node2_100_node3_80_node4_80,0.5516493158934884
Train_U_4Layers_input_size_5_node1_50_node2_100_node3_80_node4_90,0.39229615366769094
Test_U_4Layers_input_size_5_node1_50_node2_100_node3_80_node4_90,0.4656380190725342
Train_U_4Layers_input_size_5_node1_50_node2_100_node3_80_node4_100,0.39153802979431657
Test_U_4Layers_input_size_5_node1_50_node2_100_node3_80_node4_100,0.4519745923007384
Train_U_3Layers_input_size_5_node1_50_node2_100_node3_90_node4_0,0.40921568427698113
Test_U_3Layers_input_size_5_node1_50_node2_100_node3_90_node4_0,0.465153807126551
Train_U_4Layers_input_size_5_node1_50_node2_100_node3_90_node4_30,0.39693376601668323
Test_U_4Layers_input_size_5_node1_50_node2_100_node3_90_node4_30,0.47170413883877016
Train_U_4Layers_input_size_5_node1_50_node2_100_node3_90_node4_40,0.404526281462591
Test_U_4Layers_input_size_5_node1_50_node2_100_node3_90_node4_40,0.4627202682238345
Train_U_4Layers_input_size_5_node1_50_node2_100_node3_90_node4_50,0.40599233452250355
Test_U_4Layers_input_size_5_node1_50_node2_100_node3_90_node4_50,0.4823061537849702
Train_U_4Layers_input_size_5_node1_50_node2_100_node3_90_node4_60,0.39629632032280615
Test_U_4Layers_input_size_5_node1_50_node2_100_node3_90_node4_60,0.4582654313883024
Train_U_4Layers_input_size_5_node1_50_node2_100_node3_90_node4_70,0.39138163719531516
Test_U_4Layers_input_size_5_node1_50_node2_100_node3_90_node4_70,0.4639395245817899
Train_U_4Layers_input_size_5_node1_50_node2_100_node3_90_node4_80,0.38500394072931005
Test_U_4Layers_input_size_5_node1_50_node2_100_node3_90_node4_80,0.4536907347550551
Train_U_4Layers_input_size_5_node1_50_node2_100_node3_90_node4_90,0.38681768827892826
Test_U_4Layers_input_size_5_node1_50_node2_100_node3_90_node4_90,0.44990280148031814
Train_U_4Layers_input_size_5_node1_50_node2_100_node3_90_node4_100,0.4078351420113122
Test_U_4Layers_input_size_5_node1_50_node2_100_node3_90_node4_100,0.48462784228451966
Train_U_3Layers_input_size_5_node1_50_node2_100_node3_100_node4_0,0.39925582847927077
Test_U_3Layers_input_size_5_node1_50_node2_100_node3_100_node4_0,0.4746916899706494
Train_U_4Layers_input_size_5_node1_50_node2_100_node3_100_node4_30,0.39236581100004575
Test_U_4Layers_input_size_5_node1_50_node2_100_node3_100_node4_30,0.45910376761238036
Train_U_4Layers_input_size_5_node1_50_node2_100_node3_100_node4_40,0.39767040010169546
Test_U_4Layers_input_size_5_node1_50_node2_100_node3_100_node4_40,0.4721111748670691
Train_U_4Layers_input_size_5_node1_50_node2_100_node3_100_node4_50,0.3983486113783951
Test_U_4Layers_input_size_5_node1_50_node2_100_node3_100_node4_50,0.4723292709387667
Train_U_4Layers_input_size_5_node1_50_node2_100_node3_100_node4_60,0.3904708558171195
Test_U_4Layers_input_size_5_node1_50_node2_100_node3_100_node4_60,0.4603303207656369
Train_U_4Layers_input_size_5_node1_50_node2_100_node3_100_node4_70,0.4030380554476498
Test_U_4Layers_input_size_5_node1_50_node2_100_node3_100_node4_70,0.4785554207582985
Train_U_4Layers_input_size_5_node1_50_node2_100_node3_100_node4_80,0.3931603739944924
Test_U_4Layers_input_size_5_node1_50_node2_100_node3_100_node4_80,0.4565680838627913
Train_U_4Layers_input_size_5_node1_50_node2_100_node3_100_node4_90,0.3935674660550952
Test_U_4Layers_input_size_5_node1_50_node2_100_node3_100_node4_90,0.4572529540334129
Train_U_4Layers_input_size_5_node1_50_node2_100_node3_100_node4_100,0.40122851646998287
Test_U_4Layers_input_size_5_node1_50_node2_100_node3_100_node4_100,0.47656365691497954
Train_U_1Layers_input_size_5_node1_60_node2_0_node3_0_node4_0,0.406858282258511
Test_U_1Layers_input_size_5_node1_60_node2_0_node3_0_node4_0,0.4687141404740705
Train_U_2Layers_input_size_5_node1_60_node2_30_node3_0_node4_0,0.3936561661886968
Test_U_2Layers_input_size_5_node1_60_node2_30_node3_0_node4_0,0.460540147623847
Train_U_3Layers_input_size_5_node1_60_node2_30_node3_30_node4_0,0.4048697609828932
Test_U_3Layers_input_size_5_node1_60_node2_30_node3_30_node4_0,0.4618694775861619
Train_U_4Layers_input_size_5_node1_60_node2_30_node3_30_node4_30,0.3926578270014871
Test_U_4Layers_input_size_5_node1_60_node2_30_node3_30_node4_30,0.45927611473936203
Train_U_4Layers_input_size_5_node1_60_node2_30_node3_30_node4_40,0.388495055190521
Test_U_4Layers_input_size_5_node1_60_node2_30_node3_30_node4_40,0.458221743466391
Train_U_4Layers_input_size_5_node1_60_node2_30_node3_30_node4_50,0.3903474012092186
Test_U_4Layers_input_size_5_node1_60_node2_30_node3_30_node4_50,0.4617087006483822
Train_U_4Layers_input_size_5_node1_60_node2_30_node3_30_node4_60,0.3891934676134759
Test_U_4Layers_input_size_5_node1_60_node2_30_node3_30_node4_60,0.4602096112177272
Train_U_4Layers_input_size_5_node1_60_node2_30_node3_30_node4_70,0.39659057096987094
Test_U_4Layers_input_size_5_node1_60_node2_30_node3_30_node4_70,0.47096806900960303
Train_U_4Layers_input_size_5_node1_60_node2_30_node3_30_node4_80,0.3958281738380002
Test_U_4Layers_input_size_5_node1_60_node2_30_node3_30_node4_80,0.47012052451622566
Train_U_4Layers_input_size_5_node1_60_node2_30_node3_30_node4_90,0.41383344684655093
Test_U_4Layers_input_size_5_node1_60_node2_30_node3_30_node4_90,0.49155965754517145
Train_U_4Layers_input_size_5_node1_60_node2_30_node3_30_node4_100,0.38722706150040864
Test_U_4Layers_input_size_5_node1_60_node2_30_node3_30_node4_100,0.4550643394903521
Train_U_3Layers_input_size_5_node1_60_node2_30_node3_40_node4_0,0.4004018642429774
Test_U_3Layers_input_size_5_node1_60_node2_30_node3_40_node4_0,0.46162844450900165
Train_U_4Layers_input_size_5_node1_60_node2_30_node3_40_node4_30,0.39154311050668983
Test_U_4Layers_input_size_5_node1_60_node2_30_node3_40_node4_30,0.45614918744663907
Train_U_4Layers_input_size_5_node1_60_node2_30_node3_40_node4_40,0.40870300057758546
Test_U_4Layers_input_size_5_node1_60_node2_30_node3_40_node4_40,0.485741594818085
Train_U_4Layers_input_size_5_node1_60_node2_30_node3_40_node4_50,0.39130300808702545
Test_U_4Layers_input_size_5_node1_60_node2_30_node3_40_node4_50,0.4573802593530367
Train_U_4Layers_input_size_5_node1_60_node2_30_node3_40_node4_60,0.3877942706057182
Test_U_4Layers_input_size_5_node1_60_node2_30_node3_40_node4_60,0.4584831585344204
Train_U_4Layers_input_size_5_node1_60_node2_30_node3_40_node4_70,0.39168699859372785
Test_U_4Layers_input_size_5_node1_60_node2_30_node3_40_node4_70,0.4556769332016371
Train_U_4Layers_input_size_5_node1_60_node2_30_node3_40_node4_80,0.40322588537969123
Test_U_4Layers_input_size_5_node1_60_node2_30_node3_40_node4_80,0.4792077644663627
Train_U_4Layers_input_size_5_node1_60_node2_30_node3_40_node4_90,0.38906771185268063
Test_U_4Layers_input_size_5_node1_60_node2_30_node3_40_node4_90,0.45816008226615723
Train_U_4Layers_input_size_5_node1_60_node2_30_node3_40_node4_100,0.38863382201121643
Test_U_4Layers_input_size_5_node1_60_node2_30_node3_40_node4_100,0.45913817081311536
Train_U_3Layers_input_size_5_node1_60_node2_30_node3_50_node4_0,0.3885662759686691
Test_U_3Layers_input_size_5_node1_60_node2_30_node3_50_node4_0,0.45988778020504906
Train_U_4Layers_input_size_5_node1_60_node2_30_node3_50_node4_30,0.39894494299001676
Test_U_4Layers_input_size_5_node1_60_node2_30_node3_50_node4_30,0.4600056588042533
Train_U_4Layers_input_size_5_node1_60_node2_30_node3_50_node4_40,0.3875836805004292
Test_U_4Layers_input_size_5_node1_60_node2_30_node3_50_node4_40,0.45400721072255756
Train_U_4Layers_input_size_5_node1_60_node2_30_node3_50_node4_50,0.41425720171633834
Test_U_4Layers_input_size_5_node1_60_node2_30_node3_50_node4_50,0.4911904150617494
Train_U_4Layers_input_size_5_node1_60_node2_30_node3_50_node4_60,0.3958279667875338
Test_U_4Layers_input_size_5_node1_60_node2_30_node3_50_node4_60,0.46956222419319393
Train_U_4Layers_input_size_5_node1_60_node2_30_node3_50_node4_70,0.3923993818735121
Test_U_4Layers_input_size_5_node1_60_node2_30_node3_50_node4_70,0.45709697544229727
Train_U_4Layers_input_size_5_node1_60_node2_30_node3_50_node4_80,0.3943780091559325
Test_U_4Layers_input_size_5_node1_60_node2_30_node3_50_node4_80,0.46788662235970274
Train_U_4Layers_input_size_5_node1_60_node2_30_node3_50_node4_90,0.3874678629192711
Test_U_4Layers_input_size_5_node1_60_node2_30_node3_50_node4_90,0.45535477836646804
Train_U_4Layers_input_size_5_node1_60_node2_30_node3_50_node4_100,0.38793092577848703
Test_U_4Layers_input_size_5_node1_60_node2_30_node3_50_node4_100,0.45745054394590307
Train_U_3Layers_input_size_5_node1_60_node2_30_node3_60_node4_0,0.4040598520072678
Test_U_3Layers_input_size_5_node1_60_node2_30_node3_60_node4_0,0.46122409510040135
Train_U_4Layers_input_size_5_node1_60_node2_30_node3_60_node4_30,0.4221845833136204
Test_U_4Layers_input_size_5_node1_60_node2_30_node3_60_node4_30,0.5008760466692017
Train_U_4Layers_input_size_5_node1_60_node2_30_node3_60_node4_40,0.39490666798820573
Test_U_4Layers_input_size_5_node1_60_node2_30_node3_60_node4_40,0.46871884560369453
Train_U_4Layers_input_size_5_node1_60_node2_30_node3_60_node4_50,0.4089898554481201
Test_U_4Layers_input_size_5_node1_60_node2_30_node3_60_node4_50,0.4663372889772023
Train_U_4Layers_input_size_5_node1_60_node2_30_node3_60_node4_60,0.41765994848461185
Test_U_4Layers_input_size_5_node1_60_node2_30_node3_60_node4_60,0.46748288872966826
Train_U_4Layers_input_size_5_node1_60_node2_30_node3_60_node4_70,0.3868969785951929
Test_U_4Layers_input_size_5_node1_60_node2_30_node3_60_node4_70,0.45781594753594734
Train_U_4Layers_input_size_5_node1_60_node2_30_node3_60_node4_80,0.39183189866893037
Test_U_4Layers_input_size_5_node1_60_node2_30_node3_60_node4_80,0.4587221248639516
Train_U_4Layers_input_size_5_node1_60_node2_30_node3_60_node4_90,0.41425894629625903
Test_U_4Layers_input_size_5_node1_60_node2_30_node3_60_node4_90,0.46572446336833556
Train_U_4Layers_input_size_5_node1_60_node2_30_node3_60_node4_100,0.38599796748120324
Test_U_4Layers_input_size_5_node1_60_node2_30_node3_60_node4_100,0.4536989293375261
Train_U_3Layers_input_size_5_node1_60_node2_30_node3_70_node4_0,0.3934720238891837
Test_U_3Layers_input_size_5_node1_60_node2_30_node3_70_node4_0,0.4594638187154458
Train_U_4Layers_input_size_5_node1_60_node2_30_node3_70_node4_30,0.40103958385306493
Test_U_4Layers_input_size_5_node1_60_node2_30_node3_70_node4_30,0.4586050860743883
Train_U_4Layers_input_size_5_node1_60_node2_30_node3_70_node4_40,0.42727200674765464
Test_U_4Layers_input_size_5_node1_60_node2_30_node3_70_node4_40,0.5053545815539167
Train_U_4Layers_input_size_5_node1_60_node2_30_node3_70_node4_50,0.4240957549007497
Test_U_4Layers_input_size_5_node1_60_node2_30_node3_70_node4_50,0.47151418116047256
Train_U_4Layers_input_size_5_node1_60_node2_30_node3_70_node4_60,0.3900445249095722
Test_U_4Layers_input_size_5_node1_60_node2_30_node3_70_node4_60,0.4611921092148263
Train_U_4Layers_input_size_5_node1_60_node2_30_node3_70_node4_70,0.401019723300143
Test_U_4Layers_input_size_5_node1_60_node2_30_node3_70_node4_70,0.4765042910437694
Train_U_4Layers_input_size_5_node1_60_node2_30_node3_70_node4_80,0.392573949687257
Test_U_4Layers_input_size_5_node1_60_node2_30_node3_70_node4_80,0.45454991674400425
Train_U_4Layers_input_size_5_node1_60_node2_30_node3_70_node4_90,0.4157560371401019
Test_U_4Layers_input_size_5_node1_60_node2_30_node3_70_node4_90,0.49325163413104334
Train_U_4Layers_input_size_5_node1_60_node2_30_node3_70_node4_100,0.3942899816071855
Test_U_4Layers_input_size_5_node1_60_node2_30_node3_70_node4_100,0.4580179469567311
Train_U_3Layers_input_size_5_node1_60_node2_30_node3_80_node4_0,0.4062509720130443
Test_U_3Layers_input_size_5_node1_60_node2_30_node3_80_node4_0,0.46105822905612265
Train_U_4Layers_input_size_5_node1_60_node2_30_node3_80_node4_30,0.39276562668267345
Test_U_4Layers_input_size_5_node1_60_node2_30_node3_80_node4_30,0.45946655918012336
Train_U_4Layers_input_size_5_node1_60_node2_30_node3_80_node4_40,0.4190453541069263
Test_U_4Layers_input_size_5_node1_60_node2_30_node3_80_node4_40,0.46792394649666036
Train_U_4Layers_input_size_5_node1_60_node2_30_node3_80_node4_50,0.3882891241614552
Test_U_4Layers_input_size_5_node1_60_node2_30_node3_80_node4_50,0.45468630315354386
Train_U_4Layers_input_size_5_node1_60_node2_30_node3_80_node4_60,0.3966399202458881
Test_U_4Layers_input_size_5_node1_60_node2_30_node3_80_node4_60,0.45889245594088934
Train_U_4Layers_input_size_5_node1_60_node2_30_node3_80_node4_70,0.390943340285333
Test_U_4Layers_input_size_5_node1_60_node2_30_node3_80_node4_70,0.4543962568376981
Train_U_4Layers_input_size_5_node1_60_node2_30_node3_80_node4_80,0.3907558603439137
Test_U_4Layers_input_size_5_node1_60_node2_30_node3_80_node4_80,0.45718032492315486
Train_U_4Layers_input_size_5_node1_60_node2_30_node3_80_node4_90,0.40713858626092714
Test_U_4Layers_input_size_5_node1_60_node2_30_node3_80_node4_90,0.46214796600046903
Train_U_4Layers_input_size_5_node1_60_node2_30_node3_80_node4_100,0.4199455609405931
Test_U_4Layers_input_size_5_node1_60_node2_30_node3_80_node4_100,0.4697897029956905
Train_U_3Layers_input_size_5_node1_60_node2_30_node3_90_node4_0,0.39146097375541955
Test_U_3Layers_input_size_5_node1_60_node2_30_node3_90_node4_0,0.4624983497538638
Train_U_4Layers_input_size_5_node1_60_node2_30_node3_90_node4_30,0.3877788809160508
Test_U_4Layers_input_size_5_node1_60_node2_30_node3_90_node4_30,0.4580855476440842
Train_U_4Layers_input_size_5_node1_60_node2_30_node3_90_node4_40,0.43010919858847324
Test_U_4Layers_input_size_5_node1_60_node2_30_node3_90_node4_40,0.5074627772431423
Train_U_4Layers_input_size_5_node1_60_node2_30_node3_90_node4_50,0.4013207773074745
Test_U_4Layers_input_size_5_node1_60_node2_30_node3_90_node4_50,0.4765997231126478
Train_U_4Layers_input_size_5_node1_60_node2_30_node3_90_node4_60,0.40327978045947005
Test_U_4Layers_input_size_5_node1_60_node2_30_node3_90_node4_60,0.47953619046119567
Train_U_4Layers_input_size_5_node1_60_node2_30_node3_90_node4_70,0.3861781493581518
Test_U_4Layers_input_size_5_node1_60_node2_30_node3_90_node4_70,0.4537409180922415
Train_U_4Layers_input_size_5_node1_60_node2_30_node3_90_node4_80,0.3959739293152675
Test_U_4Layers_input_size_5_node1_60_node2_30_node3_90_node4_80,0.4566857915230046
Train_U_4Layers_input_size_5_node1_60_node2_30_node3_90_node4_90,0.41090959664531945
Test_U_4Layers_input_size_5_node1_60_node2_30_node3_90_node4_90,0.48742186641555535
Train_U_4Layers_input_size_5_node1_60_node2_30_node3_90_node4_100,0.39081784256626945
Test_U_4Layers_input_size_5_node1_60_node2_30_node3_90_node4_100,0.45922488140673895
Train_U_3Layers_input_size_5_node1_60_node2_30_node3_100_node4_0,0.43776012248933865
Test_U_3Layers_input_size_5_node1_60_node2_30_node3_100_node4_0,0.5157940327407521
Train_U_4Layers_input_size_5_node1_60_node2_30_node3_100_node4_30,0.3944653937641166
Test_U_4Layers_input_size_5_node1_60_node2_30_node3_100_node4_30,0.4569147890823352
Train_U_4Layers_input_size_5_node1_60_node2_30_node3_100_node4_40,0.39062276839572513
Test_U_4Layers_input_size_5_node1_60_node2_30_node3_100_node4_40,0.45653371546542604
Train_U_4Layers_input_size_5_node1_60_node2_30_node3_100_node4_50,0.4082184200067974
Test_U_4Layers_input_size_5_node1_60_node2_30_node3_100_node4_50,0.46364544838956706
Train_U_4Layers_input_size_5_node1_60_node2_30_node3_100_node4_60,0.3949005362672466
Test_U_4Layers_input_size_5_node1_60_node2_30_node3_100_node4_60,0.4577677083155372
Train_U_4Layers_input_size_5_node1_60_node2_30_node3_100_node4_70,0.3989137159785204
Test_U_4Layers_input_size_5_node1_60_node2_30_node3_100_node4_70,0.47407814404922055
Train_U_4Layers_input_size_5_node1_60_node2_30_node3_100_node4_80,0.3961437246484009
Test_U_4Layers_input_size_5_node1_60_node2_30_node3_100_node4_80,0.4710046269519581
Train_U_4Layers_input_size_5_node1_60_node2_30_node3_100_node4_90,0.3948757631452093
Test_U_4Layers_input_size_5_node1_60_node2_30_node3_100_node4_90,0.4565856913604159
Train_U_4Layers_input_size_5_node1_60_node2_30_node3_100_node4_100,0.40666322599516286
Test_U_4Layers_input_size_5_node1_60_node2_30_node3_100_node4_100,0.4596517702242648
Train_U_2Layers_input_size_5_node1_60_node2_40_node3_0_node4_0,0.40636055615775224
Test_U_2Layers_input_size_5_node1_60_node2_40_node3_0_node4_0,0.4660062598720748
Train_U_3Layers_input_size_5_node1_60_node2_40_node3_30_node4_0,0.43174821712344463
Test_U_3Layers_input_size_5_node1_60_node2_40_node3_30_node4_0,0.5098410656525455
Train_U_4Layers_input_size_5_node1_60_node2_40_node3_30_node4_30,0.39221483948391567
Test_U_4Layers_input_size_5_node1_60_node2_40_node3_30_node4_30,0.46014342363029725
Train_U_4Layers_input_size_5_node1_60_node2_40_node3_30_node4_40,0.38896193296132064
Test_U_4Layers_input_size_5_node1_60_node2_40_node3_30_node4_40,0.45551771617212206
Train_U_4Layers_input_size_5_node1_60_node2_40_node3_30_node4_50,0.38797029597096916
Test_U_4Layers_input_size_5_node1_60_node2_40_node3_30_node4_50,0.4586420933783735
Train_U_4Layers_input_size_5_node1_60_node2_40_node3_30_node4_60,0.38756570643510574
Test_U_4Layers_input_size_5_node1_60_node2_40_node3_30_node4_60,0.4504075449985337
Train_U_4Layers_input_size_5_node1_60_node2_40_node3_30_node4_70,0.38840197292523143
Test_U_4Layers_input_size_5_node1_60_node2_40_node3_30_node4_70,0.45826227728260077
Train_U_4Layers_input_size_5_node1_60_node2_40_node3_30_node4_80,0.3869371856912462
Test_U_4Layers_input_size_5_node1_60_node2_40_node3_30_node4_80,0.4548544600132333
Train_U_4Layers_input_size_5_node1_60_node2_40_node3_30_node4_90,0.392002898917135
Test_U_4Layers_input_size_5_node1_60_node2_40_node3_30_node4_90,0.4610930035028261
Train_U_4Layers_input_size_5_node1_60_node2_40_node3_30_node4_100,0.4016160773370409
Test_U_4Layers_input_size_5_node1_60_node2_40_node3_30_node4_100,0.4583544365041569
Train_U_3Layers_input_size_5_node1_60_node2_40_node3_40_node4_0,0.3976610696796557
Test_U_3Layers_input_size_5_node1_60_node2_40_node3_40_node4_0,0.46058355093172604
Train_U_4Layers_input_size_5_node1_60_node2_40_node3_40_node4_30,0.392189991703705
Test_U_4Layers_input_size_5_node1_60_node2_40_node3_40_node4_30,0.4644261896971086
Train_U_4Layers_input_size_5_node1_60_node2_40_node3_40_node4_40,0.39254857421793904
Test_U_4Layers_input_size_5_node1_60_node2_40_node3_40_node4_40,0.4548447137243872
Train_U_4Layers_input_size_5_node1_60_node2_40_node3_40_node4_50,0.3956094116828046
Test_U_4Layers_input_size_5_node1_60_node2_40_node3_40_node4_50,0.4556473213452782
Train_U_4Layers_input_size_5_node1_60_node2_40_node3_40_node4_60,0.3980776714057792
Test_U_4Layers_input_size_5_node1_60_node2_40_node3_40_node4_60,0.47377538992953444
Train_U_4Layers_input_size_5_node1_60_node2_40_node3_40_node4_70,0.3929296409606148
Test_U_4Layers_input_size_5_node1_60_node2_40_node3_40_node4_70,0.4562647823656337
Train_U_4Layers_input_size_5_node1_60_node2_40_node3_40_node4_80,0.3965799751970527
Test_U_4Layers_input_size_5_node1_60_node2_40_node3_40_node4_80,0.47194569355001853
Train_U_4Layers_input_size_5_node1_60_node2_40_node3_40_node4_90,0.41953461999090214
Test_U_4Layers_input_size_5_node1_60_node2_40_node3_40_node4_90,0.4691364443780913
Train_U_4Layers_input_size_5_node1_60_node2_40_node3_40_node4_100,0.39971755605970694
Test_U_4Layers_input_size_5_node1_60_node2_40_node3_40_node4_100,0.47458312664524277
Train_U_3Layers_input_size_5_node1_60_node2_40_node3_50_node4_0,0.4067494366823034
Test_U_3Layers_input_size_5_node1_60_node2_40_node3_50_node4_0,0.48318666385375486
Train_U_4Layers_input_size_5_node1_60_node2_40_node3_50_node4_30,0.39946386497797454
Test_U_4Layers_input_size_5_node1_60_node2_40_node3_50_node4_30,0.4743942118386894
Train_U_4Layers_input_size_5_node1_60_node2_40_node3_50_node4_40,0.39062509536742
Test_U_4Layers_input_size_5_node1_60_node2_40_node3_50_node4_40,0.45590741804107826
Train_U_4Layers_input_size_5_node1_60_node2_40_node3_50_node4_50,0.39243735451292355
Test_U_4Layers_input_size_5_node1_60_node2_40_node3_50_node4_50,0.45865746076673175
Train_U_4Layers_input_size_5_node1_60_node2_40_node3_50_node4_60,0.41576806166131
Test_U_4Layers_input_size_5_node1_60_node2_40_node3_50_node4_60,0.4928193048697969
Train_U_4Layers_input_size_5_node1_60_node2_40_node3_50_node4_70,0.4220963180135132
Test_U_4Layers_input_size_5_node1_60_node2_40_node3_50_node4_70,0.46998845847142245
Train_U_4Layers_input_size_5_node1_60_node2_40_node3_50_node4_80,0.4050790343462928
Test_U_4Layers_input_size_5_node1_60_node2_40_node3_50_node4_80,0.48167444931769376
Train_U_4Layers_input_size_5_node1_60_node2_40_node3_50_node4_90,0.39753846108405244
Test_U_4Layers_input_size_5_node1_60_node2_40_node3_50_node4_90,0.47301077354513066
Train_U_4Layers_input_size_5_node1_60_node2_40_node3_50_node4_100,0.3898216761147718
Test_U_4Layers_input_size_5_node1_60_node2_40_node3_50_node4_100,0.45688049568805644
Train_U_3Layers_input_size_5_node1_60_node2_40_node3_60_node4_0,0.39022499584882536
Test_U_3Layers_input_size_5_node1_60_node2_40_node3_60_node4_0,0.46140801935473513
Train_U_4Layers_input_size_5_node1_60_node2_40_node3_60_node4_30,0.39966131639054475
Test_U_4Layers_input_size_5_node1_60_node2_40_node3_60_node4_30,0.4597775524993861
Train_U_4Layers_input_size_5_node1_60_node2_40_node3_60_node4_40,0.39338720274363664
Test_U_4Layers_input_size_5_node1_60_node2_40_node3_60_node4_40,0.46679593329554103
Train_U_4Layers_input_size_5_node1_60_node2_40_node3_60_node4_50,0.3962782902050165
Test_U_4Layers_input_size_5_node1_60_node2_40_node3_60_node4_50,0.4559717368383061
Train_U_4Layers_input_size_5_node1_60_node2_40_node3_60_node4_60,0.4002362581737802
Test_U_4Layers_input_size_5_node1_60_node2_40_node3_60_node4_60,0.47508819978404354
Train_U_4Layers_input_size_5_node1_60_node2_40_node3_60_node4_70,0.4047474584752966
Test_U_4Layers_input_size_5_node1_60_node2_40_node3_60_node4_70,0.4808422125845503
Train_U_4Layers_input_size_5_node1_60_node2_40_node3_60_node4_80,0.38632669708944634
Test_U_4Layers_input_size_5_node1_60_node2_40_node3_60_node4_80,0.45490230389148095
Train_U_4Layers_input_size_5_node1_60_node2_40_node3_60_node4_90,0.3898646393035586
Test_U_4Layers_input_size_5_node1_60_node2_40_node3_60_node4_90,0.46196814254744545
Train_U_4Layers_input_size_5_node1_60_node2_40_node3_60_node4_100,0.39289924431594914
Test_U_4Layers_input_size_5_node1_60_node2_40_node3_60_node4_100,0.4668560230018994
Train_U_3Layers_input_size_5_node1_60_node2_40_node3_70_node4_0,0.38824972872899605
Test_U_3Layers_input_size_5_node1_60_node2_40_node3_70_node4_0,0.45444644424016084
Train_U_4Layers_input_size_5_node1_60_node2_40_node3_70_node4_30,0.38949991325847555
Test_U_4Layers_input_size_5_node1_60_node2_40_node3_70_node4_30,0.46223119450510314
Train_U_4Layers_input_size_5_node1_60_node2_40_node3_70_node4_40,0.3932658382604496
Test_U_4Layers_input_size_5_node1_60_node2_40_node3_70_node4_40,0.4549931950374677
Train_U_4Layers_input_size_5_node1_60_node2_40_node3_70_node4_50,0.3904974156879089
Test_U_4Layers_input_size_5_node1_60_node2_40_node3_70_node4_50,0.4616007639598888
Train_U_4Layers_input_size_5_node1_60_node2_40_node3_70_node4_60,0.4052147328705787
Test_U_4Layers_input_size_5_node1_60_node2_40_node3_70_node4_60,0.461296378261879
Train_U_4Layers_input_size_5_node1_60_node2_40_node3_70_node4_70,0.3905775804347609
Test_U_4Layers_input_size_5_node1_60_node2_40_node3_70_node4_70,0.4567323506092386
Train_U_4Layers_input_size_5_node1_60_node2_40_node3_70_node4_80,0.4030094195429352
Test_U_4Layers_input_size_5_node1_60_node2_40_node3_70_node4_80,0.45848479983198903
Train_U_4Layers_input_size_5_node1_60_node2_40_node3_70_node4_90,0.3906246185300872
Test_U_4Layers_input_size_5_node1_60_node2_40_node3_70_node4_90,0.4646125827727962
Train_U_4Layers_input_size_5_node1_60_node2_40_node3_70_node4_100,0.4033531194095044
Test_U_4Layers_input_size_5_node1_60_node2_40_node3_70_node4_100,0.4788779774670105
Train_U_3Layers_input_size_5_node1_60_node2_40_node3_80_node4_0,0.3920214107551275
Test_U_3Layers_input_size_5_node1_60_node2_40_node3_80_node4_0,0.4650959965357432
Train_U_4Layers_input_size_5_node1_60_node2_40_node3_80_node4_30,0.41421245162935494
Test_U_4Layers_input_size_5_node1_60_node2_40_node3_80_node4_30,0.4675867428857834
Train_U_4Layers_input_size_5_node1_60_node2_40_node3_80_node4_40,0.40947679826427874
Test_U_4Layers_input_size_5_node1_60_node2_40_node3_80_node4_40,0.46205861126380315
Train_U_4Layers_input_size_5_node1_60_node2_40_node3_80_node4_50,0.3919451911097431
Test_U_4Layers_input_size_5_node1_60_node2_40_node3_80_node4_50,0.4576481787900093
Train_U_4Layers_input_size_5_node1_60_node2_40_node3_80_node4_60,0.39255474267664225
Test_U_4Layers_input_size_5_node1_60_node2_40_node3_80_node4_60,0.457643164476609
Train_U_4Layers_input_size_5_node1_60_node2_40_node3_80_node4_70,0.4193255248640343
Test_U_4Layers_input_size_5_node1_60_node2_40_node3_80_node4_70,0.4662753907211292
Train_U_4Layers_input_size_5_node1_60_node2_40_node3_80_node4_80,0.4024034844656217
Test_U_4Layers_input_size_5_node1_60_node2_40_node3_80_node4_80,0.4575434366044958
Train_U_4Layers_input_size_5_node1_60_node2_40_node3_80_node4_90,0.3888277862528957
Test_U_4Layers_input_size_5_node1_60_node2_40_node3_80_node4_90,0.45573196591925363
Train_U_4Layers_input_size_5_node1_60_node2_40_node3_80_node4_100,0.3998959532659135
Test_U_4Layers_input_size_5_node1_60_node2_40_node3_80_node4_100,0.47545653351011374
Train_U_3Layers_input_size_5_node1_60_node2_40_node3_90_node4_0,0.4107078113401014
Test_U_3Layers_input_size_5_node1_60_node2_40_node3_90_node4_0,0.4621242343451524
Train_U_4Layers_input_size_5_node1_60_node2_40_node3_90_node4_30,0.38644154564450156
Test_U_4Layers_input_size_5_node1_60_node2_40_node3_90_node4_30,0.4537310822013796
Train_U_4Layers_input_size_5_node1_60_node2_40_node3_90_node4_40,0.3895802258896272
Test_U_4Layers_input_size_5_node1_60_node2_40_node3_90_node4_40,0.46171008842593
Train_U_4Layers_input_size_5_node1_60_node2_40_node3_90_node4_50,0.39833293739535924
Test_U_4Layers_input_size_5_node1_60_node2_40_node3_90_node4_50,0.45553094821984574
Train_U_4Layers_input_size_5_node1_60_node2_40_node3_90_node4_60,0.39188121979323753
Test_U_4Layers_input_size_5_node1_60_node2_40_node3_90_node4_60,0.4606774129771133
Train_U_4Layers_input_size_5_node1_60_node2_40_node3_90_node4_70,0.39698988535749447
Test_U_4Layers_input_size_5_node1_60_node2_40_node3_90_node4_70,0.47098755849515284
Train_U_4Layers_input_size_5_node1_60_node2_40_node3_90_node4_80,0.3906751791195609
Test_U_4Layers_input_size_5_node1_60_node2_40_node3_90_node4_80,0.4624689652366197
Train_U_4Layers_input_size_5_node1_60_node2_40_node3_90_node4_90,0.385930906077283
Test_U_4Layers_input_size_5_node1_60_node2_40_node3_90_node4_90,0.454837670057908
Train_U_4Layers_input_size_5_node1_60_node2_40_node3_90_node4_100,0.4539776048367178
Test_U_4Layers_input_size_5_node1_60_node2_40_node3_90_node4_100,0.49024586455114866
Train_U_3Layers_input_size_5_node1_60_node2_40_node3_100_node4_0,0.4074909806277261
Test_U_3Layers_input_size_5_node1_60_node2_40_node3_100_node4_0,0.4610265548798985
Train_U_4Layers_input_size_5_node1_60_node2_40_node3_100_node4_30,0.4073030871020256
Test_U_4Layers_input_size_5_node1_60_node2_40_node3_100_node4_30,0.46303634925079146
Train_U_4Layers_input_size_5_node1_60_node2_40_node3_100_node4_40,0.40528834671724107
Test_U_4Layers_input_size_5_node1_60_node2_40_node3_100_node4_40,0.4815924924388861
Train_U_4Layers_input_size_5_node1_60_node2_40_node3_100_node4_50,0.41471546797452224
Test_U_4Layers_input_size_5_node1_60_node2_40_node3_100_node4_50,0.49166262356933055
Train_U_4Layers_input_size_5_node1_60_node2_40_node3_100_node4_60,0.3947041765195004
Test_U_4Layers_input_size_5_node1_60_node2_40_node3_100_node4_60,0.45743531517656827
Train_U_4Layers_input_size_5_node1_60_node2_40_node3_100_node4_70,0.3904069864334371
Test_U_4Layers_input_size_5_node1_60_node2_40_node3_100_node4_70,0.45540297869255564
Train_U_4Layers_input_size_5_node1_60_node2_40_node3_100_node4_80,0.39322269720688263
Test_U_4Layers_input_size_5_node1_60_node2_40_node3_100_node4_80,0.4581426491141511
Train_U_4Layers_input_size_5_node1_60_node2_40_node3_100_node4_90,0.39014498781839235
Test_U_4Layers_input_size_5_node1_60_node2_40_node3_100_node4_90,0.46170245559779666
Train_U_4Layers_input_size_5_node1_60_node2_40_node3_100_node4_100,0.3895523794222219
Test_U_4Layers_input_size_5_node1_60_node2_40_node3_100_node4_100,0.4538428441210477
Train_U_2Layers_input_size_5_node1_60_node2_50_node3_0_node4_0,0.41538430608563987
Test_U_2Layers_input_size_5_node1_60_node2_50_node3_0_node4_0,0.47399022096392995
Train_U_3Layers_input_size_5_node1_60_node2_50_node3_30_node4_0,0.3964765576122805
Test_U_3Layers_input_size_5_node1_60_node2_50_node3_30_node4_0,0.4706848109311202
Train_U_4Layers_input_size_5_node1_60_node2_50_node3_30_node4_30,0.3914346886390277
Test_U_4Layers_input_size_5_node1_60_node2_50_node3_30_node4_30,0.45913325390976834
Train_U_4Layers_input_size_5_node1_60_node2_50_node3_30_node4_40,0.3968026898809175
Test_U_4Layers_input_size_5_node1_60_node2_50_node3_30_node4_40,0.46015767225165527
Train_U_4Layers_input_size_5_node1_60_node2_50_node3_30_node4_50,0.39096552311563654
Test_U_4Layers_input_size_5_node1_60_node2_50_node3_30_node4_50,0.4644911735227818
Train_U_4Layers_input_size_5_node1_60_node2_50_node3_30_node4_60,0.39494604080172585
Test_U_4Layers_input_size_5_node1_60_node2_50_node3_30_node4_60,0.4574099870630613
Train_U_4Layers_input_size_5_node1_60_node2_50_node3_30_node4_70,0.3928159875646648
Test_U_4Layers_input_size_5_node1_60_node2_50_node3_30_node4_70,0.4634482489617102
Train_U_4Layers_input_size_5_node1_60_node2_50_node3_30_node4_80,0.3900864512652989
Test_U_4Layers_input_size_5_node1_60_node2_50_node3_30_node4_80,0.4619514498590747
Train_U_4Layers_input_size_5_node1_60_node2_50_node3_30_node4_90,0.3869169478715648
Test_U_4Layers_input_size_5_node1_60_node2_50_node3_30_node4_90,0.45571950811414474
Train_U_4Layers_input_size_5_node1_60_node2_50_node3_30_node4_100,0.3970766576437313
Test_U_4Layers_input_size_5_node1_60_node2_50_node3_30_node4_100,0.4711328974158303
Train_U_3Layers_input_size_5_node1_60_node2_50_node3_40_node4_0,0.39101276225167236
Test_U_3Layers_input_size_5_node1_60_node2_50_node3_40_node4_0,0.4631696576300666
Train_U_4Layers_input_size_5_node1_60_node2_50_node3_40_node4_30,0.40780450440384436
Test_U_4Layers_input_size_5_node1_60_node2_50_node3_40_node4_30,0.48443077135488505
Train_U_4Layers_input_size_5_node1_60_node2_50_node3_40_node4_40,0.3940173853400611
Test_U_4Layers_input_size_5_node1_60_node2_50_node3_40_node4_40,0.45842042731262556
Train_U_4Layers_input_size_5_node1_60_node2_50_node3_40_node4_50,0.4031204578232479
Test_U_4Layers_input_size_5_node1_60_node2_50_node3_40_node4_50,0.458350226423304
Train_U_4Layers_input_size_5_node1_60_node2_50_node3_40_node4_60,0.38991904362984464
Test_U_4Layers_input_size_5_node1_60_node2_50_node3_40_node4_60,0.45376223119428943
Train_U_4Layers_input_size_5_node1_60_node2_50_node3_40_node4_70,0.39758939799396253
Test_U_4Layers_input_size_5_node1_60_node2_50_node3_40_node4_70,0.4576367662631745
Train_U_4Layers_input_size_5_node1_60_node2_50_node3_40_node4_80,0.40416315419679744
Test_U_4Layers_input_size_5_node1_60_node2_50_node3_40_node4_80,0.4597117727109454
Train_U_4Layers_input_size_5_node1_60_node2_50_node3_40_node4_90,0.38979835781115546
Test_U_4Layers_input_size_5_node1_60_node2_50_node3_40_node4_90,0.46172853256163915
Train_U_4Layers_input_size_5_node1_60_node2_50_node3_40_node4_100,0.3983709055280502
Test_U_4Layers_input_size_5_node1_60_node2_50_node3_40_node4_100,0.4577559406899222
Train_U_3Layers_input_size_5_node1_60_node2_50_node3_50_node4_0,0.3982161673838007
Test_U_3Layers_input_size_5_node1_60_node2_50_node3_50_node4_0,0.47308249996997315
Train_U_4Layers_input_size_5_node1_60_node2_50_node3_50_node4_30,0.3923404790391772
Test_U_4Layers_input_size_5_node1_60_node2_50_node3_50_node4_30,0.45428628753369316
Train_U_4Layers_input_size_5_node1_60_node2_50_node3_50_node4_40,0.40760900528522837
Test_U_4Layers_input_size_5_node1_60_node2_50_node3_50_node4_40,0.4842109710078358
Train_U_4Layers_input_size_5_node1_60_node2_50_node3_50_node4_50,0.38929799700779516
Test_U_4Layers_input_size_5_node1_60_node2_50_node3_50_node4_50,0.457025527918281
Train_U_4Layers_input_size_5_node1_60_node2_50_node3_50_node4_60,0.3872769498294688
Test_U_4Layers_input_size_5_node1_60_node2_50_node3_50_node4_60,0.45554715654563677
Train_U_4Layers_input_size_5_node1_60_node2_50_node3_50_node4_70,0.4291095140820368
Test_U_4Layers_input_size_5_node1_60_node2_50_node3_50_node4_70,0.4734404340344654
Train_U_4Layers_input_size_5_node1_60_node2_50_node3_50_node4_80,0.39573041514880614
Test_U_4Layers_input_size_5_node1_60_node2_50_node3_50_node4_80,0.45541197683054946
Train_U_4Layers_input_size_5_node1_60_node2_50_node3_50_node4_90,0.39179519850732575
Test_U_4Layers_input_size_5_node1_60_node2_50_node3_50_node4_90,0.4656937625214591
Train_U_4Layers_input_size_5_node1_60_node2_50_node3_50_node4_100,0.3861048478461668
Test_U_4Layers_input_size_5_node1_60_node2_50_node3_50_node4_100,0.4560616796966323
Train_U_3Layers_input_size_5_node1_60_node2_50_node3_60_node4_0,0.4226830479275882
Test_U_3Layers_input_size_5_node1_60_node2_50_node3_60_node4_0,0.47159493516183215
Train_U_4Layers_input_size_5_node1_60_node2_50_node3_60_node4_30,0.3927659112255685
Test_U_4Layers_input_size_5_node1_60_node2_50_node3_60_node4_30,0.4575276735409746
Train_U_4Layers_input_size_5_node1_60_node2_50_node3_60_node4_40,0.392597330866683
Test_U_4Layers_input_size_5_node1_60_node2_50_node3_60_node4_40,0.45843490826082817
Train_U_4Layers_input_size_5_node1_60_node2_50_node3_60_node4_50,0.4080958613323475
Test_U_4Layers_input_size_5_node1_60_node2_50_node3_60_node4_50,0.48441494500130816
Train_U_4Layers_input_size_5_node1_60_node2_50_node3_60_node4_60,0.39320590937807376
Test_U_4Layers_input_size_5_node1_60_node2_50_node3_60_node4_60,0.45408761608078085
Train_U_4Layers_input_size_5_node1_60_node2_50_node3_60_node4_70,0.38981687877447074
Test_U_4Layers_input_size_5_node1_60_node2_50_node3_60_node4_70,0.4567056784127919
Train_U_4Layers_input_size_5_node1_60_node2_50_node3_60_node4_80,0.3960625796120076
Test_U_4Layers_input_size_5_node1_60_node2_50_node3_60_node4_80,0.47065226489824713
Train_U_4Layers_input_size_5_node1_60_node2_50_node3_60_node4_90,0.38639073958929915
Test_U_4Layers_input_size_5_node1_60_node2_50_node3_60_node4_90,0.4536509913937064
Train_U_4Layers_input_size_5_node1_60_node2_50_node3_60_node4_100,0.39027200007696555
Test_U_4Layers_input_size_5_node1_60_node2_50_node3_60_node4_100,0.45713760899028244
Train_U_3Layers_input_size_5_node1_60_node2_50_node3_70_node4_0,0.39660169246945354
Test_U_3Layers_input_size_5_node1_60_node2_50_node3_70_node4_0,0.4556816748441783
Train_U_4Layers_input_size_5_node1_60_node2_50_node3_70_node4_30,0.39279990313352997
Test_U_4Layers_input_size_5_node1_60_node2_50_node3_70_node4_30,0.45361929274600804
Train_U_4Layers_input_size_5_node1_60_node2_50_node3_70_node4_40,0.3927131913927688
Test_U_4Layers_input_size_5_node1_60_node2_50_node3_70_node4_40,0.4652281382004159
Train_U_4Layers_input_size_5_node1_60_node2_50_node3_70_node4_50,0.4040277110300409
Test_U_4Layers_input_size_5_node1_60_node2_50_node3_70_node4_50,0.48020712389624737
Train_U_4Layers_input_size_5_node1_60_node2_50_node3_70_node4_60,0.393758318828323
Test_U_4Layers_input_size_5_node1_60_node2_50_node3_70_node4_60,0.4547276436562093
Train_U_4Layers_input_size_5_node1_60_node2_50_node3_70_node4_70,0.38869389993956344
Test_U_4Layers_input_size_5_node1_60_node2_50_node3_70_node4_70,0.45571669606903004
Train_U_4Layers_input_size_5_node1_60_node2_50_node3_70_node4_80,0.3890180340217452
Test_U_4Layers_input_size_5_node1_60_node2_50_node3_70_node4_80,0.4489148148364592
Train_U_4Layers_input_size_5_node1_60_node2_50_node3_70_node4_90,0.4108163879967336
Test_U_4Layers_input_size_5_node1_60_node2_50_node3_70_node4_90,0.4875858237452265
Train_U_4Layers_input_size_5_node1_60_node2_50_node3_70_node4_100,0.3939291069847027
Test_U_4Layers_input_size_5_node1_60_node2_50_node3_70_node4_100,0.4682214140824831
Train_U_3Layers_input_size_5_node1_60_node2_50_node3_80_node4_0,0.39720475472248384
Test_U_3Layers_input_size_5_node1_60_node2_50_node3_80_node4_0,0.4578400489668476
Train_U_4Layers_input_size_5_node1_60_node2_50_node3_80_node4_30,0.3977303119332753
Test_U_4Layers_input_size_5_node1_60_node2_50_node3_80_node4_30,0.4731373348417102
Train_U_4Layers_input_size_5_node1_60_node2_50_node3_80_node4_40,0.39667065007683344
Test_U_4Layers_input_size_5_node1_60_node2_50_node3_80_node4_40,0.4604373092972014
Train_U_4Layers_input_size_5_node1_60_node2_50_node3_80_node4_50,0.38982251707671095
Test_U_4Layers_input_size_5_node1_60_node2_50_node3_80_node4_50,0.45850623366383336
Train_U_4Layers_input_size_5_node1_60_node2_50_node3_80_node4_60,0.38648663885850415
Test_U_4Layers_input_size_5_node1_60_node2_50_node3_80_node4_60,0.4568588388092089
Train_U_4Layers_input_size_5_node1_60_node2_50_node3_80_node4_70,0.3873516260156545
Test_U_4Layers_input_size_5_node1_60_node2_50_node3_80_node4_70,0.46003265793598314
Train_U_4Layers_input_size_5_node1_60_node2_50_node3_80_node4_80,0.39392006622500797
Test_U_4Layers_input_size_5_node1_60_node2_50_node3_80_node4_80,0.4681014820043227
Train_U_4Layers_input_size_5_node1_60_node2_50_node3_80_node4_90,0.4134304512847441
Test_U_4Layers_input_size_5_node1_60_node2_50_node3_80_node4_90,0.4662614888470879
Train_U_4Layers_input_size_5_node1_60_node2_50_node3_80_node4_100,0.39176760456743037
Test_U_4Layers_input_size_5_node1_60_node2_50_node3_80_node4_100,0.4606028327887497
Train_U_3Layers_input_size_5_node1_60_node2_50_node3_90_node4_0,0.38974726291329154
Test_U_3Layers_input_size_5_node1_60_node2_50_node3_90_node4_0,0.46151178759361333
Train_U_4Layers_input_size_5_node1_60_node2_50_node3_90_node4_30,0.4043788366121005
Test_U_4Layers_input_size_5_node1_60_node2_50_node3_90_node4_30,0.4624481500738945
Train_U_4Layers_input_size_5_node1_60_node2_50_node3_90_node4_40,0.3937218739288534
Test_U_4Layers_input_size_5_node1_60_node2_50_node3_90_node4_40,0.4561703226984565
Train_U_4Layers_input_size_5_node1_60_node2_50_node3_90_node4_50,0.38596822176212947
Test_U_4Layers_input_size_5_node1_60_node2_50_node3_90_node4_50,0.4537181425076744
Train_U_4Layers_input_size_5_node1_60_node2_50_node3_90_node4_60,0.3898596704936065
Test_U_4Layers_input_size_5_node1_60_node2_50_node3_90_node4_60,0.4573283248870172
Train_U_4Layers_input_size_5_node1_60_node2_50_node3_90_node4_70,0.3934047593241467
Test_U_4Layers_input_size_5_node1_60_node2_50_node3_90_node4_70,0.4524949725277482
Train_U_4Layers_input_size_5_node1_60_node2_50_node3_90_node4_80,0.38800363267839894
Test_U_4Layers_input_size_5_node1_60_node2_50_node3_90_node4_80,0.4565490885441687
Train_U_4Layers_input_size_5_node1_60_node2_50_node3_90_node4_90,0.3906562220493542
Test_U_4Layers_input_size_5_node1_60_node2_50_node3_90_node4_90,0.45864727546222
Train_U_4Layers_input_size_5_node1_60_node2_50_node3_90_node4_100,0.40679671107128246
Test_U_4Layers_input_size_5_node1_60_node2_50_node3_90_node4_100,0.46254934936867764
Train_U_3Layers_input_size_5_node1_60_node2_50_node3_100_node4_0,0.39693406634196327
Test_U_3Layers_input_size_5_node1_60_node2_50_node3_100_node4_0,0.45850724114302466
Train_U_4Layers_input_size_5_node1_60_node2_50_node3_100_node4_30,0.39223850800022336
Test_U_4Layers_input_size_5_node1_60_node2_50_node3_100_node4_30,0.4661276421291754
Train_U_4Layers_input_size_5_node1_60_node2_50_node3_100_node4_40,0.39470812166033076
Test_U_4Layers_input_size_5_node1_60_node2_50_node3_100_node4_40,0.4679506479879385
Train_U_4Layers_input_size_5_node1_60_node2_50_node3_100_node4_50,0.390003759384376
Test_U_4Layers_input_size_5_node1_60_node2_50_node3_100_node4_50,0.4614612868439108
Train_U_4Layers_input_size_5_node1_60_node2_50_node3_100_node4_60,0.3990364248110646
Test_U_4Layers_input_size_5_node1_60_node2_50_node3_100_node4_60,0.47463544923091616
Train_U_4Layers_input_size_5_node1_60_node2_50_node3_100_node4_70,0.3909207559562922
Test_U_4Layers_input_size_5_node1_60_node2_50_node3_100_node4_70,0.45754319234629026
Train_U_4Layers_input_size_5_node1_60_node2_50_node3_100_node4_80,0.44734162930043536
Test_U_4Layers_input_size_5_node1_60_node2_50_node3_100_node4_80,0.5248232475834803
Train_U_4Layers_input_size_5_node1_60_node2_50_node3_100_node4_90,0.3898612949192121
Test_U_4Layers_input_size_5_node1_60_node2_50_node3_100_node4_90,0.46183621353390253
Train_U_4Layers_input_size_5_node1_60_node2_50_node3_100_node4_100,0.3883151233411952
Test_U_4Layers_input_size_5_node1_60_node2_50_node3_100_node4_100,0.45696877598679286
Train_U_2Layers_input_size_5_node1_60_node2_60_node3_0_node4_0,0.39607591682934257
Test_U_2Layers_input_size_5_node1_60_node2_60_node3_0_node4_0,0.4701762911479611
Train_U_3Layers_input_size_5_node1_60_node2_60_node3_30_node4_0,0.3848425309056973
Test_U_3Layers_input_size_5_node1_60_node2_60_node3_30_node4_0,0.45355299763623014
Train_U_4Layers_input_size_5_node1_60_node2_60_node3_30_node4_30,0.4011007199426703
Test_U_4Layers_input_size_5_node1_60_node2_60_node3_30_node4_30,0.4767937333742462
Train_U_4Layers_input_size_5_node1_60_node2_60_node3_30_node4_40,0.39638286850913806
Test_U_4Layers_input_size_5_node1_60_node2_60_node3_30_node4_40,0.4707885759595821
Train_U_4Layers_input_size_5_node1_60_node2_60_node3_30_node4_50,0.38670054306172663
Test_U_4Layers_input_size_5_node1_60_node2_60_node3_30_node4_50,0.45541719566912464
Train_U_4Layers_input_size_5_node1_60_node2_60_node3_30_node4_60,0.395958180147163
Test_U_4Layers_input_size_5_node1_60_node2_60_node3_30_node4_60,0.45638531089321016
Train_U_4Layers_input_size_5_node1_60_node2_60_node3_30_node4_70,0.40772187917886693
Test_U_4Layers_input_size_5_node1_60_node2_60_node3_30_node4_70,0.4612025452576682
Train_U_4Layers_input_size_5_node1_60_node2_60_node3_30_node4_80,0.3958663822063571
Test_U_4Layers_input_size_5_node1_60_node2_60_node3_30_node4_80,0.4566399292822271
Train_U_4Layers_input_size_5_node1_60_node2_60_node3_30_node4_90,0.39124919610961617
Test_U_4Layers_input_size_5_node1_60_node2_60_node3_30_node4_90,0.4634735525285067
Train_U_4Layers_input_size_5_node1_60_node2_60_node3_30_node4_100,0.3895286050730431
Test_U_4Layers_input_size_5_node1_60_node2_60_node3_30_node4_100,0.4623591756358414
Train_U_3Layers_input_size_5_node1_60_node2_60_node3_40_node4_0,0.39391488377128825
Test_U_3Layers_input_size_5_node1_60_node2_60_node3_40_node4_0,0.46792284783379307
Train_U_4Layers_input_size_5_node1_60_node2_60_node3_40_node4_30,0.3948807820448964
Test_U_4Layers_input_size_5_node1_60_node2_60_node3_40_node4_30,0.4557343691574328
Train_U_4Layers_input_size_5_node1_60_node2_60_node3_40_node4_40,0.43060409578208386
Test_U_4Layers_input_size_5_node1_60_node2_60_node3_40_node4_40,0.507832658807732
Train_U_4Layers_input_size_5_node1_60_node2_60_node3_40_node4_50,0.3904350009421165
Test_U_4Layers_input_size_5_node1_60_node2_60_node3_40_node4_50,0.45756791061560104
Train_U_4Layers_input_size_5_node1_60_node2_60_node3_40_node4_60,0.3958686595345154
Test_U_4Layers_input_size_5_node1_60_node2_60_node3_40_node4_60,0.46979783879501996
Train_U_4Layers_input_size_5_node1_60_node2_60_node3_40_node4_70,0.39096790521759267
Test_U_4Layers_input_size_5_node1_60_node2_60_node3_40_node4_70,0.45798946254385425
Train_U_4Layers_input_size_5_node1_60_node2_60_node3_40_node4_80,0.40901847340151976
Test_U_4Layers_input_size_5_node1_60_node2_60_node3_40_node4_80,0.4634440369251098
Train_U_4Layers_input_size_5_node1_60_node2_60_node3_40_node4_90,0.3863847812499306
Test_U_4Layers_input_size_5_node1_60_node2_60_node3_40_node4_90,0.45508853753092365
Train_U_4Layers_input_size_5_node1_60_node2_60_node3_40_node4_100,0.4051786196911058
Test_U_4Layers_input_size_5_node1_60_node2_60_node3_40_node4_100,0.4818184975079963
Train_U_3Layers_input_size_5_node1_60_node2_60_node3_50_node4_0,0.3928134649321025
Test_U_3Layers_input_size_5_node1_60_node2_60_node3_50_node4_0,0.46351886721772173
Train_U_4Layers_input_size_5_node1_60_node2_60_node3_50_node4_30,0.40256775481216583
Test_U_4Layers_input_size_5_node1_60_node2_60_node3_50_node4_30,0.4786213038001176
Train_U_4Layers_input_size_5_node1_60_node2_60_node3_50_node4_40,0.4102449956887416
Test_U_4Layers_input_size_5_node1_60_node2_60_node3_50_node4_40,0.4598256132779325
Train_U_4Layers_input_size_5_node1_60_node2_60_node3_50_node4_50,0.3832260739359894
Test_U_4Layers_input_size_5_node1_60_node2_60_node3_50_node4_50,0.447771827064566
Train_U_4Layers_input_size_5_node1_60_node2_60_node3_50_node4_60,0.3957840884679551
Test_U_4Layers_input_size_5_node1_60_node2_60_node3_50_node4_60,0.4550246669821513
Train_U_4Layers_input_size_5_node1_60_node2_60_node3_50_node4_70,0.425692295266445
Test_U_4Layers_input_size_5_node1_60_node2_60_node3_50_node4_70,0.5034485741977276
Train_U_4Layers_input_size_5_node1_60_node2_60_node3_50_node4_80,0.38927615936422194
Test_U_4Layers_input_size_5_node1_60_node2_60_node3_50_node4_80,0.45266539185535964
Train_U_4Layers_input_size_5_node1_60_node2_60_node3_50_node4_90,0.3905681568748819
Test_U_4Layers_input_size_5_node1_60_node2_60_node3_50_node4_90,0.45472063094623
Train_U_4Layers_input_size_5_node1_60_node2_60_node3_50_node4_100,0.39381233660427106
Test_U_4Layers_input_size_5_node1_60_node2_60_node3_50_node4_100,0.4675041968876339
Train_U_3Layers_input_size_5_node1_60_node2_60_node3_60_node4_0,0.39151591746173986
Test_U_3Layers_input_size_5_node1_60_node2_60_node3_60_node4_0,0.4638286052519535
Train_U_4Layers_input_size_5_node1_60_node2_60_node3_60_node4_30,0.3880350272464921
Test_U_4Layers_input_size_5_node1_60_node2_60_node3_60_node4_30,0.45802692625591124
Train_U_4Layers_input_size_5_node1_60_node2_60_node3_60_node4_40,0.42259065538596435
Test_U_4Layers_input_size_5_node1_60_node2_60_node3_60_node4_40,0.5005313315135744
Train_U_4Layers_input_size_5_node1_60_node2_60_node3_60_node4_50,0.38814399565254404
Test_U_4Layers_input_size_5_node1_60_node2_60_node3_60_node4_50,0.45299123565456456
Train_U_4Layers_input_size_5_node1_60_node2_60_node3_60_node4_60,0.39556835323444695
Test_U_4Layers_input_size_5_node1_60_node2_60_node3_60_node4_60,0.45455742381332637
Train_U_4Layers_input_size_5_node1_60_node2_60_node3_60_node4_70,0.40512339560648014
Test_U_4Layers_input_size_5_node1_60_node2_60_node3_60_node4_70,0.46213916350419687
Train_U_4Layers_input_size_5_node1_60_node2_60_node3_60_node4_80,0.40663044794926156
Test_U_4Layers_input_size_5_node1_60_node2_60_node3_60_node4_80,0.48291014082149714
Train_U_4Layers_input_size_5_node1_60_node2_60_node3_60_node4_90,0.3926358915881095
Test_U_4Layers_input_size_5_node1_60_node2_60_node3_60_node4_90,0.4607345489864892
Train_U_4Layers_input_size_5_node1_60_node2_60_node3_60_node4_100,0.39353177971820535
Test_U_4Layers_input_size_5_node1_60_node2_60_node3_60_node4_100,0.4530890055862608
Train_U_3Layers_input_size_5_node1_60_node2_60_node3_70_node4_0,0.3890637669676715
Test_U_3Layers_input_size_5_node1_60_node2_60_node3_70_node4_0,0.4598073196627462
Train_U_4Layers_input_size_5_node1_60_node2_60_node3_70_node4_30,0.4017049848348837
Test_U_4Layers_input_size_5_node1_60_node2_60_node3_70_node4_30,0.47749390807934283
Train_U_4Layers_input_size_5_node1_60_node2_60_node3_70_node4_40,0.409262874040747
Test_U_4Layers_input_size_5_node1_60_node2_60_node3_70_node4_40,0.4861761568087179
Train_U_4Layers_input_size_5_node1_60_node2_60_node3_70_node4_50,0.39109783165905354
Test_U_4Layers_input_size_5_node1_60_node2_60_node3_70_node4_50,0.45685691442844323
Train_U_4Layers_input_size_5_node1_60_node2_60_node3_70_node4_60,0.39116831188739026
Test_U_4Layers_input_size_5_node1_60_node2_60_node3_70_node4_60,0.4575756286948995
Train_U_4Layers_input_size_5_node1_60_node2_60_node3_70_node4_70,0.39405176089096294
Test_U_4Layers_input_size_5_node1_60_node2_60_node3_70_node4_70,0.4542354263378003
Train_U_4Layers_input_size_5_node1_60_node2_60_node3_70_node4_80,0.4354876148639478
Test_U_4Layers_input_size_5_node1_60_node2_60_node3_70_node4_80,0.47814249555204985
Train_U_4Layers_input_size_5_node1_60_node2_60_node3_70_node4_90,0.3943051171693197
Test_U_4Layers_input_size_5_node1_60_node2_60_node3_70_node4_90,0.4681592079264204
Train_U_4Layers_input_size_5_node1_60_node2_60_node3_70_node4_100,0.3877517505375043
Test_U_4Layers_input_size_5_node1_60_node2_60_node3_70_node4_100,0.4515864296614759
Train_U_3Layers_input_size_5_node1_60_node2_60_node3_80_node4_0,0.41969113775112576
Test_U_3Layers_input_size_5_node1_60_node2_60_node3_80_node4_0,0.4966965564858788
Train_U_4Layers_input_size_5_node1_60_node2_60_node3_80_node4_30,0.38779699880157725
Test_U_4Layers_input_size_5_node1_60_node2_60_node3_80_node4_30,0.45656855710376665
Train_U_4Layers_input_size_5_node1_60_node2_60_node3_80_node4_40,0.3893944048447228
Test_U_4Layers_input_size_5_node1_60_node2_60_node3_80_node4_40,0.4586383732883494
Train_U_4Layers_input_size_5_node1_60_node2_60_node3_80_node4_50,0.38971942838111645
Test_U_4Layers_input_size_5_node1_60_node2_60_node3_80_node4_50,0.46026033024277896
Train_U_4Layers_input_size_5_node1_60_node2_60_node3_80_node4_60,0.39146262960155614
Test_U_4Layers_input_size_5_node1_60_node2_60_node3_80_node4_60,0.4583573298963765
Train_U_4Layers_input_size_5_node1_60_node2_60_node3_80_node4_70,0.40319051801562855
Test_U_4Layers_input_size_5_node1_60_node2_60_node3_80_node4_70,0.47848885908978944
Train_U_4Layers_input_size_5_node1_60_node2_60_node3_80_node4_80,0.4090340475761528
Test_U_4Layers_input_size_5_node1_60_node2_60_node3_80_node4_80,0.4858345223140181
Train_U_4Layers_input_size_5_node1_60_node2_60_node3_80_node4_90,0.38697159333175263
Test_U_4Layers_input_size_5_node1_60_node2_60_node3_80_node4_90,0.45032515897833286
Train_U_4Layers_input_size_5_node1_60_node2_60_node3_80_node4_100,0.38995878628451996
Test_U_4Layers_input_size_5_node1_60_node2_60_node3_80_node4_100,0.459673068599966
Train_U_3Layers_input_size_5_node1_60_node2_60_node3_90_node4_0,0.39618084944947146
Test_U_3Layers_input_size_5_node1_60_node2_60_node3_90_node4_0,0.4574210631952159
Train_U_4Layers_input_size_5_node1_60_node2_60_node3_90_node4_30,0.38691490670063444
Test_U_4Layers_input_size_5_node1_60_node2_60_node3_90_node4_30,0.4561278225337581
Train_U_4Layers_input_size_5_node1_60_node2_60_node3_90_node4_40,0.3908064039539745
Test_U_4Layers_input_size_5_node1_60_node2_60_node3_90_node4_40,0.4624891350732949
Train_U_4Layers_input_size_5_node1_60_node2_60_node3_90_node4_50,0.43562894313127737
Test_U_4Layers_input_size_5_node1_60_node2_60_node3_90_node4_50,0.4803595380019381
Train_U_4Layers_input_size_5_node1_60_node2_60_node3_90_node4_60,0.3919046042787762
Test_U_4Layers_input_size_5_node1_60_node2_60_node3_90_node4_60,0.45661235424861174
Train_U_4Layers_input_size_5_node1_60_node2_60_node3_90_node4_70,0.41105533331907573
Test_U_4Layers_input_size_5_node1_60_node2_60_node3_90_node4_70,0.4632048526190602
Train_U_4Layers_input_size_5_node1_60_node2_60_node3_90_node4_80,0.38832454401651445
Test_U_4Layers_input_size_5_node1_60_node2_60_node3_90_node4_80,0.4573781416890142
Train_U_4Layers_input_size_5_node1_60_node2_60_node3_90_node4_90,0.41842864929593493
Test_U_4Layers_input_size_5_node1_60_node2_60_node3_90_node4_90,0.4961352443612942
Train_U_4Layers_input_size_5_node1_60_node2_60_node3_90_node4_100,0.4131045686745272
Test_U_4Layers_input_size_5_node1_60_node2_60_node3_90_node4_100,0.46416659680759215
Train_U_3Layers_input_size_5_node1_60_node2_60_node3_100_node4_0,0.3955227695980638
Test_U_3Layers_input_size_5_node1_60_node2_60_node3_100_node4_0,0.4538453722786049
Train_U_4Layers_input_size_5_node1_60_node2_60_node3_100_node4_30,0.40367891934883515
Test_U_4Layers_input_size_5_node1_60_node2_60_node3_100_node4_30,0.45904758099333176
Train_U_4Layers_input_size_5_node1_60_node2_60_node3_100_node4_40,0.5014736393915823
Test_U_4Layers_input_size_5_node1_60_node2_60_node3_100_node4_40,0.5777468862462042
Train_U_4Layers_input_size_5_node1_60_node2_60_node3_100_node4_50,0.39564722688740284
Test_U_4Layers_input_size_5_node1_60_node2_60_node3_100_node4_50,0.47032712425738077
Train_U_4Layers_input_size_5_node1_60_node2_60_node3_100_node4_60,0.3947790708352637
Test_U_4Layers_input_size_5_node1_60_node2_60_node3_100_node4_60,0.4688221081266715
Train_U_4Layers_input_size_5_node1_60_node2_60_node3_100_node4_70,0.3902433056425192
Test_U_4Layers_input_size_5_node1_60_node2_60_node3_100_node4_70,0.46202192599628683
Train_U_4Layers_input_size_5_node1_60_node2_60_node3_100_node4_80,0.4330943384643406
Test_U_4Layers_input_size_5_node1_60_node2_60_node3_100_node4_80,0.5101741162570095
Train_U_4Layers_input_size_5_node1_60_node2_60_node3_100_node4_90,0.3960365246548156
Test_U_4Layers_input_size_5_node1_60_node2_60_node3_100_node4_90,0.45930643348461264
Train_U_4Layers_input_size_5_node1_60_node2_60_node3_100_node4_100,0.4339537801181674
Test_U_4Layers_input_size_5_node1_60_node2_60_node3_100_node4_100,0.511692454121073
Train_U_2Layers_input_size_5_node1_60_node2_70_node3_0_node4_0,0.389737494289467
Test_U_2Layers_input_size_5_node1_60_node2_70_node3_0_node4_0,0.46120609927408174
Train_U_3Layers_input_size_5_node1_60_node2_70_node3_30_node4_0,0.39597400457860515
Test_U_3Layers_input_size_5_node1_60_node2_70_node3_30_node4_0,0.457083805029506
Train_U_4Layers_input_size_5_node1_60_node2_70_node3_30_node4_30,0.39201483478137317
Test_U_4Layers_input_size_5_node1_60_node2_70_node3_30_node4_30,0.46332836779957043
Train_U_4Layers_input_size_5_node1_60_node2_70_node3_30_node4_40,0.38927016863086933
Test_U_4Layers_input_size_5_node1_60_node2_70_node3_30_node4_40,0.45756771521949874
Train_U_4Layers_input_size_5_node1_60_node2_70_node3_30_node4_50,0.4072797635315535
Test_U_4Layers_input_size_5_node1_60_node2_70_node3_30_node4_50,0.4616841233851552
Train_U_4Layers_input_size_5_node1_60_node2_70_node3_30_node4_60,0.4060410365626126
Test_U_4Layers_input_size_5_node1_60_node2_70_node3_30_node4_60,0.46058735236842796
Train_U_4Layers_input_size_5_node1_60_node2_70_node3_30_node4_70,0.39453225088464666
Test_U_4Layers_input_size_5_node1_60_node2_70_node3_30_node4_70,0.45811279004780064
Train_U_4Layers_input_size_5_node1_60_node2_70_node3_30_node4_80,0.38863876815190973
Test_U_4Layers_input_size_5_node1_60_node2_70_node3_30_node4_80,0.45535495835001993
Train_U_4Layers_input_size_5_node1_60_node2_70_node3_30_node4_90,0.3907377080442271
Test_U_4Layers_input_size_5_node1_60_node2_70_node3_30_node4_90,0.4640585093214256
Train_U_4Layers_input_size_5_node1_60_node2_70_node3_30_node4_100,0.39954446841599656
Test_U_4Layers_input_size_5_node1_60_node2_70_node3_30_node4_100,0.4745928443573012
Train_U_3Layers_input_size_5_node1_60_node2_70_node3_40_node4_0,0.39412500220074037
Test_U_3Layers_input_size_5_node1_60_node2_70_node3_40_node4_0,0.45886865333900384
Train_U_4Layers_input_size_5_node1_60_node2_70_node3_40_node4_30,0.38955010342102675
Test_U_4Layers_input_size_5_node1_60_node2_70_node3_40_node4_30,0.45747578838256897
Train_U_4Layers_input_size_5_node1_60_node2_70_node3_40_node4_40,0.39268968429941503
Test_U_4Layers_input_size_5_node1_60_node2_70_node3_40_node4_40,0.45661439387913405
Train_U_4Layers_input_size_5_node1_60_node2_70_node3_40_node4_50,0.3997268384792539
Test_U_4Layers_input_size_5_node1_60_node2_70_node3_40_node4_50,0.4598224374678042
Train_U_4Layers_input_size_5_node1_60_node2_70_node3_40_node4_60,0.39288953509798735
Test_U_4Layers_input_size_5_node1_60_node2_70_node3_40_node4_60,0.4561408408757749
Train_U_4Layers_input_size_5_node1_60_node2_70_node3_40_node4_70,0.43583544763753646
Test_U_4Layers_input_size_5_node1_60_node2_70_node3_40_node4_70,0.4790331319278887
Train_U_4Layers_input_size_5_node1_60_node2_70_node3_40_node4_80,0.3931811052808047
Test_U_4Layers_input_size_5_node1_60_node2_70_node3_40_node4_80,0.4586951460512263
Train_U_4Layers_input_size_5_node1_60_node2_70_node3_40_node4_90,0.38804435872014176
Test_U_4Layers_input_size_5_node1_60_node2_70_node3_40_node4_90,0.452423885145351
Train_U_4Layers_input_size_5_node1_60_node2_70_node3_40_node4_100,0.38905091708915623
Test_U_4Layers_input_size_5_node1_60_node2_70_node3_40_node4_100,0.4578783873188798
Train_U_3Layers_input_size_5_node1_60_node2_70_node3_50_node4_0,0.40171700336635957
Test_U_3Layers_input_size_5_node1_60_node2_70_node3_50_node4_0,0.457742838067571
Train_U_4Layers_input_size_5_node1_60_node2_70_node3_50_node4_30,0.40799693325470265
Test_U_4Layers_input_size_5_node1_60_node2_70_node3_50_node4_30,0.48435787970527666
Train_U_4Layers_input_size_5_node1_60_node2_70_node3_50_node4_40,0.38762681485673534
Test_U_4Layers_input_size_5_node1_60_node2_70_node3_50_node4_40,0.4581829785326959
Train_U_4Layers_input_size_5_node1_60_node2_70_node3_50_node4_50,0.4057457435300036
Test_U_4Layers_input_size_5_node1_60_node2_70_node3_50_node4_50,0.48110799985758906
Train_U_4Layers_input_size_5_node1_60_node2_70_node3_50_node4_60,0.3968269296504873
Test_U_4Layers_input_size_5_node1_60_node2_70_node3_50_node4_60,0.4715997695351621
Train_U_4Layers_input_size_5_node1_60_node2_70_node3_50_node4_70,0.39246628719771776
Test_U_4Layers_input_size_5_node1_60_node2_70_node3_50_node4_70,0.4563670752826485
Train_U_4Layers_input_size_5_node1_60_node2_70_node3_50_node4_80,0.4590449191804585
Test_U_4Layers_input_size_5_node1_60_node2_70_node3_50_node4_80,0.4947868915795918
Train_U_4Layers_input_size_5_node1_60_node2_70_node3_50_node4_90,0.43606791100924924
Test_U_4Layers_input_size_5_node1_60_node2_70_node3_50_node4_90,0.47768764875570136
Train_U_4Layers_input_size_5_node1_60_node2_70_node3_50_node4_100,0.39018308438013466
Test_U_4Layers_input_size_5_node1_60_node2_70_node3_50_node4_100,0.4596638459084962
Train_U_3Layers_input_size_5_node1_60_node2_70_node3_60_node4_0,0.4101303819037581
Test_U_3Layers_input_size_5_node1_60_node2_70_node3_60_node4_0,0.4637535839507844
Train_U_4Layers_input_size_5_node1_60_node2_70_node3_60_node4_30,0.38964662097325825
Test_U_4Layers_input_size_5_node1_60_node2_70_node3_60_node4_30,0.4610343928250984
Train_U_4Layers_input_size_5_node1_60_node2_70_node3_60_node4_40,0.3950819760678568
Test_U_4Layers_input_size_5_node1_60_node2_70_node3_60_node4_40,0.46879421661368786
Train_U_4Layers_input_size_5_node1_60_node2_70_node3_60_node4_50,0.4147620858885549
Test_U_4Layers_input_size_5_node1_60_node2_70_node3_60_node4_50,0.49158540865122774
Train_U_4Layers_input_size_5_node1_60_node2_70_node3_60_node4_60,0.3889271075432471
Test_U_4Layers_input_size_5_node1_60_node2_70_node3_60_node4_60,0.4593737634655146
Train_U_4Layers_input_size_5_node1_60_node2_70_node3_60_node4_70,0.39230139548942994
Test_U_4Layers_input_size_5_node1_60_node2_70_node3_60_node4_70,0.4558679496527469
Train_U_4Layers_input_size_5_node1_60_node2_70_node3_60_node4_80,0.38989017034371204
Test_U_4Layers_input_size_5_node1_60_node2_70_node3_60_node4_80,0.45528641219534255
Train_U_4Layers_input_size_5_node1_60_node2_70_node3_60_node4_90,0.3985735156203122
Test_U_4Layers_input_size_5_node1_60_node2_70_node3_60_node4_90,0.45791110906910626
Train_U_4Layers_input_size_5_node1_60_node2_70_node3_60_node4_100,0.4425886067077658
Test_U_4Layers_input_size_5_node1_60_node2_70_node3_60_node4_100,0.4826479084977292
Train_U_3Layers_input_size_5_node1_60_node2_70_node3_70_node4_0,0.3978073147947488
Test_U_3Layers_input_size_5_node1_60_node2_70_node3_70_node4_0,0.47403946555899273
Train_U_4Layers_input_size_5_node1_60_node2_70_node3_70_node4_30,0.38847370942584675
Test_U_4Layers_input_size_5_node1_60_node2_70_node3_70_node4_30,0.456597880768714
Train_U_4Layers_input_size_5_node1_60_node2_70_node3_70_node4_40,0.40402402285994765
Test_U_4Layers_input_size_5_node1_60_node2_70_node3_70_node4_40,0.4574133587963922
Train_U_4Layers_input_size_5_node1_60_node2_70_node3_70_node4_50,0.40485606935603274
Test_U_4Layers_input_size_5_node1_60_node2_70_node3_70_node4_50,0.4609689055266631
Train_U_4Layers_input_size_5_node1_60_node2_70_node3_70_node4_60,0.39253762259244396
Test_U_4Layers_input_size_5_node1_60_node2_70_node3_70_node4_60,0.4596371330971229
Train_U_4Layers_input_size_5_node1_60_node2_70_node3_70_node4_70,0.39819970234041185
Test_U_4Layers_input_size_5_node1_60_node2_70_node3_70_node4_70,0.45839162658130517
Train_U_4Layers_input_size_5_node1_60_node2_70_node3_70_node4_80,0.4026361347483846
Test_U_4Layers_input_size_5_node1_60_node2_70_node3_70_node4_80,0.45629108844885674
Train_U_4Layers_input_size_5_node1_60_node2_70_node3_70_node4_90,0.3952775449715634
Test_U_4Layers_input_size_5_node1_60_node2_70_node3_70_node4_90,0.4674058716406403
Train_U_4Layers_input_size_5_node1_60_node2_70_node3_70_node4_100,0.39112448229805763
Test_U_4Layers_input_size_5_node1_60_node2_70_node3_70_node4_100,0.4587432715055047
Train_U_3Layers_input_size_5_node1_60_node2_70_node3_80_node4_0,0.39075521206201663
Test_U_3Layers_input_size_5_node1_60_node2_70_node3_80_node4_0,0.458993627576703
Train_U_4Layers_input_size_5_node1_60_node2_70_node3_80_node4_30,0.39269750118072577
Test_U_4Layers_input_size_5_node1_60_node2_70_node3_80_node4_30,0.45789052604305835
Train_U_4Layers_input_size_5_node1_60_node2_70_node3_80_node4_40,0.3940010095731029
Test_U_4Layers_input_size_5_node1_60_node2_70_node3_80_node4_40,0.46851913807047857
Train_U_4Layers_input_size_5_node1_60_node2_70_node3_80_node4_50,0.38657981611738973
Test_U_4Layers_input_size_5_node1_60_node2_70_node3_80_node4_50,0.4537000788663157
Train_U_4Layers_input_size_5_node1_60_node2_70_node3_80_node4_60,0.39216438240521395
Test_U_4Layers_input_size_5_node1_60_node2_70_node3_80_node4_60,0.4563419164537034
Train_U_4Layers_input_size_5_node1_60_node2_70_node3_80_node4_70,0.3883848808045809
Test_U_4Layers_input_size_5_node1_60_node2_70_node3_80_node4_70,0.45911941165155873
Train_U_4Layers_input_size_5_node1_60_node2_70_node3_80_node4_80,0.3892354282158018
Test_U_4Layers_input_size_5_node1_60_node2_70_node3_80_node4_80,0.45896284986303365
Train_U_4Layers_input_size_5_node1_60_node2_70_node3_80_node4_90,0.38842274718376774
Test_U_4Layers_input_size_5_node1_60_node2_70_node3_80_node4_90,0.4556264888807127
Train_U_4Layers_input_size_5_node1_60_node2_70_node3_80_node4_100,0.3860884452341158
Test_U_4Layers_input_size_5_node1_60_node2_70_node3_80_node4_100,0.45701454001633124
Train_U_3Layers_input_size_5_node1_60_node2_70_node3_90_node4_0,0.38519124148741457
Test_U_3Layers_input_size_5_node1_60_node2_70_node3_90_node4_0,0.45517973522669686
Train_U_4Layers_input_size_5_node1_60_node2_70_node3_90_node4_30,0.41413126680357387
Test_U_4Layers_input_size_5_node1_60_node2_70_node3_90_node4_30,0.46353370323913
Train_U_4Layers_input_size_5_node1_60_node2_70_node3_90_node4_40,0.3928346128165074
Test_U_4Layers_input_size_5_node1_60_node2_70_node3_90_node4_40,0.45599292933269253
Train_U_4Layers_input_size_5_node1_60_node2_70_node3_90_node4_50,0.3881434773763046
Test_U_4Layers_input_size_5_node1_60_node2_70_node3_90_node4_50,0.451075506445927
Train_U_4Layers_input_size_5_node1_60_node2_70_node3_90_node4_60,0.398934932683148
Test_U_4Layers_input_size_5_node1_60_node2_70_node3_90_node4_60,0.46004767116470874
Train_U_4Layers_input_size_5_node1_60_node2_70_node3_90_node4_70,0.4055417746640385
Test_U_4Layers_input_size_5_node1_60_node2_70_node3_90_node4_70,0.46007776092913916
Train_U_4Layers_input_size_5_node1_60_node2_70_node3_90_node4_80,0.39074558304250695
Test_U_4Layers_input_size_5_node1_60_node2_70_node3_90_node4_80,0.4615498693826148
Train_U_4Layers_input_size_5_node1_60_node2_70_node3_90_node4_90,0.40629746086478274
Test_U_4Layers_input_size_5_node1_60_node2_70_node3_90_node4_90,0.482775863319128
Train_U_4Layers_input_size_5_node1_60_node2_70_node3_90_node4_100,0.38947921558402604
Test_U_4Layers_input_size_5_node1_60_node2_70_node3_90_node4_100,0.4607420684827236
Train_U_3Layers_input_size_5_node1_60_node2_70_node3_100_node4_0,0.3942439855843699
Test_U_3Layers_input_size_5_node1_60_node2_70_node3_100_node4_0,0.4687522252347898
Train_U_4Layers_input_size_5_node1_60_node2_70_node3_100_node4_30,0.39814216289325793
Test_U_4Layers_input_size_5_node1_60_node2_70_node3_100_node4_30,0.4585719264229991
Train_U_4Layers_input_size_5_node1_60_node2_70_node3_100_node4_40,0.39049285560866565
Test_U_4Layers_input_size_5_node1_60_node2_70_node3_100_node4_40,0.4609434644668807
Train_U_4Layers_input_size_5_node1_60_node2_70_node3_100_node4_50,0.384937538430642
Test_U_4Layers_input_size_5_node1_60_node2_70_node3_100_node4_50,0.4513382377898031
Train_U_4Layers_input_size_5_node1_60_node2_70_node3_100_node4_60,0.3990096304096973
Test_U_4Layers_input_size_5_node1_60_node2_70_node3_100_node4_60,0.45812596340520506
Train_U_4Layers_input_size_5_node1_60_node2_70_node3_100_node4_70,0.39052595790303307
Test_U_4Layers_input_size_5_node1_60_node2_70_node3_100_node4_70,0.4634221883805092
Train_U_4Layers_input_size_5_node1_60_node2_70_node3_100_node4_80,0.4063110855833701
Test_U_4Layers_input_size_5_node1_60_node2_70_node3_100_node4_80,0.4829953140758091
Train_U_4Layers_input_size_5_node1_60_node2_70_node3_100_node4_90,0.3837352647033639
Test_U_4Layers_input_size_5_node1_60_node2_70_node3_100_node4_90,0.45307576799955396
Train_U_4Layers_input_size_5_node1_60_node2_70_node3_100_node4_100,0.42031433927566103
Test_U_4Layers_input_size_5_node1_60_node2_70_node3_100_node4_100,0.4968248222014069
Train_U_2Layers_input_size_5_node1_60_node2_80_node3_0_node4_0,0.3913411632642127
Test_U_2Layers_input_size_5_node1_60_node2_80_node3_0_node4_0,0.4601108120567987
Train_U_3Layers_input_size_5_node1_60_node2_80_node3_30_node4_0,0.39547132158893983
Test_U_3Layers_input_size_5_node1_60_node2_80_node3_30_node4_0,0.46876864396211526
Train_U_4Layers_input_size_5_node1_60_node2_80_node3_30_node4_30,0.3903428775520155
Test_U_4Layers_input_size_5_node1_60_node2_80_node3_30_node4_30,0.46031356868373813
Train_U_4Layers_input_size_5_node1_60_node2_80_node3_30_node4_40,0.3839875307467642
Test_U_4Layers_input_size_5_node1_60_node2_80_node3_30_node4_40,0.45124515747473004
Train_U_4Layers_input_size_5_node1_60_node2_80_node3_30_node4_50,0.395833971207088
Test_U_4Layers_input_size_5_node1_60_node2_80_node3_30_node4_50,0.47058868599924425
Train_U_4Layers_input_size_5_node1_60_node2_80_node3_30_node4_60,0.4457771152929004
Test_U_4Layers_input_size_5_node1_60_node2_80_node3_30_node4_60,0.4830974836520446
Train_U_4Layers_input_size_5_node1_60_node2_80_node3_30_node4_70,0.38775851409561496
Test_U_4Layers_input_size_5_node1_60_node2_80_node3_30_node4_70,0.4584373460859107
Train_U_4Layers_input_size_5_node1_60_node2_80_node3_30_node4_80,0.39103214027061384
Test_U_4Layers_input_size_5_node1_60_node2_80_node3_30_node4_80,0.4607297784897688
Train_U_4Layers_input_size_5_node1_60_node2_80_node3_30_node4_90,0.3878959501732649
Test_U_4Layers_input_size_5_node1_60_node2_80_node3_30_node4_90,0.4575405543493615
Train_U_4Layers_input_size_5_node1_60_node2_80_node3_30_node4_100,0.39380492024164415
Test_U_4Layers_input_size_5_node1_60_node2_80_node3_30_node4_100,0.46643005706500024
Train_U_3Layers_input_size_5_node1_60_node2_80_node3_40_node4_0,0.3893829435514874
Test_U_3Layers_input_size_5_node1_60_node2_80_node3_40_node4_0,0.462096309396543
Train_U_4Layers_input_size_5_node1_60_node2_80_node3_40_node4_30,0.38957856204261176
Test_U_4Layers_input_size_5_node1_60_node2_80_node3_40_node4_30,0.46016183341351613
Train_U_4Layers_input_size_5_node1_60_node2_80_node3_40_node4_40,0.3908779279113063
Test_U_4Layers_input_size_5_node1_60_node2_80_node3_40_node4_40,0.45935345683542633
Train_U_4Layers_input_size_5_node1_60_node2_80_node3_40_node4_50,0.41387843593345197
Test_U_4Layers_input_size_5_node1_60_node2_80_node3_40_node4_50,0.4910566720974766
Train_U_4Layers_input_size_5_node1_60_node2_80_node3_40_node4_60,0.39145741461415445
Test_U_4Layers_input_size_5_node1_60_node2_80_node3_40_node4_60,0.46366087491517843
Train_U_4Layers_input_size_5_node1_60_node2_80_node3_40_node4_70,0.39964707346841793
Test_U_4Layers_input_size_5_node1_60_node2_80_node3_40_node4_70,0.45757689874610763
Train_U_4Layers_input_size_5_node1_60_node2_80_node3_40_node4_80,0.39154999885788033
Test_U_4Layers_input_size_5_node1_60_node2_80_node3_40_node4_80,0.4641166899409998
Train_U_4Layers_input_size_5_node1_60_node2_80_node3_40_node4_90,0.4081206900119304
Test_U_4Layers_input_size_5_node1_60_node2_80_node3_40_node4_90,0.48484067681703485
Train_U_4Layers_input_size_5_node1_60_node2_80_node3_40_node4_100,0.4340151036849192
Test_U_4Layers_input_size_5_node1_60_node2_80_node3_40_node4_100,0.5118476763501962
Train_U_3Layers_input_size_5_node1_60_node2_80_node3_50_node4_0,0.39661420378371487
Test_U_3Layers_input_size_5_node1_60_node2_80_node3_50_node4_0,0.4550742775422877
Train_U_4Layers_input_size_5_node1_60_node2_80_node3_50_node4_30,0.3950751492986244
Test_U_4Layers_input_size_5_node1_60_node2_80_node3_50_node4_30,0.45500837454582066
Train_U_4Layers_input_size_5_node1_60_node2_80_node3_50_node4_40,0.39399144096929345
Test_U_4Layers_input_size_5_node1_60_node2_80_node3_50_node4_40,0.4557150611511027
Train_U_4Layers_input_size_5_node1_60_node2_80_node3_50_node4_50,0.3887534702857556
Test_U_4Layers_input_size_5_node1_60_node2_80_node3_50_node4_50,0.45566574927000236
Train_U_4Layers_input_size_5_node1_60_node2_80_node3_50_node4_60,0.3884285591735331
Test_U_4Layers_input_size_5_node1_60_node2_80_node3_50_node4_60,0.45567129221779745
Train_U_4Layers_input_size_5_node1_60_node2_80_node3_50_node4_70,0.4166846648938439
Test_U_4Layers_input_size_5_node1_60_node2_80_node3_50_node4_70,0.49351087405158506
Train_U_4Layers_input_size_5_node1_60_node2_80_node3_50_node4_80,0.38892107311918755
Test_U_4Layers_input_size_5_node1_60_node2_80_node3_50_node4_80,0.454703917977094
Train_U_4Layers_input_size_5_node1_60_node2_80_node3_50_node4_90,0.41370637441832114
Test_U_4Layers_input_size_5_node1_60_node2_80_node3_50_node4_90,0.4630090586134532
Train_U_4Layers_input_size_5_node1_60_node2_80_node3_50_node4_100,0.4237332391659314
Test_U_4Layers_input_size_5_node1_60_node2_80_node3_50_node4_100,0.5009911964465356
Train_U_3Layers_input_size_5_node1_60_node2_80_node3_60_node4_0,0.4059103866696464
Test_U_3Layers_input_size_5_node1_60_node2_80_node3_60_node4_0,0.48254070285718104
Train_U_4Layers_input_size_5_node1_60_node2_80_node3_60_node4_30,0.389802830446359
Test_U_4Layers_input_size_5_node1_60_node2_80_node3_60_node4_30,0.46039468517160587
Train_U_4Layers_input_size_5_node1_60_node2_80_node3_60_node4_40,0.3890883165243144
Test_U_4Layers_input_size_5_node1_60_node2_80_node3_60_node4_40,0.4531563879520171
Train_U_4Layers_input_size_5_node1_60_node2_80_node3_60_node4_50,0.38632631137526335
Test_U_4Layers_input_size_5_node1_60_node2_80_node3_60_node4_50,0.4550964122585116
Train_U_4Layers_input_size_5_node1_60_node2_80_node3_60_node4_60,0.3921001808257539
Test_U_4Layers_input_size_5_node1_60_node2_80_node3_60_node4_60,0.454178785095342
Train_U_4Layers_input_size_5_node1_60_node2_80_node3_60_node4_70,0.3947935082519309
Test_U_4Layers_input_size_5_node1_60_node2_80_node3_60_node4_70,0.45526867262197296
Train_U_4Layers_input_size_5_node1_60_node2_80_node3_60_node4_80,0.39442504737550516
Test_U_4Layers_input_size_5_node1_60_node2_80_node3_60_node4_80,0.46887896671005413
Train_U_4Layers_input_size_5_node1_60_node2_80_node3_60_node4_90,0.386916119850693
Test_U_4Layers_input_size_5_node1_60_node2_80_node3_60_node4_90,0.456938709769293
Train_U_4Layers_input_size_5_node1_60_node2_80_node3_60_node4_100,0.43881428378054615
Test_U_4Layers_input_size_5_node1_60_node2_80_node3_60_node4_100,0.4817619907151878
Train_U_3Layers_input_size_5_node1_60_node2_80_node3_70_node4_0,0.39611758098353655
Test_U_3Layers_input_size_5_node1_60_node2_80_node3_70_node4_0,0.47029978142456874
Train_U_4Layers_input_size_5_node1_60_node2_80_node3_70_node4_30,0.38917522329457716
Test_U_4Layers_input_size_5_node1_60_node2_80_node3_70_node4_30,0.45364870850812167
Train_U_4Layers_input_size_5_node1_60_node2_80_node3_70_node4_40,0.394658681854916
Test_U_4Layers_input_size_5_node1_60_node2_80_node3_70_node4_40,0.4687908154837782
Train_U_4Layers_input_size_5_node1_60_node2_80_node3_70_node4_50,0.4055269666270488
Test_U_4Layers_input_size_5_node1_60_node2_80_node3_70_node4_50,0.481614228304123
Train_U_4Layers_input_size_5_node1_60_node2_80_node3_70_node4_60,0.4063230962282586
Test_U_4Layers_input_size_5_node1_60_node2_80_node3_70_node4_60,0.48341388099738886
Train_U_4Layers_input_size_5_node1_60_node2_80_node3_70_node4_70,0.4206630464552721
Test_U_4Layers_input_size_5_node1_60_node2_80_node3_70_node4_70,0.49869702856185627
Train_U_4Layers_input_size_5_node1_60_node2_80_node3_70_node4_80,0.4001469312459372
Test_U_4Layers_input_size_5_node1_60_node2_80_node3_70_node4_80,0.460789721447622
Train_U_4Layers_input_size_5_node1_60_node2_80_node3_70_node4_90,0.3869763489317276
Test_U_4Layers_input_size_5_node1_60_node2_80_node3_70_node4_90,0.45640816559825426
Train_U_4Layers_input_size_5_node1_60_node2_80_node3_70_node4_100,0.3981017961132886
Test_U_4Layers_input_size_5_node1_60_node2_80_node3_70_node4_100,0.4733458760803672
Train_U_3Layers_input_size_5_node1_60_node2_80_node3_80_node4_0,0.38835921243600124
Test_U_3Layers_input_size_5_node1_60_node2_80_node3_80_node4_0,0.45843615967932316
Train_U_4Layers_input_size_5_node1_60_node2_80_node3_80_node4_30,0.4279166926087121
Test_U_4Layers_input_size_5_node1_60_node2_80_node3_80_node4_30,0.47353218818752363
Train_U_4Layers_input_size_5_node1_60_node2_80_node3_80_node4_40,0.487334210374911
Test_U_4Layers_input_size_5_node1_60_node2_80_node3_80_node4_40,0.5643113694170676
Train_U_4Layers_input_size_5_node1_60_node2_80_node3_80_node4_50,0.3994995436098836
Test_U_4Layers_input_size_5_node1_60_node2_80_node3_80_node4_50,0.45755711485589984
Train_U_4Layers_input_size_5_node1_60_node2_80_node3_80_node4_60,0.40602624673402415
Test_U_4Layers_input_size_5_node1_60_node2_80_node3_80_node4_60,0.4823250615509758
Train_U_4Layers_input_size_5_node1_60_node2_80_node3_80_node4_70,0.39207317844189804
Test_U_4Layers_input_size_5_node1_60_node2_80_node3_80_node4_70,0.4656091367336329
Train_U_4Layers_input_size_5_node1_60_node2_80_node3_80_node4_80,0.4467903177013961
Test_U_4Layers_input_size_5_node1_60_node2_80_node3_80_node4_80,0.525448735650266
Train_U_4Layers_input_size_5_node1_60_node2_80_node3_80_node4_90,0.3866636063534112
Test_U_4Layers_input_size_5_node1_60_node2_80_node3_80_node4_90,0.4560691618817703
Train_U_4Layers_input_size_5_node1_60_node2_80_node3_80_node4_100,0.3934799956443948
Test_U_4Layers_input_size_5_node1_60_node2_80_node3_80_node4_100,0.45458235360601473
Train_U_3Layers_input_size_5_node1_60_node2_80_node3_90_node4_0,0.38960061221980335
Test_U_3Layers_input_size_5_node1_60_node2_80_node3_90_node4_0,0.46062072278318233
Train_U_4Layers_input_size_5_node1_60_node2_80_node3_90_node4_30,0.3923917109542352
Test_U_4Layers_input_size_5_node1_60_node2_80_node3_90_node4_30,0.46547471827906156
Train_U_4Layers_input_size_5_node1_60_node2_80_node3_90_node4_40,0.3885175887548577
Test_U_4Layers_input_size_5_node1_60_node2_80_node3_90_node4_40,0.45584631004668524
Train_U_4Layers_input_size_5_node1_60_node2_80_node3_90_node4_50,0.3944155079491254
Test_U_4Layers_input_size_5_node1_60_node2_80_node3_90_node4_50,0.46694923053334536
Train_U_4Layers_input_size_5_node1_60_node2_80_node3_90_node4_60,0.39332772802882127
Test_U_4Layers_input_size_5_node1_60_node2_80_node3_90_node4_60,0.45665043672670036
Train_U_4Layers_input_size_5_node1_60_node2_80_node3_90_node4_70,0.4226714140310034
Test_U_4Layers_input_size_5_node1_60_node2_80_node3_90_node4_70,0.4996228583859986
Train_U_4Layers_input_size_5_node1_60_node2_80_node3_90_node4_80,0.41095789724573917
Test_U_4Layers_input_size_5_node1_60_node2_80_node3_90_node4_80,0.4880786475422933
Train_U_4Layers_input_size_5_node1_60_node2_80_node3_90_node4_90,0.3879199974410119
Test_U_4Layers_input_size_5_node1_60_node2_80_node3_90_node4_90,0.4582708941179529
Train_U_4Layers_input_size_5_node1_60_node2_80_node3_90_node4_100,0.4026096724429408
Test_U_4Layers_input_size_5_node1_60_node2_80_node3_90_node4_100,0.4615311921025571
Train_U_3Layers_input_size_5_node1_60_node2_80_node3_100_node4_0,0.4074459262672339
Test_U_3Layers_input_size_5_node1_60_node2_80_node3_100_node4_0,0.45912267346393754
Train_U_4Layers_input_size_5_node1_60_node2_80_node3_100_node4_30,0.3953200848420946
Test_U_4Layers_input_size_5_node1_60_node2_80_node3_100_node4_30,0.45771178091305087
Train_U_4Layers_input_size_5_node1_60_node2_80_node3_100_node4_40,0.3925084484005064
Test_U_4Layers_input_size_5_node1_60_node2_80_node3_100_node4_40,0.46421341673754357
Train_U_4Layers_input_size_5_node1_60_node2_80_node3_100_node4_50,0.39322008244545564
Test_U_4Layers_input_size_5_node1_60_node2_80_node3_100_node4_50,0.458664072159126
Train_U_4Layers_input_size_5_node1_60_node2_80_node3_100_node4_60,0.39304540352952516
Test_U_4Layers_input_size_5_node1_60_node2_80_node3_100_node4_60,0.466723703690795
Train_U_4Layers_input_size_5_node1_60_node2_80_node3_100_node4_70,0.3904803580474033
Test_U_4Layers_input_size_5_node1_60_node2_80_node3_100_node4_70,0.45613745973608866
Train_U_4Layers_input_size_5_node1_60_node2_80_node3_100_node4_80,0.3874877066354223
Test_U_4Layers_input_size_5_node1_60_node2_80_node3_100_node4_80,0.44979519554521935
Train_U_4Layers_input_size_5_node1_60_node2_80_node3_100_node4_90,0.4377373664531789
Test_U_4Layers_input_size_5_node1_60_node2_80_node3_100_node4_90,0.5159521221212254
Train_U_4Layers_input_size_5_node1_60_node2_80_node3_100_node4_100,0.39544451171678163
Test_U_4Layers_input_size_5_node1_60_node2_80_node3_100_node4_100,0.47022690168311876
Train_U_2Layers_input_size_5_node1_60_node2_90_node3_0_node4_0,0.3986645967632853
Test_U_2Layers_input_size_5_node1_60_node2_90_node3_0_node4_0,0.4597707302487438
Train_U_3Layers_input_size_5_node1_60_node2_90_node3_30_node4_0,0.3864247909891832
Test_U_3Layers_input_size_5_node1_60_node2_90_node3_30_node4_0,0.45560325154646314
Train_U_4Layers_input_size_5_node1_60_node2_90_node3_30_node4_30,0.3940391303989886
Test_U_4Layers_input_size_5_node1_60_node2_90_node3_30_node4_30,0.4557649888991467
Train_U_4Layers_input_size_5_node1_60_node2_90_node3_30_node4_40,0.39962164374318193
Test_U_4Layers_input_size_5_node1_60_node2_90_node3_30_node4_40,0.47488475392810736
Train_U_4Layers_input_size_5_node1_60_node2_90_node3_30_node4_50,0.42649567887642836
Test_U_4Layers_input_size_5_node1_60_node2_90_node3_30_node4_50,0.5036612513909773
Train_U_4Layers_input_size_5_node1_60_node2_90_node3_30_node4_60,0.3922200254046186
Test_U_4Layers_input_size_5_node1_60_node2_90_node3_30_node4_60,0.4572809466479152
Train_U_4Layers_input_size_5_node1_60_node2_90_node3_30_node4_70,0.4178447717772959
Test_U_4Layers_input_size_5_node1_60_node2_90_node3_30_node4_70,0.4659189563645606
Train_U_4Layers_input_size_5_node1_60_node2_90_node3_30_node4_80,0.38510869798512937
Test_U_4Layers_input_size_5_node1_60_node2_90_node3_30_node4_80,0.45548127289662094
Train_U_4Layers_input_size_5_node1_60_node2_90_node3_30_node4_90,0.404760343851825
Test_U_4Layers_input_size_5_node1_60_node2_90_node3_30_node4_90,0.4603902833666425
Train_U_4Layers_input_size_5_node1_60_node2_90_node3_30_node4_100,0.38811834974626896
Test_U_4Layers_input_size_5_node1_60_node2_90_node3_30_node4_100,0.4595714629062013
Train_U_3Layers_input_size_5_node1_60_node2_90_node3_40_node4_0,0.4024915886527262
Test_U_3Layers_input_size_5_node1_60_node2_90_node3_40_node4_0,0.4631763815594791
Train_U_4Layers_input_size_5_node1_60_node2_90_node3_40_node4_30,0.3870155852146568
Test_U_4Layers_input_size_5_node1_60_node2_90_node3_40_node4_30,0.45683192935928735
Train_U_4Layers_input_size_5_node1_60_node2_90_node3_40_node4_40,0.3878235688885367
Test_U_4Layers_input_size_5_node1_60_node2_90_node3_40_node4_40,0.4584751469678917
Train_U_4Layers_input_size_5_node1_60_node2_90_node3_40_node4_50,0.3906497566007556
Test_U_4Layers_input_size_5_node1_60_node2_90_node3_40_node4_50,0.463090394769694
Train_U_4Layers_input_size_5_node1_60_node2_90_node3_40_node4_60,0.42200370873837345
Test_U_4Layers_input_size_5_node1_60_node2_90_node3_40_node4_60,0.4676197572050708
Train_U_4Layers_input_size_5_node1_60_node2_90_node3_40_node4_70,0.41820302084229
Test_U_4Layers_input_size_5_node1_60_node2_90_node3_40_node4_70,0.4944762797486007
Train_U_4Layers_input_size_5_node1_60_node2_90_node3_40_node4_80,0.3897081678304433
Test_U_4Layers_input_size_5_node1_60_node2_90_node3_40_node4_80,0.45868424687555465
Train_U_4Layers_input_size_5_node1_60_node2_90_node3_40_node4_90,0.4020111598166764
Test_U_4Layers_input_size_5_node1_60_node2_90_node3_40_node4_90,0.47810240050117947
Train_U_4Layers_input_size_5_node1_60_node2_90_node3_40_node4_100,0.4298595604160723
Test_U_4Layers_input_size_5_node1_60_node2_90_node3_40_node4_100,0.47469024597137166
Train_U_3Layers_input_size_5_node1_60_node2_90_node3_50_node4_0,0.4471697142267661
Test_U_3Layers_input_size_5_node1_60_node2_90_node3_50_node4_0,0.52501216715383
Train_U_4Layers_input_size_5_node1_60_node2_90_node3_50_node4_30,0.41370804928396443
Test_U_4Layers_input_size_5_node1_60_node2_90_node3_50_node4_30,0.4634668007589034
Train_U_4Layers_input_size_5_node1_60_node2_90_node3_50_node4_40,0.39144058914463975
Test_U_4Layers_input_size_5_node1_60_node2_90_node3_50_node4_40,0.4625027476048691
Train_U_4Layers_input_size_5_node1_60_node2_90_node3_50_node4_50,0.3975381986989677
Test_U_4Layers_input_size_5_node1_60_node2_90_node3_50_node4_50,0.4588513932449174
Train_U_4Layers_input_size_5_node1_60_node2_90_node3_50_node4_60,0.4190176876836843
Test_U_4Layers_input_size_5_node1_60_node2_90_node3_50_node4_60,0.4958607434328561
Train_U_4Layers_input_size_5_node1_60_node2_90_node3_50_node4_70,0.4029678763017357
Test_U_4Layers_input_size_5_node1_60_node2_90_node3_50_node4_70,0.47662479743883185
Train_U_4Layers_input_size_5_node1_60_node2_90_node3_50_node4_80,0.5608639767207336
Test_U_4Layers_input_size_5_node1_60_node2_90_node3_50_node4_80,0.6310731980145321
Train_U_4Layers_input_size_5_node1_60_node2_90_node3_50_node4_90,0.4062021850910795
Test_U_4Layers_input_size_5_node1_60_node2_90_node3_50_node4_90,0.482666494150267
Train_U_4Layers_input_size_5_node1_60_node2_90_node3_50_node4_100,0.39172410831202636
Test_U_4Layers_input_size_5_node1_60_node2_90_node3_50_node4_100,0.46443223769926306
Train_U_3Layers_input_size_5_node1_60_node2_90_node3_60_node4_0,0.39449948475686814
Test_U_3Layers_input_size_5_node1_60_node2_90_node3_60_node4_0,0.46853295705572473
Train_U_4Layers_input_size_5_node1_60_node2_90_node3_60_node4_30,0.399329216113277
Test_U_4Layers_input_size_5_node1_60_node2_90_node3_60_node4_30,0.4572331398316079
Train_U_4Layers_input_size_5_node1_60_node2_90_node3_60_node4_40,0.38842671776044485
Test_U_4Layers_input_size_5_node1_60_node2_90_node3_60_node4_40,0.45958449718342964
Train_U_4Layers_input_size_5_node1_60_node2_90_node3_60_node4_50,0.395202047575876
Test_U_4Layers_input_size_5_node1_60_node2_90_node3_60_node4_50,0.4579891209153591
Train_U_4Layers_input_size_5_node1_60_node2_90_node3_60_node4_60,0.3862034032238579
Test_U_4Layers_input_size_5_node1_60_node2_90_node3_60_node4_60,0.45498278032457873
Train_U_4Layers_input_size_5_node1_60_node2_90_node3_60_node4_70,0.41441941623068373
Test_U_4Layers_input_size_5_node1_60_node2_90_node3_60_node4_70,0.49177196157797776
Train_U_4Layers_input_size_5_node1_60_node2_90_node3_60_node4_80,0.39472088175012165
Test_U_4Layers_input_size_5_node1_60_node2_90_node3_60_node4_80,0.46909650075790954
Train_U_4Layers_input_size_5_node1_60_node2_90_node3_60_node4_90,0.3876707323867843
Test_U_4Layers_input_size_5_node1_60_node2_90_node3_60_node4_90,0.45525579299676533
Train_U_4Layers_input_size_5_node1_60_node2_90_node3_60_node4_100,0.4068400426283002
Test_U_4Layers_input_size_5_node1_60_node2_90_node3_60_node4_100,0.4838183958164721
Train_U_3Layers_input_size_5_node1_60_node2_90_node3_70_node4_0,0.3932404316515955
Test_U_3Layers_input_size_5_node1_60_node2_90_node3_70_node4_0,0.45564341328675195
Train_U_4Layers_input_size_5_node1_60_node2_90_node3_70_node4_30,0.39084988796227155
Test_U_4Layers_input_size_5_node1_60_node2_90_node3_70_node4_30,0.46352357686209417
Train_U_4Layers_input_size_5_node1_60_node2_90_node3_70_node4_40,0.39095892938173216
Test_U_4Layers_input_size_5_node1_60_node2_90_node3_70_node4_40,0.46286665777940084
Train_U_4Layers_input_size_5_node1_60_node2_90_node3_70_node4_50,0.3987348045694508
Test_U_4Layers_input_size_5_node1_60_node2_90_node3_70_node4_50,0.47359184795867354
Train_U_4Layers_input_size_5_node1_60_node2_90_node3_70_node4_60,0.40234680544980034
Test_U_4Layers_input_size_5_node1_60_node2_90_node3_70_node4_60,0.45878489603267564
Train_U_4Layers_input_size_5_node1_60_node2_90_node3_70_node4_70,0.4160469652289629
Test_U_4Layers_input_size_5_node1_60_node2_90_node3_70_node4_70,0.46609970127338396
Train_U_4Layers_input_size_5_node1_60_node2_90_node3_70_node4_80,0.38984535614477855
Test_U_4Layers_input_size_5_node1_60_node2_90_node3_70_node4_80,0.4558085853767383
Train_U_4Layers_input_size_5_node1_60_node2_90_node3_70_node4_90,0.3838442114889589
Test_U_4Layers_input_size_5_node1_60_node2_90_node3_70_node4_90,0.4514892254681236
Train_U_4Layers_input_size_5_node1_60_node2_90_node3_70_node4_100,0.4109152537659214
Test_U_4Layers_input_size_5_node1_60_node2_90_node3_70_node4_100,0.4873334306637675
Train_U_3Layers_input_size_5_node1_60_node2_90_node3_80_node4_0,0.40384276313546036
Test_U_3Layers_input_size_5_node1_60_node2_90_node3_80_node4_0,0.4585897331776726
Train_U_4Layers_input_size_5_node1_60_node2_90_node3_80_node4_30,0.39007170592637547
Test_U_4Layers_input_size_5_node1_60_node2_90_node3_80_node4_30,0.4594133685430867
Train_U_4Layers_input_size_5_node1_60_node2_90_node3_80_node4_40,0.40148395037252815
Test_U_4Layers_input_size_5_node1_60_node2_90_node3_80_node4_40,0.4767773097207302
Train_U_4Layers_input_size_5_node1_60_node2_90_node3_80_node4_50,0.3960482825192031
Test_U_4Layers_input_size_5_node1_60_node2_90_node3_80_node4_50,0.4700893817027409
Train_U_4Layers_input_size_5_node1_60_node2_90_node3_80_node4_60,0.39851234705402666
Test_U_4Layers_input_size_5_node1_60_node2_90_node3_80_node4_60,0.47361703433468555
Train_U_4Layers_input_size_5_node1_60_node2_90_node3_80_node4_70,0.44696844631126875
Test_U_4Layers_input_size_5_node1_60_node2_90_node3_80_node4_70,0.48681758471071784
Train_U_4Layers_input_size_5_node1_60_node2_90_node3_80_node4_80,0.39193983046712205
Test_U_4Layers_input_size_5_node1_60_node2_90_node3_80_node4_80,0.4551719601529501
Train_U_4Layers_input_size_5_node1_60_node2_90_node3_80_node4_90,0.38720168197804433
Test_U_4Layers_input_size_5_node1_60_node2_90_node3_80_node4_90,0.4528486625968792
Train_U_4Layers_input_size_5_node1_60_node2_90_node3_80_node4_100,0.39511746582383495
Test_U_4Layers_input_size_5_node1_60_node2_90_node3_80_node4_100,0.45326105903225383
Train_U_3Layers_input_size_5_node1_60_node2_90_node3_90_node4_0,0.3969784369053669
Test_U_3Layers_input_size_5_node1_60_node2_90_node3_90_node4_0,0.4718605468759701
Train_U_4Layers_input_size_5_node1_60_node2_90_node3_90_node4_30,0.3869628328630182
Test_U_4Layers_input_size_5_node1_60_node2_90_node3_90_node4_30,0.45621925341851877
Train_U_4Layers_input_size_5_node1_60_node2_90_node3_90_node4_40,0.4005315207091842
Test_U_4Layers_input_size_5_node1_60_node2_90_node3_90_node4_40,0.45932396845321
Train_U_4Layers_input_size_5_node1_60_node2_90_node3_90_node4_50,0.39472295805707175
Test_U_4Layers_input_size_5_node1_60_node2_90_node3_90_node4_50,0.4532134035625373
Train_U_4Layers_input_size_5_node1_60_node2_90_node3_90_node4_60,0.4028356193613874
Test_U_4Layers_input_size_5_node1_60_node2_90_node3_90_node4_60,0.4784922691406308
Train_U_4Layers_input_size_5_node1_60_node2_90_node3_90_node4_70,0.4069878589836742
Test_U_4Layers_input_size_5_node1_60_node2_90_node3_90_node4_70,0.4836412994968664
Train_U_4Layers_input_size_5_node1_60_node2_90_node3_90_node4_80,0.4082143499117833
Test_U_4Layers_input_size_5_node1_60_node2_90_node3_90_node4_80,0.4618283085328869
Train_U_4Layers_input_size_5_node1_60_node2_90_node3_90_node4_90,0.39069560366574335
Test_U_4Layers_input_size_5_node1_60_node2_90_node3_90_node4_90,0.46181369199094324
Train_U_4Layers_input_size_5_node1_60_node2_90_node3_90_node4_100,0.38441728421367066
Test_U_4Layers_input_size_5_node1_60_node2_90_node3_90_node4_100,0.4514293348906711
Train_U_3Layers_input_size_5_node1_60_node2_90_node3_100_node4_0,0.3868517598765786
Test_U_3Layers_input_size_5_node1_60_node2_90_node3_100_node4_0,0.4528047153180203
Train_U_4Layers_input_size_5_node1_60_node2_90_node3_100_node4_30,0.40401832457096126
Test_U_4Layers_input_size_5_node1_60_node2_90_node3_100_node4_30,0.4590855101498407
Train_U_4Layers_input_size_5_node1_60_node2_90_node3_100_node4_40,0.39025250794645266
Test_U_4Layers_input_size_5_node1_60_node2_90_node3_100_node4_40,0.45990051390993886
Train_U_4Layers_input_size_5_node1_60_node2_90_node3_100_node4_50,0.40262164546370893
Test_U_4Layers_input_size_5_node1_60_node2_90_node3_100_node4_50,0.47888516539914466
Train_U_4Layers_input_size_5_node1_60_node2_90_node3_100_node4_60,0.39179031123161784
Test_U_4Layers_input_size_5_node1_60_node2_90_node3_100_node4_60,0.45957676420534616
Train_U_4Layers_input_size_5_node1_60_node2_90_node3_100_node4_70,0.39420856839162133
Test_U_4Layers_input_size_5_node1_60_node2_90_node3_100_node4_70,0.4671975495141086
Train_U_4Layers_input_size_5_node1_60_node2_90_node3_100_node4_80,0.40008607772673027
Test_U_4Layers_input_size_5_node1_60_node2_90_node3_100_node4_80,0.45438323770372885
Train_U_4Layers_input_size_5_node1_60_node2_90_node3_100_node4_90,0.3891825747284716
Test_U_4Layers_input_size_5_node1_60_node2_90_node3_100_node4_90,0.45929571103245215
Train_U_4Layers_input_size_5_node1_60_node2_90_node3_100_node4_100,0.3906120870363227
Test_U_4Layers_input_size_5_node1_60_node2_90_node3_100_node4_100,0.45263204397279205
Train_U_2Layers_input_size_5_node1_60_node2_100_node3_0_node4_0,0.3894630698691477
Test_U_2Layers_input_size_5_node1_60_node2_100_node3_0_node4_0,0.45447585564659804
Train_U_3Layers_input_size_5_node1_60_node2_100_node3_30_node4_0,0.3935882326885017
Test_U_3Layers_input_size_5_node1_60_node2_100_node3_30_node4_0,0.4563502430204762
Train_U_4Layers_input_size_5_node1_60_node2_100_node3_30_node4_30,0.3942961795106139
Test_U_4Layers_input_size_5_node1_60_node2_100_node3_30_node4_30,0.4677276270341243
Train_U_4Layers_input_size_5_node1_60_node2_100_node3_30_node4_40,0.390689882612004
Test_U_4Layers_input_size_5_node1_60_node2_100_node3_30_node4_40,0.4636607945700206
Train_U_4Layers_input_size_5_node1_60_node2_100_node3_30_node4_50,0.3925219063811082
Test_U_4Layers_input_size_5_node1_60_node2_100_node3_30_node4_50,0.45645979669366243
Train_U_4Layers_input_size_5_node1_60_node2_100_node3_30_node4_60,0.3922165301395901
Test_U_4Layers_input_size_5_node1_60_node2_100_node3_30_node4_60,0.46501094151514105
Train_U_4Layers_input_size_5_node1_60_node2_100_node3_30_node4_70,0.38841860393004773
Test_U_4Layers_input_size_5_node1_60_node2_100_node3_30_node4_70,0.4589307875497565
Train_U_4Layers_input_size_5_node1_60_node2_100_node3_30_node4_80,0.39100201532571355
Test_U_4Layers_input_size_5_node1_60_node2_100_node3_30_node4_80,0.45920314039326177
Train_U_4Layers_input_size_5_node1_60_node2_100_node3_30_node4_90,0.4034999419688546
Test_U_4Layers_input_size_5_node1_60_node2_100_node3_30_node4_90,0.47962726003528455
Train_U_4Layers_input_size_5_node1_60_node2_100_node3_30_node4_100,0.3899850562484894
Test_U_4Layers_input_size_5_node1_60_node2_100_node3_30_node4_100,0.4613385476300498
Train_U_3Layers_input_size_5_node1_60_node2_100_node3_40_node4_0,0.4249441159195229
Test_U_3Layers_input_size_5_node1_60_node2_100_node3_40_node4_0,0.5021840020979557
Train_U_4Layers_input_size_5_node1_60_node2_100_node3_40_node4_30,0.39476589741141627
Test_U_4Layers_input_size_5_node1_60_node2_100_node3_40_node4_30,0.4691969012732106
Train_U_4Layers_input_size_5_node1_60_node2_100_node3_40_node4_40,0.3933904224556897
Test_U_4Layers_input_size_5_node1_60_node2_100_node3_40_node4_40,0.4549347320055275
Train_U_4Layers_input_size_5_node1_60_node2_100_node3_40_node4_50,0.38597710132126944
Test_U_4Layers_input_size_5_node1_60_node2_100_node3_40_node4_50,0.4530572676186119
Train_U_4Layers_input_size_5_node1_60_node2_100_node3_40_node4_60,0.38792118824141164
Test_U_4Layers_input_size_5_node1_60_node2_100_node3_40_node4_60,0.4527249049725929
Train_U_4Layers_input_size_5_node1_60_node2_100_node3_40_node4_70,0.3898435405356049
Test_U_4Layers_input_size_5_node1_60_node2_100_node3_40_node4_70,0.45109017363115955
Train_U_4Layers_input_size_5_node1_60_node2_100_node3_40_node4_80,0.3949355140994696
Test_U_4Layers_input_size_5_node1_60_node2_100_node3_40_node4_80,0.45799637639911067
Train_U_4Layers_input_size_5_node1_60_node2_100_node3_40_node4_90,0.4041610710831628
Test_U_4Layers_input_size_5_node1_60_node2_100_node3_40_node4_90,0.45883427864415655
Train_U_4Layers_input_size_5_node1_60_node2_100_node3_40_node4_100,0.3951266111795413
Test_U_4Layers_input_size_5_node1_60_node2_100_node3_40_node4_100,0.45408833802358234
Train_U_3Layers_input_size_5_node1_60_node2_100_node3_50_node4_0,0.400883143747587
Test_U_3Layers_input_size_5_node1_60_node2_100_node3_50_node4_0,0.4764444955529658
Train_U_4Layers_input_size_5_node1_60_node2_100_node3_50_node4_30,0.38728027805467125
Test_U_4Layers_input_size_5_node1_60_node2_100_node3_50_node4_30,0.4520995441143789
Train_U_4Layers_input_size_5_node1_60_node2_100_node3_50_node4_40,0.3952185809479762
Test_U_4Layers_input_size_5_node1_60_node2_100_node3_50_node4_40,0.46985137613575423
Train_U_4Layers_input_size_5_node1_60_node2_100_node3_50_node4_50,0.3914961447057014
Test_U_4Layers_input_size_5_node1_60_node2_100_node3_50_node4_50,0.45590882347761724
Train_U_4Layers_input_size_5_node1_60_node2_100_node3_50_node4_60,0.42649662221753876
Test_U_4Layers_input_size_5_node1_60_node2_100_node3_50_node4_60,0.50330032468816
Train_U_4Layers_input_size_5_node1_60_node2_100_node3_50_node4_70,0.3895340371519924
Test_U_4Layers_input_size_5_node1_60_node2_100_node3_50_node4_70,0.4612686454808702
Train_U_4Layers_input_size_5_node1_60_node2_100_node3_50_node4_80,0.3922764962123387
Test_U_4Layers_input_size_5_node1_60_node2_100_node3_50_node4_80,0.4652624568583454
Train_U_4Layers_input_size_5_node1_60_node2_100_node3_50_node4_90,0.3909532502963423
Test_U_4Layers_input_size_5_node1_60_node2_100_node3_50_node4_90,0.45590624139320196
Train_U_4Layers_input_size_5_node1_60_node2_100_node3_50_node4_100,0.4008483875101857
Test_U_4Layers_input_size_5_node1_60_node2_100_node3_50_node4_100,0.46012530457565065
Train_U_3Layers_input_size_5_node1_60_node2_100_node3_60_node4_0,0.38968105705459705
Test_U_3Layers_input_size_5_node1_60_node2_100_node3_60_node4_0,0.46238632738357055
Train_U_4Layers_input_size_5_node1_60_node2_100_node3_60_node4_30,0.39241574853166056
Test_U_4Layers_input_size_5_node1_60_node2_100_node3_60_node4_30,0.46498586581909085
Train_U_4Layers_input_size_5_node1_60_node2_100_node3_60_node4_40,0.3931363819457794
Test_U_4Layers_input_size_5_node1_60_node2_100_node3_60_node4_40,0.46726482670008956
Train_U_4Layers_input_size_5_node1_60_node2_100_node3_60_node4_50,0.38904729759818135
Test_U_4Layers_input_size_5_node1_60_node2_100_node3_60_node4_50,0.46135697432067274
Train_U_4Layers_input_size_5_node1_60_node2_100_node3_60_node4_60,0.3895960607676642
Test_U_4Layers_input_size_5_node1_60_node2_100_node3_60_node4_60,0.4618728167646167
Train_U_4Layers_input_size_5_node1_60_node2_100_node3_60_node4_70,0.39645847931279704
Test_U_4Layers_input_size_5_node1_60_node2_100_node3_60_node4_70,0.4710536933431013
Train_U_4Layers_input_size_5_node1_60_node2_100_node3_60_node4_80,0.3932352402409606
Test_U_4Layers_input_size_5_node1_60_node2_100_node3_60_node4_80,0.4663198419782103
Train_U_4Layers_input_size_5_node1_60_node2_100_node3_60_node4_90,0.3945898635683742
Test_U_4Layers_input_size_5_node1_60_node2_100_node3_60_node4_90,0.4556828684222862
Train_U_4Layers_input_size_5_node1_60_node2_100_node3_60_node4_100,0.38911127527738965
Test_U_4Layers_input_size_5_node1_60_node2_100_node3_60_node4_100,0.4611225080166844
Train_U_3Layers_input_size_5_node1_60_node2_100_node3_70_node4_0,0.4108325106159249
Test_U_3Layers_input_size_5_node1_60_node2_100_node3_70_node4_0,0.4881245628726189
Train_U_4Layers_input_size_5_node1_60_node2_100_node3_70_node4_30,0.38839439570305423
Test_U_4Layers_input_size_5_node1_60_node2_100_node3_70_node4_30,0.45525932797465174
Train_U_4Layers_input_size_5_node1_60_node2_100_node3_70_node4_40,0.38494282239060895
Test_U_4Layers_input_size_5_node1_60_node2_100_node3_70_node4_40,0.4560477115334457
Train_U_4Layers_input_size_5_node1_60_node2_100_node3_70_node4_50,0.3898023717169051
Test_U_4Layers_input_size_5_node1_60_node2_100_node3_70_node4_50,0.4564271994291264
Train_U_4Layers_input_size_5_node1_60_node2_100_node3_70_node4_60,0.39444676996084327
Test_U_4Layers_input_size_5_node1_60_node2_100_node3_70_node4_60,0.4542029154890983
Train_U_4Layers_input_size_5_node1_60_node2_100_node3_70_node4_70,0.3862988861097056
Test_U_4Layers_input_size_5_node1_60_node2_100_node3_70_node4_70,0.45612465364647403
Train_U_4Layers_input_size_5_node1_60_node2_100_node3_70_node4_80,0.3938102933346293
Test_U_4Layers_input_size_5_node1_60_node2_100_node3_70_node4_80,0.4547100297517585
Train_U_4Layers_input_size_5_node1_60_node2_100_node3_70_node4_90,0.388711917673937
Test_U_4Layers_input_size_5_node1_60_node2_100_node3_70_node4_90,0.44934673973854156
Train_U_4Layers_input_size_5_node1_60_node2_100_node3_70_node4_100,0.4188203425183341
Test_U_4Layers_input_size_5_node1_60_node2_100_node3_70_node4_100,0.4949923175398632
Train_U_3Layers_input_size_5_node1_60_node2_100_node3_80_node4_0,0.3914968298227081
Test_U_3Layers_input_size_5_node1_60_node2_100_node3_80_node4_0,0.45636487128752296
Train_U_4Layers_input_size_5_node1_60_node2_100_node3_80_node4_30,0.39521028607009545
Test_U_4Layers_input_size_5_node1_60_node2_100_node3_80_node4_30,0.45317488428647734
Train_U_4Layers_input_size_5_node1_60_node2_100_node3_80_node4_40,0.3877259633898365
Test_U_4Layers_input_size_5_node1_60_node2_100_node3_80_node4_40,0.45377825641137215
Train_U_4Layers_input_size_5_node1_60_node2_100_node3_80_node4_50,0.4381514025417918
Test_U_4Layers_input_size_5_node1_60_node2_100_node3_80_node4_50,0.47816532314032456
Train_U_4Layers_input_size_5_node1_60_node2_100_node3_80_node4_60,0.417459284373198
Test_U_4Layers_input_size_5_node1_60_node2_100_node3_80_node4_60,0.47153366387478945
Train_U_4Layers_input_size_5_node1_60_node2_100_node3_80_node4_70,0.3970439326074571
Test_U_4Layers_input_size_5_node1_60_node2_100_node3_80_node4_70,0.47205675742496045
Train_U_4Layers_input_size_5_node1_60_node2_100_node3_80_node4_80,0.4258409160839685
Test_U_4Layers_input_size_5_node1_60_node2_100_node3_80_node4_80,0.47188956762399814
Train_U_4Layers_input_size_5_node1_60_node2_100_node3_80_node4_90,0.4090862486133114
Test_U_4Layers_input_size_5_node1_60_node2_100_node3_80_node4_90,0.4859844970055394
Train_U_4Layers_input_size_5_node1_60_node2_100_node3_80_node4_100,0.3881503492790871
Test_U_4Layers_input_size_5_node1_60_node2_100_node3_80_node4_100,0.4606385150360471
Train_U_3Layers_input_size_5_node1_60_node2_100_node3_90_node4_0,0.3934932689212229
Test_U_3Layers_input_size_5_node1_60_node2_100_node3_90_node4_0,0.46707751405183595
Train_U_4Layers_input_size_5_node1_60_node2_100_node3_90_node4_30,0.38507203425247494
Test_U_4Layers_input_size_5_node1_60_node2_100_node3_90_node4_30,0.4550906167341912
Train_U_4Layers_input_size_5_node1_60_node2_100_node3_90_node4_40,0.3913773539340475
Test_U_4Layers_input_size_5_node1_60_node2_100_node3_90_node4_40,0.46509489119259706
Train_U_4Layers_input_size_5_node1_60_node2_100_node3_90_node4_50,0.39175916054756454
Test_U_4Layers_input_size_5_node1_60_node2_100_node3_90_node4_50,0.459162283972832
Train_U_4Layers_input_size_5_node1_60_node2_100_node3_90_node4_60,0.39130679711580824
Test_U_4Layers_input_size_5_node1_60_node2_100_node3_90_node4_60,0.4538937328930446
Train_U_4Layers_input_size_5_node1_60_node2_100_node3_90_node4_70,0.4059273098436746
Test_U_4Layers_input_size_5_node1_60_node2_100_node3_90_node4_70,0.4586120068946797
Train_U_4Layers_input_size_5_node1_60_node2_100_node3_90_node4_80,0.3877475808988625
Test_U_4Layers_input_size_5_node1_60_node2_100_node3_90_node4_80,0.4599803588395382
Train_U_4Layers_input_size_5_node1_60_node2_100_node3_90_node4_90,0.41045577601972544
Test_U_4Layers_input_size_5_node1_60_node2_100_node3_90_node4_90,0.46483862096697653
Train_U_4Layers_input_size_5_node1_60_node2_100_node3_90_node4_100,0.3834189846228814
Test_U_4Layers_input_size_5_node1_60_node2_100_node3_90_node4_100,0.45239251224787025
Train_U_3Layers_input_size_5_node1_60_node2_100_node3_100_node4_0,0.3961456242287534
Test_U_3Layers_input_size_5_node1_60_node2_100_node3_100_node4_0,0.4569502212554767
Train_U_4Layers_input_size_5_node1_60_node2_100_node3_100_node4_30,0.39344767211174986
Test_U_4Layers_input_size_5_node1_60_node2_100_node3_100_node4_30,0.46532609101193545
Train_U_4Layers_input_size_5_node1_60_node2_100_node3_100_node4_40,0.3921625585338155
Test_U_4Layers_input_size_5_node1_60_node2_100_node3_100_node4_40,0.4557932690541894
Train_U_4Layers_input_size_5_node1_60_node2_100_node3_100_node4_50,0.4105921835538129
Test_U_4Layers_input_size_5_node1_60_node2_100_node3_100_node4_50,0.46326240063769136
Train_U_4Layers_input_size_5_node1_60_node2_100_node3_100_node4_60,0.3913718141799551
Test_U_4Layers_input_size_5_node1_60_node2_100_node3_100_node4_60,0.46493297009184953
Train_U_4Layers_input_size_5_node1_60_node2_100_node3_100_node4_70,0.41543583473065787
Test_U_4Layers_input_size_5_node1_60_node2_100_node3_100_node4_70,0.49243801039063967
Train_U_4Layers_input_size_5_node1_60_node2_100_node3_100_node4_80,0.3920116607892524
Test_U_4Layers_input_size_5_node1_60_node2_100_node3_100_node4_80,0.46002128836879624
Train_U_4Layers_input_size_5_node1_60_node2_100_node3_100_node4_90,0.4401664031526402
Test_U_4Layers_input_size_5_node1_60_node2_100_node3_100_node4_90,0.4799246614907155
Train_U_4Layers_input_size_5_node1_60_node2_100_node3_100_node4_100,0.3909649704659085
Test_U_4Layers_input_size_5_node1_60_node2_100_node3_100_node4_100,0.4634515767650839
Train_U_1Layers_input_size_5_node1_70_node2_0_node3_0_node4_0,0.4089103303792447
Test_U_1Layers_input_size_5_node1_70_node2_0_node3_0_node4_0,0.47843748739231323
Train_U_2Layers_input_size_5_node1_70_node2_30_node3_0_node4_0,0.3928098990779887
Test_U_2Layers_input_size_5_node1_70_node2_30_node3_0_node4_0,0.4605405682495146
Train_U_3Layers_input_size_5_node1_70_node2_30_node3_30_node4_0,0.4080511111251928
Test_U_3Layers_input_size_5_node1_70_node2_30_node3_30_node4_0,0.4638699019503226
Train_U_4Layers_input_size_5_node1_70_node2_30_node3_30_node4_30,0.3917333519081473
Test_U_4Layers_input_size_5_node1_70_node2_30_node3_30_node4_30,0.4544338856126941
Train_U_4Layers_input_size_5_node1_70_node2_30_node3_30_node4_40,0.3948912158690405
Test_U_4Layers_input_size_5_node1_70_node2_30_node3_30_node4_40,0.46867252345357435
Train_U_4Layers_input_size_5_node1_70_node2_30_node3_30_node4_50,0.39084824858281964
Test_U_4Layers_input_size_5_node1_70_node2_30_node3_30_node4_50,0.46130038379076016
Train_U_4Layers_input_size_5_node1_70_node2_30_node3_30_node4_60,0.38990463591713365
Test_U_4Layers_input_size_5_node1_70_node2_30_node3_30_node4_60,0.4552268738829949
Train_U_4Layers_input_size_5_node1_70_node2_30_node3_30_node4_70,0.4166597743259039
Test_U_4Layers_input_size_5_node1_70_node2_30_node3_30_node4_70,0.49353222088237314
Train_U_4Layers_input_size_5_node1_70_node2_30_node3_30_node4_80,0.3944082162716007
Test_U_4Layers_input_size_5_node1_70_node2_30_node3_30_node4_80,0.46866912144053796
Train_U_4Layers_input_size_5_node1_70_node2_30_node3_30_node4_90,0.396468289053688
Test_U_4Layers_input_size_5_node1_70_node2_30_node3_30_node4_90,0.47082826525849675
Train_U_4Layers_input_size_5_node1_70_node2_30_node3_30_node4_100,0.3932105516823403
Test_U_4Layers_input_size_5_node1_70_node2_30_node3_30_node4_100,0.4576639377030355
Train_U_3Layers_input_size_5_node1_70_node2_30_node3_40_node4_0,0.4100356515061315
Test_U_3Layers_input_size_5_node1_70_node2_30_node3_40_node4_0,0.4650597911766593
Train_U_4Layers_input_size_5_node1_70_node2_30_node3_40_node4_30,0.39016139175638465
Test_U_4Layers_input_size_5_node1_70_node2_30_node3_40_node4_30,0.4614148819862305
Train_U_4Layers_input_size_5_node1_70_node2_30_node3_40_node4_40,0.4157906940567461
Test_U_4Layers_input_size_5_node1_70_node2_30_node3_40_node4_40,0.46762848840170507
Train_U_4Layers_input_size_5_node1_70_node2_30_node3_40_node4_50,0.39086023876911363
Test_U_4Layers_input_size_5_node1_70_node2_30_node3_40_node4_50,0.45995269249655585
Train_U_4Layers_input_size_5_node1_70_node2_30_node3_40_node4_60,0.393262731201748
Test_U_4Layers_input_size_5_node1_70_node2_30_node3_40_node4_60,0.4547243339327326
Train_U_4Layers_input_size_5_node1_70_node2_30_node3_40_node4_70,0.3923477331860949
Test_U_4Layers_input_size_5_node1_70_node2_30_node3_40_node4_70,0.4634372686487136
Train_U_4Layers_input_size_5_node1_70_node2_30_node3_40_node4_80,0.399369514797791
Test_U_4Layers_input_size_5_node1_70_node2_30_node3_40_node4_80,0.458466810239888
Train_U_4Layers_input_size_5_node1_70_node2_30_node3_40_node4_90,0.4170858380753455
Test_U_4Layers_input_size_5_node1_70_node2_30_node3_40_node4_90,0.4689522465864878
Train_U_4Layers_input_size_5_node1_70_node2_30_node3_40_node4_100,0.39511205393633175
Test_U_4Layers_input_size_5_node1_70_node2_30_node3_40_node4_100,0.45732024421406603
Train_U_3Layers_input_size_5_node1_70_node2_30_node3_50_node4_0,0.39125188117138715
Test_U_3Layers_input_size_5_node1_70_node2_30_node3_50_node4_0,0.4639654597537464
Train_U_4Layers_input_size_5_node1_70_node2_30_node3_50_node4_30,0.3978384601006717
Test_U_4Layers_input_size_5_node1_70_node2_30_node3_50_node4_30,0.45696670532916955
Train_U_4Layers_input_size_5_node1_70_node2_30_node3_50_node4_40,0.3858070222474092
Test_U_4Layers_input_size_5_node1_70_node2_30_node3_50_node4_40,0.45305947125917423
Train_U_4Layers_input_size_5_node1_70_node2_30_node3_50_node4_50,0.39614368703285646
Test_U_4Layers_input_size_5_node1_70_node2_30_node3_50_node4_50,0.47050183689476394
Train_U_4Layers_input_size_5_node1_70_node2_30_node3_50_node4_60,0.38968673556083827
Test_U_4Layers_input_size_5_node1_70_node2_30_node3_50_node4_60,0.4615777143993936
Train_U_4Layers_input_size_5_node1_70_node2_30_node3_50_node4_70,0.38865949141360795
Test_U_4Layers_input_size_5_node1_70_node2_30_node3_50_node4_70,0.46010906320801576
Train_U_4Layers_input_size_5_node1_70_node2_30_node3_50_node4_80,0.39250979611752085
Test_U_4Layers_input_size_5_node1_70_node2_30_node3_50_node4_80,0.4604058351436531
Train_U_4Layers_input_size_5_node1_70_node2_30_node3_50_node4_90,0.39328921619541934
Test_U_4Layers_input_size_5_node1_70_node2_30_node3_50_node4_90,0.46668984371203204
Train_U_4Layers_input_size_5_node1_70_node2_30_node3_50_node4_100,0.38895059301353446
Test_U_4Layers_input_size_5_node1_70_node2_30_node3_50_node4_100,0.45778616481197043
Train_U_3Layers_input_size_5_node1_70_node2_30_node3_60_node4_0,0.4102351521484825
Test_U_3Layers_input_size_5_node1_70_node2_30_node3_60_node4_0,0.4874899288506581
Train_U_4Layers_input_size_5_node1_70_node2_30_node3_60_node4_30,0.46210753117223324
Test_U_4Layers_input_size_5_node1_70_node2_30_node3_60_node4_30,0.4994615098884003
Train_U_4Layers_input_size_5_node1_70_node2_30_node3_60_node4_40,0.3897876347459522
Test_U_4Layers_input_size_5_node1_70_node2_30_node3_60_node4_40,0.4573563291789645
Train_U_4Layers_input_size_5_node1_70_node2_30_node3_60_node4_50,0.3901407100774106
Test_U_4Layers_input_size_5_node1_70_node2_30_node3_60_node4_50,0.4578553456382131
Train_U_4Layers_input_size_5_node1_70_node2_30_node3_60_node4_60,0.4027162882668282
Test_U_4Layers_input_size_5_node1_70_node2_30_node3_60_node4_60,0.47839754165736226
Train_U_4Layers_input_size_5_node1_70_node2_30_node3_60_node4_70,0.39477114418591025
Test_U_4Layers_input_size_5_node1_70_node2_30_node3_60_node4_70,0.46691090296382637
Train_U_4Layers_input_size_5_node1_70_node2_30_node3_60_node4_80,0.3900381639343211
Test_U_4Layers_input_size_5_node1_70_node2_30_node3_60_node4_80,0.455427796762103
Train_U_4Layers_input_size_5_node1_70_node2_30_node3_60_node4_90,0.3938778480480084
Test_U_4Layers_input_size_5_node1_70_node2_30_node3_60_node4_90,0.4584244254652493
Train_U_4Layers_input_size_5_node1_70_node2_30_node3_60_node4_100,0.3969146948960369
Test_U_4Layers_input_size_5_node1_70_node2_30_node3_60_node4_100,0.47145846215871595
Train_U_3Layers_input_size_5_node1_70_node2_30_node3_70_node4_0,0.3930589568575443
Test_U_3Layers_input_size_5_node1_70_node2_30_node3_70_node4_0,0.46577331817742645
Train_U_4Layers_input_size_5_node1_70_node2_30_node3_70_node4_30,0.39427989090963944
Test_U_4Layers_input_size_5_node1_70_node2_30_node3_70_node4_30,0.4669283278775441
Train_U_4Layers_input_size_5_node1_70_node2_30_node3_70_node4_40,0.41905712422927444
Test_U_4Layers_input_size_5_node1_70_node2_30_node3_70_node4_40,0.4963078074572694
Train_U_4Layers_input_size_5_node1_70_node2_30_node3_70_node4_50,0.38861215794014575
Test_U_4Layers_input_size_5_node1_70_node2_30_node3_70_node4_50,0.4573550259340788
Train_U_4Layers_input_size_5_node1_70_node2_30_node3_70_node4_60,0.38685062356301764
Test_U_4Layers_input_size_5_node1_70_node2_30_node3_70_node4_60,0.455756046774002
Train_U_4Layers_input_size_5_node1_70_node2_30_node3_70_node4_70,0.41502374957390153
Test_U_4Layers_input_size_5_node1_70_node2_30_node3_70_node4_70,0.4911728193839199
Train_U_4Layers_input_size_5_node1_70_node2_30_node3_70_node4_80,0.38561992397708045
Test_U_4Layers_input_size_5_node1_70_node2_30_node3_70_node4_80,0.45710713009306675
Train_U_4Layers_input_size_5_node1_70_node2_30_node3_70_node4_90,0.3959552259323594
Test_U_4Layers_input_size_5_node1_70_node2_30_node3_70_node4_90,0.4700163108197008
Train_U_4Layers_input_size_5_node1_70_node2_30_node3_70_node4_100,0.3914907588830286
Test_U_4Layers_input_size_5_node1_70_node2_30_node3_70_node4_100,0.45685156525966536
Train_U_3Layers_input_size_5_node1_70_node2_30_node3_80_node4_0,0.40146498405214687
Test_U_3Layers_input_size_5_node1_70_node2_30_node3_80_node4_0,0.477285071854284
Train_U_4Layers_input_size_5_node1_70_node2_30_node3_80_node4_30,0.4320274621890579
Test_U_4Layers_input_size_5_node1_70_node2_30_node3_80_node4_30,0.47429940419220984
Train_U_4Layers_input_size_5_node1_70_node2_30_node3_80_node4_40,0.4019942941889387
Test_U_4Layers_input_size_5_node1_70_node2_30_node3_80_node4_40,0.4780570966834398
Train_U_4Layers_input_size_5_node1_70_node2_30_node3_80_node4_50,0.3904835635669046
Test_U_4Layers_input_size_5_node1_70_node2_30_node3_80_node4_50,0.45489164141566735
Train_U_4Layers_input_size_5_node1_70_node2_30_node3_80_node4_60,0.4088077721321649
Test_U_4Layers_input_size_5_node1_70_node2_30_node3_80_node4_60,0.46224152649663547
Train_U_4Layers_input_size_5_node1_70_node2_30_node3_80_node4_70,0.39623162242018006
Test_U_4Layers_input_size_5_node1_70_node2_30_node3_80_node4_70,0.4705443054970158
Train_U_4Layers_input_size_5_node1_70_node2_30_node3_80_node4_80,0.3874575368626425
Test_U_4Layers_input_size_5_node1_70_node2_30_node3_80_node4_80,0.45204757982670923
Train_U_4Layers_input_size_5_node1_70_node2_30_node3_80_node4_90,0.4400467825803716
Test_U_4Layers_input_size_5_node1_70_node2_30_node3_80_node4_90,0.5174641897646904
Train_U_4Layers_input_size_5_node1_70_node2_30_node3_80_node4_100,0.4098329995970875
Test_U_4Layers_input_size_5_node1_70_node2_30_node3_80_node4_100,0.4868597625434117
Train_U_3Layers_input_size_5_node1_70_node2_30_node3_90_node4_0,0.3893871148124461
Test_U_3Layers_input_size_5_node1_70_node2_30_node3_90_node4_0,0.45858079739268665
Train_U_4Layers_input_size_5_node1_70_node2_30_node3_90_node4_30,0.3906103512878315
Test_U_4Layers_input_size_5_node1_70_node2_30_node3_90_node4_30,0.4619093687048862
Train_U_4Layers_input_size_5_node1_70_node2_30_node3_90_node4_40,0.41236692218205734
Test_U_4Layers_input_size_5_node1_70_node2_30_node3_90_node4_40,0.46313402560933564
Train_U_4Layers_input_size_5_node1_70_node2_30_node3_90_node4_50,0.3900235313872509
Test_U_4Layers_input_size_5_node1_70_node2_30_node3_90_node4_50,0.4604264028161309
Train_U_4Layers_input_size_5_node1_70_node2_30_node3_90_node4_60,0.38985158648670193
Test_U_4Layers_input_size_5_node1_70_node2_30_node3_90_node4_60,0.45507509615303576
Train_U_4Layers_input_size_5_node1_70_node2_30_node3_90_node4_70,0.40419117379690384
Test_U_4Layers_input_size_5_node1_70_node2_30_node3_90_node4_70,0.46191396572120086
Train_U_4Layers_input_size_5_node1_70_node2_30_node3_90_node4_80,0.5114819218879864
Test_U_4Layers_input_size_5_node1_70_node2_30_node3_90_node4_80,0.5366065150910794
Train_U_4Layers_input_size_5_node1_70_node2_30_node3_90_node4_90,0.39491804443675
Test_U_4Layers_input_size_5_node1_70_node2_30_node3_90_node4_90,0.46848093893894605
Train_U_4Layers_input_size_5_node1_70_node2_30_node3_90_node4_100,0.4323796466170768
Test_U_4Layers_input_size_5_node1_70_node2_30_node3_90_node4_100,0.5099703206046838
Train_U_3Layers_input_size_5_node1_70_node2_30_node3_100_node4_0,0.39653569157184454
Test_U_3Layers_input_size_5_node1_70_node2_30_node3_100_node4_0,0.471549464349581
Train_U_4Layers_input_size_5_node1_70_node2_30_node3_100_node4_30,0.44061535899118826
Test_U_4Layers_input_size_5_node1_70_node2_30_node3_100_node4_30,0.5178098915416558
Train_U_4Layers_input_size_5_node1_70_node2_30_node3_100_node4_40,0.3958567645850953
Test_U_4Layers_input_size_5_node1_70_node2_30_node3_100_node4_40,0.4702015654054721
Train_U_4Layers_input_size_5_node1_70_node2_30_node3_100_node4_50,0.3918732915655492
Test_U_4Layers_input_size_5_node1_70_node2_30_node3_100_node4_50,0.4634651771043996
Train_U_4Layers_input_size_5_node1_70_node2_30_node3_100_node4_60,0.38939097988592675
Test_U_4Layers_input_size_5_node1_70_node2_30_node3_100_node4_60,0.4583994120590324
Train_U_4Layers_input_size_5_node1_70_node2_30_node3_100_node4_70,0.4181315559534682
Test_U_4Layers_input_size_5_node1_70_node2_30_node3_100_node4_70,0.4947765766318945
Train_U_4Layers_input_size_5_node1_70_node2_30_node3_100_node4_80,0.4076756258622349
Test_U_4Layers_input_size_5_node1_70_node2_30_node3_100_node4_80,0.4836740035852994
Train_U_4Layers_input_size_5_node1_70_node2_30_node3_100_node4_90,0.3896452824744506
Test_U_4Layers_input_size_5_node1_70_node2_30_node3_100_node4_90,0.46291396327678613
Train_U_4Layers_input_size_5_node1_70_node2_30_node3_100_node4_100,0.39249635670422794
Test_U_4Layers_input_size_5_node1_70_node2_30_node3_100_node4_100,0.45550945616997135
Train_U_2Layers_input_size_5_node1_70_node2_40_node3_0_node4_0,0.3955338081011314
Test_U_2Layers_input_size_5_node1_70_node2_40_node3_0_node4_0,0.45898143686206366
Train_U_3Layers_input_size_5_node1_70_node2_40_node3_30_node4_0,0.39248646667256
Test_U_3Layers_input_size_5_node1_70_node2_40_node3_30_node4_0,0.4574570424856513
Train_U_4Layers_input_size_5_node1_70_node2_40_node3_30_node4_30,0.39079220054441677
Test_U_4Layers_input_size_5_node1_70_node2_40_node3_30_node4_30,0.4631304381253326
Train_U_4Layers_input_size_5_node1_70_node2_40_node3_30_node4_40,0.38859940816566213
Test_U_4Layers_input_size_5_node1_70_node2_40_node3_30_node4_40,0.4507019270684107
Train_U_4Layers_input_size_5_node1_70_node2_40_node3_30_node4_50,0.4023824876821555
Test_U_4Layers_input_size_5_node1_70_node2_40_node3_30_node4_50,0.45436859483152797
Train_U_4Layers_input_size_5_node1_70_node2_40_node3_30_node4_60,0.3883926116773459
Test_U_4Layers_input_size_5_node1_70_node2_40_node3_30_node4_60,0.4564302356271959
Train_U_4Layers_input_size_5_node1_70_node2_40_node3_30_node4_70,0.38861332744738647
Test_U_4Layers_input_size_5_node1_70_node2_40_node3_30_node4_70,0.45529389075669896
Train_U_4Layers_input_size_5_node1_70_node2_40_node3_30_node4_80,0.40622795485323876
Test_U_4Layers_input_size_5_node1_70_node2_40_node3_30_node4_80,0.46071055046153647
Train_U_4Layers_input_size_5_node1_70_node2_40_node3_30_node4_90,0.4302393404090673
Test_U_4Layers_input_size_5_node1_70_node2_40_node3_30_node4_90,0.47591067904205464
Train_U_4Layers_input_size_5_node1_70_node2_40_node3_30_node4_100,0.439756670067945
Test_U_4Layers_input_size_5_node1_70_node2_40_node3_30_node4_100,0.484311299596134
Train_U_3Layers_input_size_5_node1_70_node2_40_node3_40_node4_0,0.387542848371484
Test_U_3Layers_input_size_5_node1_70_node2_40_node3_40_node4_0,0.4546446966887057
Train_U_4Layers_input_size_5_node1_70_node2_40_node3_40_node4_30,0.38766806095924355
Test_U_4Layers_input_size_5_node1_70_node2_40_node3_40_node4_30,0.4535069500128789
Train_U_4Layers_input_size_5_node1_70_node2_40_node3_40_node4_40,0.3897703740053697
Test_U_4Layers_input_size_5_node1_70_node2_40_node3_40_node4_40,0.45791947218452345
Train_U_4Layers_input_size_5_node1_70_node2_40_node3_40_node4_50,0.3911174531064077
Test_U_4Layers_input_size_5_node1_70_node2_40_node3_40_node4_50,0.45854409386031286
Train_U_4Layers_input_size_5_node1_70_node2_40_node3_40_node4_60,0.38989317051335515
Test_U_4Layers_input_size_5_node1_70_node2_40_node3_40_node4_60,0.4512591587204478
Train_U_4Layers_input_size_5_node1_70_node2_40_node3_40_node4_70,0.3887270595920648
Test_U_4Layers_input_size_5_node1_70_node2_40_node3_40_node4_70,0.45698025410771104
Train_U_4Layers_input_size_5_node1_70_node2_40_node3_40_node4_80,0.41379452076893913
Test_U_4Layers_input_size_5_node1_70_node2_40_node3_40_node4_80,0.4909974955972715
Train_U_4Layers_input_size_5_node1_70_node2_40_node3_40_node4_90,0.4334073912016702
Test_U_4Layers_input_size_5_node1_70_node2_40_node3_40_node4_90,0.47748201805728163
Train_U_4Layers_input_size_5_node1_70_node2_40_node3_40_node4_100,0.39286431276602973
Test_U_4Layers_input_size_5_node1_70_node2_40_node3_40_node4_100,0.4656645636423437
Train_U_3Layers_input_size_5_node1_70_node2_40_node3_50_node4_0,0.3858661886889169
Test_U_3Layers_input_size_5_node1_70_node2_40_node3_50_node4_0,0.4554568830615979
Train_U_4Layers_input_size_5_node1_70_node2_40_node3_50_node4_30,0.38911970016811254
Test_U_4Layers_input_size_5_node1_70_node2_40_node3_50_node4_30,0.45722992971973686
Train_U_4Layers_input_size_5_node1_70_node2_40_node3_50_node4_40,0.3894951310838963
Test_U_4Layers_input_size_5_node1_70_node2_40_node3_50_node4_40,0.4618987066769048
Train_U_4Layers_input_size_5_node1_70_node2_40_node3_50_node4_50,0.39766063875126056
Test_U_4Layers_input_size_5_node1_70_node2_40_node3_50_node4_50,0.472675291576347
Train_U_4Layers_input_size_5_node1_70_node2_40_node3_50_node4_60,0.3906130979632084
Test_U_4Layers_input_size_5_node1_70_node2_40_node3_50_node4_60,0.45977607786471136
Train_U_4Layers_input_size_5_node1_70_node2_40_node3_50_node4_70,0.39084207225429396
Test_U_4Layers_input_size_5_node1_70_node2_40_node3_50_node4_70,0.45968569479665017
Train_U_4Layers_input_size_5_node1_70_node2_40_node3_50_node4_80,0.3958784274298281
Test_U_4Layers_input_size_5_node1_70_node2_40_node3_50_node4_80,0.4578313426543957
Train_U_4Layers_input_size_5_node1_70_node2_40_node3_50_node4_90,0.3994260940045404
Test_U_4Layers_input_size_5_node1_70_node2_40_node3_50_node4_90,0.45957715328911314
Train_U_4Layers_input_size_5_node1_70_node2_40_node3_50_node4_100,0.39590812486822946
Test_U_4Layers_input_size_5_node1_70_node2_40_node3_50_node4_100,0.4561137257168186
Train_U_3Layers_input_size_5_node1_70_node2_40_node3_60_node4_0,0.39887520178799024
Test_U_3Layers_input_size_5_node1_70_node2_40_node3_60_node4_0,0.4587388863373704
Train_U_4Layers_input_size_5_node1_70_node2_40_node3_60_node4_30,0.38874147261684144
Test_U_4Layers_input_size_5_node1_70_node2_40_node3_60_node4_30,0.4591108594264835
Train_U_4Layers_input_size_5_node1_70_node2_40_node3_60_node4_40,0.39800744128099946
Test_U_4Layers_input_size_5_node1_70_node2_40_node3_60_node4_40,0.4582845831722831
Train_U_4Layers_input_size_5_node1_70_node2_40_node3_60_node4_50,0.39941978916828896
Test_U_4Layers_input_size_5_node1_70_node2_40_node3_60_node4_50,0.47490094494716595
Train_U_4Layers_input_size_5_node1_70_node2_40_node3_60_node4_60,0.39051128639659505
Test_U_4Layers_input_size_5_node1_70_node2_40_node3_60_node4_60,0.4608773176053746
Train_U_4Layers_input_size_5_node1_70_node2_40_node3_60_node4_70,0.40112157950246097
Test_U_4Layers_input_size_5_node1_70_node2_40_node3_60_node4_70,0.45864314929362493
Train_U_4Layers_input_size_5_node1_70_node2_40_node3_60_node4_80,0.41240278528990654
Test_U_4Layers_input_size_5_node1_70_node2_40_node3_60_node4_80,0.46113018275879997
Train_U_4Layers_input_size_5_node1_70_node2_40_node3_60_node4_90,0.3996274792997302
Test_U_4Layers_input_size_5_node1_70_node2_40_node3_60_node4_90,0.4749024824377191
Train_U_4Layers_input_size_5_node1_70_node2_40_node3_60_node4_100,0.3981966337797908
Test_U_4Layers_input_size_5_node1_70_node2_40_node3_60_node4_100,0.47328508334592556
Train_U_3Layers_input_size_5_node1_70_node2_40_node3_70_node4_0,0.4035325681041105
Test_U_3Layers_input_size_5_node1_70_node2_40_node3_70_node4_0,0.46030206037856236
Train_U_4Layers_input_size_5_node1_70_node2_40_node3_70_node4_30,0.39895986460432536
Test_U_4Layers_input_size_5_node1_70_node2_40_node3_70_node4_30,0.4580906709660835
Train_U_4Layers_input_size_5_node1_70_node2_40_node3_70_node4_40,0.42089425989896756
Test_U_4Layers_input_size_5_node1_70_node2_40_node3_70_node4_40,0.49883344284485087
Train_U_4Layers_input_size_5_node1_70_node2_40_node3_70_node4_50,0.3998007732697318
Test_U_4Layers_input_size_5_node1_70_node2_40_node3_70_node4_50,0.4607373950898209
Train_U_4Layers_input_size_5_node1_70_node2_40_node3_70_node4_60,0.39482592917993425
Test_U_4Layers_input_size_5_node1_70_node2_40_node3_70_node4_60,0.45712386928978666
Train_U_4Layers_input_size_5_node1_70_node2_40_node3_70_node4_70,0.39124340697757193
Test_U_4Layers_input_size_5_node1_70_node2_40_node3_70_node4_70,0.45982378232885235
Train_U_4Layers_input_size_5_node1_70_node2_40_node3_70_node4_80,0.44065595680412645
Test_U_4Layers_input_size_5_node1_70_node2_40_node3_70_node4_80,0.5182773976589646
Train_U_4Layers_input_size_5_node1_70_node2_40_node3_70_node4_90,0.39374745761716606
Test_U_4Layers_input_size_5_node1_70_node2_40_node3_70_node4_90,0.4678135577937152
Train_U_4Layers_input_size_5_node1_70_node2_40_node3_70_node4_100,0.3903100269749333
Test_U_4Layers_input_size_5_node1_70_node2_40_node3_70_node4_100,0.4625202902647551
Train_U_3Layers_input_size_5_node1_70_node2_40_node3_80_node4_0,0.405573630320276
Test_U_3Layers_input_size_5_node1_70_node2_40_node3_80_node4_0,0.4814638826762141
Train_U_4Layers_input_size_5_node1_70_node2_40_node3_80_node4_30,0.3862459780042306
Test_U_4Layers_input_size_5_node1_70_node2_40_node3_80_node4_30,0.4547499099320317
Train_U_4Layers_input_size_5_node1_70_node2_40_node3_80_node4_40,0.3946010981001175
Test_U_4Layers_input_size_5_node1_70_node2_40_node3_80_node4_40,0.4688367445473915
Train_U_4Layers_input_size_5_node1_70_node2_40_node3_80_node4_50,0.4204839094555679
Test_U_4Layers_input_size_5_node1_70_node2_40_node3_80_node4_50,0.4975815787354975
Train_U_4Layers_input_size_5_node1_70_node2_40_node3_80_node4_60,0.3937800025105838
Test_U_4Layers_input_size_5_node1_70_node2_40_node3_80_node4_60,0.4547263001079997
Train_U_4Layers_input_size_5_node1_70_node2_40_node3_80_node4_70,0.3896708087665641
Test_U_4Layers_input_size_5_node1_70_node2_40_node3_80_node4_70,0.4604870000975847
Train_U_4Layers_input_size_5_node1_70_node2_40_node3_80_node4_80,0.4158599633931669
Test_U_4Layers_input_size_5_node1_70_node2_40_node3_80_node4_80,0.467234083551578
Train_U_4Layers_input_size_5_node1_70_node2_40_node3_80_node4_90,0.38766239132181446
Test_U_4Layers_input_size_5_node1_70_node2_40_node3_80_node4_90,0.45923614090019305
Train_U_4Layers_input_size_5_node1_70_node2_40_node3_80_node4_100,0.3985096361270777
Test_U_4Layers_input_size_5_node1_70_node2_40_node3_80_node4_100,0.4571473389910359
Train_U_3Layers_input_size_5_node1_70_node2_40_node3_90_node4_0,0.3909732791863009
Test_U_3Layers_input_size_5_node1_70_node2_40_node3_90_node4_0,0.45821010132248746
Train_U_4Layers_input_size_5_node1_70_node2_40_node3_90_node4_30,0.3997401466324241
Test_U_4Layers_input_size_5_node1_70_node2_40_node3_90_node4_30,0.4573319253021693
Train_U_4Layers_input_size_5_node1_70_node2_40_node3_90_node4_40,0.394305287228515
Test_U_4Layers_input_size_5_node1_70_node2_40_node3_90_node4_40,0.46723217001073436
Train_U_4Layers_input_size_5_node1_70_node2_40_node3_90_node4_50,0.3886066746297538
Test_U_4Layers_input_size_5_node1_70_node2_40_node3_90_node4_50,0.4584277084750714
Train_U_4Layers_input_size_5_node1_70_node2_40_node3_90_node4_60,0.38685075838005534
Test_U_4Layers_input_size_5_node1_70_node2_40_node3_90_node4_60,0.45443375445026263
Train_U_4Layers_input_size_5_node1_70_node2_40_node3_90_node4_70,0.38547415777092514
Test_U_4Layers_input_size_5_node1_70_node2_40_node3_90_node4_70,0.45197058654656785
Train_U_4Layers_input_size_5_node1_70_node2_40_node3_90_node4_80,0.4210349125000291
Test_U_4Layers_input_size_5_node1_70_node2_40_node3_90_node4_80,0.4709140890487784
Train_U_4Layers_input_size_5_node1_70_node2_40_node3_90_node4_90,0.41363805933441844
Test_U_4Layers_input_size_5_node1_70_node2_40_node3_90_node4_90,0.49097104594755053
Train_U_4Layers_input_size_5_node1_70_node2_40_node3_90_node4_100,0.3945207688856189
Test_U_4Layers_input_size_5_node1_70_node2_40_node3_90_node4_100,0.45266270897246624
Train_U_3Layers_input_size_5_node1_70_node2_40_node3_100_node4_0,0.43766250317160377
Test_U_3Layers_input_size_5_node1_70_node2_40_node3_100_node4_0,0.48216486273860065
Train_U_4Layers_input_size_5_node1_70_node2_40_node3_100_node4_30,0.38920891622634385
Test_U_4Layers_input_size_5_node1_70_node2_40_node3_100_node4_30,0.45713534351649776
Train_U_4Layers_input_size_5_node1_70_node2_40_node3_100_node4_40,0.39200850577760393
Test_U_4Layers_input_size_5_node1_70_node2_40_node3_100_node4_40,0.4647025206343782
Train_U_4Layers_input_size_5_node1_70_node2_40_node3_100_node4_50,0.3888810519817679
Test_U_4Layers_input_size_5_node1_70_node2_40_node3_100_node4_50,0.4592297162086413
Train_U_4Layers_input_size_5_node1_70_node2_40_node3_100_node4_60,0.39145535905258605
Test_U_4Layers_input_size_5_node1_70_node2_40_node3_100_node4_60,0.4552431257672647
Train_U_4Layers_input_size_5_node1_70_node2_40_node3_100_node4_70,0.3877767097870755
Test_U_4Layers_input_size_5_node1_70_node2_40_node3_100_node4_70,0.45348186252246164
Train_U_4Layers_input_size_5_node1_70_node2_40_node3_100_node4_80,0.39588975713366514
Test_U_4Layers_input_size_5_node1_70_node2_40_node3_100_node4_80,0.47099644872314694
Train_U_4Layers_input_size_5_node1_70_node2_40_node3_100_node4_90,0.3948454031024681
Test_U_4Layers_input_size_5_node1_70_node2_40_node3_100_node4_90,0.469056664925509
Train_U_4Layers_input_size_5_node1_70_node2_40_node3_100_node4_100,0.4138048918116407
Test_U_4Layers_input_size_5_node1_70_node2_40_node3_100_node4_100,0.46505729194168294
Train_U_2Layers_input_size_5_node1_70_node2_50_node3_0_node4_0,0.39455049297880623
Test_U_2Layers_input_size_5_node1_70_node2_50_node3_0_node4_0,0.4579280141194458
Train_U_3Layers_input_size_5_node1_70_node2_50_node3_30_node4_0,0.391378096369359
Test_U_3Layers_input_size_5_node1_70_node2_50_node3_30_node4_0,0.45824831116193954
Train_U_4Layers_input_size_5_node1_70_node2_50_node3_30_node4_30,0.38580138319651514
Test_U_4Layers_input_size_5_node1_70_node2_50_node3_30_node4_30,0.45294185752030613
Train_U_4Layers_input_size_5_node1_70_node2_50_node3_30_node4_40,0.4123646456276199
Test_U_4Layers_input_size_5_node1_70_node2_50_node3_30_node4_40,0.48876578132341775
Train_U_4Layers_input_size_5_node1_70_node2_50_node3_30_node4_50,0.41115568192545604
Test_U_4Layers_input_size_5_node1_70_node2_50_node3_30_node4_50,0.4632006222841797
Train_U_4Layers_input_size_5_node1_70_node2_50_node3_30_node4_60,0.39773203534210105
Test_U_4Layers_input_size_5_node1_70_node2_50_node3_30_node4_60,0.4570551319892508
Train_U_4Layers_input_size_5_node1_70_node2_50_node3_30_node4_70,0.40203886609771217
Test_U_4Layers_input_size_5_node1_70_node2_50_node3_30_node4_70,0.4782985116858897
Train_U_4Layers_input_size_5_node1_70_node2_50_node3_30_node4_80,0.3997119082170348
Test_U_4Layers_input_size_5_node1_70_node2_50_node3_30_node4_80,0.45975335817007723
Train_U_4Layers_input_size_5_node1_70_node2_50_node3_30_node4_90,0.4084934862871188
Test_U_4Layers_input_size_5_node1_70_node2_50_node3_30_node4_90,0.4848603616340377
Train_U_4Layers_input_size_5_node1_70_node2_50_node3_30_node4_100,0.39827085263676126
Test_U_4Layers_input_size_5_node1_70_node2_50_node3_30_node4_100,0.4580202080649552
Train_U_3Layers_input_size_5_node1_70_node2_50_node3_40_node4_0,0.3901057989020975
Test_U_3Layers_input_size_5_node1_70_node2_50_node3_40_node4_0,0.45916677868155736
Train_U_4Layers_input_size_5_node1_70_node2_50_node3_40_node4_30,0.389332215146006
Test_U_4Layers_input_size_5_node1_70_node2_50_node3_40_node4_30,0.46002098064156216
Train_U_4Layers_input_size_5_node1_70_node2_50_node3_40_node4_40,0.40642136847429383
Test_U_4Layers_input_size_5_node1_70_node2_50_node3_40_node4_40,0.4569615857102008
Train_U_4Layers_input_size_5_node1_70_node2_50_node3_40_node4_50,0.40606085335443287
Test_U_4Layers_input_size_5_node1_70_node2_50_node3_40_node4_50,0.4819759825642597
Train_U_4Layers_input_size_5_node1_70_node2_50_node3_40_node4_60,0.38865368287724056
Test_U_4Layers_input_size_5_node1_70_node2_50_node3_40_node4_60,0.45844074276724417
Train_U_4Layers_input_size_5_node1_70_node2_50_node3_40_node4_70,0.4040680020954181
Test_U_4Layers_input_size_5_node1_70_node2_50_node3_40_node4_70,0.45885668662595624
Train_U_4Layers_input_size_5_node1_70_node2_50_node3_40_node4_80,0.3892593353134511
Test_U_4Layers_input_size_5_node1_70_node2_50_node3_40_node4_80,0.45814690988979173
Train_U_4Layers_input_size_5_node1_70_node2_50_node3_40_node4_90,0.394053273497587
Test_U_4Layers_input_size_5_node1_70_node2_50_node3_40_node4_90,0.45572125745903685
Train_U_4Layers_input_size_5_node1_70_node2_50_node3_40_node4_100,0.3945184460063598
Test_U_4Layers_input_size_5_node1_70_node2_50_node3_40_node4_100,0.460549821917009
Train_U_3Layers_input_size_5_node1_70_node2_50_node3_50_node4_0,0.3915208271924955
Test_U_3Layers_input_size_5_node1_70_node2_50_node3_50_node4_0,0.45719153699050774
Train_U_4Layers_input_size_5_node1_70_node2_50_node3_50_node4_30,0.4062904557845208
Test_U_4Layers_input_size_5_node1_70_node2_50_node3_50_node4_30,0.4822571198989415
Train_U_4Layers_input_size_5_node1_70_node2_50_node3_50_node4_40,0.4090776703238515
Test_U_4Layers_input_size_5_node1_70_node2_50_node3_50_node4_40,0.4853977357941243
Train_U_4Layers_input_size_5_node1_70_node2_50_node3_50_node4_50,0.389696639289539
Test_U_4Layers_input_size_5_node1_70_node2_50_node3_50_node4_50,0.45702890248796146
Train_U_4Layers_input_size_5_node1_70_node2_50_node3_50_node4_60,0.394726827509063
Test_U_4Layers_input_size_5_node1_70_node2_50_node3_50_node4_60,0.46853508791016024
Train_U_4Layers_input_size_5_node1_70_node2_50_node3_50_node4_70,0.3936869018194048
Test_U_4Layers_input_size_5_node1_70_node2_50_node3_50_node4_70,0.4572304022756909
Train_U_4Layers_input_size_5_node1_70_node2_50_node3_50_node4_80,0.3881107093956723
Test_U_4Layers_input_size_5_node1_70_node2_50_node3_50_node4_80,0.4584237591089002
Train_U_4Layers_input_size_5_node1_70_node2_50_node3_50_node4_90,0.39281228896251463
Test_U_4Layers_input_size_5_node1_70_node2_50_node3_50_node4_90,0.4584254656293216
Train_U_4Layers_input_size_5_node1_70_node2_50_node3_50_node4_100,0.3975921151954282
Test_U_4Layers_input_size_5_node1_70_node2_50_node3_50_node4_100,0.4603115940020334
Train_U_3Layers_input_size_5_node1_70_node2_50_node3_60_node4_0,0.394365729179173
Test_U_3Layers_input_size_5_node1_70_node2_50_node3_60_node4_0,0.4687780212927914
Train_U_4Layers_input_size_5_node1_70_node2_50_node3_60_node4_30,0.39910427101920976
Test_U_4Layers_input_size_5_node1_70_node2_50_node3_60_node4_30,0.4555078695781526
Train_U_4Layers_input_size_5_node1_70_node2_50_node3_60_node4_40,0.3866735875124187
Test_U_4Layers_input_size_5_node1_70_node2_50_node3_60_node4_40,0.4554070687773201
Train_U_4Layers_input_size_5_node1_70_node2_50_node3_60_node4_50,0.41485424639107965
Test_U_4Layers_input_size_5_node1_70_node2_50_node3_60_node4_50,0.49238664140616023
Train_U_4Layers_input_size_5_node1_70_node2_50_node3_60_node4_60,0.39834296283029164
Test_U_4Layers_input_size_5_node1_70_node2_50_node3_60_node4_60,0.474001066845486
Train_U_4Layers_input_size_5_node1_70_node2_50_node3_60_node4_70,0.38954809517363487
Test_U_4Layers_input_size_5_node1_70_node2_50_node3_60_node4_70,0.46164471311852345
Train_U_4Layers_input_size_5_node1_70_node2_50_node3_60_node4_80,0.3932063072920156
Test_U_4Layers_input_size_5_node1_70_node2_50_node3_60_node4_80,0.4580776429777384
Train_U_4Layers_input_size_5_node1_70_node2_50_node3_60_node4_90,0.3931563185693366
Test_U_4Layers_input_size_5_node1_70_node2_50_node3_60_node4_90,0.4557246416866361
Train_U_4Layers_input_size_5_node1_70_node2_50_node3_60_node4_100,0.39117320693429075
Test_U_4Layers_input_size_5_node1_70_node2_50_node3_60_node4_100,0.45687155908836125
Train_U_3Layers_input_size_5_node1_70_node2_50_node3_70_node4_0,0.4157059820055845
Test_U_3Layers_input_size_5_node1_70_node2_50_node3_70_node4_0,0.4651805875419145
Train_U_4Layers_input_size_5_node1_70_node2_50_node3_70_node4_30,0.40579440172318687
Test_U_4Layers_input_size_5_node1_70_node2_50_node3_70_node4_30,0.4818079822411115
Train_U_4Layers_input_size_5_node1_70_node2_50_node3_70_node4_40,0.39451867262932866
Test_U_4Layers_input_size_5_node1_70_node2_50_node3_70_node4_40,0.46841959434933106
Train_U_4Layers_input_size_5_node1_70_node2_50_node3_70_node4_50,0.4824010713238389
Test_U_4Layers_input_size_5_node1_70_node2_50_node3_70_node4_50,0.5586083950443758
Train_U_4Layers_input_size_5_node1_70_node2_50_node3_70_node4_60,0.41129256381851387
Test_U_4Layers_input_size_5_node1_70_node2_50_node3_70_node4_60,0.46316627954256606
Train_U_4Layers_input_size_5_node1_70_node2_50_node3_70_node4_70,0.40554280349019217
Test_U_4Layers_input_size_5_node1_70_node2_50_node3_70_node4_70,0.460512531090346
Train_U_4Layers_input_size_5_node1_70_node2_50_node3_70_node4_80,0.4025516158232966
Test_U_4Layers_input_size_5_node1_70_node2_50_node3_70_node4_80,0.4614898475695755
Train_U_4Layers_input_size_5_node1_70_node2_50_node3_70_node4_90,0.3928031845626981
Test_U_4Layers_input_size_5_node1_70_node2_50_node3_70_node4_90,0.4646916982259731
Train_U_4Layers_input_size_5_node1_70_node2_50_node3_70_node4_100,0.40853811508896676
Test_U_4Layers_input_size_5_node1_70_node2_50_node3_70_node4_100,0.48519597159668687
Train_U_3Layers_input_size_5_node1_70_node2_50_node3_80_node4_0,0.38935104532171305
Test_U_3Layers_input_size_5_node1_70_node2_50_node3_80_node4_0,0.45366874495356546
Train_U_4Layers_input_size_5_node1_70_node2_50_node3_80_node4_30,0.41168559916329495
Test_U_4Layers_input_size_5_node1_70_node2_50_node3_80_node4_30,0.4643714171999165
Train_U_4Layers_input_size_5_node1_70_node2_50_node3_80_node4_40,0.39450977758008116
Test_U_4Layers_input_size_5_node1_70_node2_50_node3_80_node4_40,0.45837512873327124
Train_U_4Layers_input_size_5_node1_70_node2_50_node3_80_node4_50,0.38916917357294206
Test_U_4Layers_input_size_5_node1_70_node2_50_node3_80_node4_50,0.4592459075570959
Train_U_4Layers_input_size_5_node1_70_node2_50_node3_80_node4_60,0.3951346438328294
Test_U_4Layers_input_size_5_node1_70_node2_50_node3_80_node4_60,0.46942642996844947
Train_U_4Layers_input_size_5_node1_70_node2_50_node3_80_node4_70,0.3873479329414605
Test_U_4Layers_input_size_5_node1_70_node2_50_node3_80_node4_70,0.45611403608016704
Train_U_4Layers_input_size_5_node1_70_node2_50_node3_80_node4_80,0.3889420878357215
Test_U_4Layers_input_size_5_node1_70_node2_50_node3_80_node4_80,0.45977991838689525
Train_U_4Layers_input_size_5_node1_70_node2_50_node3_80_node4_90,0.39130521677158
Test_U_4Layers_input_size_5_node1_70_node2_50_node3_80_node4_90,0.4644970763179143
Train_U_4Layers_input_size_5_node1_70_node2_50_node3_80_node4_100,0.3920867273722277
Test_U_4Layers_input_size_5_node1_70_node2_50_node3_80_node4_100,0.4631370017521053
Train_U_3Layers_input_size_5_node1_70_node2_50_node3_90_node4_0,0.3896962377919192
Test_U_3Layers_input_size_5_node1_70_node2_50_node3_90_node4_0,0.46106601798447855
Train_U_4Layers_input_size_5_node1_70_node2_50_node3_90_node4_30,0.39074991136380277
Test_U_4Layers_input_size_5_node1_70_node2_50_node3_90_node4_30,0.46041483260202254
Train_U_4Layers_input_size_5_node1_70_node2_50_node3_90_node4_40,0.41945323964694853
Test_U_4Layers_input_size_5_node1_70_node2_50_node3_90_node4_40,0.46812755265704964
Train_U_4Layers_input_size_5_node1_70_node2_50_node3_90_node4_50,0.38975989867603306
Test_U_4Layers_input_size_5_node1_70_node2_50_node3_90_node4_50,0.4543505570502407
Train_U_4Layers_input_size_5_node1_70_node2_50_node3_90_node4_60,0.3990044953886546
Test_U_4Layers_input_size_5_node1_70_node2_50_node3_90_node4_60,0.45685490849749116
Train_U_4Layers_input_size_5_node1_70_node2_50_node3_90_node4_70,0.4116125863894169
Test_U_4Layers_input_size_5_node1_70_node2_50_node3_90_node4_70,0.4640443162534461
Train_U_4Layers_input_size_5_node1_70_node2_50_node3_90_node4_80,0.4210100136696364
Test_U_4Layers_input_size_5_node1_70_node2_50_node3_90_node4_80,0.49913322301138796
Train_U_4Layers_input_size_5_node1_70_node2_50_node3_90_node4_90,0.3930702161900466
Test_U_4Layers_input_size_5_node1_70_node2_50_node3_90_node4_90,0.4662251822281489
Train_U_4Layers_input_size_5_node1_70_node2_50_node3_90_node4_100,0.43395175416378473
Test_U_4Layers_input_size_5_node1_70_node2_50_node3_90_node4_100,0.4779521660922176
Train_U_3Layers_input_size_5_node1_70_node2_50_node3_100_node4_0,0.4093548347515193
Test_U_3Layers_input_size_5_node1_70_node2_50_node3_100_node4_0,0.4632951763305009
Train_U_4Layers_input_size_5_node1_70_node2_50_node3_100_node4_30,0.39412670356655743
Test_U_4Layers_input_size_5_node1_70_node2_50_node3_100_node4_30,0.4621004369779055
Train_U_4Layers_input_size_5_node1_70_node2_50_node3_100_node4_40,0.3867319470860667
Test_U_4Layers_input_size_5_node1_70_node2_50_node3_100_node4_40,0.4519981645382268
Train_U_4Layers_input_size_5_node1_70_node2_50_node3_100_node4_50,0.39021374988751045
Test_U_4Layers_input_size_5_node1_70_node2_50_node3_100_node4_50,0.4623154555542524
Train_U_4Layers_input_size_5_node1_70_node2_50_node3_100_node4_60,0.3929200652283295
Test_U_4Layers_input_size_5_node1_70_node2_50_node3_100_node4_60,0.4669895811817888
Train_U_4Layers_input_size_5_node1_70_node2_50_node3_100_node4_70,0.3993807827765178
Test_U_4Layers_input_size_5_node1_70_node2_50_node3_100_node4_70,0.45857839282445007
Train_U_4Layers_input_size_5_node1_70_node2_50_node3_100_node4_80,0.3935515827217404
Test_U_4Layers_input_size_5_node1_70_node2_50_node3_100_node4_80,0.46748703250137946
Train_U_4Layers_input_size_5_node1_70_node2_50_node3_100_node4_90,0.39531644736267985
Test_U_4Layers_input_size_5_node1_70_node2_50_node3_100_node4_90,0.4566603402612612
Train_U_4Layers_input_size_5_node1_70_node2_50_node3_100_node4_100,0.39603138871011023
Test_U_4Layers_input_size_5_node1_70_node2_50_node3_100_node4_100,0.45767937049277163
Train_U_2Layers_input_size_5_node1_70_node2_60_node3_0_node4_0,0.4047278535084291
Test_U_2Layers_input_size_5_node1_70_node2_60_node3_0_node4_0,0.48123791233586977
Train_U_3Layers_input_size_5_node1_70_node2_60_node3_30_node4_0,0.39428918796617357
Test_U_3Layers_input_size_5_node1_70_node2_60_node3_30_node4_0,0.45933061891375687
Train_U_4Layers_input_size_5_node1_70_node2_60_node3_30_node4_30,0.38787420647208365
Test_U_4Layers_input_size_5_node1_70_node2_60_node3_30_node4_30,0.45583589848047096
Train_U_4Layers_input_size_5_node1_70_node2_60_node3_30_node4_40,0.38681391306138424
Test_U_4Layers_input_size_5_node1_70_node2_60_node3_30_node4_40,0.4534837190771635
Train_U_4Layers_input_size_5_node1_70_node2_60_node3_30_node4_50,0.39366084103603416
Test_U_4Layers_input_size_5_node1_70_node2_60_node3_30_node4_50,0.4636273376362714
Train_U_4Layers_input_size_5_node1_70_node2_60_node3_30_node4_60,0.39036152537112845
Test_U_4Layers_input_size_5_node1_70_node2_60_node3_30_node4_60,0.4585628278142832
Train_U_4Layers_input_size_5_node1_70_node2_60_node3_30_node4_70,0.39018778174367397
Test_U_4Layers_input_size_5_node1_70_node2_60_node3_30_node4_70,0.45722790913014866
Train_U_4Layers_input_size_5_node1_70_node2_60_node3_30_node4_80,0.3895612537872685
Test_U_4Layers_input_size_5_node1_70_node2_60_node3_30_node4_80,0.458496028749829
Train_U_4Layers_input_size_5_node1_70_node2_60_node3_30_node4_90,0.39714305641038466
Test_U_4Layers_input_size_5_node1_70_node2_60_node3_30_node4_90,0.457536662461923
Train_U_4Layers_input_size_5_node1_70_node2_60_node3_30_node4_100,0.39733504192427105
Test_U_4Layers_input_size_5_node1_70_node2_60_node3_30_node4_100,0.45812682535242416
Train_U_3Layers_input_size_5_node1_70_node2_60_node3_40_node4_0,0.3910163635490828
Test_U_3Layers_input_size_5_node1_70_node2_60_node3_40_node4_0,0.4577742837311649
Train_U_4Layers_input_size_5_node1_70_node2_60_node3_40_node4_30,0.3947019491019978
Test_U_4Layers_input_size_5_node1_70_node2_60_node3_40_node4_30,0.4596122667428176
Train_U_4Layers_input_size_5_node1_70_node2_60_node3_40_node4_40,0.4177333311399991
Test_U_4Layers_input_size_5_node1_70_node2_60_node3_40_node4_40,0.46814817895788724
Train_U_4Layers_input_size_5_node1_70_node2_60_node3_40_node4_50,0.3973976103550021
Test_U_4Layers_input_size_5_node1_70_node2_60_node3_40_node4_50,0.4708840746530467
Train_U_4Layers_input_size_5_node1_70_node2_60_node3_40_node4_60,0.40015158612185864
Test_U_4Layers_input_size_5_node1_70_node2_60_node3_40_node4_60,0.45563760836807365
Train_U_4Layers_input_size_5_node1_70_node2_60_node3_40_node4_70,0.4027844580100012
Test_U_4Layers_input_size_5_node1_70_node2_60_node3_40_node4_70,0.4785224135559599
Train_U_4Layers_input_size_5_node1_70_node2_60_node3_40_node4_80,0.39453287407569115
Test_U_4Layers_input_size_5_node1_70_node2_60_node3_40_node4_80,0.4688303560681583
Train_U_4Layers_input_size_5_node1_70_node2_60_node3_40_node4_90,0.38934719898788367
Test_U_4Layers_input_size_5_node1_70_node2_60_node3_40_node4_90,0.45926182254469167
Train_U_4Layers_input_size_5_node1_70_node2_60_node3_40_node4_100,0.39857897397254144
Test_U_4Layers_input_size_5_node1_70_node2_60_node3_40_node4_100,0.47195939641914564
Train_U_3Layers_input_size_5_node1_70_node2_60_node3_50_node4_0,0.388779553397041
Test_U_3Layers_input_size_5_node1_70_node2_60_node3_50_node4_0,0.45418552729906697
Train_U_4Layers_input_size_5_node1_70_node2_60_node3_50_node4_30,0.39257328542886255
Test_U_4Layers_input_size_5_node1_70_node2_60_node3_50_node4_30,0.457324919943442
Train_U_4Layers_input_size_5_node1_70_node2_60_node3_50_node4_40,0.400965022735361
Test_U_4Layers_input_size_5_node1_70_node2_60_node3_50_node4_40,0.47586998887125326
Train_U_4Layers_input_size_5_node1_70_node2_60_node3_50_node4_50,0.3888039101082704
Test_U_4Layers_input_size_5_node1_70_node2_60_node3_50_node4_50,0.45865567388756323
Train_U_4Layers_input_size_5_node1_70_node2_60_node3_50_node4_60,0.4065558492657521
Test_U_4Layers_input_size_5_node1_70_node2_60_node3_50_node4_60,0.48331003633071257
Train_U_4Layers_input_size_5_node1_70_node2_60_node3_50_node4_70,0.46103756028679604
Test_U_4Layers_input_size_5_node1_70_node2_60_node3_50_node4_70,0.4970933650279028
Train_U_4Layers_input_size_5_node1_70_node2_60_node3_50_node4_80,0.3915257178320764
Test_U_4Layers_input_size_5_node1_70_node2_60_node3_50_node4_80,0.4598448297019361
Train_U_4Layers_input_size_5_node1_70_node2_60_node3_50_node4_90,0.3874521141305197
Test_U_4Layers_input_size_5_node1_70_node2_60_node3_50_node4_90,0.4568470966987086
Train_U_4Layers_input_size_5_node1_70_node2_60_node3_50_node4_100,0.41210302917512215
Test_U_4Layers_input_size_5_node1_70_node2_60_node3_50_node4_100,0.4610426023237913
Train_U_3Layers_input_size_5_node1_70_node2_60_node3_60_node4_0,0.3869786593235775
Test_U_3Layers_input_size_5_node1_70_node2_60_node3_60_node4_0,0.45384896749139675
Train_U_4Layers_input_size_5_node1_70_node2_60_node3_60_node4_30,0.3884814960670867
Test_U_4Layers_input_size_5_node1_70_node2_60_node3_60_node4_30,0.4578615780716098
Train_U_4Layers_input_size_5_node1_70_node2_60_node3_60_node4_40,0.3943803328623572
Test_U_4Layers_input_size_5_node1_70_node2_60_node3_60_node4_40,0.45513967990014287
Train_U_4Layers_input_size_5_node1_70_node2_60_node3_60_node4_50,0.39599671463735425
Test_U_4Layers_input_size_5_node1_70_node2_60_node3_60_node4_50,0.4609191373626547
Train_U_4Layers_input_size_5_node1_70_node2_60_node3_60_node4_60,0.3893985185822265
Test_U_4Layers_input_size_5_node1_70_node2_60_node3_60_node4_60,0.4571693733360965
Train_U_4Layers_input_size_5_node1_70_node2_60_node3_60_node4_70,0.43121613908601086
Test_U_4Layers_input_size_5_node1_70_node2_60_node3_60_node4_70,0.4798423591675596
Train_U_4Layers_input_size_5_node1_70_node2_60_node3_60_node4_80,0.40205691585164527
Test_U_4Layers_input_size_5_node1_70_node2_60_node3_60_node4_80,0.45780385565815224
Train_U_4Layers_input_size_5_node1_70_node2_60_node3_60_node4_90,0.3903805921791026
Test_U_4Layers_input_size_5_node1_70_node2_60_node3_60_node4_90,0.45641487486936066
Train_U_4Layers_input_size_5_node1_70_node2_60_node3_60_node4_100,0.42058190217079167
Test_U_4Layers_input_size_5_node1_70_node2_60_node3_60_node4_100,0.49768561930805894
Train_U_3Layers_input_size_5_node1_70_node2_60_node3_70_node4_0,0.41359825019420166
Test_U_3Layers_input_size_5_node1_70_node2_60_node3_70_node4_0,0.4650507714384805
Train_U_4Layers_input_size_5_node1_70_node2_60_node3_70_node4_30,0.40169977298337955
Test_U_4Layers_input_size_5_node1_70_node2_60_node3_70_node4_30,0.477971573441276
Train_U_4Layers_input_size_5_node1_70_node2_60_node3_70_node4_40,0.3912439021040571
Test_U_4Layers_input_size_5_node1_70_node2_60_node3_70_node4_40,0.458710836511052
Train_U_4Layers_input_size_5_node1_70_node2_60_node3_70_node4_50,0.38930433180050344
Test_U_4Layers_input_size_5_node1_70_node2_60_node3_70_node4_50,0.4588681824701689
Train_U_4Layers_input_size_5_node1_70_node2_60_node3_70_node4_60,0.3979030278083721
Test_U_4Layers_input_size_5_node1_70_node2_60_node3_70_node4_60,0.4717826493947402
Train_U_4Layers_input_size_5_node1_70_node2_60_node3_70_node4_70,0.3947477596429567
Test_U_4Layers_input_size_5_node1_70_node2_60_node3_70_node4_70,0.45856714967593293
Train_U_4Layers_input_size_5_node1_70_node2_60_node3_70_node4_80,0.4049938294446906
Test_U_4Layers_input_size_5_node1_70_node2_60_node3_70_node4_80,0.4815882225023874
Train_U_4Layers_input_size_5_node1_70_node2_60_node3_70_node4_90,0.3891134772550725
Test_U_4Layers_input_size_5_node1_70_node2_60_node3_70_node4_90,0.45986409392804534
Train_U_4Layers_input_size_5_node1_70_node2_60_node3_70_node4_100,0.3871676219304934
Test_U_4Layers_input_size_5_node1_70_node2_60_node3_70_node4_100,0.4546118381641327
Train_U_3Layers_input_size_5_node1_70_node2_60_node3_80_node4_0,0.43638996242746203
Test_U_3Layers_input_size_5_node1_70_node2_60_node3_80_node4_0,0.5143114466937427
Train_U_4Layers_input_size_5_node1_70_node2_60_node3_80_node4_30,0.3907624765711857
Test_U_4Layers_input_size_5_node1_70_node2_60_node3_80_node4_30,0.45998120111427643
Train_U_4Layers_input_size_5_node1_70_node2_60_node3_80_node4_40,0.38686293023899104
Test_U_4Layers_input_size_5_node1_70_node2_60_node3_80_node4_40,0.4541800974542768
Train_U_4Layers_input_size_5_node1_70_node2_60_node3_80_node4_50,0.4063360233195678
Test_U_4Layers_input_size_5_node1_70_node2_60_node3_80_node4_50,0.4576033573445956
Train_U_4Layers_input_size_5_node1_70_node2_60_node3_80_node4_60,0.39201473975204215
Test_U_4Layers_input_size_5_node1_70_node2_60_node3_80_node4_60,0.4648345337282677
Train_U_4Layers_input_size_5_node1_70_node2_60_node3_80_node4_70,0.4202437830345429
Test_U_4Layers_input_size_5_node1_70_node2_60_node3_80_node4_70,0.49768948167068405
Train_U_4Layers_input_size_5_node1_70_node2_60_node3_80_node4_80,0.39718372697336213
Test_U_4Layers_input_size_5_node1_70_node2_60_node3_80_node4_80,0.4548799959376443
Train_U_4Layers_input_size_5_node1_70_node2_60_node3_80_node4_90,0.38762197113083896
Test_U_4Layers_input_size_5_node1_70_node2_60_node3_80_node4_90,0.45702684840503643
Train_U_4Layers_input_size_5_node1_70_node2_60_node3_80_node4_100,0.4037042042355751
Test_U_4Layers_input_size_5_node1_70_node2_60_node3_80_node4_100,0.4801680546608862
Train_U_3Layers_input_size_5_node1_70_node2_60_node3_90_node4_0,0.38664391304077916
Test_U_3Layers_input_size_5_node1_70_node2_60_node3_90_node4_0,0.4575999870112307
Train_U_4Layers_input_size_5_node1_70_node2_60_node3_90_node4_30,0.3914533415464767
Test_U_4Layers_input_size_5_node1_70_node2_60_node3_90_node4_30,0.45952694254973525
Train_U_4Layers_input_size_5_node1_70_node2_60_node3_90_node4_40,0.3869995292382248
Test_U_4Layers_input_size_5_node1_70_node2_60_node3_90_node4_40,0.4581693352275458
Train_U_4Layers_input_size_5_node1_70_node2_60_node3_90_node4_50,0.3923298824264408
Test_U_4Layers_input_size_5_node1_70_node2_60_node3_90_node4_50,0.4656428192876509
Train_U_4Layers_input_size_5_node1_70_node2_60_node3_90_node4_60,0.39638029339063907
Test_U_4Layers_input_size_5_node1_70_node2_60_node3_90_node4_60,0.4535475109368052
Train_U_4Layers_input_size_5_node1_70_node2_60_node3_90_node4_70,0.38918538891250515
Test_U_4Layers_input_size_5_node1_70_node2_60_node3_90_node4_70,0.4587381229890042
Train_U_4Layers_input_size_5_node1_70_node2_60_node3_90_node4_80,0.39485127150900984
Test_U_4Layers_input_size_5_node1_70_node2_60_node3_90_node4_80,0.46861816777651655
Train_U_4Layers_input_size_5_node1_70_node2_60_node3_90_node4_90,0.39837483305938065
Test_U_4Layers_input_size_5_node1_70_node2_60_node3_90_node4_90,0.47329459158025544
Train_U_4Layers_input_size_5_node1_70_node2_60_node3_90_node4_100,0.42265831670061915
Test_U_4Layers_input_size_5_node1_70_node2_60_node3_90_node4_100,0.4999639825961411
Train_U_3Layers_input_size_5_node1_70_node2_60_node3_100_node4_0,0.3911282540073524
Test_U_3Layers_input_size_5_node1_70_node2_60_node3_100_node4_0,0.46194291780763314
Train_U_4Layers_input_size_5_node1_70_node2_60_node3_100_node4_30,0.3891904429062115
Test_U_4Layers_input_size_5_node1_70_node2_60_node3_100_node4_30,0.4602743648107583
Train_U_4Layers_input_size_5_node1_70_node2_60_node3_100_node4_40,0.39155393772247166
Test_U_4Layers_input_size_5_node1_70_node2_60_node3_100_node4_40,0.45652199763311446
Train_U_4Layers_input_size_5_node1_70_node2_60_node3_100_node4_50,0.3907826105679053
Test_U_4Layers_input_size_5_node1_70_node2_60_node3_100_node4_50,0.45626287180889424
Train_U_4Layers_input_size_5_node1_70_node2_60_node3_100_node4_60,0.38721755640028965
Test_U_4Layers_input_size_5_node1_70_node2_60_node3_100_node4_60,0.45344804889546486
Train_U_4Layers_input_size_5_node1_70_node2_60_node3_100_node4_70,0.3905576266361513
Test_U_4Layers_input_size_5_node1_70_node2_60_node3_100_node4_70,0.4621122552003207
Train_U_4Layers_input_size_5_node1_70_node2_60_node3_100_node4_80,0.4031793749902281
Test_U_4Layers_input_size_5_node1_70_node2_60_node3_100_node4_80,0.46071912150680777
Train_U_4Layers_input_size_5_node1_70_node2_60_node3_100_node4_90,0.3941839785971246
Test_U_4Layers_input_size_5_node1_70_node2_60_node3_100_node4_90,0.45663567076150074
Train_U_4Layers_input_size_5_node1_70_node2_60_node3_100_node4_100,0.3882146283105719
Test_U_4Layers_input_size_5_node1_70_node2_60_node3_100_node4_100,0.45703002733898457
Train_U_2Layers_input_size_5_node1_70_node2_70_node3_0_node4_0,0.3991379844651357
Test_U_2Layers_input_size_5_node1_70_node2_70_node3_0_node4_0,0.4740965627655116
Train_U_3Layers_input_size_5_node1_70_node2_70_node3_30_node4_0,0.38722659971956036
Test_U_3Layers_input_size_5_node1_70_node2_70_node3_30_node4_0,0.4561322654726721
Train_U_4Layers_input_size_5_node1_70_node2_70_node3_30_node4_30,0.43601323293697203
Test_U_4Layers_input_size_5_node1_70_node2_70_node3_30_node4_30,0.480032575540033
Train_U_4Layers_input_size_5_node1_70_node2_70_node3_30_node4_40,0.39423669073442164
Test_U_4Layers_input_size_5_node1_70_node2_70_node3_30_node4_40,0.467456367720891
Train_U_4Layers_input_size_5_node1_70_node2_70_node3_30_node4_50,0.38749135992200645
Test_U_4Layers_input_size_5_node1_70_node2_70_node3_30_node4_50,0.45637104244705173
Train_U_4Layers_input_size_5_node1_70_node2_70_node3_30_node4_60,0.3920238054464943
Test_U_4Layers_input_size_5_node1_70_node2_70_node3_30_node4_60,0.46559686319734067
Train_U_4Layers_input_size_5_node1_70_node2_70_node3_30_node4_70,0.38709737564720836
Test_U_4Layers_input_size_5_node1_70_node2_70_node3_30_node4_70,0.4557077856951997
Train_U_4Layers_input_size_5_node1_70_node2_70_node3_30_node4_80,0.3950655878516947
Test_U_4Layers_input_size_5_node1_70_node2_70_node3_30_node4_80,0.45584518227470205
Train_U_4Layers_input_size_5_node1_70_node2_70_node3_30_node4_90,0.40465137585573735
Test_U_4Layers_input_size_5_node1_70_node2_70_node3_30_node4_90,0.4608811166190321
Train_U_4Layers_input_size_5_node1_70_node2_70_node3_30_node4_100,0.39911183159116986
Test_U_4Layers_input_size_5_node1_70_node2_70_node3_30_node4_100,0.4585987337741681
Train_U_3Layers_input_size_5_node1_70_node2_70_node3_40_node4_0,0.39055640572053985
Test_U_3Layers_input_size_5_node1_70_node2_70_node3_40_node4_0,0.45826619552404585
Train_U_4Layers_input_size_5_node1_70_node2_70_node3_40_node4_30,0.39367690921750964
Test_U_4Layers_input_size_5_node1_70_node2_70_node3_40_node4_30,0.4653852178193211
Train_U_4Layers_input_size_5_node1_70_node2_70_node3_40_node4_40,0.3958563505139627
Test_U_4Layers_input_size_5_node1_70_node2_70_node3_40_node4_40,0.4707014313346815
Train_U_4Layers_input_size_5_node1_70_node2_70_node3_40_node4_50,0.39841513477459933
Test_U_4Layers_input_size_5_node1_70_node2_70_node3_40_node4_50,0.47383372971002347
Train_U_4Layers_input_size_5_node1_70_node2_70_node3_40_node4_60,0.40861867897907
Test_U_4Layers_input_size_5_node1_70_node2_70_node3_40_node4_60,0.48525912596224635
Train_U_4Layers_input_size_5_node1_70_node2_70_node3_40_node4_70,0.3958742116433025
Test_U_4Layers_input_size_5_node1_70_node2_70_node3_40_node4_70,0.45690195585956433
Train_U_4Layers_input_size_5_node1_70_node2_70_node3_40_node4_80,0.4013625652854572
Test_U_4Layers_input_size_5_node1_70_node2_70_node3_40_node4_80,0.47739707848674157
Train_U_4Layers_input_size_5_node1_70_node2_70_node3_40_node4_90,0.3881751101544474
Test_U_4Layers_input_size_5_node1_70_node2_70_node3_40_node4_90,0.4555584088080432
Train_U_4Layers_input_size_5_node1_70_node2_70_node3_40_node4_100,0.387776402369601
Test_U_4Layers_input_size_5_node1_70_node2_70_node3_40_node4_100,0.45456706152842835
Train_U_3Layers_input_size_5_node1_70_node2_70_node3_50_node4_0,0.39088080613350235
Test_U_3Layers_input_size_5_node1_70_node2_70_node3_50_node4_0,0.4536049537181735
Train_U_4Layers_input_size_5_node1_70_node2_70_node3_50_node4_30,0.39358249689107927
Test_U_4Layers_input_size_5_node1_70_node2_70_node3_50_node4_30,0.4546972490032394
Train_U_4Layers_input_size_5_node1_70_node2_70_node3_50_node4_40,0.38694546536944363
Test_U_4Layers_input_size_5_node1_70_node2_70_node3_50_node4_40,0.45635038995852567
Train_U_4Layers_input_size_5_node1_70_node2_70_node3_50_node4_50,0.385878758458208
Test_U_4Layers_input_size_5_node1_70_node2_70_node3_50_node4_50,0.45672078469208516
Train_U_4Layers_input_size_5_node1_70_node2_70_node3_50_node4_60,0.4679556473822561
Test_U_4Layers_input_size_5_node1_70_node2_70_node3_50_node4_60,0.5006576028368293
Train_U_4Layers_input_size_5_node1_70_node2_70_node3_50_node4_70,0.4030809038278422
Test_U_4Layers_input_size_5_node1_70_node2_70_node3_50_node4_70,0.45747085361191187
Train_U_4Layers_input_size_5_node1_70_node2_70_node3_50_node4_80,0.3927321819716949
Test_U_4Layers_input_size_5_node1_70_node2_70_node3_50_node4_80,0.459985137108475
Train_U_4Layers_input_size_5_node1_70_node2_70_node3_50_node4_90,0.3985455310446073
Test_U_4Layers_input_size_5_node1_70_node2_70_node3_50_node4_90,0.4566039508747651
Train_U_4Layers_input_size_5_node1_70_node2_70_node3_50_node4_100,0.3932584873745904
Test_U_4Layers_input_size_5_node1_70_node2_70_node3_50_node4_100,0.4576991979335269
Train_U_3Layers_input_size_5_node1_70_node2_70_node3_60_node4_0,0.3884654623203508
Test_U_3Layers_input_size_5_node1_70_node2_70_node3_60_node4_0,0.4496391485383332
Train_U_4Layers_input_size_5_node1_70_node2_70_node3_60_node4_30,0.38716977723134227
Test_U_4Layers_input_size_5_node1_70_node2_70_node3_60_node4_30,0.4499240148817663
Train_U_4Layers_input_size_5_node1_70_node2_70_node3_60_node4_40,0.4371973421353681
Test_U_4Layers_input_size_5_node1_70_node2_70_node3_60_node4_40,0.4798713319404244
Train_U_4Layers_input_size_5_node1_70_node2_70_node3_60_node4_50,0.41474830765174836
Test_U_4Layers_input_size_5_node1_70_node2_70_node3_60_node4_50,0.4920640669557538
Train_U_4Layers_input_size_5_node1_70_node2_70_node3_60_node4_60,0.39765895250522537
Test_U_4Layers_input_size_5_node1_70_node2_70_node3_60_node4_60,0.4721026843914807
Train_U_4Layers_input_size_5_node1_70_node2_70_node3_60_node4_70,0.39289334675317755
Test_U_4Layers_input_size_5_node1_70_node2_70_node3_60_node4_70,0.4655184777553687
Train_U_4Layers_input_size_5_node1_70_node2_70_node3_60_node4_80,0.3852406391910189
Test_U_4Layers_input_size_5_node1_70_node2_70_node3_60_node4_80,0.4522617931272827
Train_U_4Layers_input_size_5_node1_70_node2_70_node3_60_node4_90,0.38713463663308045
Test_U_4Layers_input_size_5_node1_70_node2_70_node3_60_node4_90,0.4550644704710311
Train_U_4Layers_input_size_5_node1_70_node2_70_node3_60_node4_100,0.3992568735033822
Test_U_4Layers_input_size_5_node1_70_node2_70_node3_60_node4_100,0.4732739849168957
Train_U_3Layers_input_size_5_node1_70_node2_70_node3_70_node4_0,0.39379523335357486
Test_U_3Layers_input_size_5_node1_70_node2_70_node3_70_node4_0,0.4532898405747593
Train_U_4Layers_input_size_5_node1_70_node2_70_node3_70_node4_30,0.3920608642814006
Test_U_4Layers_input_size_5_node1_70_node2_70_node3_70_node4_30,0.46311848500723385
Train_U_4Layers_input_size_5_node1_70_node2_70_node3_70_node4_40,0.3983444778460871
Test_U_4Layers_input_size_5_node1_70_node2_70_node3_70_node4_40,0.4573230789825293
Train_U_4Layers_input_size_5_node1_70_node2_70_node3_70_node4_50,0.40614576102790406
Test_U_4Layers_input_size_5_node1_70_node2_70_node3_70_node4_50,0.46149004130503657
Train_U_4Layers_input_size_5_node1_70_node2_70_node3_70_node4_60,0.3964121710515885
Test_U_4Layers_input_size_5_node1_70_node2_70_node3_70_node4_60,0.4570592072893948
Train_U_4Layers_input_size_5_node1_70_node2_70_node3_70_node4_70,0.3845728086097038
Test_U_4Layers_input_size_5_node1_70_node2_70_node3_70_node4_70,0.45222228664470115
Train_U_4Layers_input_size_5_node1_70_node2_70_node3_70_node4_80,0.38845974678173295
Test_U_4Layers_input_size_5_node1_70_node2_70_node3_70_node4_80,0.45428408984416935
Train_U_4Layers_input_size_5_node1_70_node2_70_node3_70_node4_90,0.4166291418662263
Test_U_4Layers_input_size_5_node1_70_node2_70_node3_70_node4_90,0.49353844057732665
Train_U_4Layers_input_size_5_node1_70_node2_70_node3_70_node4_100,0.38938512485866345
Test_U_4Layers_input_size_5_node1_70_node2_70_node3_70_node4_100,0.45789299930932575
Train_U_3Layers_input_size_5_node1_70_node2_70_node3_80_node4_0,0.38940092940354293
Test_U_3Layers_input_size_5_node1_70_node2_70_node3_80_node4_0,0.46228934723093273
Train_U_4Layers_input_size_5_node1_70_node2_70_node3_80_node4_30,0.4022894146719744
Test_U_4Layers_input_size_5_node1_70_node2_70_node3_80_node4_30,0.45958365418165575
Train_U_4Layers_input_size_5_node1_70_node2_70_node3_80_node4_40,0.3858410286118822
Test_U_4Layers_input_size_5_node1_70_node2_70_node3_80_node4_40,0.44859637393536117
Train_U_4Layers_input_size_5_node1_70_node2_70_node3_80_node4_50,0.38805526435558657
Test_U_4Layers_input_size_5_node1_70_node2_70_node3_80_node4_50,0.45850152123177035
Train_U_4Layers_input_size_5_node1_70_node2_70_node3_80_node4_60,0.3878272382224199
Test_U_4Layers_input_size_5_node1_70_node2_70_node3_80_node4_60,0.45794153445645375
Train_U_4Layers_input_size_5_node1_70_node2_70_node3_80_node4_70,0.408010902959168
Test_U_4Layers_input_size_5_node1_70_node2_70_node3_80_node4_70,0.4612508936875946
Train_U_4Layers_input_size_5_node1_70_node2_70_node3_80_node4_80,0.4305763414793608
Test_U_4Layers_input_size_5_node1_70_node2_70_node3_80_node4_80,0.508660532702304
Train_U_4Layers_input_size_5_node1_70_node2_70_node3_80_node4_90,0.38600012931302724
Test_U_4Layers_input_size_5_node1_70_node2_70_node3_80_node4_90,0.4572613780679707
Train_U_4Layers_input_size_5_node1_70_node2_70_node3_80_node4_100,0.40324057467395935
Test_U_4Layers_input_size_5_node1_70_node2_70_node3_80_node4_100,0.45915803261939653
Train_U_3Layers_input_size_5_node1_70_node2_70_node3_90_node4_0,0.39152771593572794
Test_U_3Layers_input_size_5_node1_70_node2_70_node3_90_node4_0,0.46456835306361083
Train_U_4Layers_input_size_5_node1_70_node2_70_node3_90_node4_30,0.3908265928786594
Test_U_4Layers_input_size_5_node1_70_node2_70_node3_90_node4_30,0.45100427792691905
Train_U_4Layers_input_size_5_node1_70_node2_70_node3_90_node4_40,0.39940727246768976
Test_U_4Layers_input_size_5_node1_70_node2_70_node3_90_node4_40,0.47482069044240754
Train_U_4Layers_input_size_5_node1_70_node2_70_node3_90_node4_50,0.3943032276177708
Test_U_4Layers_input_size_5_node1_70_node2_70_node3_90_node4_50,0.468287939584559
Train_U_4Layers_input_size_5_node1_70_node2_70_node3_90_node4_60,0.3968280373969854
Test_U_4Layers_input_size_5_node1_70_node2_70_node3_90_node4_60,0.471946988077714
Train_U_4Layers_input_size_5_node1_70_node2_70_node3_90_node4_70,0.3887575333101481
Test_U_4Layers_input_size_5_node1_70_node2_70_node3_90_node4_70,0.45508025336688784
Train_U_4Layers_input_size_5_node1_70_node2_70_node3_90_node4_80,0.3878993883324305
Test_U_4Layers_input_size_5_node1_70_node2_70_node3_90_node4_80,0.4574260310791307
Train_U_4Layers_input_size_5_node1_70_node2_70_node3_90_node4_90,0.39125296661666004
Test_U_4Layers_input_size_5_node1_70_node2_70_node3_90_node4_90,0.46405595652786724
Train_U_4Layers_input_size_5_node1_70_node2_70_node3_90_node4_100,0.40308068201879366
Test_U_4Layers_input_size_5_node1_70_node2_70_node3_90_node4_100,0.4787585828923114
Train_U_3Layers_input_size_5_node1_70_node2_70_node3_100_node4_0,0.4517893013739062
Test_U_3Layers_input_size_5_node1_70_node2_70_node3_100_node4_0,0.528412562300167
Train_U_4Layers_input_size_5_node1_70_node2_70_node3_100_node4_30,0.3947863179182538
Test_U_4Layers_input_size_5_node1_70_node2_70_node3_100_node4_30,0.4678176190052253
Train_U_4Layers_input_size_5_node1_70_node2_70_node3_100_node4_40,0.3942392420573949
Test_U_4Layers_input_size_5_node1_70_node2_70_node3_100_node4_40,0.4672093185382211
Train_U_4Layers_input_size_5_node1_70_node2_70_node3_100_node4_50,0.3937116740511569
Test_U_4Layers_input_size_5_node1_70_node2_70_node3_100_node4_50,0.45408820676134015
Train_U_4Layers_input_size_5_node1_70_node2_70_node3_100_node4_60,0.4014295914672882
Test_U_4Layers_input_size_5_node1_70_node2_70_node3_100_node4_60,0.47700419047152415
Train_U_4Layers_input_size_5_node1_70_node2_70_node3_100_node4_70,0.3979929519681023
Test_U_4Layers_input_size_5_node1_70_node2_70_node3_100_node4_70,0.45547314309672826
Train_U_4Layers_input_size_5_node1_70_node2_70_node3_100_node4_80,0.3894343732262342
Test_U_4Layers_input_size_5_node1_70_node2_70_node3_100_node4_80,0.45501793721233347
Train_U_4Layers_input_size_5_node1_70_node2_70_node3_100_node4_90,0.4027680317295183
Test_U_4Layers_input_size_5_node1_70_node2_70_node3_100_node4_90,0.4790980006512045
Train_U_4Layers_input_size_5_node1_70_node2_70_node3_100_node4_100,0.3892268144100576
Test_U_4Layers_input_size_5_node1_70_node2_70_node3_100_node4_100,0.45465187444435784
Train_U_2Layers_input_size_5_node1_70_node2_80_node3_0_node4_0,0.3909886193643624
Test_U_2Layers_input_size_5_node1_70_node2_80_node3_0_node4_0,0.46208244303292767
Train_U_3Layers_input_size_5_node1_70_node2_80_node3_30_node4_0,0.39269998661281175
Test_U_3Layers_input_size_5_node1_70_node2_80_node3_30_node4_0,0.4619965590507796
Train_U_4Layers_input_size_5_node1_70_node2_80_node3_30_node4_30,0.390222112789467
Test_U_4Layers_input_size_5_node1_70_node2_80_node3_30_node4_30,0.4623324735193891
Train_U_4Layers_input_size_5_node1_70_node2_80_node3_30_node4_40,0.4020358083075899
Test_U_4Layers_input_size_5_node1_70_node2_80_node3_30_node4_40,0.47765869951103634
Train_U_4Layers_input_size_5_node1_70_node2_80_node3_30_node4_50,0.38858395449475347
Test_U_4Layers_input_size_5_node1_70_node2_80_node3_30_node4_50,0.45132595585372287
Train_U_4Layers_input_size_5_node1_70_node2_80_node3_30_node4_60,0.3906382177023996
Test_U_4Layers_input_size_5_node1_70_node2_80_node3_30_node4_60,0.4572525466777113
Train_U_4Layers_input_size_5_node1_70_node2_80_node3_30_node4_70,0.4064107906816807
Test_U_4Layers_input_size_5_node1_70_node2_80_node3_30_node4_70,0.4588011842752702
Train_U_4Layers_input_size_5_node1_70_node2_80_node3_30_node4_80,0.3952814089946441
Test_U_4Layers_input_size_5_node1_70_node2_80_node3_30_node4_80,0.453186721544356
Train_U_4Layers_input_size_5_node1_70_node2_80_node3_30_node4_90,0.39024078547164065
Test_U_4Layers_input_size_5_node1_70_node2_80_node3_30_node4_90,0.46138550920694876
Train_U_4Layers_input_size_5_node1_70_node2_80_node3_30_node4_100,0.3887904959006127
Test_U_4Layers_input_size_5_node1_70_node2_80_node3_30_node4_100,0.4545329352302035
Train_U_3Layers_input_size_5_node1_70_node2_80_node3_40_node4_0,0.391215031374357
Test_U_3Layers_input_size_5_node1_70_node2_80_node3_40_node4_0,0.4549567097463925
Train_U_4Layers_input_size_5_node1_70_node2_80_node3_40_node4_30,0.4084482688914289
Test_U_4Layers_input_size_5_node1_70_node2_80_node3_40_node4_30,0.48461163800867485
Train_U_4Layers_input_size_5_node1_70_node2_80_node3_40_node4_40,0.39274910387171275
Test_U_4Layers_input_size_5_node1_70_node2_80_node3_40_node4_40,0.4648754686064485
Train_U_4Layers_input_size_5_node1_70_node2_80_node3_40_node4_50,0.3881406748335397
Test_U_4Layers_input_size_5_node1_70_node2_80_node3_40_node4_50,0.4584583433492682
Train_U_4Layers_input_size_5_node1_70_node2_80_node3_40_node4_60,0.4145765712161006
Test_U_4Layers_input_size_5_node1_70_node2_80_node3_40_node4_60,0.4651811160872291
Train_U_4Layers_input_size_5_node1_70_node2_80_node3_40_node4_70,0.3967986529048138
Test_U_4Layers_input_size_5_node1_70_node2_80_node3_40_node4_70,0.4553850636884625
Train_U_4Layers_input_size_5_node1_70_node2_80_node3_40_node4_80,0.393605723515044
Test_U_4Layers_input_size_5_node1_70_node2_80_node3_40_node4_80,0.46680530237228024
Train_U_4Layers_input_size_5_node1_70_node2_80_node3_40_node4_90,0.4057544289862529
Test_U_4Layers_input_size_5_node1_70_node2_80_node3_40_node4_90,0.48264974548363165
Train_U_4Layers_input_size_5_node1_70_node2_80_node3_40_node4_100,0.38519497458134905
Test_U_4Layers_input_size_5_node1_70_node2_80_node3_40_node4_100,0.4547012471221573
Train_U_3Layers_input_size_5_node1_70_node2_80_node3_50_node4_0,0.41066902441399683
Test_U_3Layers_input_size_5_node1_70_node2_80_node3_50_node4_0,0.48741660810909265
Train_U_4Layers_input_size_5_node1_70_node2_80_node3_50_node4_30,0.4301000175482279
Test_U_4Layers_input_size_5_node1_70_node2_80_node3_50_node4_30,0.47635736897177217
Train_U_4Layers_input_size_5_node1_70_node2_80_node3_50_node4_40,0.4203865851020482
Test_U_4Layers_input_size_5_node1_70_node2_80_node3_50_node4_40,0.4976106715627286
Train_U_4Layers_input_size_5_node1_70_node2_80_node3_50_node4_50,0.4019162026696029
Test_U_4Layers_input_size_5_node1_70_node2_80_node3_50_node4_50,0.47762017058581785
Train_U_4Layers_input_size_5_node1_70_node2_80_node3_50_node4_60,0.3942454029618334
Test_U_4Layers_input_size_5_node1_70_node2_80_node3_50_node4_60,0.4687175898473683
Train_U_4Layers_input_size_5_node1_70_node2_80_node3_50_node4_70,0.4414916166954713
Test_U_4Layers_input_size_5_node1_70_node2_80_node3_50_node4_70,0.5196861667122773
Train_U_4Layers_input_size_5_node1_70_node2_80_node3_50_node4_80,0.38905352156976536
Test_U_4Layers_input_size_5_node1_70_node2_80_node3_50_node4_80,0.4589214038262649
Train_U_4Layers_input_size_5_node1_70_node2_80_node3_50_node4_90,0.3894198519191898
Test_U_4Layers_input_size_5_node1_70_node2_80_node3_50_node4_90,0.4514974270036536
Train_U_4Layers_input_size_5_node1_70_node2_80_node3_50_node4_100,0.39632354255431873
Test_U_4Layers_input_size_5_node1_70_node2_80_node3_50_node4_100,0.47125376550601805
Train_U_3Layers_input_size_5_node1_70_node2_80_node3_60_node4_0,0.409360931970118
Test_U_3Layers_input_size_5_node1_70_node2_80_node3_60_node4_0,0.48603335413369725
Train_U_4Layers_input_size_5_node1_70_node2_80_node3_60_node4_30,0.38858993663381597
Test_U_4Layers_input_size_5_node1_70_node2_80_node3_60_node4_30,0.4615968256011101
Train_U_4Layers_input_size_5_node1_70_node2_80_node3_60_node4_40,0.3999616977115518
Test_U_4Layers_input_size_5_node1_70_node2_80_node3_60_node4_40,0.4754092536479828
Train_U_4Layers_input_size_5_node1_70_node2_80_node3_60_node4_50,0.3902320983942503
Test_U_4Layers_input_size_5_node1_70_node2_80_node3_60_node4_50,0.45944033761433195
Train_U_4Layers_input_size_5_node1_70_node2_80_node3_60_node4_60,0.4013489025248284
Test_U_4Layers_input_size_5_node1_70_node2_80_node3_60_node4_60,0.47691135457904443
Train_U_4Layers_input_size_5_node1_70_node2_80_node3_60_node4_70,0.3886667950935599
Test_U_4Layers_input_size_5_node1_70_node2_80_node3_60_node4_70,0.4609318102469277
Train_U_4Layers_input_size_5_node1_70_node2_80_node3_60_node4_80,0.40246008144888534
Test_U_4Layers_input_size_5_node1_70_node2_80_node3_60_node4_80,0.4788947646986995
Train_U_4Layers_input_size_5_node1_70_node2_80_node3_60_node4_90,0.3908454463717878
Test_U_4Layers_input_size_5_node1_70_node2_80_node3_60_node4_90,0.4618487321974792
Train_U_4Layers_input_size_5_node1_70_node2_80_node3_60_node4_100,0.42317203420903593
Test_U_4Layers_input_size_5_node1_70_node2_80_node3_60_node4_100,0.5000784931559936
Train_U_3Layers_input_size_5_node1_70_node2_80_node3_70_node4_0,0.3922590600797552
Test_U_3Layers_input_size_5_node1_70_node2_80_node3_70_node4_0,0.4654808006762743
Train_U_4Layers_input_size_5_node1_70_node2_80_node3_70_node4_30,0.4111305109897446
Test_U_4Layers_input_size_5_node1_70_node2_80_node3_70_node4_30,0.487820598747673
Train_U_4Layers_input_size_5_node1_70_node2_80_node3_70_node4_40,0.39281667037971524
Test_U_4Layers_input_size_5_node1_70_node2_80_node3_70_node4_40,0.4659291426166878
Train_U_4Layers_input_size_5_node1_70_node2_80_node3_70_node4_50,0.4331822031677236
Test_U_4Layers_input_size_5_node1_70_node2_80_node3_70_node4_50,0.5100547876568426
Train_U_4Layers_input_size_5_node1_70_node2_80_node3_70_node4_60,0.3922658029026706
Test_U_4Layers_input_size_5_node1_70_node2_80_node3_70_node4_60,0.4548674984193093
Train_U_4Layers_input_size_5_node1_70_node2_80_node3_70_node4_70,0.3875831038053942
Test_U_4Layers_input_size_5_node1_70_node2_80_node3_70_node4_70,0.45402109397080526
Train_U_4Layers_input_size_5_node1_70_node2_80_node3_70_node4_80,0.4008878086602387
Test_U_4Layers_input_size_5_node1_70_node2_80_node3_70_node4_80,0.4579177149667215
Train_U_4Layers_input_size_5_node1_70_node2_80_node3_70_node4_90,0.3997328029724375
Test_U_4Layers_input_size_5_node1_70_node2_80_node3_70_node4_90,0.4750418556745452
Train_U_4Layers_input_size_5_node1_70_node2_80_node3_70_node4_100,0.4040794156303459
Test_U_4Layers_input_size_5_node1_70_node2_80_node3_70_node4_100,0.4612179727212412
Train_U_3Layers_input_size_5_node1_70_node2_80_node3_80_node4_0,0.39015069776563327
Test_U_3Layers_input_size_5_node1_70_node2_80_node3_80_node4_0,0.45906678129605694
Train_U_4Layers_input_size_5_node1_70_node2_80_node3_80_node4_30,0.39454210851853183
Test_U_4Layers_input_size_5_node1_70_node2_80_node3_80_node4_30,0.46052616969084753
Train_U_4Layers_input_size_5_node1_70_node2_80_node3_80_node4_40,0.3889770076840872
Test_U_4Layers_input_size_5_node1_70_node2_80_node3_80_node4_40,0.4522743132272851
Train_U_4Layers_input_size_5_node1_70_node2_80_node3_80_node4_50,0.4128277379760337
Test_U_4Layers_input_size_5_node1_70_node2_80_node3_80_node4_50,0.4901184917738758
Train_U_4Layers_input_size_5_node1_70_node2_80_node3_80_node4_60,0.3877675640129813
Test_U_4Layers_input_size_5_node1_70_node2_80_node3_80_node4_60,0.45275959540383004
Train_U_4Layers_input_size_5_node1_70_node2_80_node3_80_node4_70,0.39958295539039873
Test_U_4Layers_input_size_5_node1_70_node2_80_node3_80_node4_70,0.47492541869558164
Train_U_4Layers_input_size_5_node1_70_node2_80_node3_80_node4_80,0.39406102551540617
Test_U_4Layers_input_size_5_node1_70_node2_80_node3_80_node4_80,0.45540834487624826
Train_U_4Layers_input_size_5_node1_70_node2_80_node3_80_node4_90,0.39973332486135676
Test_U_4Layers_input_size_5_node1_70_node2_80_node3_80_node4_90,0.47586735852887213
Train_U_4Layers_input_size_5_node1_70_node2_80_node3_80_node4_100,0.41611073082923633
Test_U_4Layers_input_size_5_node1_70_node2_80_node3_80_node4_100,0.46858547820307545
Train_U_3Layers_input_size_5_node1_70_node2_80_node3_90_node4_0,0.4299136693643808
Test_U_3Layers_input_size_5_node1_70_node2_80_node3_90_node4_0,0.47528539792253066
Train_U_4Layers_input_size_5_node1_70_node2_80_node3_90_node4_30,0.4094640431133947
Test_U_4Layers_input_size_5_node1_70_node2_80_node3_90_node4_30,0.4638599274719692
Train_U_4Layers_input_size_5_node1_70_node2_80_node3_90_node4_40,0.38894494207153274
Test_U_4Layers_input_size_5_node1_70_node2_80_node3_90_node4_40,0.45957532135016793
Train_U_4Layers_input_size_5_node1_70_node2_80_node3_90_node4_50,0.401647428148133
Test_U_4Layers_input_size_5_node1_70_node2_80_node3_90_node4_50,0.47776712537720106
Train_U_4Layers_input_size_5_node1_70_node2_80_node3_90_node4_60,0.40453316975031595
Test_U_4Layers_input_size_5_node1_70_node2_80_node3_90_node4_60,0.46312334351236933
Train_U_4Layers_input_size_5_node1_70_node2_80_node3_90_node4_70,0.39908677848024005
Test_U_4Layers_input_size_5_node1_70_node2_80_node3_90_node4_70,0.4574241742370311
Train_U_4Layers_input_size_5_node1_70_node2_80_node3_90_node4_80,0.4005122674522917
Test_U_4Layers_input_size_5_node1_70_node2_80_node3_90_node4_80,0.47558335258517714
Train_U_4Layers_input_size_5_node1_70_node2_80_node3_90_node4_90,0.4413553394226718
Test_U_4Layers_input_size_5_node1_70_node2_80_node3_90_node4_90,0.5175357441375049
Train_U_4Layers_input_size_5_node1_70_node2_80_node3_90_node4_100,0.4443257424997994
Test_U_4Layers_input_size_5_node1_70_node2_80_node3_90_node4_100,0.5216815589976902
Train_U_3Layers_input_size_5_node1_70_node2_80_node3_100_node4_0,0.39223336031444056
Test_U_3Layers_input_size_5_node1_70_node2_80_node3_100_node4_0,0.45191034759147336
Train_U_4Layers_input_size_5_node1_70_node2_80_node3_100_node4_30,0.39729843754325517
Test_U_4Layers_input_size_5_node1_70_node2_80_node3_100_node4_30,0.4716554086569375
Train_U_4Layers_input_size_5_node1_70_node2_80_node3_100_node4_40,0.42810251775587976
Test_U_4Layers_input_size_5_node1_70_node2_80_node3_100_node4_40,0.5059287712187716
Train_U_4Layers_input_size_5_node1_70_node2_80_node3_100_node4_50,0.3970547599392353
Test_U_4Layers_input_size_5_node1_70_node2_80_node3_100_node4_50,0.45792925065301304
Train_U_4Layers_input_size_5_node1_70_node2_80_node3_100_node4_60,0.3888124566334938
Test_U_4Layers_input_size_5_node1_70_node2_80_node3_100_node4_60,0.4577860183347694
Train_U_4Layers_input_size_5_node1_70_node2_80_node3_100_node4_70,0.386512161714951
Test_U_4Layers_input_size_5_node1_70_node2_80_node3_100_node4_70,0.4576521022891297
Train_U_4Layers_input_size_5_node1_70_node2_80_node3_100_node4_80,0.39097533728241496
Test_U_4Layers_input_size_5_node1_70_node2_80_node3_100_node4_80,0.4624088693740386
Train_U_4Layers_input_size_5_node1_70_node2_80_node3_100_node4_90,0.4027739881834162
Test_U_4Layers_input_size_5_node1_70_node2_80_node3_100_node4_90,0.4784531065913851
Train_U_4Layers_input_size_5_node1_70_node2_80_node3_100_node4_100,0.38943791259317667
Test_U_4Layers_input_size_5_node1_70_node2_80_node3_100_node4_100,0.4586833534890154
Train_U_2Layers_input_size_5_node1_70_node2_90_node3_0_node4_0,0.40175824941890476
Test_U_2Layers_input_size_5_node1_70_node2_90_node3_0_node4_0,0.47793135492667665
Train_U_3Layers_input_size_5_node1_70_node2_90_node3_30_node4_0,0.39182353209521964
Test_U_3Layers_input_size_5_node1_70_node2_90_node3_30_node4_0,0.45990443439440193
Train_U_4Layers_input_size_5_node1_70_node2_90_node3_30_node4_30,0.4045676646781772
Test_U_4Layers_input_size_5_node1_70_node2_90_node3_30_node4_30,0.4634427507994348
Train_U_4Layers_input_size_5_node1_70_node2_90_node3_30_node4_40,0.38875845323430364
Test_U_4Layers_input_size_5_node1_70_node2_90_node3_30_node4_40,0.4598918628053212
Train_U_4Layers_input_size_5_node1_70_node2_90_node3_30_node4_50,0.40764994761521506
Test_U_4Layers_input_size_5_node1_70_node2_90_node3_30_node4_50,0.48367307933619846
Train_U_4Layers_input_size_5_node1_70_node2_90_node3_30_node4_60,0.4090060682837563
Test_U_4Layers_input_size_5_node1_70_node2_90_node3_30_node4_60,0.4634308861217452
Train_U_4Layers_input_size_5_node1_70_node2_90_node3_30_node4_70,0.3929217907735627
Test_U_4Layers_input_size_5_node1_70_node2_90_node3_30_node4_70,0.4662994383866857
Train_U_4Layers_input_size_5_node1_70_node2_90_node3_30_node4_80,0.3964944471761749
Test_U_4Layers_input_size_5_node1_70_node2_90_node3_30_node4_80,0.47159927978064276
Train_U_4Layers_input_size_5_node1_70_node2_90_node3_30_node4_90,0.40416792872648055
Test_U_4Layers_input_size_5_node1_70_node2_90_node3_30_node4_90,0.4590051524552516
Train_U_4Layers_input_size_5_node1_70_node2_90_node3_30_node4_100,0.4383940417285106
Test_U_4Layers_input_size_5_node1_70_node2_90_node3_30_node4_100,0.5167427086502593
Train_U_3Layers_input_size_5_node1_70_node2_90_node3_40_node4_0,0.40565447072796085
Test_U_3Layers_input_size_5_node1_70_node2_90_node3_40_node4_0,0.45944909451887705
Train_U_4Layers_input_size_5_node1_70_node2_90_node3_40_node4_30,0.42631121559436136
Test_U_4Layers_input_size_5_node1_70_node2_90_node3_40_node4_30,0.47067173580120386
Train_U_4Layers_input_size_5_node1_70_node2_90_node3_40_node4_40,0.391892722092613
Test_U_4Layers_input_size_5_node1_70_node2_90_node3_40_node4_40,0.4543494583622435
Train_U_4Layers_input_size_5_node1_70_node2_90_node3_40_node4_50,0.3932972484876464
Test_U_4Layers_input_size_5_node1_70_node2_90_node3_40_node4_50,0.4662024731740644
Train_U_4Layers_input_size_5_node1_70_node2_90_node3_40_node4_60,0.4011447967929304
Test_U_4Layers_input_size_5_node1_70_node2_90_node3_40_node4_60,0.4619314823535448
Train_U_4Layers_input_size_5_node1_70_node2_90_node3_40_node4_70,0.42168351525481607
Test_U_4Layers_input_size_5_node1_70_node2_90_node3_40_node4_70,0.4731865579779381
Train_U_4Layers_input_size_5_node1_70_node2_90_node3_40_node4_80,0.39017149348914587
Test_U_4Layers_input_size_5_node1_70_node2_90_node3_40_node4_80,0.46007180143348364
Train_U_4Layers_input_size_5_node1_70_node2_90_node3_40_node4_90,0.4025378268397364
Test_U_4Layers_input_size_5_node1_70_node2_90_node3_40_node4_90,0.456755057453579
Train_U_4Layers_input_size_5_node1_70_node2_90_node3_40_node4_100,0.39384147096256156
Test_U_4Layers_input_size_5_node1_70_node2_90_node3_40_node4_100,0.4663905366330515
Train_U_3Layers_input_size_5_node1_70_node2_90_node3_50_node4_0,0.4048455610864162
Test_U_3Layers_input_size_5_node1_70_node2_90_node3_50_node4_0,0.4556023848249332
Train_U_4Layers_input_size_5_node1_70_node2_90_node3_50_node4_30,0.39819936554832824
Test_U_4Layers_input_size_5_node1_70_node2_90_node3_50_node4_30,0.45951520376196836
Train_U_4Layers_input_size_5_node1_70_node2_90_node3_50_node4_40,0.39505438538871573
Test_U_4Layers_input_size_5_node1_70_node2_90_node3_50_node4_40,0.46898632450133865
Train_U_4Layers_input_size_5_node1_70_node2_90_node3_50_node4_50,0.4006290749210214
Test_U_4Layers_input_size_5_node1_70_node2_90_node3_50_node4_50,0.47561899183892237
Train_U_4Layers_input_size_5_node1_70_node2_90_node3_50_node4_60,0.39407751222673776
Test_U_4Layers_input_size_5_node1_70_node2_90_node3_50_node4_60,0.4590651258493505
Train_U_4Layers_input_size_5_node1_70_node2_90_node3_50_node4_70,0.3882855167576632
Test_U_4Layers_input_size_5_node1_70_node2_90_node3_50_node4_70,0.45323727302020606
Train_U_4Layers_input_size_5_node1_70_node2_90_node3_50_node4_80,0.3916341144987807
Test_U_4Layers_input_size_5_node1_70_node2_90_node3_50_node4_80,0.45480122143640955
Train_U_4Layers_input_size_5_node1_70_node2_90_node3_50_node4_90,0.403153114669172
Test_U_4Layers_input_size_5_node1_70_node2_90_node3_50_node4_90,0.4783772171084757
Train_U_4Layers_input_size_5_node1_70_node2_90_node3_50_node4_100,0.4450050932614172
Test_U_4Layers_input_size_5_node1_70_node2_90_node3_50_node4_100,0.5218179614482278
Train_U_3Layers_input_size_5_node1_70_node2_90_node3_60_node4_0,0.3986123019469074
Test_U_3Layers_input_size_5_node1_70_node2_90_node3_60_node4_0,0.45852360424509225
Train_U_4Layers_input_size_5_node1_70_node2_90_node3_60_node4_30,0.4025435645949736
Test_U_4Layers_input_size_5_node1_70_node2_90_node3_60_node4_30,0.47815711156683827
Train_U_4Layers_input_size_5_node1_70_node2_90_node3_60_node4_40,0.4037733143313831
Test_U_4Layers_input_size_5_node1_70_node2_90_node3_60_node4_40,0.4593565710094992
Train_U_4Layers_input_size_5_node1_70_node2_90_node3_60_node4_50,0.3937259046054529
Test_U_4Layers_input_size_5_node1_70_node2_90_node3_60_node4_50,0.458669091555558
Train_U_4Layers_input_size_5_node1_70_node2_90_node3_60_node4_60,0.3898471144108663
Test_U_4Layers_input_size_5_node1_70_node2_90_node3_60_node4_60,0.45048382961770356
Train_U_4Layers_input_size_5_node1_70_node2_90_node3_60_node4_70,0.3929533422646128
Test_U_4Layers_input_size_5_node1_70_node2_90_node3_60_node4_70,0.46577176654813923
Train_U_4Layers_input_size_5_node1_70_node2_90_node3_60_node4_80,0.41478565333689077
Test_U_4Layers_input_size_5_node1_70_node2_90_node3_60_node4_80,0.4927433296528232
Train_U_4Layers_input_size_5_node1_70_node2_90_node3_60_node4_90,0.39116347392092654
Test_U_4Layers_input_size_5_node1_70_node2_90_node3_60_node4_90,0.45941756888135565
Train_U_4Layers_input_size_5_node1_70_node2_90_node3_60_node4_100,0.41879573899604516
Test_U_4Layers_input_size_5_node1_70_node2_90_node3_60_node4_100,0.4959938669652311
Train_U_3Layers_input_size_5_node1_70_node2_90_node3_70_node4_0,0.4165166962460957
Test_U_3Layers_input_size_5_node1_70_node2_90_node3_70_node4_0,0.4650593265763018
Train_U_4Layers_input_size_5_node1_70_node2_90_node3_70_node4_30,0.4037310377043791
Test_U_4Layers_input_size_5_node1_70_node2_90_node3_70_node4_30,0.4572993739122367
Train_U_4Layers_input_size_5_node1_70_node2_90_node3_70_node4_40,0.39600486134184654
Test_U_4Layers_input_size_5_node1_70_node2_90_node3_70_node4_40,0.4583061401652135
Train_U_4Layers_input_size_5_node1_70_node2_90_node3_70_node4_50,0.3977386104528316
Test_U_4Layers_input_size_5_node1_70_node2_90_node3_70_node4_50,0.4588997783211052
Train_U_4Layers_input_size_5_node1_70_node2_90_node3_70_node4_60,0.3903803249830223
Test_U_4Layers_input_size_5_node1_70_node2_90_node3_70_node4_60,0.45651905996783365
Train_U_4Layers_input_size_5_node1_70_node2_90_node3_70_node4_70,0.4640602111759962
Test_U_4Layers_input_size_5_node1_70_node2_90_node3_70_node4_70,0.5413685277703015
Train_U_4Layers_input_size_5_node1_70_node2_90_node3_70_node4_80,0.3898108772377389
Test_U_4Layers_input_size_5_node1_70_node2_90_node3_70_node4_80,0.4602349957118902
Train_U_4Layers_input_size_5_node1_70_node2_90_node3_70_node4_90,0.39544428562439676
Test_U_4Layers_input_size_5_node1_70_node2_90_node3_70_node4_90,0.45829947483828387
Train_U_4Layers_input_size_5_node1_70_node2_90_node3_70_node4_100,0.39655044080406493
Test_U_4Layers_input_size_5_node1_70_node2_90_node3_70_node4_100,0.4555409905804798
Train_U_3Layers_input_size_5_node1_70_node2_90_node3_80_node4_0,0.3891408573280902
Test_U_3Layers_input_size_5_node1_70_node2_90_node3_80_node4_0,0.45789612341604224
Train_U_4Layers_input_size_5_node1_70_node2_90_node3_80_node4_30,0.4179130231838564
Test_U_4Layers_input_size_5_node1_70_node2_90_node3_80_node4_30,0.46595108148031994
Train_U_4Layers_input_size_5_node1_70_node2_90_node3_80_node4_40,0.38971977250148043
Test_U_4Layers_input_size_5_node1_70_node2_90_node3_80_node4_40,0.4584049219518823
Train_U_4Layers_input_size_5_node1_70_node2_90_node3_80_node4_50,0.39405200668993445
Test_U_4Layers_input_size_5_node1_70_node2_90_node3_80_node4_50,0.4544804950647775
Train_U_4Layers_input_size_5_node1_70_node2_90_node3_80_node4_60,0.3905853251335959
Test_U_4Layers_input_size_5_node1_70_node2_90_node3_80_node4_60,0.4631863546721474
Train_U_4Layers_input_size_5_node1_70_node2_90_node3_80_node4_70,0.40152351323726476
Test_U_4Layers_input_size_5_node1_70_node2_90_node3_80_node4_70,0.477451558277281
Train_U_4Layers_input_size_5_node1_70_node2_90_node3_80_node4_80,0.38893814167654495
Test_U_4Layers_input_size_5_node1_70_node2_90_node3_80_node4_80,0.45367426303230424
Train_U_4Layers_input_size_5_node1_70_node2_90_node3_80_node4_90,0.392218638699938
Test_U_4Layers_input_size_5_node1_70_node2_90_node3_80_node4_90,0.46470487748100964
Train_U_4Layers_input_size_5_node1_70_node2_90_node3_80_node4_100,0.44716526554687686
Test_U_4Layers_input_size_5_node1_70_node2_90_node3_80_node4_100,0.5248365636017281
Train_U_3Layers_input_size_5_node1_70_node2_90_node3_90_node4_0,0.39125639431880493
Test_U_3Layers_input_size_5_node1_70_node2_90_node3_90_node4_0,0.45867653120715435
Train_U_4Layers_input_size_5_node1_70_node2_90_node3_90_node4_30,0.3908910608191225
Test_U_4Layers_input_size_5_node1_70_node2_90_node3_90_node4_30,0.45630233869431897
Train_U_4Layers_input_size_5_node1_70_node2_90_node3_90_node4_40,0.4005270748702094
Test_U_4Layers_input_size_5_node1_70_node2_90_node3_90_node4_40,0.45814312072867225
Train_U_4Layers_input_size_5_node1_70_node2_90_node3_90_node4_50,0.39938645395679984
Test_U_4Layers_input_size_5_node1_70_node2_90_node3_90_node4_50,0.4584963862506555
Train_U_4Layers_input_size_5_node1_70_node2_90_node3_90_node4_60,0.38953902924225886
Test_U_4Layers_input_size_5_node1_70_node2_90_node3_90_node4_60,0.46057130523932355
Train_U_4Layers_input_size_5_node1_70_node2_90_node3_90_node4_70,0.39283353174150903
Test_U_4Layers_input_size_5_node1_70_node2_90_node3_90_node4_70,0.4641325502796046
Train_U_4Layers_input_size_5_node1_70_node2_90_node3_90_node4_80,0.3860343116695044
Test_U_4Layers_input_size_5_node1_70_node2_90_node3_90_node4_80,0.4556167754593954
Train_U_4Layers_input_size_5_node1_70_node2_90_node3_90_node4_90,0.38854251798412065
Test_U_4Layers_input_size_5_node1_70_node2_90_node3_90_node4_90,0.45933173812813904
Train_U_4Layers_input_size_5_node1_70_node2_90_node3_90_node4_100,0.3888446672970318
Test_U_4Layers_input_size_5_node1_70_node2_90_node3_90_node4_100,0.4592286454179774
Train_U_3Layers_input_size_5_node1_70_node2_90_node3_100_node4_0,0.39139882687898203
Test_U_3Layers_input_size_5_node1_70_node2_90_node3_100_node4_0,0.456312380406273
Train_U_4Layers_input_size_5_node1_70_node2_90_node3_100_node4_30,0.4046888800638005
Test_U_4Layers_input_size_5_node1_70_node2_90_node3_100_node4_30,0.48076874586227614
Train_U_4Layers_input_size_5_node1_70_node2_90_node3_100_node4_40,0.3984439138756413
Test_U_4Layers_input_size_5_node1_70_node2_90_node3_100_node4_40,0.45854024298743123
Train_U_4Layers_input_size_5_node1_70_node2_90_node3_100_node4_50,0.38826481191428797
Test_U_4Layers_input_size_5_node1_70_node2_90_node3_100_node4_50,0.4580822296525996
Train_U_4Layers_input_size_5_node1_70_node2_90_node3_100_node4_60,0.3901235795464243
Test_U_4Layers_input_size_5_node1_70_node2_90_node3_100_node4_60,0.45481796359289745
Train_U_4Layers_input_size_5_node1_70_node2_90_node3_100_node4_70,0.4012718922890714
Test_U_4Layers_input_size_5_node1_70_node2_90_node3_100_node4_70,0.4586295034323146
Train_U_4Layers_input_size_5_node1_70_node2_90_node3_100_node4_80,0.3902787581397912
Test_U_4Layers_input_size_5_node1_70_node2_90_node3_100_node4_80,0.46022837450878157
Train_U_4Layers_input_size_5_node1_70_node2_90_node3_100_node4_90,0.3947324145533059
Test_U_4Layers_input_size_5_node1_70_node2_90_node3_100_node4_90,0.4695570356299104
Train_U_4Layers_input_size_5_node1_70_node2_90_node3_100_node4_100,0.38763175462596533
Test_U_4Layers_input_size_5_node1_70_node2_90_node3_100_node4_100,0.4526809292202768
Train_U_2Layers_input_size_5_node1_70_node2_100_node3_0_node4_0,0.38569795379046445
Test_U_2Layers_input_size_5_node1_70_node2_100_node3_0_node4_0,0.4536777282200618
Train_U_3Layers_input_size_5_node1_70_node2_100_node3_30_node4_0,0.4097308359569708
Test_U_3Layers_input_size_5_node1_70_node2_100_node3_30_node4_0,0.48649534544820555
Train_U_4Layers_input_size_5_node1_70_node2_100_node3_30_node4_30,0.39229131061796435
Test_U_4Layers_input_size_5_node1_70_node2_100_node3_30_node4_30,0.45688879613228844
Train_U_4Layers_input_size_5_node1_70_node2_100_node3_30_node4_40,0.38987608643625343
Test_U_4Layers_input_size_5_node1_70_node2_100_node3_30_node4_40,0.4588834123965216
Train_U_4Layers_input_size_5_node1_70_node2_100_node3_30_node4_50,0.40084567379476815
Test_U_4Layers_input_size_5_node1_70_node2_100_node3_30_node4_50,0.45708378872925504
Train_U_4Layers_input_size_5_node1_70_node2_100_node3_30_node4_60,0.3900818290817267
Test_U_4Layers_input_size_5_node1_70_node2_100_node3_30_node4_60,0.4575536790478722
Train_U_4Layers_input_size_5_node1_70_node2_100_node3_30_node4_70,0.39321614132291494
Test_U_4Layers_input_size_5_node1_70_node2_100_node3_30_node4_70,0.4559673086753676
Train_U_4Layers_input_size_5_node1_70_node2_100_node3_30_node4_80,0.3978021080655512
Test_U_4Layers_input_size_5_node1_70_node2_100_node3_30_node4_80,0.4719031773926861
Train_U_4Layers_input_size_5_node1_70_node2_100_node3_30_node4_90,0.3932933839146928
Test_U_4Layers_input_size_5_node1_70_node2_100_node3_30_node4_90,0.4672429814135566
Train_U_4Layers_input_size_5_node1_70_node2_100_node3_30_node4_100,0.4245032457726338
Test_U_4Layers_input_size_5_node1_70_node2_100_node3_30_node4_100,0.5018080267868948
Train_U_3Layers_input_size_5_node1_70_node2_100_node3_40_node4_0,0.3915352705783248
Test_U_3Layers_input_size_5_node1_70_node2_100_node3_40_node4_0,0.4550661568439065
Train_U_4Layers_input_size_5_node1_70_node2_100_node3_40_node4_30,0.4446512298375663
Test_U_4Layers_input_size_5_node1_70_node2_100_node3_40_node4_30,0.5218928591019493
Train_U_4Layers_input_size_5_node1_70_node2_100_node3_40_node4_40,0.4147753966318032
Test_U_4Layers_input_size_5_node1_70_node2_100_node3_40_node4_40,0.49215799576262415
Train_U_4Layers_input_size_5_node1_70_node2_100_node3_40_node4_50,0.3895341327865066
Test_U_4Layers_input_size_5_node1_70_node2_100_node3_40_node4_50,0.4612190065851667
Train_U_4Layers_input_size_5_node1_70_node2_100_node3_40_node4_60,0.4023037492441299
Test_U_4Layers_input_size_5_node1_70_node2_100_node3_40_node4_60,0.45937605033806334
Train_U_4Layers_input_size_5_node1_70_node2_100_node3_40_node4_70,0.41497168498937176
Test_U_4Layers_input_size_5_node1_70_node2_100_node3_40_node4_70,0.4913454876375082
Train_U_4Layers_input_size_5_node1_70_node2_100_node3_40_node4_80,0.4169375453051744
Test_U_4Layers_input_size_5_node1_70_node2_100_node3_40_node4_80,0.49353084710423
Train_U_4Layers_input_size_5_node1_70_node2_100_node3_40_node4_90,0.40343248409991467
Test_U_4Layers_input_size_5_node1_70_node2_100_node3_40_node4_90,0.4578474858166538
Train_U_4Layers_input_size_5_node1_70_node2_100_node3_40_node4_100,0.47908321116867186
Test_U_4Layers_input_size_5_node1_70_node2_100_node3_40_node4_100,0.5560330739458494
Train_U_3Layers_input_size_5_node1_70_node2_100_node3_50_node4_0,0.3907148067236022
Test_U_3Layers_input_size_5_node1_70_node2_100_node3_50_node4_0,0.45788413128611427
Train_U_4Layers_input_size_5_node1_70_node2_100_node3_50_node4_30,0.3839512062687684
Test_U_4Layers_input_size_5_node1_70_node2_100_node3_50_node4_30,0.4520053183867243
Train_U_4Layers_input_size_5_node1_70_node2_100_node3_50_node4_40,0.3862715939161331
Test_U_4Layers_input_size_5_node1_70_node2_100_node3_50_node4_40,0.45565700141285437
Train_U_4Layers_input_size_5_node1_70_node2_100_node3_50_node4_50,0.39684577969492313
Test_U_4Layers_input_size_5_node1_70_node2_100_node3_50_node4_50,0.47136745820528086
Train_U_4Layers_input_size_5_node1_70_node2_100_node3_50_node4_60,0.38715599849408555
Test_U_4Layers_input_size_5_node1_70_node2_100_node3_50_node4_60,0.4554285983779256
Train_U_4Layers_input_size_5_node1_70_node2_100_node3_50_node4_70,0.3918773602683796
Test_U_4Layers_input_size_5_node1_70_node2_100_node3_50_node4_70,0.45619573597046204
Train_U_4Layers_input_size_5_node1_70_node2_100_node3_50_node4_80,0.3881584495222294
Test_U_4Layers_input_size_5_node1_70_node2_100_node3_50_node4_80,0.4598427557926403
Train_U_4Layers_input_size_5_node1_70_node2_100_node3_50_node4_90,0.415665098278102
Test_U_4Layers_input_size_5_node1_70_node2_100_node3_50_node4_90,0.4644256602926407
Train_U_4Layers_input_size_5_node1_70_node2_100_node3_50_node4_100,0.40661280277579487
Test_U_4Layers_input_size_5_node1_70_node2_100_node3_50_node4_100,0.4635229660576748
Train_U_3Layers_input_size_5_node1_70_node2_100_node3_60_node4_0,0.3989043959601798
Test_U_3Layers_input_size_5_node1_70_node2_100_node3_60_node4_0,0.47386968922538386
Train_U_4Layers_input_size_5_node1_70_node2_100_node3_60_node4_30,0.38827482866776286
Test_U_4Layers_input_size_5_node1_70_node2_100_node3_60_node4_30,0.4551601090482056
Train_U_4Layers_input_size_5_node1_70_node2_100_node3_60_node4_40,0.39339585802741833
Test_U_4Layers_input_size_5_node1_70_node2_100_node3_60_node4_40,0.4567499191501256
Train_U_4Layers_input_size_5_node1_70_node2_100_node3_60_node4_50,0.39040066953283104
Test_U_4Layers_input_size_5_node1_70_node2_100_node3_60_node4_50,0.4611980380792815
Train_U_4Layers_input_size_5_node1_70_node2_100_node3_60_node4_60,0.40225311295399546
Test_U_4Layers_input_size_5_node1_70_node2_100_node3_60_node4_60,0.4589107860253983
Train_U_4Layers_input_size_5_node1_70_node2_100_node3_60_node4_70,0.3899793438759808
Test_U_4Layers_input_size_5_node1_70_node2_100_node3_60_node4_70,0.46254625669054744
Train_U_4Layers_input_size_5_node1_70_node2_100_node3_60_node4_80,0.39210251803121043
Test_U_4Layers_input_size_5_node1_70_node2_100_node3_60_node4_80,0.45695589536576126
Train_U_4Layers_input_size_5_node1_70_node2_100_node3_60_node4_90,0.39045954061076005
Test_U_4Layers_input_size_5_node1_70_node2_100_node3_60_node4_90,0.4628007535969938
Train_U_4Layers_input_size_5_node1_70_node2_100_node3_60_node4_100,0.3940734284267296
Test_U_4Layers_input_size_5_node1_70_node2_100_node3_60_node4_100,0.46781698195477084
Train_U_3Layers_input_size_5_node1_70_node2_100_node3_70_node4_0,0.39905565592035663
Test_U_3Layers_input_size_5_node1_70_node2_100_node3_70_node4_0,0.47438359482710224
Train_U_4Layers_input_size_5_node1_70_node2_100_node3_70_node4_30,0.4114929760058821
Test_U_4Layers_input_size_5_node1_70_node2_100_node3_70_node4_30,0.46159695472816026
Train_U_4Layers_input_size_5_node1_70_node2_100_node3_70_node4_40,0.3901594439441871
Test_U_4Layers_input_size_5_node1_70_node2_100_node3_70_node4_40,0.4623402248659432
Train_U_4Layers_input_size_5_node1_70_node2_100_node3_70_node4_50,0.3980016568511233
Test_U_4Layers_input_size_5_node1_70_node2_100_node3_70_node4_50,0.4735212528943496
Train_U_4Layers_input_size_5_node1_70_node2_100_node3_70_node4_60,0.4106022544262885
Test_U_4Layers_input_size_5_node1_70_node2_100_node3_70_node4_60,0.48761451977769604
Train_U_4Layers_input_size_5_node1_70_node2_100_node3_70_node4_70,0.3948734046176853
Test_U_4Layers_input_size_5_node1_70_node2_100_node3_70_node4_70,0.46893832873983365
Train_U_4Layers_input_size_5_node1_70_node2_100_node3_70_node4_80,0.3940984032268259
Test_U_4Layers_input_size_5_node1_70_node2_100_node3_70_node4_80,0.4533875132480666
Train_U_4Layers_input_size_5_node1_70_node2_100_node3_70_node4_90,0.3875308708999314
Test_U_4Layers_input_size_5_node1_70_node2_100_node3_70_node4_90,0.4525033204868367
Train_U_4Layers_input_size_5_node1_70_node2_100_node3_70_node4_100,0.406501966979604
Test_U_4Layers_input_size_5_node1_70_node2_100_node3_70_node4_100,0.48330232840055487
Train_U_3Layers_input_size_5_node1_70_node2_100_node3_80_node4_0,0.3993250927314992
Test_U_3Layers_input_size_5_node1_70_node2_100_node3_80_node4_0,0.4737732669179649
Train_U_4Layers_input_size_5_node1_70_node2_100_node3_80_node4_30,0.3985917222985671
Test_U_4Layers_input_size_5_node1_70_node2_100_node3_80_node4_30,0.47388503447554353
Train_U_4Layers_input_size_5_node1_70_node2_100_node3_80_node4_40,0.3873343721326324
Test_U_4Layers_input_size_5_node1_70_node2_100_node3_80_node4_40,0.4577365551864235
Train_U_4Layers_input_size_5_node1_70_node2_100_node3_80_node4_50,0.4077167807892796
Test_U_4Layers_input_size_5_node1_70_node2_100_node3_80_node4_50,0.462076719005681
Train_U_4Layers_input_size_5_node1_70_node2_100_node3_80_node4_60,0.3884132329798162
Test_U_4Layers_input_size_5_node1_70_node2_100_node3_80_node4_60,0.46164887701571616
Train_U_4Layers_input_size_5_node1_70_node2_100_node3_80_node4_70,0.3975652047125104
Test_U_4Layers_input_size_5_node1_70_node2_100_node3_80_node4_70,0.4720714040356139
Train_U_4Layers_input_size_5_node1_70_node2_100_node3_80_node4_80,0.41274285103598596
Test_U_4Layers_input_size_5_node1_70_node2_100_node3_80_node4_80,0.4903619455869949
Train_U_4Layers_input_size_5_node1_70_node2_100_node3_80_node4_90,0.38961876012843444
Test_U_4Layers_input_size_5_node1_70_node2_100_node3_80_node4_90,0.4615532431581413
Train_U_4Layers_input_size_5_node1_70_node2_100_node3_80_node4_100,0.40083098967350134
Test_U_4Layers_input_size_5_node1_70_node2_100_node3_80_node4_100,0.4765324035896739
Train_U_3Layers_input_size_5_node1_70_node2_100_node3_90_node4_0,0.3895434857285635
Test_U_3Layers_input_size_5_node1_70_node2_100_node3_90_node4_0,0.45641771526098973
Train_U_4Layers_input_size_5_node1_70_node2_100_node3_90_node4_30,0.3906000701578529
Test_U_4Layers_input_size_5_node1_70_node2_100_node3_90_node4_30,0.4589930107440589
Train_U_4Layers_input_size_5_node1_70_node2_100_node3_90_node4_40,0.3996372671824827
Test_U_4Layers_input_size_5_node1_70_node2_100_node3_90_node4_40,0.4564211759441437
Train_U_4Layers_input_size_5_node1_70_node2_100_node3_90_node4_50,0.38661279093707895
Test_U_4Layers_input_size_5_node1_70_node2_100_node3_90_node4_50,0.45708349532463843
Train_U_4Layers_input_size_5_node1_70_node2_100_node3_90_node4_60,0.3875237188463374
Test_U_4Layers_input_size_5_node1_70_node2_100_node3_90_node4_60,0.45594569012591674
Train_U_4Layers_input_size_5_node1_70_node2_100_node3_90_node4_70,0.3954215438382544
Test_U_4Layers_input_size_5_node1_70_node2_100_node3_90_node4_70,0.45562534421219664
Train_U_4Layers_input_size_5_node1_70_node2_100_node3_90_node4_80,0.3976434949167007
Test_U_4Layers_input_size_5_node1_70_node2_100_node3_90_node4_80,0.47225670439291295
Train_U_4Layers_input_size_5_node1_70_node2_100_node3_90_node4_90,0.388737888576824
Test_U_4Layers_input_size_5_node1_70_node2_100_node3_90_node4_90,0.46215451133772933
Train_U_4Layers_input_size_5_node1_70_node2_100_node3_90_node4_100,0.3969921374731493
Test_U_4Layers_input_size_5_node1_70_node2_100_node3_90_node4_100,0.4719458198455598
Train_U_3Layers_input_size_5_node1_70_node2_100_node3_100_node4_0,0.3893237183051218
Test_U_3Layers_input_size_5_node1_70_node2_100_node3_100_node4_0,0.45408512208772617
Train_U_4Layers_input_size_5_node1_70_node2_100_node3_100_node4_30,0.39204235430636314
Test_U_4Layers_input_size_5_node1_70_node2_100_node3_100_node4_30,0.4646698442092317
Train_U_4Layers_input_size_5_node1_70_node2_100_node3_100_node4_40,0.3887740532833178
Test_U_4Layers_input_size_5_node1_70_node2_100_node3_100_node4_40,0.45376301933295216
Train_U_4Layers_input_size_5_node1_70_node2_100_node3_100_node4_50,0.3952285157203123
Test_U_4Layers_input_size_5_node1_70_node2_100_node3_100_node4_50,0.46959102205730696
Train_U_4Layers_input_size_5_node1_70_node2_100_node3_100_node4_60,0.3960982448465802
Test_U_4Layers_input_size_5_node1_70_node2_100_node3_100_node4_60,0.4562188288086756
Train_U_4Layers_input_size_5_node1_70_node2_100_node3_100_node4_70,0.3876601618823491
Test_U_4Layers_input_size_5_node1_70_node2_100_node3_100_node4_70,0.4592289212279326
Train_U_4Layers_input_size_5_node1_70_node2_100_node3_100_node4_80,0.3864501251349812
Test_U_4Layers_input_size_5_node1_70_node2_100_node3_100_node4_80,0.45400397780121
Train_U_4Layers_input_size_5_node1_70_node2_100_node3_100_node4_90,0.3906988074192449
Test_U_4Layers_input_size_5_node1_70_node2_100_node3_100_node4_90,0.45958790159793866
Train_U_4Layers_input_size_5_node1_70_node2_100_node3_100_node4_100,0.4060610551871521
Test_U_4Layers_input_size_5_node1_70_node2_100_node3_100_node4_100,0.4820222473540373
Train_U_1Layers_input_size_5_node1_80_node2_0_node3_0_node4_0,0.3955835152219734
Test_U_1Layers_input_size_5_node1_80_node2_0_node3_0_node4_0,0.4688979868937775
Train_U_2Layers_input_size_5_node1_80_node2_30_node3_0_node4_0,0.3904651505516936
Test_U_2Layers_input_size_5_node1_80_node2_30_node3_0_node4_0,0.45702251197743265
Train_U_3Layers_input_size_5_node1_80_node2_30_node3_30_node4_0,0.4019614875894827
Test_U_3Layers_input_size_5_node1_80_node2_30_node3_30_node4_0,0.4777613709402568
Train_U_4Layers_input_size_5_node1_80_node2_30_node3_30_node4_30,0.3889702653135921
Test_U_4Layers_input_size_5_node1_80_node2_30_node3_30_node4_30,0.4581090168682377
Train_U_4Layers_input_size_5_node1_80_node2_30_node3_30_node4_40,0.3870497933890222
Test_U_4Layers_input_size_5_node1_80_node2_30_node3_30_node4_40,0.45494966781386914
Train_U_4Layers_input_size_5_node1_80_node2_30_node3_30_node4_50,0.398142518447081
Test_U_4Layers_input_size_5_node1_80_node2_30_node3_30_node4_50,0.45745557665768105
Train_U_4Layers_input_size_5_node1_80_node2_30_node3_30_node4_60,0.4012510405434875
Test_U_4Layers_input_size_5_node1_80_node2_30_node3_30_node4_60,0.4771204168435875
Train_U_4Layers_input_size_5_node1_80_node2_30_node3_30_node4_70,0.42019777327573493
Test_U_4Layers_input_size_5_node1_80_node2_30_node3_30_node4_70,0.4975027665104455
Train_U_4Layers_input_size_5_node1_80_node2_30_node3_30_node4_80,0.40157526196339033
Test_U_4Layers_input_size_5_node1_80_node2_30_node3_30_node4_80,0.47784989427100544
Train_U_4Layers_input_size_5_node1_80_node2_30_node3_30_node4_90,0.4231388094295307
Test_U_4Layers_input_size_5_node1_80_node2_30_node3_30_node4_90,0.46952060300209175
Train_U_4Layers_input_size_5_node1_80_node2_30_node3_30_node4_100,0.39698695758804264
Test_U_4Layers_input_size_5_node1_80_node2_30_node3_30_node4_100,0.47239599077193367
Train_U_3Layers_input_size_5_node1_80_node2_30_node3_40_node4_0,0.3961534669541673
Test_U_3Layers_input_size_5_node1_80_node2_30_node3_40_node4_0,0.45271264419867246
Train_U_4Layers_input_size_5_node1_80_node2_30_node3_40_node4_30,0.3957818483031126
Test_U_4Layers_input_size_5_node1_80_node2_30_node3_40_node4_30,0.4581418522471328
Train_U_4Layers_input_size_5_node1_80_node2_30_node3_40_node4_40,0.4008635728252336
Test_U_4Layers_input_size_5_node1_80_node2_30_node3_40_node4_40,0.4760283775756295
Train_U_4Layers_input_size_5_node1_80_node2_30_node3_40_node4_50,0.3925989629424745
Test_U_4Layers_input_size_5_node1_80_node2_30_node3_40_node4_50,0.46545581432140454
Train_U_4Layers_input_size_5_node1_80_node2_30_node3_40_node4_60,0.39317293796669256
Test_U_4Layers_input_size_5_node1_80_node2_30_node3_40_node4_60,0.45616467148283285
Train_U_4Layers_input_size_5_node1_80_node2_30_node3_40_node4_70,0.3885908569547287
Test_U_4Layers_input_size_5_node1_80_node2_30_node3_40_node4_70,0.455387092454906
Train_U_4Layers_input_size_5_node1_80_node2_30_node3_40_node4_80,0.39063468921088723
Test_U_4Layers_input_size_5_node1_80_node2_30_node3_40_node4_80,0.46413706106638924
Train_U_4Layers_input_size_5_node1_80_node2_30_node3_40_node4_90,0.4027467209619154
Test_U_4Layers_input_size_5_node1_80_node2_30_node3_40_node4_90,0.4783986006906467
Train_U_4Layers_input_size_5_node1_80_node2_30_node3_40_node4_100,0.40663970082349316
Test_U_4Layers_input_size_5_node1_80_node2_30_node3_40_node4_100,0.48249130676028057
Train_U_3Layers_input_size_5_node1_80_node2_30_node3_50_node4_0,0.39826234071484795
Test_U_3Layers_input_size_5_node1_80_node2_30_node3_50_node4_0,0.45841789188069876
Train_U_4Layers_input_size_5_node1_80_node2_30_node3_50_node4_30,0.39623756431295787
Test_U_4Layers_input_size_5_node1_80_node2_30_node3_50_node4_30,0.4569360030604593
Train_U_4Layers_input_size_5_node1_80_node2_30_node3_50_node4_40,0.39068568711935026
Test_U_4Layers_input_size_5_node1_80_node2_30_node3_50_node4_40,0.46414529594841053
Train_U_4Layers_input_size_5_node1_80_node2_30_node3_50_node4_50,0.38665204484330534
Test_U_4Layers_input_size_5_node1_80_node2_30_node3_50_node4_50,0.4544218021147877
Train_U_4Layers_input_size_5_node1_80_node2_30_node3_50_node4_60,0.3939853328259754
Test_U_4Layers_input_size_5_node1_80_node2_30_node3_50_node4_60,0.46809774159011136
Train_U_4Layers_input_size_5_node1_80_node2_30_node3_50_node4_70,0.39056119397708544
Test_U_4Layers_input_size_5_node1_80_node2_30_node3_50_node4_70,0.4589509505418226
Train_U_4Layers_input_size_5_node1_80_node2_30_node3_50_node4_80,0.41968519061057474
Test_U_4Layers_input_size_5_node1_80_node2_30_node3_50_node4_80,0.46767951802935254
Train_U_4Layers_input_size_5_node1_80_node2_30_node3_50_node4_90,0.38985737717534624
Test_U_4Layers_input_size_5_node1_80_node2_30_node3_50_node4_90,0.4543928299229883
Train_U_4Layers_input_size_5_node1_80_node2_30_node3_50_node4_100,0.41133515006910487
Test_U_4Layers_input_size_5_node1_80_node2_30_node3_50_node4_100,0.4878881168835496
Train_U_3Layers_input_size_5_node1_80_node2_30_node3_60_node4_0,0.39405688482242274
Test_U_3Layers_input_size_5_node1_80_node2_30_node3_60_node4_0,0.45822823106907695
Train_U_4Layers_input_size_5_node1_80_node2_30_node3_60_node4_30,0.4099000403040103
Test_U_4Layers_input_size_5_node1_80_node2_30_node3_60_node4_30,0.4664739984480417
Train_U_4Layers_input_size_5_node1_80_node2_30_node3_60_node4_40,0.3915518826676284
Test_U_4Layers_input_size_5_node1_80_node2_30_node3_60_node4_40,0.4565743012309778
Train_U_4Layers_input_size_5_node1_80_node2_30_node3_60_node4_50,0.3913833124136367
Test_U_4Layers_input_size_5_node1_80_node2_30_node3_60_node4_50,0.4636435200377758
Train_U_4Layers_input_size_5_node1_80_node2_30_node3_60_node4_60,0.38866516567554366
Test_U_4Layers_input_size_5_node1_80_node2_30_node3_60_node4_60,0.4594843961247596
Train_U_4Layers_input_size_5_node1_80_node2_30_node3_60_node4_70,0.4216103253337064
Test_U_4Layers_input_size_5_node1_80_node2_30_node3_60_node4_70,0.4988573100156345
Train_U_4Layers_input_size_5_node1_80_node2_30_node3_60_node4_80,0.3971076726342245
Test_U_4Layers_input_size_5_node1_80_node2_30_node3_60_node4_80,0.47082320141932615
Train_U_4Layers_input_size_5_node1_80_node2_30_node3_60_node4_90,0.38939976226175355
Test_U_4Layers_input_size_5_node1_80_node2_30_node3_60_node4_90,0.4519892467943458
Train_U_4Layers_input_size_5_node1_80_node2_30_node3_60_node4_100,0.3903748092516538
Test_U_4Layers_input_size_5_node1_80_node2_30_node3_60_node4_100,0.45932148667131045
Train_U_3Layers_input_size_5_node1_80_node2_30_node3_70_node4_0,0.3898894250750618
Test_U_3Layers_input_size_5_node1_80_node2_30_node3_70_node4_0,0.4592573774354689
Train_U_4Layers_input_size_5_node1_80_node2_30_node3_70_node4_30,0.41815994025474285
Test_U_4Layers_input_size_5_node1_80_node2_30_node3_70_node4_30,0.4956181115853932
Train_U_4Layers_input_size_5_node1_80_node2_30_node3_70_node4_40,0.39064357713394293
Test_U_4Layers_input_size_5_node1_80_node2_30_node3_70_node4_40,0.45626793395029364
Train_U_4Layers_input_size_5_node1_80_node2_30_node3_70_node4_50,0.429523297926977
Test_U_4Layers_input_size_5_node1_80_node2_30_node3_70_node4_50,0.4744740673953868
Train_U_4Layers_input_size_5_node1_80_node2_30_node3_70_node4_60,0.4187403535443499
Test_U_4Layers_input_size_5_node1_80_node2_30_node3_70_node4_60,0.46712318092484023
Train_U_4Layers_input_size_5_node1_80_node2_30_node3_70_node4_70,0.409311459975553
Test_U_4Layers_input_size_5_node1_80_node2_30_node3_70_node4_70,0.4864516197193308
Train_U_4Layers_input_size_5_node1_80_node2_30_node3_70_node4_80,0.3925617081734831
Test_U_4Layers_input_size_5_node1_80_node2_30_node3_70_node4_80,0.45770886716202364
Train_U_4Layers_input_size_5_node1_80_node2_30_node3_70_node4_90,0.4188695452274334
Test_U_4Layers_input_size_5_node1_80_node2_30_node3_70_node4_90,0.4962327717305611
Train_U_4Layers_input_size_5_node1_80_node2_30_node3_70_node4_100,0.40237500708189833
Test_U_4Layers_input_size_5_node1_80_node2_30_node3_70_node4_100,0.4779398198022186
Train_U_3Layers_input_size_5_node1_80_node2_30_node3_80_node4_0,0.3945617286315658
Test_U_3Layers_input_size_5_node1_80_node2_30_node3_80_node4_0,0.4583652134847438
Train_U_4Layers_input_size_5_node1_80_node2_30_node3_80_node4_30,0.393529659261058
Test_U_4Layers_input_size_5_node1_80_node2_30_node3_80_node4_30,0.45538043348603285
Train_U_4Layers_input_size_5_node1_80_node2_30_node3_80_node4_40,0.3889056322300542
Test_U_4Layers_input_size_5_node1_80_node2_30_node3_80_node4_40,0.4543626260449936
Train_U_4Layers_input_size_5_node1_80_node2_30_node3_80_node4_50,0.39041921917390693
Test_U_4Layers_input_size_5_node1_80_node2_30_node3_80_node4_50,0.46309546272202573
Train_U_4Layers_input_size_5_node1_80_node2_30_node3_80_node4_60,0.4050107357285882
Test_U_4Layers_input_size_5_node1_80_node2_30_node3_80_node4_60,0.48202594154439665
Train_U_4Layers_input_size_5_node1_80_node2_30_node3_80_node4_70,0.38545421039450595
Test_U_4Layers_input_size_5_node1_80_node2_30_node3_80_node4_70,0.45458897509630186
Train_U_4Layers_input_size_5_node1_80_node2_30_node3_80_node4_80,0.3910014246173184
Test_U_4Layers_input_size_5_node1_80_node2_30_node3_80_node4_80,0.45741656762097305
Train_U_4Layers_input_size_5_node1_80_node2_30_node3_80_node4_90,0.41548386020161554
Test_U_4Layers_input_size_5_node1_80_node2_30_node3_80_node4_90,0.4664367339940524
Train_U_4Layers_input_size_5_node1_80_node2_30_node3_80_node4_100,0.39237055818705624
Test_U_4Layers_input_size_5_node1_80_node2_30_node3_80_node4_100,0.4652608234565016
Train_U_3Layers_input_size_5_node1_80_node2_30_node3_90_node4_0,0.391331129803186
Test_U_3Layers_input_size_5_node1_80_node2_30_node3_90_node4_0,0.4642365922198596
Train_U_4Layers_input_size_5_node1_80_node2_30_node3_90_node4_30,0.3926093814989676
Test_U_4Layers_input_size_5_node1_80_node2_30_node3_90_node4_30,0.4657624246708155
Train_U_4Layers_input_size_5_node1_80_node2_30_node3_90_node4_40,0.4053984116126053
Test_U_4Layers_input_size_5_node1_80_node2_30_node3_90_node4_40,0.4809897939299112
Train_U_4Layers_input_size_5_node1_80_node2_30_node3_90_node4_50,0.40076345437679484
Test_U_4Layers_input_size_5_node1_80_node2_30_node3_90_node4_50,0.47626387510838303
Train_U_4Layers_input_size_5_node1_80_node2_30_node3_90_node4_60,0.3915372496041803
Test_U_4Layers_input_size_5_node1_80_node2_30_node3_90_node4_60,0.45819673525622473
Train_U_4Layers_input_size_5_node1_80_node2_30_node3_90_node4_70,0.40611949071437803
Test_U_4Layers_input_size_5_node1_80_node2_30_node3_90_node4_70,0.48277345579721254
Train_U_4Layers_input_size_5_node1_80_node2_30_node3_90_node4_80,0.3956222556984743
Test_U_4Layers_input_size_5_node1_80_node2_30_node3_90_node4_80,0.4693115843996247
Train_U_4Layers_input_size_5_node1_80_node2_30_node3_90_node4_90,0.40133629747312116
Test_U_4Layers_input_size_5_node1_80_node2_30_node3_90_node4_90,0.46070060461479506
Train_U_4Layers_input_size_5_node1_80_node2_30_node3_90_node4_100,0.39900570912686517
Test_U_4Layers_input_size_5_node1_80_node2_30_node3_90_node4_100,0.45620339560576645
Train_U_3Layers_input_size_5_node1_80_node2_30_node3_100_node4_0,0.39750389972909095
Test_U_3Layers_input_size_5_node1_80_node2_30_node3_100_node4_0,0.45793125187789585
Train_U_4Layers_input_size_5_node1_80_node2_30_node3_100_node4_30,0.3917911099345391
Test_U_4Layers_input_size_5_node1_80_node2_30_node3_100_node4_30,0.4556062605291651
Train_U_4Layers_input_size_5_node1_80_node2_30_node3_100_node4_40,0.3889336207847843
Test_U_4Layers_input_size_5_node1_80_node2_30_node3_100_node4_40,0.4559277637637007
Train_U_4Layers_input_size_5_node1_80_node2_30_node3_100_node4_50,0.38823497120324046
Test_U_4Layers_input_size_5_node1_80_node2_30_node3_100_node4_50,0.458696835319059
Train_U_4Layers_input_size_5_node1_80_node2_30_node3_100_node4_60,0.4159547823977567
Test_U_4Layers_input_size_5_node1_80_node2_30_node3_100_node4_60,0.4929797441855612
Train_U_4Layers_input_size_5_node1_80_node2_30_node3_100_node4_70,0.3976437197586585
Test_U_4Layers_input_size_5_node1_80_node2_30_node3_100_node4_70,0.4729846412552339
Train_U_4Layers_input_size_5_node1_80_node2_30_node3_100_node4_80,0.3934117665862722
Test_U_4Layers_input_size_5_node1_80_node2_30_node3_100_node4_80,0.45710261513173295
Train_U_4Layers_input_size_5_node1_80_node2_30_node3_100_node4_90,0.39408053723649644
Test_U_4Layers_input_size_5_node1_80_node2_30_node3_100_node4_90,0.4676504909314993
Train_U_4Layers_input_size_5_node1_80_node2_30_node3_100_node4_100,0.432241082583215
Test_U_4Layers_input_size_5_node1_80_node2_30_node3_100_node4_100,0.4771341584825481
Train_U_2Layers_input_size_5_node1_80_node2_40_node3_0_node4_0,0.42156845894483796
Test_U_2Layers_input_size_5_node1_80_node2_40_node3_0_node4_0,0.49924880461150944
Train_U_3Layers_input_size_5_node1_80_node2_40_node3_30_node4_0,0.403037482379773
Test_U_3Layers_input_size_5_node1_80_node2_40_node3_30_node4_0,0.45992371232352813
Train_U_4Layers_input_size_5_node1_80_node2_40_node3_30_node4_30,0.38983171020141094
Test_U_4Layers_input_size_5_node1_80_node2_40_node3_30_node4_30,0.4598237337194854
Train_U_4Layers_input_size_5_node1_80_node2_40_node3_30_node4_40,0.41762484011722667
Test_U_4Layers_input_size_5_node1_80_node2_40_node3_30_node4_40,0.46600614795497214
Train_U_4Layers_input_size_5_node1_80_node2_40_node3_30_node4_50,0.3920572725783991
Test_U_4Layers_input_size_5_node1_80_node2_40_node3_30_node4_50,0.4652432720316904
Train_U_4Layers_input_size_5_node1_80_node2_40_node3_30_node4_60,0.3934598481888624
Test_U_4Layers_input_size_5_node1_80_node2_40_node3_30_node4_60,0.45516518345403406
Train_U_4Layers_input_size_5_node1_80_node2_40_node3_30_node4_70,0.3958019528582231
Test_U_4Layers_input_size_5_node1_80_node2_40_node3_30_node4_70,0.4694167640229272
Train_U_4Layers_input_size_5_node1_80_node2_40_node3_30_node4_80,0.39301378359901823
Test_U_4Layers_input_size_5_node1_80_node2_40_node3_30_node4_80,0.46638360343917284
Train_U_4Layers_input_size_5_node1_80_node2_40_node3_30_node4_90,0.39224350366020755
Test_U_4Layers_input_size_5_node1_80_node2_40_node3_30_node4_90,0.46221467250985315
Train_U_4Layers_input_size_5_node1_80_node2_40_node3_30_node4_100,0.45538180782664944
Test_U_4Layers_input_size_5_node1_80_node2_40_node3_30_node4_100,0.4922472902342538
Train_U_3Layers_input_size_5_node1_80_node2_40_node3_40_node4_0,0.4509617039350294
Test_U_3Layers_input_size_5_node1_80_node2_40_node3_40_node4_0,0.5283677790220332
Train_U_4Layers_input_size_5_node1_80_node2_40_node3_40_node4_30,0.4160020494708598
Test_U_4Layers_input_size_5_node1_80_node2_40_node3_40_node4_30,0.49318867234871555
Train_U_4Layers_input_size_5_node1_80_node2_40_node3_40_node4_40,0.4073306163430844
Test_U_4Layers_input_size_5_node1_80_node2_40_node3_40_node4_40,0.48351526871491035
Train_U_4Layers_input_size_5_node1_80_node2_40_node3_40_node4_50,0.3909659804803379
Test_U_4Layers_input_size_5_node1_80_node2_40_node3_40_node4_50,0.4587072956467215
Train_U_4Layers_input_size_5_node1_80_node2_40_node3_40_node4_60,0.38845508606215723
Test_U_4Layers_input_size_5_node1_80_node2_40_node3_40_node4_60,0.4540046670554079
Train_U_4Layers_input_size_5_node1_80_node2_40_node3_40_node4_70,0.4049363906381198
Test_U_4Layers_input_size_5_node1_80_node2_40_node3_40_node4_70,0.48082377335296683
Train_U_4Layers_input_size_5_node1_80_node2_40_node3_40_node4_80,0.3895853321343756
Test_U_4Layers_input_size_5_node1_80_node2_40_node3_40_node4_80,0.45369186788249155
Train_U_4Layers_input_size_5_node1_80_node2_40_node3_40_node4_90,0.41564141936602894
Test_U_4Layers_input_size_5_node1_80_node2_40_node3_40_node4_90,0.46664654533683536
Train_U_4Layers_input_size_5_node1_80_node2_40_node3_40_node4_100,0.3939726245587025
Test_U_4Layers_input_size_5_node1_80_node2_40_node3_40_node4_100,0.4678710007513181
Train_U_3Layers_input_size_5_node1_80_node2_40_node3_50_node4_0,0.3904688904675387
Test_U_3Layers_input_size_5_node1_80_node2_40_node3_50_node4_0,0.4540928993629289
Train_U_4Layers_input_size_5_node1_80_node2_40_node3_50_node4_30,0.3908691215634267
Test_U_4Layers_input_size_5_node1_80_node2_40_node3_50_node4_30,0.46294645785562727
Train_U_4Layers_input_size_5_node1_80_node2_40_node3_50_node4_40,0.3972954370346088
Test_U_4Layers_input_size_5_node1_80_node2_40_node3_50_node4_40,0.4571637996598056
Train_U_4Layers_input_size_5_node1_80_node2_40_node3_50_node4_50,0.3910692359230798
Test_U_4Layers_input_size_5_node1_80_node2_40_node3_50_node4_50,0.4563723321761991
Train_U_4Layers_input_size_5_node1_80_node2_40_node3_50_node4_60,0.38825132151033065
Test_U_4Layers_input_size_5_node1_80_node2_40_node3_50_node4_60,0.457864328126211
Train_U_4Layers_input_size_5_node1_80_node2_40_node3_50_node4_70,0.3916511789600983
Test_U_4Layers_input_size_5_node1_80_node2_40_node3_50_node4_70,0.46417410885935956
Train_U_4Layers_input_size_5_node1_80_node2_40_node3_50_node4_80,0.401040178353987
Test_U_4Layers_input_size_5_node1_80_node2_40_node3_50_node4_80,0.4599061516208729
Train_U_4Layers_input_size_5_node1_80_node2_40_node3_50_node4_90,0.40761118044994227
Test_U_4Layers_input_size_5_node1_80_node2_40_node3_50_node4_90,0.48396770211504947
Train_U_4Layers_input_size_5_node1_80_node2_40_node3_50_node4_100,0.394868895073842
Test_U_4Layers_input_size_5_node1_80_node2_40_node3_50_node4_100,0.4694830566655875
Train_U_3Layers_input_size_5_node1_80_node2_40_node3_60_node4_0,0.3871934270212686
Test_U_3Layers_input_size_5_node1_80_node2_40_node3_60_node4_0,0.4569294155816035
Train_U_4Layers_input_size_5_node1_80_node2_40_node3_60_node4_30,0.39262784576599186
Test_U_4Layers_input_size_5_node1_80_node2_40_node3_60_node4_30,0.46653757914107663
Train_U_4Layers_input_size_5_node1_80_node2_40_node3_60_node4_40,0.4036621049452076
Test_U_4Layers_input_size_5_node1_80_node2_40_node3_60_node4_40,0.45915490087203076
Train_U_4Layers_input_size_5_node1_80_node2_40_node3_60_node4_50,0.40023705863760317
Test_U_4Layers_input_size_5_node1_80_node2_40_node3_60_node4_50,0.46087694578533417
Train_U_4Layers_input_size_5_node1_80_node2_40_node3_60_node4_60,0.3896238849906644
Test_U_4Layers_input_size_5_node1_80_node2_40_node3_60_node4_60,0.4575473447180508
Train_U_4Layers_input_size_5_node1_80_node2_40_node3_60_node4_70,0.3919760989169547
Test_U_4Layers_input_size_5_node1_80_node2_40_node3_60_node4_70,0.4533150701782627
Train_U_4Layers_input_size_5_node1_80_node2_40_node3_60_node4_80,0.43254601988962654
Test_U_4Layers_input_size_5_node1_80_node2_40_node3_60_node4_80,0.4799159366538966
Train_U_4Layers_input_size_5_node1_80_node2_40_node3_60_node4_90,0.4049968281080109
Test_U_4Layers_input_size_5_node1_80_node2_40_node3_60_node4_90,0.46253034195734477
Train_U_4Layers_input_size_5_node1_80_node2_40_node3_60_node4_100,0.4540555212819589
Test_U_4Layers_input_size_5_node1_80_node2_40_node3_60_node4_100,0.5317145448261141
Train_U_3Layers_input_size_5_node1_80_node2_40_node3_70_node4_0,0.39158502862515565
Test_U_3Layers_input_size_5_node1_80_node2_40_node3_70_node4_0,0.4613760623687113
Train_U_4Layers_input_size_5_node1_80_node2_40_node3_70_node4_30,0.38852683193260173
Test_U_4Layers_input_size_5_node1_80_node2_40_node3_70_node4_30,0.4593301971800939
Train_U_4Layers_input_size_5_node1_80_node2_40_node3_70_node4_40,0.3943132043476377
Test_U_4Layers_input_size_5_node1_80_node2_40_node3_70_node4_40,0.46006138832508336
Train_U_4Layers_input_size_5_node1_80_node2_40_node3_70_node4_50,0.3980421086588443
Test_U_4Layers_input_size_5_node1_80_node2_40_node3_70_node4_50,0.4561335722111756
Train_U_4Layers_input_size_5_node1_80_node2_40_node3_70_node4_60,0.39562444026961663
Test_U_4Layers_input_size_5_node1_80_node2_40_node3_70_node4_60,0.4562003742298011
Train_U_4Layers_input_size_5_node1_80_node2_40_node3_70_node4_70,0.4681373407140398
Test_U_4Layers_input_size_5_node1_80_node2_40_node3_70_node4_70,0.504422625546771
Train_U_4Layers_input_size_5_node1_80_node2_40_node3_70_node4_80,0.40782955177875707
Test_U_4Layers_input_size_5_node1_80_node2_40_node3_70_node4_80,0.4606754398550243
Train_U_4Layers_input_size_5_node1_80_node2_40_node3_70_node4_90,0.40424269161093773
Test_U_4Layers_input_size_5_node1_80_node2_40_node3_70_node4_90,0.4594011078765956
Train_U_4Layers_input_size_5_node1_80_node2_40_node3_70_node4_100,0.3875923500457113
Test_U_4Layers_input_size_5_node1_80_node2_40_node3_70_node4_100,0.4573154218089519
Train_U_3Layers_input_size_5_node1_80_node2_40_node3_80_node4_0,0.4004701674931534
Test_U_3Layers_input_size_5_node1_80_node2_40_node3_80_node4_0,0.4764220233932143
Train_U_4Layers_input_size_5_node1_80_node2_40_node3_80_node4_30,0.3915965967029972
Test_U_4Layers_input_size_5_node1_80_node2_40_node3_80_node4_30,0.4618858990138251
Train_U_4Layers_input_size_5_node1_80_node2_40_node3_80_node4_40,0.38959598427221587
Test_U_4Layers_input_size_5_node1_80_node2_40_node3_80_node4_40,0.46113968310474673
Train_U_4Layers_input_size_5_node1_80_node2_40_node3_80_node4_50,0.4035440337085904
Test_U_4Layers_input_size_5_node1_80_node2_40_node3_80_node4_50,0.47964305796069706
Train_U_4Layers_input_size_5_node1_80_node2_40_node3_80_node4_60,0.3898616006926868
Test_U_4Layers_input_size_5_node1_80_node2_40_node3_80_node4_60,0.4614587519739231
Train_U_4Layers_input_size_5_node1_80_node2_40_node3_80_node4_70,0.3913118617904521
Test_U_4Layers_input_size_5_node1_80_node2_40_node3_80_node4_70,0.4633198932658351
Train_U_4Layers_input_size_5_node1_80_node2_40_node3_80_node4_80,0.3906827311770176
Test_U_4Layers_input_size_5_node1_80_node2_40_node3_80_node4_80,0.4635918211503076
Train_U_4Layers_input_size_5_node1_80_node2_40_node3_80_node4_90,0.3942515259739209
Test_U_4Layers_input_size_5_node1_80_node2_40_node3_80_node4_90,0.45377505469705165
Train_U_4Layers_input_size_5_node1_80_node2_40_node3_80_node4_100,0.4097723299392511
Test_U_4Layers_input_size_5_node1_80_node2_40_node3_80_node4_100,0.46203618118910744
Train_U_3Layers_input_size_5_node1_80_node2_40_node3_90_node4_0,0.39909732636765527
Test_U_3Layers_input_size_5_node1_80_node2_40_node3_90_node4_0,0.4741453249049886
Train_U_4Layers_input_size_5_node1_80_node2_40_node3_90_node4_30,0.3950133824194068
Test_U_4Layers_input_size_5_node1_80_node2_40_node3_90_node4_30,0.45305906013301694
Train_U_4Layers_input_size_5_node1_80_node2_40_node3_90_node4_40,0.39763504451427534
Test_U_4Layers_input_size_5_node1_80_node2_40_node3_90_node4_40,0.47278965099968845
Train_U_4Layers_input_size_5_node1_80_node2_40_node3_90_node4_50,0.40565682167346184
Test_U_4Layers_input_size_5_node1_80_node2_40_node3_90_node4_50,0.4820573796589265
Train_U_4Layers_input_size_5_node1_80_node2_40_node3_90_node4_60,0.38903312572217347
Test_U_4Layers_input_size_5_node1_80_node2_40_node3_90_node4_60,0.4573273311022777
Train_U_4Layers_input_size_5_node1_80_node2_40_node3_90_node4_70,0.3986424872473336
Test_U_4Layers_input_size_5_node1_80_node2_40_node3_90_node4_70,0.45640983068203655
Train_U_4Layers_input_size_5_node1_80_node2_40_node3_90_node4_80,0.406917994845398
Test_U_4Layers_input_size_5_node1_80_node2_40_node3_90_node4_80,0.4841611143845436
Train_U_4Layers_input_size_5_node1_80_node2_40_node3_90_node4_90,0.4316516201638436
Test_U_4Layers_input_size_5_node1_80_node2_40_node3_90_node4_90,0.5098125100041686
Train_U_4Layers_input_size_5_node1_80_node2_40_node3_90_node4_100,0.38893944429662225
Test_U_4Layers_input_size_5_node1_80_node2_40_node3_90_node4_100,0.45899956860657076
Train_U_3Layers_input_size_5_node1_80_node2_40_node3_100_node4_0,0.38976641711660925
Test_U_3Layers_input_size_5_node1_80_node2_40_node3_100_node4_0,0.4592332692688659
Train_U_4Layers_input_size_5_node1_80_node2_40_node3_100_node4_30,0.39122994310565484
Test_U_4Layers_input_size_5_node1_80_node2_40_node3_100_node4_30,0.4621409852800049
Train_U_4Layers_input_size_5_node1_80_node2_40_node3_100_node4_40,0.39081117008311766
Test_U_4Layers_input_size_5_node1_80_node2_40_node3_100_node4_40,0.4631677112112293
Train_U_4Layers_input_size_5_node1_80_node2_40_node3_100_node4_50,0.38793088736659215
Test_U_4Layers_input_size_5_node1_80_node2_40_node3_100_node4_50,0.4584713117668195
Train_U_4Layers_input_size_5_node1_80_node2_40_node3_100_node4_60,0.409409160499136
Test_U_4Layers_input_size_5_node1_80_node2_40_node3_100_node4_60,0.4862011356856759
Train_U_4Layers_input_size_5_node1_80_node2_40_node3_100_node4_70,0.4040784383936101
Test_U_4Layers_input_size_5_node1_80_node2_40_node3_100_node4_70,0.45803714162136205
Train_U_4Layers_input_size_5_node1_80_node2_40_node3_100_node4_80,0.3903871384259429
Test_U_4Layers_input_size_5_node1_80_node2_40_node3_100_node4_80,0.45583951068344447
Train_U_4Layers_input_size_5_node1_80_node2_40_node3_100_node4_90,0.39448475327660415
Test_U_4Layers_input_size_5_node1_80_node2_40_node3_100_node4_90,0.4684456791077806
Train_U_4Layers_input_size_5_node1_80_node2_40_node3_100_node4_100,0.3991940365661241
Test_U_4Layers_input_size_5_node1_80_node2_40_node3_100_node4_100,0.4742838367120918
Train_U_2Layers_input_size_5_node1_80_node2_50_node3_0_node4_0,0.39668122464534383
Test_U_2Layers_input_size_5_node1_80_node2_50_node3_0_node4_0,0.458567523368824
Train_U_3Layers_input_size_5_node1_80_node2_50_node3_30_node4_0,0.3918950415236504
Test_U_3Layers_input_size_5_node1_80_node2_50_node3_30_node4_0,0.457885791002605
Train_U_4Layers_input_size_5_node1_80_node2_50_node3_30_node4_30,0.3905180593971901
Test_U_4Layers_input_size_5_node1_80_node2_50_node3_30_node4_30,0.4636428611824089
Train_U_4Layers_input_size_5_node1_80_node2_50_node3_30_node4_40,0.3945589716774858
Test_U_4Layers_input_size_5_node1_80_node2_50_node3_30_node4_40,0.46973408080367374
Train_U_4Layers_input_size_5_node1_80_node2_50_node3_30_node4_50,0.39088187354826714
Test_U_4Layers_input_size_5_node1_80_node2_50_node3_30_node4_50,0.4639155794299618
Train_U_4Layers_input_size_5_node1_80_node2_50_node3_30_node4_60,0.4100310543267128
Test_U_4Layers_input_size_5_node1_80_node2_50_node3_30_node4_60,0.4661230227325395
Train_U_4Layers_input_size_5_node1_80_node2_50_node3_30_node4_70,0.38873706443460715
Test_U_4Layers_input_size_5_node1_80_node2_50_node3_30_node4_70,0.4555969555129294
Train_U_4Layers_input_size_5_node1_80_node2_50_node3_30_node4_80,0.3944863586569309
Test_U_4Layers_input_size_5_node1_80_node2_50_node3_30_node4_80,0.46826192559485297
Train_U_4Layers_input_size_5_node1_80_node2_50_node3_30_node4_90,0.4609515624406632
Test_U_4Layers_input_size_5_node1_80_node2_50_node3_30_node4_90,0.5377114822500441
Train_U_4Layers_input_size_5_node1_80_node2_50_node3_30_node4_100,0.4107047273874181
Test_U_4Layers_input_size_5_node1_80_node2_50_node3_30_node4_100,0.4628103806358921
Train_U_3Layers_input_size_5_node1_80_node2_50_node3_40_node4_0,0.4207208351650842
Test_U_3Layers_input_size_5_node1_80_node2_50_node3_40_node4_0,0.4979235328083857
Train_U_4Layers_input_size_5_node1_80_node2_50_node3_40_node4_30,0.4672630727366902
Test_U_4Layers_input_size_5_node1_80_node2_50_node3_40_node4_30,0.5439147392734802
Train_U_4Layers_input_size_5_node1_80_node2_50_node3_40_node4_40,0.4073469135086956
Test_U_4Layers_input_size_5_node1_80_node2_50_node3_40_node4_40,0.4623798336684953
Train_U_4Layers_input_size_5_node1_80_node2_50_node3_40_node4_50,0.39510566140229125
Test_U_4Layers_input_size_5_node1_80_node2_50_node3_40_node4_50,0.4588182351559754
Train_U_4Layers_input_size_5_node1_80_node2_50_node3_40_node4_60,0.3883636249071039
Test_U_4Layers_input_size_5_node1_80_node2_50_node3_40_node4_60,0.45938704663005936
Train_U_4Layers_input_size_5_node1_80_node2_50_node3_40_node4_70,0.3891695181798649
Test_U_4Layers_input_size_5_node1_80_node2_50_node3_40_node4_70,0.45579941526039014
Train_U_4Layers_input_size_5_node1_80_node2_50_node3_40_node4_80,0.3884894743356357
Test_U_4Layers_input_size_5_node1_80_node2_50_node3_40_node4_80,0.45975655066286825
Train_U_4Layers_input_size_5_node1_80_node2_50_node3_40_node4_90,0.3940546348385844
Test_U_4Layers_input_size_5_node1_80_node2_50_node3_40_node4_90,0.45543460227198374
Train_U_4Layers_input_size_5_node1_80_node2_50_node3_40_node4_100,0.429523055080644
Test_U_4Layers_input_size_5_node1_80_node2_50_node3_40_node4_100,0.5072061292948847
Train_U_3Layers_input_size_5_node1_80_node2_50_node3_50_node4_0,0.4008000769106378
Test_U_3Layers_input_size_5_node1_80_node2_50_node3_50_node4_0,0.4598281247449005
Train_U_4Layers_input_size_5_node1_80_node2_50_node3_50_node4_30,0.38996188145587934
Test_U_4Layers_input_size_5_node1_80_node2_50_node3_50_node4_30,0.455257380467082
Train_U_4Layers_input_size_5_node1_80_node2_50_node3_50_node4_40,0.3904333979863021
Test_U_4Layers_input_size_5_node1_80_node2_50_node3_50_node4_40,0.46090038602733774
Train_U_4Layers_input_size_5_node1_80_node2_50_node3_50_node4_50,0.3840402455784561
Test_U_4Layers_input_size_5_node1_80_node2_50_node3_50_node4_50,0.4538682071415953
Train_U_4Layers_input_size_5_node1_80_node2_50_node3_50_node4_60,0.39046923392740207
Test_U_4Layers_input_size_5_node1_80_node2_50_node3_50_node4_60,0.4626931682776914
Train_U_4Layers_input_size_5_node1_80_node2_50_node3_50_node4_70,0.48228006170439486
Test_U_4Layers_input_size_5_node1_80_node2_50_node3_50_node4_70,0.5116144030228698
Train_U_4Layers_input_size_5_node1_80_node2_50_node3_50_node4_80,0.39607318922622264
Test_U_4Layers_input_size_5_node1_80_node2_50_node3_50_node4_80,0.45616550446988174
Train_U_4Layers_input_size_5_node1_80_node2_50_node3_50_node4_90,0.3899023810810235
Test_U_4Layers_input_size_5_node1_80_node2_50_node3_50_node4_90,0.4597349482359886
Train_U_4Layers_input_size_5_node1_80_node2_50_node3_50_node4_100,0.38858136604065235
Test_U_4Layers_input_size_5_node1_80_node2_50_node3_50_node4_100,0.4589949586337948
Train_U_3Layers_input_size_5_node1_80_node2_50_node3_60_node4_0,0.4124888259645818
Test_U_3Layers_input_size_5_node1_80_node2_50_node3_60_node4_0,0.4892625180320827
Train_U_4Layers_input_size_5_node1_80_node2_50_node3_60_node4_30,0.3917982031057103
Test_U_4Layers_input_size_5_node1_80_node2_50_node3_60_node4_30,0.4621326179495602
Train_U_4Layers_input_size_5_node1_80_node2_50_node3_60_node4_40,0.4273011613507316
Test_U_4Layers_input_size_5_node1_80_node2_50_node3_60_node4_40,0.4700396440150968
Train_U_4Layers_input_size_5_node1_80_node2_50_node3_60_node4_50,0.4178611937845868
Test_U_4Layers_input_size_5_node1_80_node2_50_node3_60_node4_50,0.46883793641821003
Train_U_4Layers_input_size_5_node1_80_node2_50_node3_60_node4_60,0.4044649447445055
Test_U_4Layers_input_size_5_node1_80_node2_50_node3_60_node4_60,0.45749940288483887
Train_U_4Layers_input_size_5_node1_80_node2_50_node3_60_node4_70,0.4174935679025918
Test_U_4Layers_input_size_5_node1_80_node2_50_node3_60_node4_70,0.4669667976143033
Train_U_4Layers_input_size_5_node1_80_node2_50_node3_60_node4_80,0.39247872152174496
Test_U_4Layers_input_size_5_node1_80_node2_50_node3_60_node4_80,0.4664112397506872
Train_U_4Layers_input_size_5_node1_80_node2_50_node3_60_node4_90,0.39584784313846355
Test_U_4Layers_input_size_5_node1_80_node2_50_node3_60_node4_90,0.4694932766758988
Train_U_4Layers_input_size_5_node1_80_node2_50_node3_60_node4_100,0.42229573145137916
Test_U_4Layers_input_size_5_node1_80_node2_50_node3_60_node4_100,0.49967399042128396
Train_U_3Layers_input_size_5_node1_80_node2_50_node3_70_node4_0,0.44668042742055336
Test_U_3Layers_input_size_5_node1_80_node2_50_node3_70_node4_0,0.5239459457854366
Train_U_4Layers_input_size_5_node1_80_node2_50_node3_70_node4_30,0.395731676583574
Test_U_4Layers_input_size_5_node1_80_node2_50_node3_70_node4_30,0.46969664670727085
Train_U_4Layers_input_size_5_node1_80_node2_50_node3_70_node4_40,0.44010273709337744
Test_U_4Layers_input_size_5_node1_80_node2_50_node3_70_node4_40,0.5184431512856892
Train_U_4Layers_input_size_5_node1_80_node2_50_node3_70_node4_50,0.39559210361795344
Test_U_4Layers_input_size_5_node1_80_node2_50_node3_70_node4_50,0.45529259797259897
Train_U_4Layers_input_size_5_node1_80_node2_50_node3_70_node4_60,0.38671557107254617
Test_U_4Layers_input_size_5_node1_80_node2_50_node3_70_node4_60,0.4552082972522899
Train_U_4Layers_input_size_5_node1_80_node2_50_node3_70_node4_70,0.432979681592184
Test_U_4Layers_input_size_5_node1_80_node2_50_node3_70_node4_70,0.4764683114449672
Train_U_4Layers_input_size_5_node1_80_node2_50_node3_70_node4_80,0.38973412969697974
Test_U_4Layers_input_size_5_node1_80_node2_50_node3_70_node4_80,0.4615970999960485
Train_U_4Layers_input_size_5_node1_80_node2_50_node3_70_node4_90,0.448392522862441
Test_U_4Layers_input_size_5_node1_80_node2_50_node3_70_node4_90,0.5255431340315385
Train_U_4Layers_input_size_5_node1_80_node2_50_node3_70_node4_100,0.3990007981325834
Test_U_4Layers_input_size_5_node1_80_node2_50_node3_70_node4_100,0.4559893020056774
Train_U_3Layers_input_size_5_node1_80_node2_50_node3_80_node4_0,0.39106470156368917
Test_U_3Layers_input_size_5_node1_80_node2_50_node3_80_node4_0,0.4634129599146477
Train_U_4Layers_input_size_5_node1_80_node2_50_node3_80_node4_30,0.39477084221516867
Test_U_4Layers_input_size_5_node1_80_node2_50_node3_80_node4_30,0.4695690469873123
Train_U_4Layers_input_size_5_node1_80_node2_50_node3_80_node4_40,0.39478829951934735
Test_U_4Layers_input_size_5_node1_80_node2_50_node3_80_node4_40,0.468647754962297
Train_U_4Layers_input_size_5_node1_80_node2_50_node3_80_node4_50,0.44635186285658107
Test_U_4Layers_input_size_5_node1_80_node2_50_node3_80_node4_50,0.4867453872469934
Train_U_4Layers_input_size_5_node1_80_node2_50_node3_80_node4_60,0.4052199362864472
Test_U_4Layers_input_size_5_node1_80_node2_50_node3_80_node4_60,0.46116091276229704
Train_U_4Layers_input_size_5_node1_80_node2_50_node3_80_node4_70,0.4170633116911003
Test_U_4Layers_input_size_5_node1_80_node2_50_node3_80_node4_70,0.4947411728910484
Train_U_4Layers_input_size_5_node1_80_node2_50_node3_80_node4_80,0.4293595362881299
Test_U_4Layers_input_size_5_node1_80_node2_50_node3_80_node4_80,0.47531894340887904
Train_U_4Layers_input_size_5_node1_80_node2_50_node3_80_node4_90,0.3894938877088881
Test_U_4Layers_input_size_5_node1_80_node2_50_node3_80_node4_90,0.46229405328456313
Train_U_4Layers_input_size_5_node1_80_node2_50_node3_80_node4_100,0.3901767638545895
Test_U_4Layers_input_size_5_node1_80_node2_50_node3_80_node4_100,0.4521593788751087
Train_U_3Layers_input_size_5_node1_80_node2_50_node3_90_node4_0,0.38991697995830316
Test_U_3Layers_input_size_5_node1_80_node2_50_node3_90_node4_0,0.4612103640576275
Train_U_4Layers_input_size_5_node1_80_node2_50_node3_90_node4_30,0.39186118027017863
Test_U_4Layers_input_size_5_node1_80_node2_50_node3_90_node4_30,0.4638415520260068
Train_U_4Layers_input_size_5_node1_80_node2_50_node3_90_node4_40,0.397870333289158
Test_U_4Layers_input_size_5_node1_80_node2_50_node3_90_node4_40,0.45894952195318545
Train_U_4Layers_input_size_5_node1_80_node2_50_node3_90_node4_50,0.39034354560595663
Test_U_4Layers_input_size_5_node1_80_node2_50_node3_90_node4_50,0.45465218580562305
Train_U_4Layers_input_size_5_node1_80_node2_50_node3_90_node4_60,0.5376612377073975
Test_U_4Layers_input_size_5_node1_80_node2_50_node3_90_node4_60,0.5547682475028175
Train_U_4Layers_input_size_5_node1_80_node2_50_node3_90_node4_70,0.4074667169868499
Test_U_4Layers_input_size_5_node1_80_node2_50_node3_90_node4_70,0.46121070330007996
Train_U_4Layers_input_size_5_node1_80_node2_50_node3_90_node4_80,0.39026944190965684
Test_U_4Layers_input_size_5_node1_80_node2_50_node3_90_node4_80,0.45769857935640185
Train_U_4Layers_input_size_5_node1_80_node2_50_node3_90_node4_90,0.3905205014643663
Test_U_4Layers_input_size_5_node1_80_node2_50_node3_90_node4_90,0.4630609834625335
Train_U_4Layers_input_size_5_node1_80_node2_50_node3_90_node4_100,0.38886850261992745
Test_U_4Layers_input_size_5_node1_80_node2_50_node3_90_node4_100,0.4609740614534298
Train_U_3Layers_input_size_5_node1_80_node2_50_node3_100_node4_0,0.42345985550653614
Test_U_3Layers_input_size_5_node1_80_node2_50_node3_100_node4_0,0.4728954592611605
Train_U_4Layers_input_size_5_node1_80_node2_50_node3_100_node4_30,0.38783753522529185
Test_U_4Layers_input_size_5_node1_80_node2_50_node3_100_node4_30,0.4514778222808084
Train_U_4Layers_input_size_5_node1_80_node2_50_node3_100_node4_40,0.3885505141750022
Test_U_4Layers_input_size_5_node1_80_node2_50_node3_100_node4_40,0.4569646183576615
Train_U_4Layers_input_size_5_node1_80_node2_50_node3_100_node4_50,0.4102936832328964
Test_U_4Layers_input_size_5_node1_80_node2_50_node3_100_node4_50,0.463616249070795
Train_U_4Layers_input_size_5_node1_80_node2_50_node3_100_node4_60,0.39954383439410085
Test_U_4Layers_input_size_5_node1_80_node2_50_node3_100_node4_60,0.4749432554984342
Train_U_4Layers_input_size_5_node1_80_node2_50_node3_100_node4_70,0.44403805651358574
Test_U_4Layers_input_size_5_node1_80_node2_50_node3_100_node4_70,0.48443375507984626
Train_U_4Layers_input_size_5_node1_80_node2_50_node3_100_node4_80,0.3967697169110505
Test_U_4Layers_input_size_5_node1_80_node2_50_node3_100_node4_80,0.459094468568854
Train_U_4Layers_input_size_5_node1_80_node2_50_node3_100_node4_90,0.4570909118835464
Test_U_4Layers_input_size_5_node1_80_node2_50_node3_100_node4_90,0.5345456057362823
Train_U_4Layers_input_size_5_node1_80_node2_50_node3_100_node4_100,0.38650728474348633
Test_U_4Layers_input_size_5_node1_80_node2_50_node3_100_node4_100,0.45478708349945446
Train_U_2Layers_input_size_5_node1_80_node2_60_node3_0_node4_0,0.3961776148027289
Test_U_2Layers_input_size_5_node1_80_node2_60_node3_0_node4_0,0.45892060831147163
Train_U_3Layers_input_size_5_node1_80_node2_60_node3_30_node4_0,0.39329162211147967
Test_U_3Layers_input_size_5_node1_80_node2_60_node3_30_node4_0,0.4611116823738012
Train_U_4Layers_input_size_5_node1_80_node2_60_node3_30_node4_30,0.42022967036475856
Test_U_4Layers_input_size_5_node1_80_node2_60_node3_30_node4_30,0.49719403119356015
Train_U_4Layers_input_size_5_node1_80_node2_60_node3_30_node4_40,0.4259960962405455
Test_U_4Layers_input_size_5_node1_80_node2_60_node3_30_node4_40,0.4718807100114754
Train_U_4Layers_input_size_5_node1_80_node2_60_node3_30_node4_50,0.43189459876321873
Test_U_4Layers_input_size_5_node1_80_node2_60_node3_30_node4_50,0.509484107378917
Train_U_4Layers_input_size_5_node1_80_node2_60_node3_30_node4_60,0.39930996086159964
Test_U_4Layers_input_size_5_node1_80_node2_60_node3_30_node4_60,0.45829051713648733
Train_U_4Layers_input_size_5_node1_80_node2_60_node3_30_node4_70,0.40112269396310746
Test_U_4Layers_input_size_5_node1_80_node2_60_node3_30_node4_70,0.47680360917135084
Train_U_4Layers_input_size_5_node1_80_node2_60_node3_30_node4_80,0.3930369111361838
Test_U_4Layers_input_size_5_node1_80_node2_60_node3_30_node4_80,0.46054040647045713
Train_U_4Layers_input_size_5_node1_80_node2_60_node3_30_node4_90,0.3926676747686132
Test_U_4Layers_input_size_5_node1_80_node2_60_node3_30_node4_90,0.4665163066861716
Train_U_4Layers_input_size_5_node1_80_node2_60_node3_30_node4_100,0.4233047840423922
Test_U_4Layers_input_size_5_node1_80_node2_60_node3_30_node4_100,0.5007464380408987
Train_U_3Layers_input_size_5_node1_80_node2_60_node3_40_node4_0,0.39827855997834566
Test_U_3Layers_input_size_5_node1_80_node2_60_node3_40_node4_0,0.45774230093343476
Train_U_4Layers_input_size_5_node1_80_node2_60_node3_40_node4_30,0.3934991385584979
Test_U_4Layers_input_size_5_node1_80_node2_60_node3_40_node4_30,0.4557895420589995
Train_U_4Layers_input_size_5_node1_80_node2_60_node3_40_node4_40,0.39407755003950307
Test_U_4Layers_input_size_5_node1_80_node2_60_node3_40_node4_40,0.45906895608952014
Train_U_4Layers_input_size_5_node1_80_node2_60_node3_40_node4_50,0.4109546157405504
Test_U_4Layers_input_size_5_node1_80_node2_60_node3_40_node4_50,0.48736743102613267
Train_U_4Layers_input_size_5_node1_80_node2_60_node3_40_node4_60,0.39425536225711316
Test_U_4Layers_input_size_5_node1_80_node2_60_node3_40_node4_60,0.46746387472159934
Train_U_4Layers_input_size_5_node1_80_node2_60_node3_40_node4_70,0.38889490370791646
Test_U_4Layers_input_size_5_node1_80_node2_60_node3_40_node4_70,0.45875223660768366
Train_U_4Layers_input_size_5_node1_80_node2_60_node3_40_node4_80,0.39609700338919834
Test_U_4Layers_input_size_5_node1_80_node2_60_node3_40_node4_80,0.4585545576722406
Train_U_4Layers_input_size_5_node1_80_node2_60_node3_40_node4_90,0.39359968510325366
Test_U_4Layers_input_size_5_node1_80_node2_60_node3_40_node4_90,0.4572536383901746
Train_U_4Layers_input_size_5_node1_80_node2_60_node3_40_node4_100,0.3907036511395349
Test_U_4Layers_input_size_5_node1_80_node2_60_node3_40_node4_100,0.4613275009525739
Train_U_3Layers_input_size_5_node1_80_node2_60_node3_50_node4_0,0.38800897089428976
Test_U_3Layers_input_size_5_node1_80_node2_60_node3_50_node4_0,0.45771319708701924
Train_U_4Layers_input_size_5_node1_80_node2_60_node3_50_node4_30,0.38912753132340827
Test_U_4Layers_input_size_5_node1_80_node2_60_node3_50_node4_30,0.45773867119229605
Train_U_4Layers_input_size_5_node1_80_node2_60_node3_50_node4_40,0.41915593043785626
Test_U_4Layers_input_size_5_node1_80_node2_60_node3_50_node4_40,0.4962201745849855
Train_U_4Layers_input_size_5_node1_80_node2_60_node3_50_node4_50,0.40293864371053256
Test_U_4Layers_input_size_5_node1_80_node2_60_node3_50_node4_50,0.46083932574631664
Train_U_4Layers_input_size_5_node1_80_node2_60_node3_50_node4_60,0.43877818517006467
Test_U_4Layers_input_size_5_node1_80_node2_60_node3_50_node4_60,0.5163882992577887
Train_U_4Layers_input_size_5_node1_80_node2_60_node3_50_node4_70,0.3908631933690272
Test_U_4Layers_input_size_5_node1_80_node2_60_node3_50_node4_70,0.45864641449309757
Train_U_4Layers_input_size_5_node1_80_node2_60_node3_50_node4_80,0.38938560321386656
Test_U_4Layers_input_size_5_node1_80_node2_60_node3_50_node4_80,0.4612090717031418
Train_U_4Layers_input_size_5_node1_80_node2_60_node3_50_node4_90,0.38759342651673556
Test_U_4Layers_input_size_5_node1_80_node2_60_node3_50_node4_90,0.4555893674504007
Train_U_4Layers_input_size_5_node1_80_node2_60_node3_50_node4_100,0.38698227890974274
Test_U_4Layers_input_size_5_node1_80_node2_60_node3_50_node4_100,0.45529605084346
Train_U_3Layers_input_size_5_node1_80_node2_60_node3_60_node4_0,0.3898046844724018
Test_U_3Layers_input_size_5_node1_80_node2_60_node3_60_node4_0,0.4623967203605974
Train_U_4Layers_input_size_5_node1_80_node2_60_node3_60_node4_30,0.3916546982938617
Test_U_4Layers_input_size_5_node1_80_node2_60_node3_60_node4_30,0.45659799499188464
Train_U_4Layers_input_size_5_node1_80_node2_60_node3_60_node4_40,0.3929786726379498
Test_U_4Layers_input_size_5_node1_80_node2_60_node3_60_node4_40,0.45505230547961506
Train_U_4Layers_input_size_5_node1_80_node2_60_node3_60_node4_50,0.38955903521495966
Test_U_4Layers_input_size_5_node1_80_node2_60_node3_60_node4_50,0.4543606418980392
Train_U_4Layers_input_size_5_node1_80_node2_60_node3_60_node4_60,0.4050749511005834
Test_U_4Layers_input_size_5_node1_80_node2_60_node3_60_node4_60,0.4810801546926909
Train_U_4Layers_input_size_5_node1_80_node2_60_node3_60_node4_70,0.39551559252210045
Test_U_4Layers_input_size_5_node1_80_node2_60_node3_60_node4_70,0.4562731756568786
Train_U_4Layers_input_size_5_node1_80_node2_60_node3_60_node4_80,0.39461102953745036
Test_U_4Layers_input_size_5_node1_80_node2_60_node3_60_node4_80,0.45705037199267534
Train_U_4Layers_input_size_5_node1_80_node2_60_node3_60_node4_90,0.38406977203536585
Test_U_4Layers_input_size_5_node1_80_node2_60_node3_60_node4_90,0.4543603959288049
Train_U_4Layers_input_size_5_node1_80_node2_60_node3_60_node4_100,0.41535801020317203
Test_U_4Layers_input_size_5_node1_80_node2_60_node3_60_node4_100,0.49230353183575887
Train_U_3Layers_input_size_5_node1_80_node2_60_node3_70_node4_0,0.3900650206797514
Test_U_3Layers_input_size_5_node1_80_node2_60_node3_70_node4_0,0.46251189757844213
Train_U_4Layers_input_size_5_node1_80_node2_60_node3_70_node4_30,0.43259369590476204
Test_U_4Layers_input_size_5_node1_80_node2_60_node3_70_node4_30,0.47415494159600174
Train_U_4Layers_input_size_5_node1_80_node2_60_node3_70_node4_40,0.38999495240148413
Test_U_4Layers_input_size_5_node1_80_node2_60_node3_70_node4_40,0.4603713648360221
Train_U_4Layers_input_size_5_node1_80_node2_60_node3_70_node4_50,0.4082478585441101
Test_U_4Layers_input_size_5_node1_80_node2_60_node3_70_node4_50,0.4643258808388681
Train_U_4Layers_input_size_5_node1_80_node2_60_node3_70_node4_60,0.39728778563498995
Test_U_4Layers_input_size_5_node1_80_node2_60_node3_70_node4_60,0.45485142967688824
Train_U_4Layers_input_size_5_node1_80_node2_60_node3_70_node4_70,0.38786994210503545
Test_U_4Layers_input_size_5_node1_80_node2_60_node3_70_node4_70,0.45633389994881235
Train_U_4Layers_input_size_5_node1_80_node2_60_node3_70_node4_80,0.39172968112345274
Test_U_4Layers_input_size_5_node1_80_node2_60_node3_70_node4_80,0.465521118557765
Train_U_4Layers_input_size_5_node1_80_node2_60_node3_70_node4_90,0.4016192681823388
Test_U_4Layers_input_size_5_node1_80_node2_60_node3_70_node4_90,0.4599128746628178
Train_U_4Layers_input_size_5_node1_80_node2_60_node3_70_node4_100,0.41361635392076224
Test_U_4Layers_input_size_5_node1_80_node2_60_node3_70_node4_100,0.4900556291658756
Train_U_3Layers_input_size_5_node1_80_node2_60_node3_80_node4_0,0.3925360851647543
Test_U_3Layers_input_size_5_node1_80_node2_60_node3_80_node4_0,0.46342937488082664
Train_U_4Layers_input_size_5_node1_80_node2_60_node3_80_node4_30,0.3888406243441231
Test_U_4Layers_input_size_5_node1_80_node2_60_node3_80_node4_30,0.46024553439860855
Train_U_4Layers_input_size_5_node1_80_node2_60_node3_80_node4_40,0.4009863910315929
Test_U_4Layers_input_size_5_node1_80_node2_60_node3_80_node4_40,0.4759836746579828
Train_U_4Layers_input_size_5_node1_80_node2_60_node3_80_node4_50,0.3973109644220624
Test_U_4Layers_input_size_5_node1_80_node2_60_node3_80_node4_50,0.4719755299325002
Train_U_4Layers_input_size_5_node1_80_node2_60_node3_80_node4_60,0.3888429811416869
Test_U_4Layers_input_size_5_node1_80_node2_60_node3_80_node4_60,0.46020928742687034
Train_U_4Layers_input_size_5_node1_80_node2_60_node3_80_node4_70,0.38706813788931593
Test_U_4Layers_input_size_5_node1_80_node2_60_node3_80_node4_70,0.4546976422623968
Train_U_4Layers_input_size_5_node1_80_node2_60_node3_80_node4_80,0.3898715573104122
Test_U_4Layers_input_size_5_node1_80_node2_60_node3_80_node4_80,0.4555036331873524
Train_U_4Layers_input_size_5_node1_80_node2_60_node3_80_node4_90,0.3982771943680149
Test_U_4Layers_input_size_5_node1_80_node2_60_node3_80_node4_90,0.4579040637580125
Train_U_4Layers_input_size_5_node1_80_node2_60_node3_80_node4_100,0.3874305570583082
Test_U_4Layers_input_size_5_node1_80_node2_60_node3_80_node4_100,0.454805873917465
Train_U_3Layers_input_size_5_node1_80_node2_60_node3_90_node4_0,0.3994661964025125
Test_U_3Layers_input_size_5_node1_80_node2_60_node3_90_node4_0,0.4748537509790146
Train_U_4Layers_input_size_5_node1_80_node2_60_node3_90_node4_30,0.3956487898882936
Test_U_4Layers_input_size_5_node1_80_node2_60_node3_90_node4_30,0.4582344584308699
Train_U_4Layers_input_size_5_node1_80_node2_60_node3_90_node4_40,0.3886031852101293
Test_U_4Layers_input_size_5_node1_80_node2_60_node3_90_node4_40,0.46013756213751883
Train_U_4Layers_input_size_5_node1_80_node2_60_node3_90_node4_50,0.38856571990653693
Test_U_4Layers_input_size_5_node1_80_node2_60_node3_90_node4_50,0.45464263183389964
Train_U_4Layers_input_size_5_node1_80_node2_60_node3_90_node4_60,0.3878303888269528
Test_U_4Layers_input_size_5_node1_80_node2_60_node3_90_node4_60,0.45832439616188553
Train_U_4Layers_input_size_5_node1_80_node2_60_node3_90_node4_70,0.3855217992170442
Test_U_4Layers_input_size_5_node1_80_node2_60_node3_90_node4_70,0.4550319697341168
Train_U_4Layers_input_size_5_node1_80_node2_60_node3_90_node4_80,0.3913743841787176
Test_U_4Layers_input_size_5_node1_80_node2_60_node3_90_node4_80,0.4542225830262829
Train_U_4Layers_input_size_5_node1_80_node2_60_node3_90_node4_90,0.4323403913162736
Test_U_4Layers_input_size_5_node1_80_node2_60_node3_90_node4_90,0.5095015678662406
Train_U_4Layers_input_size_5_node1_80_node2_60_node3_90_node4_100,0.39996214478894804
Test_U_4Layers_input_size_5_node1_80_node2_60_node3_90_node4_100,0.45932028632754124
Train_U_3Layers_input_size_5_node1_80_node2_60_node3_100_node4_0,0.43074304803561836
Test_U_3Layers_input_size_5_node1_80_node2_60_node3_100_node4_0,0.4737141962034462
Train_U_4Layers_input_size_5_node1_80_node2_60_node3_100_node4_30,0.396273401814834
Test_U_4Layers_input_size_5_node1_80_node2_60_node3_100_node4_30,0.46979618944357926
Train_U_4Layers_input_size_5_node1_80_node2_60_node3_100_node4_40,0.3907314536952254
Test_U_4Layers_input_size_5_node1_80_node2_60_node3_100_node4_40,0.45414535147259605
Train_U_4Layers_input_size_5_node1_80_node2_60_node3_100_node4_50,0.39809165231044386
Test_U_4Layers_input_size_5_node1_80_node2_60_node3_100_node4_50,0.47359707097745835
Train_U_4Layers_input_size_5_node1_80_node2_60_node3_100_node4_60,0.3957098739063557
Test_U_4Layers_input_size_5_node1_80_node2_60_node3_100_node4_60,0.47034884214188777
Train_U_4Layers_input_size_5_node1_80_node2_60_node3_100_node4_70,0.3900406663123382
Test_U_4Layers_input_size_5_node1_80_node2_60_node3_100_node4_70,0.45985179667248877
Train_U_4Layers_input_size_5_node1_80_node2_60_node3_100_node4_80,0.41443297169086446
Test_U_4Layers_input_size_5_node1_80_node2_60_node3_100_node4_80,0.4914034244474314
Train_U_4Layers_input_size_5_node1_80_node2_60_node3_100_node4_90,0.391657894201989
Test_U_4Layers_input_size_5_node1_80_node2_60_node3_100_node4_90,0.46539029280039285
Train_U_4Layers_input_size_5_node1_80_node2_60_node3_100_node4_100,0.39606842998407377
Test_U_4Layers_input_size_5_node1_80_node2_60_node3_100_node4_100,0.4709111304136881
Train_U_2Layers_input_size_5_node1_80_node2_70_node3_0_node4_0,0.391535194461746
Test_U_2Layers_input_size_5_node1_80_node2_70_node3_0_node4_0,0.4569674390278259
Train_U_3Layers_input_size_5_node1_80_node2_70_node3_30_node4_0,0.3925213938853616
Test_U_3Layers_input_size_5_node1_80_node2_70_node3_30_node4_0,0.4650220769338028
Train_U_4Layers_input_size_5_node1_80_node2_70_node3_30_node4_30,0.4168961389778253
Test_U_4Layers_input_size_5_node1_80_node2_70_node3_30_node4_30,0.4941140118696124
Train_U_4Layers_input_size_5_node1_80_node2_70_node3_30_node4_40,0.3909201841841927
Test_U_4Layers_input_size_5_node1_80_node2_70_node3_30_node4_40,0.4564881317334024
Train_U_4Layers_input_size_5_node1_80_node2_70_node3_30_node4_50,0.39488327260301437
Test_U_4Layers_input_size_5_node1_80_node2_70_node3_30_node4_50,0.46964459883850235
Train_U_4Layers_input_size_5_node1_80_node2_70_node3_30_node4_60,0.39640702117856935
Test_U_4Layers_input_size_5_node1_80_node2_70_node3_30_node4_60,0.45735935920896975
Train_U_4Layers_input_size_5_node1_80_node2_70_node3_30_node4_70,0.39649828054913944
Test_U_4Layers_input_size_5_node1_80_node2_70_node3_30_node4_70,0.47005013723490097
Train_U_4Layers_input_size_5_node1_80_node2_70_node3_30_node4_80,0.46110318325816113
Test_U_4Layers_input_size_5_node1_80_node2_70_node3_30_node4_80,0.4957308455607994
Train_U_4Layers_input_size_5_node1_80_node2_70_node3_30_node4_90,0.3924352471277389
Test_U_4Layers_input_size_5_node1_80_node2_70_node3_30_node4_90,0.4656884188634654
Train_U_4Layers_input_size_5_node1_80_node2_70_node3_30_node4_100,0.39388034494781227
Test_U_4Layers_input_size_5_node1_80_node2_70_node3_30_node4_100,0.46709767629543186
Train_U_3Layers_input_size_5_node1_80_node2_70_node3_40_node4_0,0.3893985185822265
Test_U_3Layers_input_size_5_node1_80_node2_70_node3_40_node4_0,0.45880185008345314
Train_U_4Layers_input_size_5_node1_80_node2_70_node3_40_node4_30,0.39498252365225905
Test_U_4Layers_input_size_5_node1_80_node2_70_node3_40_node4_30,0.46944725313544006
Train_U_4Layers_input_size_5_node1_80_node2_70_node3_40_node4_40,0.38640940460139067
Test_U_4Layers_input_size_5_node1_80_node2_70_node3_40_node4_40,0.45498169953883316
Train_U_4Layers_input_size_5_node1_80_node2_70_node3_40_node4_50,0.3928591922452655
Test_U_4Layers_input_size_5_node1_80_node2_70_node3_40_node4_50,0.46510197175103585
Train_U_4Layers_input_size_5_node1_80_node2_70_node3_40_node4_60,0.40858328607117916
Test_U_4Layers_input_size_5_node1_80_node2_70_node3_40_node4_60,0.46347792505063196
Train_U_4Layers_input_size_5_node1_80_node2_70_node3_40_node4_70,0.3876258730258847
Test_U_4Layers_input_size_5_node1_80_node2_70_node3_40_node4_70,0.45124486027376803
Train_U_4Layers_input_size_5_node1_80_node2_70_node3_40_node4_80,0.39832478219128503
Test_U_4Layers_input_size_5_node1_80_node2_70_node3_40_node4_80,0.4725324137483955
Train_U_4Layers_input_size_5_node1_80_node2_70_node3_40_node4_90,0.40997552068833
Test_U_4Layers_input_size_5_node1_80_node2_70_node3_40_node4_90,0.4639000971313181
Train_U_4Layers_input_size_5_node1_80_node2_70_node3_40_node4_100,0.3934276555642386
Test_U_4Layers_input_size_5_node1_80_node2_70_node3_40_node4_100,0.45727534174473344
Train_U_3Layers_input_size_5_node1_80_node2_70_node3_50_node4_0,0.39407308810815195
Test_U_3Layers_input_size_5_node1_80_node2_70_node3_50_node4_0,0.4678643442908007
Train_U_4Layers_input_size_5_node1_80_node2_70_node3_50_node4_30,0.392465091203799
Test_U_4Layers_input_size_5_node1_80_node2_70_node3_50_node4_30,0.45160967570516164
Train_U_4Layers_input_size_5_node1_80_node2_70_node3_50_node4_40,0.39511680584152276
Test_U_4Layers_input_size_5_node1_80_node2_70_node3_50_node4_40,0.46934044526626567
Train_U_4Layers_input_size_5_node1_80_node2_70_node3_50_node4_50,0.45797363348927295
Test_U_4Layers_input_size_5_node1_80_node2_70_node3_50_node4_50,0.5348485075738745
Train_U_4Layers_input_size_5_node1_80_node2_70_node3_50_node4_60,0.39022575956959005
Test_U_4Layers_input_size_5_node1_80_node2_70_node3_50_node4_60,0.4547436676203156
Train_U_4Layers_input_size_5_node1_80_node2_70_node3_50_node4_70,0.4298865290840323
Test_U_4Layers_input_size_5_node1_80_node2_70_node3_50_node4_70,0.4751954717984699
Train_U_4Layers_input_size_5_node1_80_node2_70_node3_50_node4_80,0.38497144741844636
Test_U_4Layers_input_size_5_node1_80_node2_70_node3_50_node4_80,0.4536456208460325
Train_U_4Layers_input_size_5_node1_80_node2_70_node3_50_node4_90,0.39740016013306845
Test_U_4Layers_input_size_5_node1_80_node2_70_node3_50_node4_90,0.4724228653188488
Train_U_4Layers_input_size_5_node1_80_node2_70_node3_50_node4_100,0.38738649690227445
Test_U_4Layers_input_size_5_node1_80_node2_70_node3_50_node4_100,0.45509024018627237
Train_U_3Layers_input_size_5_node1_80_node2_70_node3_60_node4_0,0.39902326123592685
Test_U_3Layers_input_size_5_node1_80_node2_70_node3_60_node4_0,0.460263519219096
Train_U_4Layers_input_size_5_node1_80_node2_70_node3_60_node4_30,0.40244615973646175
Test_U_4Layers_input_size_5_node1_80_node2_70_node3_60_node4_30,0.45633781842093607
Train_U_4Layers_input_size_5_node1_80_node2_70_node3_60_node4_40,0.3898904187662789
Test_U_4Layers_input_size_5_node1_80_node2_70_node3_60_node4_40,0.45567094885130904
Train_U_4Layers_input_size_5_node1_80_node2_70_node3_60_node4_50,0.39141850937700656
Test_U_4Layers_input_size_5_node1_80_node2_70_node3_60_node4_50,0.4563991218018086
Train_U_4Layers_input_size_5_node1_80_node2_70_node3_60_node4_60,0.45109208957959807
Test_U_4Layers_input_size_5_node1_80_node2_70_node3_60_node4_60,0.5270160645944504
Train_U_4Layers_input_size_5_node1_80_node2_70_node3_60_node4_70,0.3882944200765181
Test_U_4Layers_input_size_5_node1_80_node2_70_node3_60_node4_70,0.4577401849443415
Train_U_4Layers_input_size_5_node1_80_node2_70_node3_60_node4_80,0.4009885092180543
Test_U_4Layers_input_size_5_node1_80_node2_70_node3_60_node4_80,0.4579724784186514
Train_U_4Layers_input_size_5_node1_80_node2_70_node3_60_node4_90,0.40069442016642626
Test_U_4Layers_input_size_5_node1_80_node2_70_node3_60_node4_90,0.4569734390081869
Train_U_4Layers_input_size_5_node1_80_node2_70_node3_60_node4_100,0.4244444448705882
Test_U_4Layers_input_size_5_node1_80_node2_70_node3_60_node4_100,0.5014555427855041
Train_U_3Layers_input_size_5_node1_80_node2_70_node3_70_node4_0,0.3924875866694652
Test_U_3Layers_input_size_5_node1_80_node2_70_node3_70_node4_0,0.4664580420231502
Train_U_4Layers_input_size_5_node1_80_node2_70_node3_70_node4_30,0.3907841167626973
Test_U_4Layers_input_size_5_node1_80_node2_70_node3_70_node4_30,0.4628926691581562
Train_U_4Layers_input_size_5_node1_80_node2_70_node3_70_node4_40,0.41099520666107103
Test_U_4Layers_input_size_5_node1_80_node2_70_node3_70_node4_40,0.4881986929719331
Train_U_4Layers_input_size_5_node1_80_node2_70_node3_70_node4_50,0.39885140406177455
Test_U_4Layers_input_size_5_node1_80_node2_70_node3_70_node4_50,0.4733495120632598
Train_U_4Layers_input_size_5_node1_80_node2_70_node3_70_node4_60,0.3908052219449518
Test_U_4Layers_input_size_5_node1_80_node2_70_node3_70_node4_60,0.46334423904254207
Train_U_4Layers_input_size_5_node1_80_node2_70_node3_70_node4_70,0.38933688450213294
Test_U_4Layers_input_size_5_node1_80_node2_70_node3_70_node4_70,0.4604226809607965
Train_U_4Layers_input_size_5_node1_80_node2_70_node3_70_node4_80,0.3892901501427847
Test_U_4Layers_input_size_5_node1_80_node2_70_node3_70_node4_80,0.45827328404169876
Train_U_4Layers_input_size_5_node1_80_node2_70_node3_70_node4_90,0.40933304782840907
Test_U_4Layers_input_size_5_node1_80_node2_70_node3_70_node4_90,0.4635613808743753
Train_U_4Layers_input_size_5_node1_80_node2_70_node3_70_node4_100,0.40017761519004064
Test_U_4Layers_input_size_5_node1_80_node2_70_node3_70_node4_100,0.4573190223256884
Train_U_3Layers_input_size_5_node1_80_node2_70_node3_80_node4_0,0.3972182036447027
Test_U_3Layers_input_size_5_node1_80_node2_70_node3_80_node4_0,0.4527532927384434
Train_U_4Layers_input_size_5_node1_80_node2_70_node3_80_node4_30,0.4036554417440756
Test_U_4Layers_input_size_5_node1_80_node2_70_node3_80_node4_30,0.47978015340335484
Train_U_4Layers_input_size_5_node1_80_node2_70_node3_80_node4_40,0.3869472175576973
Test_U_4Layers_input_size_5_node1_80_node2_70_node3_80_node4_40,0.4579571205830903
Train_U_4Layers_input_size_5_node1_80_node2_70_node3_80_node4_50,0.38772967207925585
Test_U_4Layers_input_size_5_node1_80_node2_70_node3_80_node4_50,0.4580771062361892
Train_U_4Layers_input_size_5_node1_80_node2_70_node3_80_node4_60,0.3896464297594244
Test_U_4Layers_input_size_5_node1_80_node2_70_node3_80_node4_60,0.4536348138632183
Train_U_4Layers_input_size_5_node1_80_node2_70_node3_80_node4_70,0.4549705312691261
Test_U_4Layers_input_size_5_node1_80_node2_70_node3_80_node4_70,0.49188335043230563
Train_U_4Layers_input_size_5_node1_80_node2_70_node3_80_node4_80,0.39281056293626
Test_U_4Layers_input_size_5_node1_80_node2_70_node3_80_node4_80,0.4563253934831051
Train_U_4Layers_input_size_5_node1_80_node2_70_node3_80_node4_90,0.45111446923669585
Test_U_4Layers_input_size_5_node1_80_node2_70_node3_80_node4_90,0.5278508891390219
Train_U_4Layers_input_size_5_node1_80_node2_70_node3_80_node4_100,0.42807028483461956
Test_U_4Layers_input_size_5_node1_80_node2_70_node3_80_node4_100,0.4747364360755922
Train_U_3Layers_input_size_5_node1_80_node2_70_node3_90_node4_0,0.40947799915673566
Test_U_3Layers_input_size_5_node1_80_node2_70_node3_90_node4_0,0.46408514423545627
Train_U_4Layers_input_size_5_node1_80_node2_70_node3_90_node4_30,0.45516374298329104
Test_U_4Layers_input_size_5_node1_80_node2_70_node3_90_node4_30,0.4907802566960341
Train_U_4Layers_input_size_5_node1_80_node2_70_node3_90_node4_40,0.3873232923108716
Test_U_4Layers_input_size_5_node1_80_node2_70_node3_90_node4_40,0.4548852208795666
Train_U_4Layers_input_size_5_node1_80_node2_70_node3_90_node4_50,0.3959704671862698
Test_U_4Layers_input_size_5_node1_80_node2_70_node3_90_node4_50,0.4697459766079617
Train_U_4Layers_input_size_5_node1_80_node2_70_node3_90_node4_60,0.40388698347466606
Test_U_4Layers_input_size_5_node1_80_node2_70_node3_90_node4_60,0.46013399986786063
Train_U_4Layers_input_size_5_node1_80_node2_70_node3_90_node4_70,0.3864021932263257
Test_U_4Layers_input_size_5_node1_80_node2_70_node3_90_node4_70,0.4547386540480705
Train_U_4Layers_input_size_5_node1_80_node2_70_node3_90_node4_80,0.3870256920524399
Test_U_4Layers_input_size_5_node1_80_node2_70_node3_90_node4_80,0.45602951143683995
Train_U_4Layers_input_size_5_node1_80_node2_70_node3_90_node4_90,0.41238809714978697
Test_U_4Layers_input_size_5_node1_80_node2_70_node3_90_node4_90,0.4635433311289646
Train_U_4Layers_input_size_5_node1_80_node2_70_node3_90_node4_100,0.42007212944782174
Test_U_4Layers_input_size_5_node1_80_node2_70_node3_90_node4_100,0.4978161296005738
Train_U_3Layers_input_size_5_node1_80_node2_70_node3_100_node4_0,0.39324005271883133
Test_U_3Layers_input_size_5_node1_80_node2_70_node3_100_node4_0,0.45521099786684205
Train_U_4Layers_input_size_5_node1_80_node2_70_node3_100_node4_30,0.38753039025530556
Test_U_4Layers_input_size_5_node1_80_node2_70_node3_100_node4_30,0.4515364523902173
Train_U_4Layers_input_size_5_node1_80_node2_70_node3_100_node4_40,0.39509557267945095
Test_U_4Layers_input_size_5_node1_80_node2_70_node3_100_node4_40,0.46918853273757
Train_U_4Layers_input_size_5_node1_80_node2_70_node3_100_node4_50,0.46232665589533734
Test_U_4Layers_input_size_5_node1_80_node2_70_node3_100_node4_50,0.5402957520059698
Train_U_4Layers_input_size_5_node1_80_node2_70_node3_100_node4_60,0.3906784021114333
Test_U_4Layers_input_size_5_node1_80_node2_70_node3_100_node4_60,0.46241504043501214
Train_U_4Layers_input_size_5_node1_80_node2_70_node3_100_node4_70,0.39110246088535866
Test_U_4Layers_input_size_5_node1_80_node2_70_node3_100_node4_70,0.45643506738462913
Train_U_4Layers_input_size_5_node1_80_node2_70_node3_100_node4_80,0.3873433742544453
Test_U_4Layers_input_size_5_node1_80_node2_70_node3_100_node4_80,0.45800958563943317
Train_U_4Layers_input_size_5_node1_80_node2_70_node3_100_node4_90,0.38994094080506714
Test_U_4Layers_input_size_5_node1_80_node2_70_node3_100_node4_90,0.46077259799392667
Train_U_4Layers_input_size_5_node1_80_node2_70_node3_100_node4_100,0.40111505984563844
Test_U_4Layers_input_size_5_node1_80_node2_70_node3_100_node4_100,0.45802855292171174
Train_U_2Layers_input_size_5_node1_80_node2_80_node3_0_node4_0,0.4227230237861944
Test_U_2Layers_input_size_5_node1_80_node2_80_node3_0_node4_0,0.5001531604789404
Train_U_3Layers_input_size_5_node1_80_node2_80_node3_30_node4_0,0.39437534537806557
Test_U_3Layers_input_size_5_node1_80_node2_80_node3_30_node4_0,0.45652661625752694
Train_U_4Layers_input_size_5_node1_80_node2_80_node3_30_node4_30,0.389501883497324
Test_U_4Layers_input_size_5_node1_80_node2_80_node3_30_node4_30,0.4593774613814034
Train_U_4Layers_input_size_5_node1_80_node2_80_node3_30_node4_40,0.38662797652417535
Test_U_4Layers_input_size_5_node1_80_node2_80_node3_30_node4_40,0.45626636632541184
Train_U_4Layers_input_size_5_node1_80_node2_80_node3_30_node4_50,0.3930893980137574
Test_U_4Layers_input_size_5_node1_80_node2_80_node3_30_node4_50,0.45597310939668556
Train_U_4Layers_input_size_5_node1_80_node2_80_node3_30_node4_60,0.41248860921449054
Test_U_4Layers_input_size_5_node1_80_node2_80_node3_30_node4_60,0.46426246265205706
Train_U_4Layers_input_size_5_node1_80_node2_80_node3_30_node4_70,0.3986653256275487
Test_U_4Layers_input_size_5_node1_80_node2_80_node3_30_node4_70,0.4593907282206285
Train_U_4Layers_input_size_5_node1_80_node2_80_node3_30_node4_80,0.3898549309543325
Test_U_4Layers_input_size_5_node1_80_node2_80_node3_30_node4_80,0.4614833896743332
Train_U_4Layers_input_size_5_node1_80_node2_80_node3_30_node4_90,0.4508235131455778
Test_U_4Layers_input_size_5_node1_80_node2_80_node3_30_node4_90,0.4895675044510732
Train_U_4Layers_input_size_5_node1_80_node2_80_node3_30_node4_100,0.3904068337603075
Test_U_4Layers_input_size_5_node1_80_node2_80_node3_30_node4_100,0.4574197275582065
Train_U_3Layers_input_size_5_node1_80_node2_80_node3_40_node4_0,0.3967168342631219
Test_U_3Layers_input_size_5_node1_80_node2_80_node3_40_node4_0,0.4705503540315797
Train_U_4Layers_input_size_5_node1_80_node2_80_node3_40_node4_30,0.39234268188331173
Test_U_4Layers_input_size_5_node1_80_node2_80_node3_40_node4_30,0.46672138896613674
Train_U_4Layers_input_size_5_node1_80_node2_80_node3_40_node4_40,0.4061876946134933
Test_U_4Layers_input_size_5_node1_80_node2_80_node3_40_node4_40,0.4592908282594879
Train_U_4Layers_input_size_5_node1_80_node2_80_node3_40_node4_50,0.3911444833717806
Test_U_4Layers_input_size_5_node1_80_node2_80_node3_40_node4_50,0.4519532113829376
Train_U_4Layers_input_size_5_node1_80_node2_80_node3_40_node4_60,0.428638825836316
Test_U_4Layers_input_size_5_node1_80_node2_80_node3_40_node4_60,0.47298227840920554
Train_U_4Layers_input_size_5_node1_80_node2_80_node3_40_node4_70,0.39571879846349206
Test_U_4Layers_input_size_5_node1_80_node2_80_node3_40_node4_70,0.47005801492120375
Train_U_4Layers_input_size_5_node1_80_node2_80_node3_40_node4_80,0.39115572162155765
Test_U_4Layers_input_size_5_node1_80_node2_80_node3_40_node4_80,0.46329490294127956
Train_U_4Layers_input_size_5_node1_80_node2_80_node3_40_node4_90,0.40602083344868706
Test_U_4Layers_input_size_5_node1_80_node2_80_node3_40_node4_90,0.4828226532840698
Train_U_4Layers_input_size_5_node1_80_node2_80_node3_40_node4_100,0.3951724290533557
Test_U_4Layers_input_size_5_node1_80_node2_80_node3_40_node4_100,0.4676368051928834
Train_U_3Layers_input_size_5_node1_80_node2_80_node3_50_node4_0,0.4233131092258081
Test_U_3Layers_input_size_5_node1_80_node2_80_node3_50_node4_0,0.4715717263200784
Train_U_4Layers_input_size_5_node1_80_node2_80_node3_50_node4_30,0.42556412436547425
Test_U_4Layers_input_size_5_node1_80_node2_80_node3_50_node4_30,0.47163288208041676
Train_U_4Layers_input_size_5_node1_80_node2_80_node3_50_node4_40,0.4039503999409453
Test_U_4Layers_input_size_5_node1_80_node2_80_node3_50_node4_40,0.4795620900339666
Train_U_4Layers_input_size_5_node1_80_node2_80_node3_50_node4_50,0.39160359826831154
Test_U_4Layers_input_size_5_node1_80_node2_80_node3_50_node4_50,0.4542707230706953
Train_U_4Layers_input_size_5_node1_80_node2_80_node3_50_node4_60,0.3950041967181097
Test_U_4Layers_input_size_5_node1_80_node2_80_node3_50_node4_60,0.46952228505847776
Train_U_4Layers_input_size_5_node1_80_node2_80_node3_50_node4_70,0.39418758872451376
Test_U_4Layers_input_size_5_node1_80_node2_80_node3_50_node4_70,0.4568111346077356
Train_U_4Layers_input_size_5_node1_80_node2_80_node3_50_node4_80,0.38641690505994386
Test_U_4Layers_input_size_5_node1_80_node2_80_node3_50_node4_80,0.456702415651866
Train_U_4Layers_input_size_5_node1_80_node2_80_node3_50_node4_90,0.40556993783781353
Test_U_4Layers_input_size_5_node1_80_node2_80_node3_50_node4_90,0.4571522446582806
Train_U_4Layers_input_size_5_node1_80_node2_80_node3_50_node4_100,0.4292484120721167
Test_U_4Layers_input_size_5_node1_80_node2_80_node3_50_node4_100,0.473294213773264
Train_U_3Layers_input_size_5_node1_80_node2_80_node3_60_node4_0,0.4614988884710976
Test_U_3Layers_input_size_5_node1_80_node2_80_node3_60_node4_0,0.4982730875336562
Train_U_4Layers_input_size_5_node1_80_node2_80_node3_60_node4_30,0.40993946340875587
Test_U_4Layers_input_size_5_node1_80_node2_80_node3_60_node4_30,0.4866000874284085
Train_U_4Layers_input_size_5_node1_80_node2_80_node3_60_node4_40,0.39030273495531276
Test_U_4Layers_input_size_5_node1_80_node2_80_node3_60_node4_40,0.4578018050523172
Train_U_4Layers_input_size_5_node1_80_node2_80_node3_60_node4_50,0.3908583516258675
Test_U_4Layers_input_size_5_node1_80_node2_80_node3_60_node4_50,0.45593356498813803
Train_U_4Layers_input_size_5_node1_80_node2_80_node3_60_node4_60,0.4072663724545942
Test_U_4Layers_input_size_5_node1_80_node2_80_node3_60_node4_60,0.48383116186646574
Train_U_4Layers_input_size_5_node1_80_node2_80_node3_60_node4_70,0.40884569689811884
Test_U_4Layers_input_size_5_node1_80_node2_80_node3_60_node4_70,0.4604629239482985
Train_U_4Layers_input_size_5_node1_80_node2_80_node3_60_node4_80,0.3869222433119806
Test_U_4Layers_input_size_5_node1_80_node2_80_node3_60_node4_80,0.45907497729229885
Train_U_4Layers_input_size_5_node1_80_node2_80_node3_60_node4_90,0.4010551520553251
Test_U_4Layers_input_size_5_node1_80_node2_80_node3_60_node4_90,0.4583623363970729
Train_U_4Layers_input_size_5_node1_80_node2_80_node3_60_node4_100,0.4022868773624566
Test_U_4Layers_input_size_5_node1_80_node2_80_node3_60_node4_100,0.46065677564277985
Train_U_3Layers_input_size_5_node1_80_node2_80_node3_70_node4_0,0.39750498684568025
Test_U_3Layers_input_size_5_node1_80_node2_80_node3_70_node4_0,0.4531066496191682
Train_U_4Layers_input_size_5_node1_80_node2_80_node3_70_node4_30,0.4060991263831783
Test_U_4Layers_input_size_5_node1_80_node2_80_node3_70_node4_30,0.48166253874614773
Train_U_4Layers_input_size_5_node1_80_node2_80_node3_70_node4_40,0.38741136429335615
Test_U_4Layers_input_size_5_node1_80_node2_80_node3_70_node4_40,0.45503450765858977
Train_U_4Layers_input_size_5_node1_80_node2_80_node3_70_node4_50,0.3891541062941353
Test_U_4Layers_input_size_5_node1_80_node2_80_node3_70_node4_50,0.4616922245055016
Train_U_4Layers_input_size_5_node1_80_node2_80_node3_70_node4_60,0.39109287851673163
Test_U_4Layers_input_size_5_node1_80_node2_80_node3_70_node4_60,0.4646465139521598
Train_U_4Layers_input_size_5_node1_80_node2_80_node3_70_node4_70,0.40046808377440096
Test_U_4Layers_input_size_5_node1_80_node2_80_node3_70_node4_70,0.47619040611953445
Train_U_4Layers_input_size_5_node1_80_node2_80_node3_70_node4_80,0.4110684559665954
Test_U_4Layers_input_size_5_node1_80_node2_80_node3_70_node4_80,0.46578080431620283
Train_U_4Layers_input_size_5_node1_80_node2_80_node3_70_node4_90,0.4163408038327083
Test_U_4Layers_input_size_5_node1_80_node2_80_node3_70_node4_90,0.4935635148147018
Train_U_4Layers_input_size_5_node1_80_node2_80_node3_70_node4_100,0.3980396753021287
Test_U_4Layers_input_size_5_node1_80_node2_80_node3_70_node4_100,0.47147290611698206
Train_U_3Layers_input_size_5_node1_80_node2_80_node3_80_node4_0,0.3900383740582835
Test_U_3Layers_input_size_5_node1_80_node2_80_node3_80_node4_0,0.4532524620206005
Train_U_4Layers_input_size_5_node1_80_node2_80_node3_80_node4_30,0.38813439783214937
Test_U_4Layers_input_size_5_node1_80_node2_80_node3_80_node4_30,0.4580039571180933
Train_U_4Layers_input_size_5_node1_80_node2_80_node3_80_node4_40,0.38995207999562825
Test_U_4Layers_input_size_5_node1_80_node2_80_node3_80_node4_40,0.4562421654329043
Train_U_4Layers_input_size_5_node1_80_node2_80_node3_80_node4_50,0.3896285126068515
Test_U_4Layers_input_size_5_node1_80_node2_80_node3_80_node4_50,0.45399404914249625
Train_U_4Layers_input_size_5_node1_80_node2_80_node3_80_node4_60,0.3966915172050746
Test_U_4Layers_input_size_5_node1_80_node2_80_node3_80_node4_60,0.4562760495888239
Train_U_4Layers_input_size_5_node1_80_node2_80_node3_80_node4_70,0.39337464561482804
Test_U_4Layers_input_size_5_node1_80_node2_80_node3_80_node4_70,0.4555163749542359
Train_U_4Layers_input_size_5_node1_80_node2_80_node3_80_node4_80,0.3962058230422291
Test_U_4Layers_input_size_5_node1_80_node2_80_node3_80_node4_80,0.45531477116612007
Train_U_4Layers_input_size_5_node1_80_node2_80_node3_80_node4_90,0.3898233580368358
Test_U_4Layers_input_size_5_node1_80_node2_80_node3_80_node4_90,0.4504306037674509
Train_U_4Layers_input_size_5_node1_80_node2_80_node3_80_node4_100,0.4086915885532934
Test_U_4Layers_input_size_5_node1_80_node2_80_node3_80_node4_100,0.4855164491506924
Train_U_3Layers_input_size_5_node1_80_node2_80_node3_90_node4_0,0.40640622582998354
Test_U_3Layers_input_size_5_node1_80_node2_80_node3_90_node4_0,0.458891530487623
Train_U_4Layers_input_size_5_node1_80_node2_80_node3_90_node4_30,0.3891426379234638
Test_U_4Layers_input_size_5_node1_80_node2_80_node3_90_node4_30,0.4615660923357657
Train_U_4Layers_input_size_5_node1_80_node2_80_node3_90_node4_40,0.38973412969697974
Test_U_4Layers_input_size_5_node1_80_node2_80_node3_90_node4_40,0.45582298584664976
Train_U_4Layers_input_size_5_node1_80_node2_80_node3_90_node4_50,0.41041852648873595
Test_U_4Layers_input_size_5_node1_80_node2_80_node3_90_node4_50,0.4872377919242816
Train_U_4Layers_input_size_5_node1_80_node2_80_node3_90_node4_60,0.39077885458851525
Test_U_4Layers_input_size_5_node1_80_node2_80_node3_90_node4_60,0.4583956574923358
Train_U_4Layers_input_size_5_node1_80_node2_80_node3_90_node4_70,0.40311513489473594
Test_U_4Layers_input_size_5_node1_80_node2_80_node3_90_node4_70,0.4786883451188115
Train_U_4Layers_input_size_5_node1_80_node2_80_node3_90_node4_80,0.4309242310393359
Test_U_4Layers_input_size_5_node1_80_node2_80_node3_90_node4_80,0.4780799595181449
Train_U_4Layers_input_size_5_node1_80_node2_80_node3_90_node4_90,0.3857022421712587
Test_U_4Layers_input_size_5_node1_80_node2_80_node3_90_node4_90,0.45423255589738865
Train_U_4Layers_input_size_5_node1_80_node2_80_node3_90_node4_100,0.39314117668237164
Test_U_4Layers_input_size_5_node1_80_node2_80_node3_90_node4_100,0.4558628830697113
Train_U_3Layers_input_size_5_node1_80_node2_80_node3_100_node4_0,0.3909749561543223
Test_U_3Layers_input_size_5_node1_80_node2_80_node3_100_node4_0,0.45721220037104937
Train_U_4Layers_input_size_5_node1_80_node2_80_node3_100_node4_30,0.43769746819867056
Test_U_4Layers_input_size_5_node1_80_node2_80_node3_100_node4_30,0.5144223724651107
Train_U_4Layers_input_size_5_node1_80_node2_80_node3_100_node4_40,0.39136760696036843
Test_U_4Layers_input_size_5_node1_80_node2_80_node3_100_node4_40,0.45848138722649184
Train_U_4Layers_input_size_5_node1_80_node2_80_node3_100_node4_50,0.3849844334601267
Test_U_4Layers_input_size_5_node1_80_node2_80_node3_100_node4_50,0.4539794101289335
Train_U_4Layers_input_size_5_node1_80_node2_80_node3_100_node4_60,0.3936577181684627
Test_U_4Layers_input_size_5_node1_80_node2_80_node3_100_node4_60,0.45384499469752665
Train_U_4Layers_input_size_5_node1_80_node2_80_node3_100_node4_70,0.4253136227976198
Test_U_4Layers_input_size_5_node1_80_node2_80_node3_100_node4_70,0.4732080029253041
Train_U_4Layers_input_size_5_node1_80_node2_80_node3_100_node4_80,0.43641888349898894
Test_U_4Layers_input_size_5_node1_80_node2_80_node3_100_node4_80,0.5145734989395121
Train_U_4Layers_input_size_5_node1_80_node2_80_node3_100_node4_90,0.40677473218598503
Test_U_4Layers_input_size_5_node1_80_node2_80_node3_100_node4_90,0.4599470229585288
Train_U_4Layers_input_size_5_node1_80_node2_80_node3_100_node4_100,0.414680146250601
Test_U_4Layers_input_size_5_node1_80_node2_80_node3_100_node4_100,0.4659125278773274
Train_U_2Layers_input_size_5_node1_80_node2_90_node3_0_node4_0,0.4013724964839539
Test_U_2Layers_input_size_5_node1_80_node2_90_node3_0_node4_0,0.476549586136746
Train_U_3Layers_input_size_5_node1_80_node2_90_node3_30_node4_0,0.39188120078089295
Test_U_3Layers_input_size_5_node1_80_node2_90_node3_30_node4_0,0.4551596343428312
Train_U_4Layers_input_size_5_node1_80_node2_90_node3_30_node4_30,0.3865299534646007
Test_U_4Layers_input_size_5_node1_80_node2_90_node3_30_node4_30,0.4561696530493945
Train_U_4Layers_input_size_5_node1_80_node2_90_node3_30_node4_40,0.3891138219113211
Test_U_4Layers_input_size_5_node1_80_node2_90_node3_30_node4_40,0.46030354951442587
Train_U_4Layers_input_size_5_node1_80_node2_90_node3_30_node4_50,0.3937954982325892
Test_U_4Layers_input_size_5_node1_80_node2_90_node3_30_node4_50,0.45753164692636067
Train_U_4Layers_input_size_5_node1_80_node2_90_node3_30_node4_60,0.38414030042863084
Test_U_4Layers_input_size_5_node1_80_node2_90_node3_30_node4_60,0.45253401067331744
Train_U_4Layers_input_size_5_node1_80_node2_90_node3_30_node4_70,0.39754007287434473
Test_U_4Layers_input_size_5_node1_80_node2_90_node3_30_node4_70,0.47264556242153916
Train_U_4Layers_input_size_5_node1_80_node2_90_node3_30_node4_80,0.39399754901791695
Test_U_4Layers_input_size_5_node1_80_node2_90_node3_30_node4_80,0.4675755410692655
Train_U_4Layers_input_size_5_node1_80_node2_90_node3_30_node4_90,0.3910284629032861
Test_U_4Layers_input_size_5_node1_80_node2_90_node3_30_node4_90,0.462799352991036
Train_U_4Layers_input_size_5_node1_80_node2_90_node3_30_node4_100,0.389866225487247
Test_U_4Layers_input_size_5_node1_80_node2_90_node3_30_node4_100,0.45949712479369464
Train_U_3Layers_input_size_5_node1_80_node2_90_node3_40_node4_0,0.39093903316377077
Test_U_3Layers_input_size_5_node1_80_node2_90_node3_40_node4_0,0.46180694822071133
Train_U_4Layers_input_size_5_node1_80_node2_90_node3_40_node4_30,0.3934846725847499
Test_U_4Layers_input_size_5_node1_80_node2_90_node3_40_node4_30,0.45368285205108727
Train_U_4Layers_input_size_5_node1_80_node2_90_node3_40_node4_40,0.39547661552309027
Test_U_4Layers_input_size_5_node1_80_node2_90_node3_40_node4_40,0.4700314806987125
Train_U_4Layers_input_size_5_node1_80_node2_90_node3_40_node4_50,0.40576111280485555
Test_U_4Layers_input_size_5_node1_80_node2_90_node3_40_node4_50,0.48242934989543645
Train_U_4Layers_input_size_5_node1_80_node2_90_node3_40_node4_60,0.389037339036534
Test_U_4Layers_input_size_5_node1_80_node2_90_node3_40_node4_60,0.45523004901978487
Train_U_4Layers_input_size_5_node1_80_node2_90_node3_40_node4_70,0.3900370178016245
Test_U_4Layers_input_size_5_node1_80_node2_90_node3_40_node4_70,0.46165586517737295
Train_U_4Layers_input_size_5_node1_80_node2_90_node3_40_node4_80,0.4036018737318005
Test_U_4Layers_input_size_5_node1_80_node2_90_node3_40_node4_80,0.4796573641875502
Train_U_4Layers_input_size_5_node1_80_node2_90_node3_40_node4_90,0.399217421945651
Test_U_4Layers_input_size_5_node1_80_node2_90_node3_40_node4_90,0.4738251914792873
Train_U_4Layers_input_size_5_node1_80_node2_90_node3_40_node4_100,0.3968734335680709
Test_U_4Layers_input_size_5_node1_80_node2_90_node3_40_node4_100,0.47160311881050054
Train_U_3Layers_input_size_5_node1_80_node2_90_node3_50_node4_0,0.38743838389493224
Test_U_3Layers_input_size_5_node1_80_node2_90_node3_50_node4_0,0.45645506313422946
Train_U_4Layers_input_size_5_node1_80_node2_90_node3_50_node4_30,0.39061256388895327
Test_U_4Layers_input_size_5_node1_80_node2_90_node3_50_node4_30,0.4604337655282736
Train_U_4Layers_input_size_5_node1_80_node2_90_node3_50_node4_40,0.3874999546235581
Test_U_4Layers_input_size_5_node1_80_node2_90_node3_50_node4_40,0.45142479615159087
Train_U_4Layers_input_size_5_node1_80_node2_90_node3_50_node4_50,0.39104991690065716
Test_U_4Layers_input_size_5_node1_80_node2_90_node3_50_node4_50,0.4633746292672579
Train_U_4Layers_input_size_5_node1_80_node2_90_node3_50_node4_60,0.4107248089461057
Test_U_4Layers_input_size_5_node1_80_node2_90_node3_50_node4_60,0.4643174726502603
Train_U_4Layers_input_size_5_node1_80_node2_90_node3_50_node4_70,0.3955795223077152
Test_U_4Layers_input_size_5_node1_80_node2_90_node3_50_node4_70,0.4543478021260623
Train_U_4Layers_input_size_5_node1_80_node2_90_node3_50_node4_80,0.39231165102504767
Test_U_4Layers_input_size_5_node1_80_node2_90_node3_50_node4_80,0.4526707740326038
Train_U_4Layers_input_size_5_node1_80_node2_90_node3_50_node4_90,0.38415290727544255
Test_U_4Layers_input_size_5_node1_80_node2_90_node3_50_node4_90,0.45467632384837164
Train_U_4Layers_input_size_5_node1_80_node2_90_node3_50_node4_100,0.3997049182022352
Test_U_4Layers_input_size_5_node1_80_node2_90_node3_50_node4_100,0.4752397942096867
Train_U_3Layers_input_size_5_node1_80_node2_90_node3_60_node4_0,0.39395354247681
Test_U_3Layers_input_size_5_node1_80_node2_90_node3_60_node4_0,0.4544746425047046
Train_U_4Layers_input_size_5_node1_80_node2_90_node3_60_node4_30,0.4420633236038602
Test_U_4Layers_input_size_5_node1_80_node2_90_node3_60_node4_30,0.4829114830994
Train_U_4Layers_input_size_5_node1_80_node2_90_node3_60_node4_40,0.38886714228309355
Test_U_4Layers_input_size_5_node1_80_node2_90_node3_60_node4_40,0.4567609460413765
Train_U_4Layers_input_size_5_node1_80_node2_90_node3_60_node4_50,0.3910563566808426
Test_U_4Layers_input_size_5_node1_80_node2_90_node3_60_node4_50,0.4630821893959453
Train_U_4Layers_input_size_5_node1_80_node2_90_node3_60_node4_60,0.4034269806061465
Test_U_4Layers_input_size_5_node1_80_node2_90_node3_60_node4_60,0.459757798483974
Train_U_4Layers_input_size_5_node1_80_node2_90_node3_60_node4_70,0.39581083769203007
Test_U_4Layers_input_size_5_node1_80_node2_90_node3_60_node4_70,0.4559248712946438
Train_U_4Layers_input_size_5_node1_80_node2_90_node3_60_node4_80,0.3885177421703908
Test_U_4Layers_input_size_5_node1_80_node2_90_node3_60_node4_80,0.4598126506496658
Train_U_4Layers_input_size_5_node1_80_node2_90_node3_60_node4_90,0.39621377740274905
Test_U_4Layers_input_size_5_node1_80_node2_90_node3_60_node4_90,0.4570185178629747
Train_U_4Layers_input_size_5_node1_80_node2_90_node3_60_node4_100,0.3893100349395996
Test_U_4Layers_input_size_5_node1_80_node2_90_node3_60_node4_100,0.45837426725297276
Train_U_3Layers_input_size_5_node1_80_node2_90_node3_70_node4_0,0.39713829122868366
Test_U_3Layers_input_size_5_node1_80_node2_90_node3_70_node4_0,0.45418319788719835
Train_U_4Layers_input_size_5_node1_80_node2_90_node3_70_node4_30,0.38936241187723786
Test_U_4Layers_input_size_5_node1_80_node2_90_node3_70_node4_30,0.4579363118465145
Train_U_4Layers_input_size_5_node1_80_node2_90_node3_70_node4_40,0.394952756615704
Test_U_4Layers_input_size_5_node1_80_node2_90_node3_70_node4_40,0.46845915036242053
Train_U_4Layers_input_size_5_node1_80_node2_90_node3_70_node4_50,0.3869392074894806
Test_U_4Layers_input_size_5_node1_80_node2_90_node3_70_node4_50,0.45431475813248445
Train_U_4Layers_input_size_5_node1_80_node2_90_node3_70_node4_60,0.39245108071789686
Test_U_4Layers_input_size_5_node1_80_node2_90_node3_70_node4_60,0.457457775397875
Train_U_4Layers_input_size_5_node1_80_node2_90_node3_70_node4_70,0.41695305598234994
Test_U_4Layers_input_size_5_node1_80_node2_90_node3_70_node4_70,0.4657284948039415
Train_U_4Layers_input_size_5_node1_80_node2_90_node3_70_node4_80,0.3963191059093204
Test_U_4Layers_input_size_5_node1_80_node2_90_node3_70_node4_80,0.4715726742869762
Train_U_4Layers_input_size_5_node1_80_node2_90_node3_70_node4_90,0.391071388772787
Test_U_4Layers_input_size_5_node1_80_node2_90_node3_70_node4_90,0.46073897984428314
Train_U_4Layers_input_size_5_node1_80_node2_90_node3_70_node4_100,0.42028058721504424
Test_U_4Layers_input_size_5_node1_80_node2_90_node3_70_node4_100,0.4672223470443643
Train_U_3Layers_input_size_5_node1_80_node2_90_node3_80_node4_0,0.3932799523339367
Test_U_3Layers_input_size_5_node1_80_node2_90_node3_80_node4_0,0.4661712604030869
Train_U_4Layers_input_size_5_node1_80_node2_90_node3_80_node4_30,0.3883517686754728
Test_U_4Layers_input_size_5_node1_80_node2_90_node3_80_node4_30,0.4524048805108053
Train_U_4Layers_input_size_5_node1_80_node2_90_node3_80_node4_40,0.38748774509124995
Test_U_4Layers_input_size_5_node1_80_node2_90_node3_80_node4_40,0.45860058586055735
Train_U_4Layers_input_size_5_node1_80_node2_90_node3_80_node4_50,0.39121872603252356
Test_U_4Layers_input_size_5_node1_80_node2_90_node3_80_node4_50,0.4630217225703085
Train_U_4Layers_input_size_5_node1_80_node2_90_node3_80_node4_60,0.3868425151947921
Test_U_4Layers_input_size_5_node1_80_node2_90_node3_80_node4_60,0.45246885740483195
Train_U_4Layers_input_size_5_node1_80_node2_90_node3_80_node4_70,0.41433136685823635
Test_U_4Layers_input_size_5_node1_80_node2_90_node3_80_node4_70,0.4911999255665682
Train_U_4Layers_input_size_5_node1_80_node2_90_node3_80_node4_80,0.3951444487282059
Test_U_4Layers_input_size_5_node1_80_node2_90_node3_80_node4_80,0.46944626913462195
Train_U_4Layers_input_size_5_node1_80_node2_90_node3_80_node4_90,0.40192878953466854
Test_U_4Layers_input_size_5_node1_80_node2_90_node3_80_node4_90,0.4602382172408123
Train_U_4Layers_input_size_5_node1_80_node2_90_node3_80_node4_100,0.3912292194332225
Test_U_4Layers_input_size_5_node1_80_node2_90_node3_80_node4_100,0.4531816907475371
Train_U_3Layers_input_size_5_node1_80_node2_90_node3_90_node4_0,0.4054449247148187
Test_U_3Layers_input_size_5_node1_80_node2_90_node3_90_node4_0,0.48162256657143815
Train_U_4Layers_input_size_5_node1_80_node2_90_node3_90_node4_30,0.38942159297403167
Test_U_4Layers_input_size_5_node1_80_node2_90_node3_90_node4_30,0.4588289850046031
Train_U_4Layers_input_size_5_node1_80_node2_90_node3_90_node4_40,0.3878912250556415
Test_U_4Layers_input_size_5_node1_80_node2_90_node3_90_node4_40,0.45268356261910403
Train_U_4Layers_input_size_5_node1_80_node2_90_node3_90_node4_50,0.38710082089916786
Test_U_4Layers_input_size_5_node1_80_node2_90_node3_90_node4_50,0.4565683286426674
Train_U_4Layers_input_size_5_node1_80_node2_90_node3_90_node4_60,0.4239953937156599
Test_U_4Layers_input_size_5_node1_80_node2_90_node3_90_node4_60,0.5016980840608002
Train_U_4Layers_input_size_5_node1_80_node2_90_node3_90_node4_70,0.40690017903554393
Test_U_4Layers_input_size_5_node1_80_node2_90_node3_90_node4_70,0.4633545301354854
Train_U_4Layers_input_size_5_node1_80_node2_90_node3_90_node4_80,0.3859256935630359
Test_U_4Layers_input_size_5_node1_80_node2_90_node3_90_node4_80,0.4536754454690162
Train_U_4Layers_input_size_5_node1_80_node2_90_node3_90_node4_90,0.3984910143649249
Test_U_4Layers_input_size_5_node1_80_node2_90_node3_90_node4_90,0.4550523709716912
Train_U_4Layers_input_size_5_node1_80_node2_90_node3_90_node4_100,0.3886611208554129
Test_U_4Layers_input_size_5_node1_80_node2_90_node3_90_node4_100,0.45333448040281826
Train_U_3Layers_input_size_5_node1_80_node2_90_node3_100_node4_0,0.3902148191269771
Test_U_3Layers_input_size_5_node1_80_node2_90_node3_100_node4_0,0.4621445804448214
Train_U_4Layers_input_size_5_node1_80_node2_90_node3_100_node4_30,0.3879759803125894
Test_U_4Layers_input_size_5_node1_80_node2_90_node3_100_node4_30,0.45461388676999387
Train_U_4Layers_input_size_5_node1_80_node2_90_node3_100_node4_40,0.3888314461101566
Test_U_4Layers_input_size_5_node1_80_node2_90_node3_100_node4_40,0.4576608445707598
Train_U_4Layers_input_size_5_node1_80_node2_90_node3_100_node4_50,0.39791980470881294
Test_U_4Layers_input_size_5_node1_80_node2_90_node3_100_node4_50,0.47271269469128674
Train_U_4Layers_input_size_5_node1_80_node2_90_node3_100_node4_60,0.4169576483186841
Test_U_4Layers_input_size_5_node1_80_node2_90_node3_100_node4_60,0.4685369643261911
Train_U_4Layers_input_size_5_node1_80_node2_90_node3_100_node4_70,0.3987645134930343
Test_U_4Layers_input_size_5_node1_80_node2_90_node3_100_node4_70,0.47334159471405596
Train_U_4Layers_input_size_5_node1_80_node2_90_node3_100_node4_80,0.3877864893782885
Test_U_4Layers_input_size_5_node1_80_node2_90_node3_100_node4_80,0.45997287548471677
Train_U_4Layers_input_size_5_node1_80_node2_90_node3_100_node4_90,0.3908384693509137
Test_U_4Layers_input_size_5_node1_80_node2_90_node3_100_node4_90,0.4645087212861746
Train_U_4Layers_input_size_5_node1_80_node2_90_node3_100_node4_100,0.4001970148678676
Test_U_4Layers_input_size_5_node1_80_node2_90_node3_100_node4_100,0.4755243500422464
Train_U_2Layers_input_size_5_node1_80_node2_100_node3_0_node4_0,0.4143783875869208
Test_U_2Layers_input_size_5_node1_80_node2_100_node3_0_node4_0,0.46633816770072806
Train_U_3Layers_input_size_5_node1_80_node2_100_node3_30_node4_0,0.393942251652187
Test_U_3Layers_input_size_5_node1_80_node2_100_node3_30_node4_0,0.4570605439799282
Train_U_4Layers_input_size_5_node1_80_node2_100_node3_30_node4_30,0.387688509403374
Test_U_4Layers_input_size_5_node1_80_node2_100_node3_30_node4_30,0.45408674646633695
Train_U_4Layers_input_size_5_node1_80_node2_100_node3_30_node4_40,0.39103240702130265
Test_U_4Layers_input_size_5_node1_80_node2_100_node3_30_node4_40,0.4634528146375361
Train_U_4Layers_input_size_5_node1_80_node2_100_node3_30_node4_50,0.4246776697847062
Test_U_4Layers_input_size_5_node1_80_node2_100_node3_30_node4_50,0.47264356044412736
Train_U_4Layers_input_size_5_node1_80_node2_100_node3_30_node4_60,0.3933457418615457
Test_U_4Layers_input_size_5_node1_80_node2_100_node3_30_node4_60,0.4542576839372376
Train_U_4Layers_input_size_5_node1_80_node2_100_node3_30_node4_70,0.38286010290513445
Test_U_4Layers_input_size_5_node1_80_node2_100_node3_30_node4_70,0.4495014959412273
Train_U_4Layers_input_size_5_node1_80_node2_100_node3_30_node4_80,0.3890453442081091
Test_U_4Layers_input_size_5_node1_80_node2_100_node3_30_node4_80,0.45770256753634336
Train_U_4Layers_input_size_5_node1_80_node2_100_node3_30_node4_90,0.3908895359758348
Test_U_4Layers_input_size_5_node1_80_node2_100_node3_30_node4_90,0.45317049455808944
Train_U_4Layers_input_size_5_node1_80_node2_100_node3_30_node4_100,0.40446221845225444
Test_U_4Layers_input_size_5_node1_80_node2_100_node3_30_node4_100,0.4631611801923861
Train_U_3Layers_input_size_5_node1_80_node2_100_node3_40_node4_0,0.3893752706107337
Test_U_3Layers_input_size_5_node1_80_node2_100_node3_40_node4_0,0.46146151288259657
Train_U_4Layers_input_size_5_node1_80_node2_100_node3_40_node4_30,0.3999484900746849
Test_U_4Layers_input_size_5_node1_80_node2_100_node3_40_node4_30,0.47493701190925913
Train_U_4Layers_input_size_5_node1_80_node2_100_node3_40_node4_40,0.3881131858071895
Test_U_4Layers_input_size_5_node1_80_node2_100_node3_40_node4_40,0.4598951029384713
Train_U_4Layers_input_size_5_node1_80_node2_100_node3_40_node4_50,0.445985319250909
Test_U_4Layers_input_size_5_node1_80_node2_100_node3_40_node4_50,0.48462799602268253
Train_U_4Layers_input_size_5_node1_80_node2_100_node3_40_node4_60,0.3919018286323373
Test_U_4Layers_input_size_5_node1_80_node2_100_node3_40_node4_60,0.4646491757451559
Train_U_4Layers_input_size_5_node1_80_node2_100_node3_40_node4_70,0.3897163886380381
Test_U_4Layers_input_size_5_node1_80_node2_100_node3_40_node4_70,0.46015972855035175
Train_U_4Layers_input_size_5_node1_80_node2_100_node3_40_node4_80,0.38764159553501976
Test_U_4Layers_input_size_5_node1_80_node2_100_node3_40_node4_80,0.45856921310679055
Train_U_4Layers_input_size_5_node1_80_node2_100_node3_40_node4_90,0.4142278844803969
Test_U_4Layers_input_size_5_node1_80_node2_100_node3_40_node4_90,0.46354934243122753
Train_U_4Layers_input_size_5_node1_80_node2_100_node3_40_node4_100,0.392268670941508
Test_U_4Layers_input_size_5_node1_80_node2_100_node3_40_node4_100,0.455514853812098
Train_U_3Layers_input_size_5_node1_80_node2_100_node3_50_node4_0,0.39404262840511556
Test_U_3Layers_input_size_5_node1_80_node2_100_node3_50_node4_0,0.46744889247725135
Train_U_4Layers_input_size_5_node1_80_node2_100_node3_50_node4_30,0.388860263887365
Test_U_4Layers_input_size_5_node1_80_node2_100_node3_50_node4_30,0.4563298998071463
Train_U_4Layers_input_size_5_node1_80_node2_100_node3_50_node4_40,0.38625396386985966
Test_U_4Layers_input_size_5_node1_80_node2_100_node3_50_node4_40,0.45139581316340205
Train_U_4Layers_input_size_5_node1_80_node2_100_node3_50_node4_50,0.4224993888861847
Test_U_4Layers_input_size_5_node1_80_node2_100_node3_50_node4_50,0.4999466808023116
Train_U_4Layers_input_size_5_node1_80_node2_100_node3_50_node4_60,0.4146728156277582
Test_U_4Layers_input_size_5_node1_80_node2_100_node3_50_node4_60,0.4627331494004859
Train_U_4Layers_input_size_5_node1_80_node2_100_node3_50_node4_70,0.4147034847970423
Test_U_4Layers_input_size_5_node1_80_node2_100_node3_50_node4_70,0.4658220718958355
Train_U_4Layers_input_size_5_node1_80_node2_100_node3_50_node4_80,0.3872731598503332
Test_U_4Layers_input_size_5_node1_80_node2_100_node3_50_node4_80,0.4543255981391836
Train_U_4Layers_input_size_5_node1_80_node2_100_node3_50_node4_90,0.39643820132031593
Test_U_4Layers_input_size_5_node1_80_node2_100_node3_50_node4_90,0.4566091887239985
Train_U_4Layers_input_size_5_node1_80_node2_100_node3_50_node4_100,0.3841933821548548
Test_U_4Layers_input_size_5_node1_80_node2_100_node3_50_node4_100,0.451580077624489
Train_U_3Layers_input_size_5_node1_80_node2_100_node3_60_node4_0,0.393123380903297
Test_U_3Layers_input_size_5_node1_80_node2_100_node3_60_node4_0,0.46600648370619957
Train_U_4Layers_input_size_5_node1_80_node2_100_node3_60_node4_30,0.3876265265414119
Test_U_4Layers_input_size_5_node1_80_node2_100_node3_60_node4_30,0.4566030534179324
Train_U_4Layers_input_size_5_node1_80_node2_100_node3_60_node4_40,0.394557989743983
Test_U_4Layers_input_size_5_node1_80_node2_100_node3_60_node4_40,0.4583596706048075
Train_U_4Layers_input_size_5_node1_80_node2_100_node3_60_node4_50,0.4166176071689939
Test_U_4Layers_input_size_5_node1_80_node2_100_node3_60_node4_50,0.4943146832560558
Train_U_4Layers_input_size_5_node1_80_node2_100_node3_60_node4_60,0.3852150707711298
Test_U_4Layers_input_size_5_node1_80_node2_100_node3_60_node4_60,0.4543058858619069
Train_U_4Layers_input_size_5_node1_80_node2_100_node3_60_node4_70,0.3928232329305116
Test_U_4Layers_input_size_5_node1_80_node2_100_node3_60_node4_70,0.4545820094170014
Train_U_4Layers_input_size_5_node1_80_node2_100_node3_60_node4_80,0.3887761038574616
Test_U_4Layers_input_size_5_node1_80_node2_100_node3_60_node4_80,0.4522405575862543
Train_U_4Layers_input_size_5_node1_80_node2_100_node3_60_node4_90,0.4183446673204169
Test_U_4Layers_input_size_5_node1_80_node2_100_node3_60_node4_90,0.46555259896959117
Train_U_4Layers_input_size_5_node1_80_node2_100_node3_60_node4_100,0.3913092342606613
Test_U_4Layers_input_size_5_node1_80_node2_100_node3_60_node4_100,0.4639718028104476
Train_U_3Layers_input_size_5_node1_80_node2_100_node3_70_node4_0,0.5176064537500911
Test_U_3Layers_input_size_5_node1_80_node2_100_node3_70_node4_0,0.5925090520706496
Train_U_4Layers_input_size_5_node1_80_node2_100_node3_70_node4_30,0.3999227441747349
Test_U_4Layers_input_size_5_node1_80_node2_100_node3_70_node4_30,0.47575272097187843
Train_U_4Layers_input_size_5_node1_80_node2_100_node3_70_node4_40,0.38887149151231276
Test_U_4Layers_input_size_5_node1_80_node2_100_node3_70_node4_40,0.456260112101702
Train_U_4Layers_input_size_5_node1_80_node2_100_node3_70_node4_50,0.3882368710982242
Test_U_4Layers_input_size_5_node1_80_node2_100_node3_70_node4_50,0.4570658744020803
Train_U_4Layers_input_size_5_node1_80_node2_100_node3_70_node4_60,0.3903428202901959
Test_U_4Layers_input_size_5_node1_80_node2_100_node3_70_node4_60,0.4626480142774424
Train_U_4Layers_input_size_5_node1_80_node2_100_node3_70_node4_70,0.40850490384561094
Test_U_4Layers_input_size_5_node1_80_node2_100_node3_70_node4_70,0.46057615826072923
Train_U_4Layers_input_size_5_node1_80_node2_100_node3_70_node4_80,0.39057990767567363
Test_U_4Layers_input_size_5_node1_80_node2_100_node3_70_node4_80,0.4621275555604743
Train_U_4Layers_input_size_5_node1_80_node2_100_node3_70_node4_90,0.3861557879870032
Test_U_4Layers_input_size_5_node1_80_node2_100_node3_70_node4_90,0.45219024069482106
Train_U_4Layers_input_size_5_node1_80_node2_100_node3_70_node4_100,0.3972791401262384
Test_U_4Layers_input_size_5_node1_80_node2_100_node3_70_node4_100,0.47209701872896154
Train_U_3Layers_input_size_5_node1_80_node2_100_node3_80_node4_0,0.40619189507096015
Test_U_3Layers_input_size_5_node1_80_node2_100_node3_80_node4_0,0.4822248450334015
Train_U_4Layers_input_size_5_node1_80_node2_100_node3_80_node4_30,0.4476085664075565
Test_U_4Layers_input_size_5_node1_80_node2_100_node3_80_node4_30,0.524458558310009
Train_U_4Layers_input_size_5_node1_80_node2_100_node3_80_node4_40,0.3951804230680913
Test_U_4Layers_input_size_5_node1_80_node2_100_node3_80_node4_40,0.4526061013739718
Train_U_4Layers_input_size_5_node1_80_node2_100_node3_80_node4_50,0.4039667781434382
Test_U_4Layers_input_size_5_node1_80_node2_100_node3_80_node4_50,0.4798070802033426
Train_U_4Layers_input_size_5_node1_80_node2_100_node3_80_node4_60,0.392164743378756
Test_U_4Layers_input_size_5_node1_80_node2_100_node3_80_node4_60,0.456364561094762
Train_U_4Layers_input_size_5_node1_80_node2_100_node3_80_node4_70,0.38726600303731495
Test_U_4Layers_input_size_5_node1_80_node2_100_node3_80_node4_70,0.45643681398706076
Train_U_4Layers_input_size_5_node1_80_node2_100_node3_80_node4_80,0.4298186362170913
Test_U_4Layers_input_size_5_node1_80_node2_100_node3_80_node4_80,0.4743450354861463
Train_U_4Layers_input_size_5_node1_80_node2_100_node3_80_node4_90,0.3854864117519592
Test_U_4Layers_input_size_5_node1_80_node2_100_node3_80_node4_90,0.4514604611589428
Train_U_4Layers_input_size_5_node1_80_node2_100_node3_80_node4_100,0.40316255823281083
Test_U_4Layers_input_size_5_node1_80_node2_100_node3_80_node4_100,0.4596510246011482
Train_U_3Layers_input_size_5_node1_80_node2_100_node3_90_node4_0,0.39910815399751376
Test_U_3Layers_input_size_5_node1_80_node2_100_node3_90_node4_0,0.45953978353214775
Train_U_4Layers_input_size_5_node1_80_node2_100_node3_90_node4_30,0.3892402710050961
Test_U_4Layers_input_size_5_node1_80_node2_100_node3_90_node4_30,0.4550288259628844
Train_U_4Layers_input_size_5_node1_80_node2_100_node3_90_node4_40,0.38788665354559726
Test_U_4Layers_input_size_5_node1_80_node2_100_node3_90_node4_40,0.4586645432375023
Train_U_4Layers_input_size_5_node1_80_node2_100_node3_90_node4_50,0.39078512724455716
Test_U_4Layers_input_size_5_node1_80_node2_100_node3_90_node4_50,0.45871783694679197
Train_U_4Layers_input_size_5_node1_80_node2_100_node3_90_node4_60,0.40777618494980145
Test_U_4Layers_input_size_5_node1_80_node2_100_node3_90_node4_60,0.4841309517125952
Train_U_4Layers_input_size_5_node1_80_node2_100_node3_90_node4_70,0.39104980258407457
Test_U_4Layers_input_size_5_node1_80_node2_100_node3_90_node4_70,0.46462571616498605
Train_U_4Layers_input_size_5_node1_80_node2_100_node3_90_node4_80,0.386965355128193
Test_U_4Layers_input_size_5_node1_80_node2_100_node3_90_node4_80,0.45218788452764797
Train_U_4Layers_input_size_5_node1_80_node2_100_node3_90_node4_90,0.4400387909164979
Test_U_4Layers_input_size_5_node1_80_node2_100_node3_90_node4_90,0.5174853259692105
Train_U_4Layers_input_size_5_node1_80_node2_100_node3_90_node4_100,0.40528546051207803
Test_U_4Layers_input_size_5_node1_80_node2_100_node3_90_node4_100,0.48184846475967597
Train_U_3Layers_input_size_5_node1_80_node2_100_node3_100_node4_0,0.3964767455320626
Test_U_3Layers_input_size_5_node1_80_node2_100_node3_100_node4_0,0.47149547194069363
Train_U_4Layers_input_size_5_node1_80_node2_100_node3_100_node4_30,0.38924298906596916
Test_U_4Layers_input_size_5_node1_80_node2_100_node3_100_node4_30,0.4563384878232255
Train_U_4Layers_input_size_5_node1_80_node2_100_node3_100_node4_40,0.39206531110619586
Test_U_4Layers_input_size_5_node1_80_node2_100_node3_100_node4_40,0.4567070324517323
Train_U_4Layers_input_size_5_node1_80_node2_100_node3_100_node4_50,0.4042765294359884
Test_U_4Layers_input_size_5_node1_80_node2_100_node3_100_node4_50,0.4604021940358843
Train_U_4Layers_input_size_5_node1_80_node2_100_node3_100_node4_60,0.40121028088573574
Test_U_4Layers_input_size_5_node1_80_node2_100_node3_100_node4_60,0.4557057420069148
Train_U_4Layers_input_size_5_node1_80_node2_100_node3_100_node4_70,0.3878962574959948
Test_U_4Layers_input_size_5_node1_80_node2_100_node3_100_node4_70,0.4580253971847912
Train_U_4Layers_input_size_5_node1_80_node2_100_node3_100_node4_80,0.4063728036871011
Test_U_4Layers_input_size_5_node1_80_node2_100_node3_100_node4_80,0.4829792864220049
Train_U_4Layers_input_size_5_node1_80_node2_100_node3_100_node4_90,0.4279983611654832
Test_U_4Layers_input_size_5_node1_80_node2_100_node3_100_node4_90,0.47289153619058
Train_U_4Layers_input_size_5_node1_80_node2_100_node3_100_node4_100,0.3899220053615822
Test_U_4Layers_input_size_5_node1_80_node2_100_node3_100_node4_100,0.4588863836345273
Train_U_1Layers_input_size_5_node1_90_node2_0_node3_0_node4_0,0.39640204039831883
Test_U_1Layers_input_size_5_node1_90_node2_0_node3_0_node4_0,0.4704898493509964
Train_U_2Layers_input_size_5_node1_90_node2_30_node3_0_node4_0,0.3907652031106367
Test_U_2Layers_input_size_5_node1_90_node2_30_node3_0_node4_0,0.4600317509722763
Train_U_3Layers_input_size_5_node1_90_node2_30_node3_30_node4_0,0.4035956895097126
Test_U_3Layers_input_size_5_node1_90_node2_30_node3_30_node4_0,0.4591025342422233
Train_U_4Layers_input_size_5_node1_90_node2_30_node3_30_node4_30,0.39130481692443825
Test_U_4Layers_input_size_5_node1_90_node2_30_node3_30_node4_30,0.4562911374345616
Train_U_4Layers_input_size_5_node1_90_node2_30_node3_30_node4_40,0.3930392427713793
Test_U_4Layers_input_size_5_node1_90_node2_30_node3_30_node4_40,0.46396751523478247
Train_U_4Layers_input_size_5_node1_90_node2_30_node3_30_node4_50,0.39523873300556994
Test_U_4Layers_input_size_5_node1_90_node2_30_node3_30_node4_50,0.45558330018016824
Train_U_4Layers_input_size_5_node1_90_node2_30_node3_30_node4_60,0.3872881464039814
Test_U_4Layers_input_size_5_node1_90_node2_30_node3_30_node4_60,0.4566302700516585
Train_U_4Layers_input_size_5_node1_90_node2_30_node3_30_node4_70,0.4134127719487824
Test_U_4Layers_input_size_5_node1_90_node2_30_node3_30_node4_70,0.4663330231503747
Train_U_4Layers_input_size_5_node1_90_node2_30_node3_30_node4_80,0.4100044332822838
Test_U_4Layers_input_size_5_node1_90_node2_30_node3_30_node4_80,0.48683325643657444
Train_U_4Layers_input_size_5_node1_90_node2_30_node3_30_node4_90,0.3887035606158877
Test_U_4Layers_input_size_5_node1_90_node2_30_node3_30_node4_90,0.4559628314484535
Train_U_4Layers_input_size_5_node1_90_node2_30_node3_30_node4_100,0.4192767310665589
Test_U_4Layers_input_size_5_node1_90_node2_30_node3_30_node4_100,0.4684952361476366
Train_U_3Layers_input_size_5_node1_90_node2_30_node3_40_node4_0,0.39139789412482134
Test_U_3Layers_input_size_5_node1_90_node2_30_node3_40_node4_0,0.4595565313955253
Train_U_4Layers_input_size_5_node1_90_node2_30_node3_40_node4_30,0.39178068863511367
Test_U_4Layers_input_size_5_node1_90_node2_30_node3_40_node4_30,0.4572489782262516
Train_U_4Layers_input_size_5_node1_90_node2_30_node3_40_node4_40,0.42877933590902895
Test_U_4Layers_input_size_5_node1_90_node2_30_node3_40_node4_40,0.5066059744815808
Train_U_4Layers_input_size_5_node1_90_node2_30_node3_40_node4_50,0.405385289211302
Test_U_4Layers_input_size_5_node1_90_node2_30_node3_40_node4_50,0.4617029397132654
Train_U_4Layers_input_size_5_node1_90_node2_30_node3_40_node4_60,0.3878259895001262
Test_U_4Layers_input_size_5_node1_90_node2_30_node3_40_node4_60,0.45337287108366114
Train_U_4Layers_input_size_5_node1_90_node2_30_node3_40_node4_70,0.399990291030594
Test_U_4Layers_input_size_5_node1_90_node2_30_node3_40_node4_70,0.4581049834350279
Train_U_4Layers_input_size_5_node1_90_node2_30_node3_40_node4_80,0.3942284507933788
Test_U_4Layers_input_size_5_node1_90_node2_30_node3_40_node4_80,0.46651381525412505
Train_U_4Layers_input_size_5_node1_90_node2_30_node3_40_node4_90,0.3869035452694331
Test_U_4Layers_input_size_5_node1_90_node2_30_node3_40_node4_90,0.4538322224221074
Train_U_4Layers_input_size_5_node1_90_node2_30_node3_40_node4_100,0.39390881226979974
Test_U_4Layers_input_size_5_node1_90_node2_30_node3_40_node4_100,0.45628974950422074
Train_U_3Layers_input_size_5_node1_90_node2_30_node3_50_node4_0,0.4068315817993062
Test_U_3Layers_input_size_5_node1_90_node2_30_node3_50_node4_0,0.46345731596403644
Train_U_4Layers_input_size_5_node1_90_node2_30_node3_50_node4_30,0.39723825426063986
Test_U_4Layers_input_size_5_node1_90_node2_30_node3_50_node4_30,0.45580582291903815
Train_U_4Layers_input_size_5_node1_90_node2_30_node3_50_node4_40,0.388852695595491
Test_U_4Layers_input_size_5_node1_90_node2_30_node3_50_node4_40,0.4580229897007671
Train_U_4Layers_input_size_5_node1_90_node2_30_node3_50_node4_50,0.41789681715842886
Test_U_4Layers_input_size_5_node1_90_node2_30_node3_50_node4_50,0.4960133344699824
Train_U_4Layers_input_size_5_node1_90_node2_30_node3_50_node4_60,0.39877256628535884
Test_U_4Layers_input_size_5_node1_90_node2_30_node3_50_node4_60,0.45644100907026913
Train_U_4Layers_input_size_5_node1_90_node2_30_node3_50_node4_70,0.38830251731424986
Test_U_4Layers_input_size_5_node1_90_node2_30_node3_50_node4_70,0.4577172828057514
Train_U_4Layers_input_size_5_node1_90_node2_30_node3_50_node4_80,0.390201625270724
Test_U_4Layers_input_size_5_node1_90_node2_30_node3_50_node4_80,0.4598129423128204
Train_U_4Layers_input_size_5_node1_90_node2_30_node3_50_node4_90,0.39237853333193895
Test_U_4Layers_input_size_5_node1_90_node2_30_node3_50_node4_90,0.45401430009385446
Train_U_4Layers_input_size_5_node1_90_node2_30_node3_50_node4_100,0.39361119397113986
Test_U_4Layers_input_size_5_node1_90_node2_30_node3_50_node4_100,0.456067087139676
Train_U_3Layers_input_size_5_node1_90_node2_30_node3_60_node4_0,0.3921142228505759
Test_U_3Layers_input_size_5_node1_90_node2_30_node3_60_node4_0,0.45345749659123546
Train_U_4Layers_input_size_5_node1_90_node2_30_node3_60_node4_30,0.42599585138346996
Test_U_4Layers_input_size_5_node1_90_node2_30_node3_60_node4_30,0.5029677589598719
Train_U_4Layers_input_size_5_node1_90_node2_30_node3_60_node4_40,0.40446260529213857
Test_U_4Layers_input_size_5_node1_90_node2_30_node3_60_node4_40,0.48034052184446374
Train_U_4Layers_input_size_5_node1_90_node2_30_node3_60_node4_50,0.4408979274043484
Test_U_4Layers_input_size_5_node1_90_node2_30_node3_60_node4_50,0.5188838395422822
Train_U_4Layers_input_size_5_node1_90_node2_30_node3_60_node4_60,0.402929731138803
Test_U_4Layers_input_size_5_node1_90_node2_30_node3_60_node4_60,0.47869533356192473
Train_U_4Layers_input_size_5_node1_90_node2_30_node3_60_node4_70,0.4308021998577746
Test_U_4Layers_input_size_5_node1_90_node2_30_node3_60_node4_70,0.5085026379613428
Train_U_4Layers_input_size_5_node1_90_node2_30_node3_60_node4_80,0.38877911262424475
Test_U_4Layers_input_size_5_node1_90_node2_30_node3_60_node4_80,0.4608048555285138
Train_U_4Layers_input_size_5_node1_90_node2_30_node3_60_node4_90,0.3950660593288608
Test_U_4Layers_input_size_5_node1_90_node2_30_node3_60_node4_90,0.4694521413669956
Train_U_4Layers_input_size_5_node1_90_node2_30_node3_60_node4_100,0.39697098585014295
Test_U_4Layers_input_size_5_node1_90_node2_30_node3_60_node4_100,0.45466178873783797
Train_U_3Layers_input_size_5_node1_90_node2_30_node3_70_node4_0,0.40298789968025583
Test_U_3Layers_input_size_5_node1_90_node2_30_node3_70_node4_0,0.4616199710478021
Train_U_4Layers_input_size_5_node1_90_node2_30_node3_70_node4_30,0.39421060959692666
Test_U_4Layers_input_size_5_node1_90_node2_30_node3_70_node4_30,0.45456540608509727
Train_U_4Layers_input_size_5_node1_90_node2_30_node3_70_node4_40,0.40346454322884484
Test_U_4Layers_input_size_5_node1_90_node2_30_node3_70_node4_40,0.45590035810826773
Train_U_4Layers_input_size_5_node1_90_node2_30_node3_70_node4_50,0.409352559646687
Test_U_4Layers_input_size_5_node1_90_node2_30_node3_70_node4_50,0.4606886693152727
Train_U_4Layers_input_size_5_node1_90_node2_30_node3_70_node4_60,0.416910328747809
Test_U_4Layers_input_size_5_node1_90_node2_30_node3_70_node4_60,0.46669257367406763
Train_U_4Layers_input_size_5_node1_90_node2_30_node3_70_node4_70,0.4349835606187173
Test_U_4Layers_input_size_5_node1_90_node2_30_node3_70_node4_70,0.4819062910298243
Train_U_4Layers_input_size_5_node1_90_node2_30_node3_70_node4_80,0.3997899084895709
Test_U_4Layers_input_size_5_node1_90_node2_30_node3_70_node4_80,0.4755230652532882
Train_U_4Layers_input_size_5_node1_90_node2_30_node3_70_node4_90,0.39135300508268717
Test_U_4Layers_input_size_5_node1_90_node2_30_node3_70_node4_90,0.4575208014569314
Train_U_4Layers_input_size_5_node1_90_node2_30_node3_70_node4_100,0.3894100176830459
Test_U_4Layers_input_size_5_node1_90_node2_30_node3_70_node4_100,0.45997272970386843
Train_U_3Layers_input_size_5_node1_90_node2_30_node3_80_node4_0,0.4368310139168897
Test_U_3Layers_input_size_5_node1_90_node2_30_node3_80_node4_0,0.5134533319336739
Train_U_4Layers_input_size_5_node1_90_node2_30_node3_80_node4_30,0.391589823330465
Test_U_4Layers_input_size_5_node1_90_node2_30_node3_80_node4_30,0.4616233281710338
Train_U_4Layers_input_size_5_node1_90_node2_30_node3_80_node4_40,0.3945314010770905
Test_U_4Layers_input_size_5_node1_90_node2_30_node3_80_node4_40,0.4677962295617984
Train_U_4Layers_input_size_5_node1_90_node2_30_node3_80_node4_50,0.3903511040794714
Test_U_4Layers_input_size_5_node1_90_node2_30_node3_80_node4_50,0.4600631535497853
Train_U_4Layers_input_size_5_node1_90_node2_30_node3_80_node4_60,0.40045504168126506
Test_U_4Layers_input_size_5_node1_90_node2_30_node3_80_node4_60,0.47592461216008997
Train_U_4Layers_input_size_5_node1_90_node2_30_node3_80_node4_70,0.397739097493747
Test_U_4Layers_input_size_5_node1_90_node2_30_node3_80_node4_70,0.4563582755644463
Train_U_4Layers_input_size_5_node1_90_node2_30_node3_80_node4_80,0.3886509415246436
Test_U_4Layers_input_size_5_node1_90_node2_30_node3_80_node4_80,0.45858183720207313
