Train_U_3Layers_input_size_10_node1_40_node2_80_node3_80_node4_0,0.37725675539676246
Train_U_3Layers_input_size_10_node1_50_node2_80_node3_70_node4_0,0.3796434015795107
Train_U_3Layers_input_size_10_node1_30_node2_70_node3_50_node4_0,0.37976876633252654
Train_U_3Layers_input_size_5_node1_30_node2_70_node3_100_node4_0,0.38037599063409583
Train_U_3Layers_input_size_10_node1_100_node2_80_node3_100_node4_0,0.38075421177443813
Train_U_3Layers_input_size_10_node1_90_node2_90_node3_100_node4_0,0.3810401096419942
Train_U_2Layers_input_size_10_node1_60_node2_100_node3_0_node4_0,0.3810801721885687
Train_U_3Layers_input_size_10_node1_80_node2_80_node3_50_node4_0,0.3812023672459182
Train_U_3Layers_input_size_10_node1_60_node2_70_node3_40_node4_0,0.3813698892791705
Train_U_3Layers_input_size_10_node1_90_node2_60_node3_90_node4_0,0.38146718749154995
Train_U_3Layers_input_size_10_node1_80_node2_90_node3_90_node4_0,0.3815075371886377
Train_U_3Layers_input_size_10_node1_30_node2_100_node3_90_node4_0,0.3816078656133201
Train_U_3Layers_input_size_10_node1_90_node2_40_node3_80_node4_0,0.3816521243624621
Train_U_3Layers_input_size_15_node1_50_node2_70_node3_80_node4_0,0.3817230018569422
Train_U_3Layers_input_size_10_node1_70_node2_60_node3_100_node4_0,0.3818209320788291
Train_U_3Layers_input_size_10_node1_90_node2_70_node3_80_node4_0,0.3820287505460079
Train_U_3Layers_input_size_5_node1_30_node2_100_node3_30_node4_0,0.38205893948613734
Train_U_2Layers_input_size_10_node1_100_node2_100_node3_0_node4_0,0.3822578577203257
Train_U_3Layers_input_size_5_node1_30_node2_90_node3_50_node4_0,0.3823063482051836
Train_U_3Layers_input_size_10_node1_40_node2_60_node3_70_node4_0,0.38240257035218567
Train_U_3Layers_input_size_10_node1_50_node2_40_node3_60_node4_0,0.38270018350683016
Train_U_3Layers_input_size_10_node1_30_node2_90_node3_80_node4_0,0.3827901366572005
Train_U_3Layers_input_size_10_node1_60_node2_60_node3_60_node4_0,0.38279253070673297
Train_U_3Layers_input_size_10_node1_70_node2_90_node3_60_node4_0,0.383228601353484
Train_U_3Layers_input_size_10_node1_30_node2_60_node3_80_node4_0,0.3832348809417186
Train_U_3Layers_input_size_10_node1_50_node2_70_node3_90_node4_0,0.383236047417365
Train_U_3Layers_input_size_10_node1_100_node2_40_node3_60_node4_0,0.3832889044798596
Train_U_3Layers_input_size_10_node1_50_node2_80_node3_100_node4_0,0.3833266328488645
Train_U_3Layers_input_size_10_node1_80_node2_70_node3_90_node4_0,0.38345485433464677
Train_U_3Layers_input_size_10_node1_60_node2_100_node3_60_node4_0,0.3835535855835431
Train_U_3Layers_input_size_10_node1_50_node2_70_node3_80_node4_0,0.3835623267951762
Train_U_3Layers_input_size_10_node1_40_node2_100_node3_40_node4_0,0.3835935798535873
Train_U_3Layers_input_size_10_node1_30_node2_60_node3_30_node4_0,0.3836342496915915
Train_U_3Layers_input_size_10_node1_60_node2_60_node3_90_node4_0,0.3836785853907355
Train_U_3Layers_input_size_10_node1_70_node2_80_node3_100_node4_0,0.38372528478080137
Train_U_3Layers_input_size_5_node1_100_node2_60_node3_60_node4_0,0.383773725751628
Train_U_3Layers_input_size_10_node1_90_node2_70_node3_30_node4_0,0.38382066591710834
Train_U_3Layers_input_size_15_node1_50_node2_90_node3_100_node4_0,0.38385220850216883
Train_U_3Layers_input_size_10_node1_100_node2_100_node3_40_node4_0,0.3838705505366629
Train_U_3Layers_input_size_10_node1_70_node2_100_node3_70_node4_0,0.38395438867875714
Train_U_3Layers_input_size_10_node1_30_node2_50_node3_70_node4_0,0.3839723959652126
Train_U_3Layers_input_size_10_node1_40_node2_60_node3_90_node4_0,0.38400398429402993
Train_U_3Layers_input_size_10_node1_60_node2_60_node3_80_node4_0,0.3841996071891921
Train_U_3Layers_input_size_10_node1_60_node2_90_node3_80_node4_0,0.3842488415240841
Train_U_3Layers_input_size_5_node1_40_node2_100_node3_70_node4_0,0.38428977160975925
Train_U_3Layers_input_size_10_node1_80_node2_100_node3_70_node4_0,0.3843426194546935
Train_U_3Layers_input_size_5_node1_40_node2_100_node3_80_node4_0,0.3844462778326252
Train_U_3Layers_input_size_10_node1_30_node2_80_node3_70_node4_0,0.38444825459065596
Train_U_3Layers_input_size_10_node1_90_node2_80_node3_40_node4_0,0.38451526455163015
Train_U_3Layers_input_size_15_node1_70_node2_70_node3_60_node4_0,0.38454382453084573
Train_U_3Layers_input_size_10_node1_80_node2_70_node3_30_node4_0,0.38456986380299535
Train_U_3Layers_input_size_5_node1_60_node2_90_node3_100_node4_0,0.3845730604671255
Train_U_3Layers_input_size_10_node1_80_node2_50_node3_30_node4_0,0.3846201355347279
Train_U_3Layers_input_size_10_node1_60_node2_80_node3_30_node4_0,0.38462420347997234
Train_U_3Layers_input_size_10_node1_100_node2_100_node3_90_node4_0,0.3847440723250092
Train_U_2Layers_input_size_10_node1_80_node2_100_node3_0_node4_0,0.38474533104991604
Train_U_3Layers_input_size_10_node1_80_node2_80_node3_90_node4_0,0.38493279635353167
Train_U_3Layers_input_size_10_node1_50_node2_90_node3_50_node4_0,0.3849850527537048
Train_U_3Layers_input_size_10_node1_80_node2_70_node3_80_node4_0,0.38499395498880506
Train_U_3Layers_input_size_10_node1_60_node2_70_node3_100_node4_0,0.3850013862622062
Train_U_2Layers_input_size_10_node1_50_node2_80_node3_0_node4_0,0.385091982077698
Train_U_3Layers_input_size_10_node1_90_node2_90_node3_40_node4_0,0.38509751543295045
Train_U_3Layers_input_size_10_node1_40_node2_100_node3_90_node4_0,0.385150445890509
Train_U_3Layers_input_size_10_node1_50_node2_100_node3_50_node4_0,0.38520598022804037
Train_U_3Layers_input_size_10_node1_90_node2_90_node3_80_node4_0,0.385206444431183
Train_U_3Layers_input_size_10_node1_90_node2_30_node3_60_node4_0,0.3852835717522292
Train_U_2Layers_input_size_10_node1_30_node2_70_node3_0_node4_0,0.38530358597343833
Train_U_3Layers_input_size_10_node1_30_node2_90_node3_90_node4_0,0.3853416391323682
Train_U_3Layers_input_size_10_node1_100_node2_90_node3_40_node4_0,0.3853427025559015
Train_U_3Layers_input_size_10_node1_80_node2_70_node3_70_node4_0,0.3853463761782544
Train_U_3Layers_input_size_10_node1_30_node2_100_node3_70_node4_0,0.38542011190713193
Train_U_3Layers_input_size_10_node1_30_node2_90_node3_70_node4_0,0.3854668515842482
Train_U_3Layers_input_size_10_node1_100_node2_60_node3_100_node4_0,0.3854739644873466
Train_U_3Layers_input_size_10_node1_50_node2_70_node3_70_node4_0,0.38548697225597084
Train_U_3Layers_input_size_10_node1_60_node2_50_node3_30_node4_0,0.38550689861047427
Train_U_3Layers_input_size_10_node1_30_node2_60_node3_90_node4_0,0.38551677443353427
Train_U_3Layers_input_size_10_node1_100_node2_60_node3_40_node4_0,0.38553666059728353
Train_U_3Layers_input_size_10_node1_100_node2_100_node3_80_node4_0,0.3855418783712443
Train_U_3Layers_input_size_5_node1_70_node2_100_node3_90_node4_0,0.3855727584174161
Train_U_3Layers_input_size_10_node1_50_node2_40_node3_70_node4_0,0.3855759081204241
Train_U_3Layers_input_size_15_node1_70_node2_90_node3_90_node4_0,0.38558162776071564
Train_U_3Layers_input_size_10_node1_90_node2_30_node3_100_node4_0,0.3856175668021669
Train_U_3Layers_input_size_10_node1_60_node2_100_node3_50_node4_0,0.3856276329976959
Train_U_3Layers_input_size_5_node1_60_node2_50_node3_60_node4_0,0.38563644311826917
Train_U_3Layers_input_size_10_node1_50_node2_60_node3_70_node4_0,0.38568607356763224
Train_U_3Layers_input_size_5_node1_40_node2_50_node3_60_node4_0,0.3857840406673042
Train_U_3Layers_input_size_15_node1_70_node2_70_node3_100_node4_0,0.38583778452245276
Train_U_3Layers_input_size_5_node1_90_node2_80_node3_100_node4_0,0.3858473815413395
Train_U_3Layers_input_size_10_node1_80_node2_90_node3_70_node4_0,0.3858548543062405
Train_U_3Layers_input_size_10_node1_70_node2_70_node3_50_node4_0,0.3859088778982811
Train_U_3Layers_input_size_10_node1_30_node2_70_node3_40_node4_0,0.38591826078206076
Train_U_3Layers_input_size_10_node1_60_node2_60_node3_100_node4_0,0.38597167709311786
Train_U_3Layers_input_size_15_node1_100_node2_80_node3_90_node4_0,0.38597922466384227
Train_U_3Layers_input_size_10_node1_80_node2_40_node3_90_node4_0,0.3859952458721373
Train_U_3Layers_input_size_10_node1_30_node2_80_node3_80_node4_0,0.38602939005993264
Train_U_3Layers_input_size_10_node1_100_node2_50_node3_40_node4_0,0.3860993096303708
Train_U_3Layers_input_size_10_node1_100_node2_50_node3_80_node4_0,0.3861294697533392
Train_U_3Layers_input_size_5_node1_50_node2_50_node3_50_node4_0,0.38621318407120053
Train_U_3Layers_input_size_10_node1_60_node2_70_node3_80_node4_0,0.38622749800088146
Train_U_3Layers_input_size_10_node1_60_node2_50_node3_100_node4_0,0.38625170701152783
Train_U_3Layers_input_size_10_node1_90_node2_90_node3_70_node4_0,0.38633944472651244
Train_U_2Layers_input_size_10_node1_90_node2_100_node3_0_node4_0,0.3863469079738726
Train_U_3Layers_input_size_10_node1_50_node2_60_node3_90_node4_0,0.3863670213826449
Train_U_3Layers_input_size_5_node1_50_node2_100_node3_30_node4_0,0.3863746962137302
Train_U_3Layers_input_size_5_node1_50_node2_60_node3_80_node4_0,0.38637951700957285
Train_U_3Layers_input_size_5_node1_50_node2_60_node3_100_node4_0,0.3863889848775415
Train_U_3Layers_input_size_5_node1_50_node2_80_node3_100_node4_0,0.3864418348439119
Train_U_3Layers_input_size_10_node1_90_node2_80_node3_50_node4_0,0.3864935594974545
Train_U_3Layers_input_size_10_node1_40_node2_50_node3_80_node4_0,0.3865675389756289
Train_U_3Layers_input_size_10_node1_90_node2_90_node3_50_node4_0,0.38661423629148356
Train_U_3Layers_input_size_10_node1_80_node2_80_node3_40_node4_0,0.38663957729417325
Train_U_3Layers_input_size_10_node1_50_node2_100_node3_100_node4_0,0.3866456858653869
Train_U_3Layers_input_size_10_node1_100_node2_80_node3_90_node4_0,0.38666458906582923
Train_U_3Layers_input_size_5_node1_50_node2_80_node3_30_node4_0,0.3866687511142638
Train_U_3Layers_input_size_10_node1_100_node2_40_node3_100_node4_0,0.38666909794961113
Train_U_3Layers_input_size_10_node1_50_node2_30_node3_70_node4_0,0.386691853522331
Train_U_3Layers_input_size_10_node1_90_node2_50_node3_50_node4_0,0.3867214472512866
Train_U_3Layers_input_size_5_node1_50_node2_90_node3_90_node4_0,0.3867810324404523
Train_U_3Layers_input_size_5_node1_30_node2_70_node3_60_node4_0,0.3867882367523458
Train_U_3Layers_input_size_5_node1_50_node2_90_node3_40_node4_0,0.386802625711616
Train_U_2Layers_input_size_10_node1_50_node2_30_node3_0_node4_0,0.38680921324928236
Train_U_3Layers_input_size_10_node1_50_node2_90_node3_70_node4_0,0.38681113940868894
Train_U_3Layers_input_size_10_node1_100_node2_70_node3_70_node4_0,0.3868328850829981
Train_U_2Layers_input_size_10_node1_100_node2_80_node3_0_node4_0,0.38690764697714436
Train_U_3Layers_input_size_5_node1_50_node2_80_node3_40_node4_0,0.38690776251757697
Train_U_3Layers_input_size_10_node1_40_node2_100_node3_30_node4_0,0.3869729795855536
Train_U_3Layers_input_size_10_node1_90_node2_80_node3_60_node4_0,0.38697665698477124
Train_U_3Layers_input_size_5_node1_80_node2_70_node3_100_node4_0,0.3870459434359776
Train_U_3Layers_input_size_10_node1_90_node2_90_node3_90_node4_0,0.3870649040846017
Train_U_3Layers_input_size_15_node1_70_node2_80_node3_80_node4_0,0.38706652099033595
Train_U_3Layers_input_size_15_node1_50_node2_60_node3_90_node4_0,0.3870757988188588
Train_U_3Layers_input_size_10_node1_30_node2_40_node3_100_node4_0,0.3870863275374508
Train_U_3Layers_input_size_10_node1_100_node2_90_node3_60_node4_0,0.3871441630140098
Train_U_3Layers_input_size_10_node1_100_node2_90_node3_80_node4_0,0.3871998539724843
Train_U_3Layers_input_size_5_node1_50_node2_90_node3_50_node4_0,0.3872411455517546
Train_U_3Layers_input_size_10_node1_80_node2_60_node3_30_node4_0,0.3872589038098635
Train_U_3Layers_input_size_15_node1_90_node2_80_node3_100_node4_0,0.38726432924744536
Train_U_3Layers_input_size_10_node1_70_node2_40_node3_50_node4_0,0.38730432507473467
Train_U_3Layers_input_size_5_node1_60_node2_70_node3_90_node4_0,0.38732338849124365
Train_U_3Layers_input_size_10_node1_60_node2_80_node3_70_node4_0,0.3873294670423051
Train_U_3Layers_input_size_5_node1_80_node2_40_node3_60_node4_0,0.3873435088999784
Train_U_3Layers_input_size_15_node1_100_node2_100_node3_50_node4_0,0.38734808682025496
Train_U_3Layers_input_size_5_node1_60_node2_30_node3_60_node4_0,0.387350241116958
Train_U_3Layers_input_size_5_node1_90_node2_90_node3_70_node4_0,0.3873605892680459
Train_U_3Layers_input_size_15_node1_100_node2_100_node3_90_node4_0,0.3873620703005132
Train_U_2Layers_input_size_10_node1_70_node2_50_node3_0_node4_0,0.38737151415359117
Train_U_3Layers_input_size_10_node1_30_node2_90_node3_100_node4_0,0.3873898241863129
Train_U_3Layers_input_size_5_node1_70_node2_40_node3_100_node4_0,0.38739040116907675
Train_U_3Layers_input_size_5_node1_90_node2_90_node3_100_node4_0,0.3874058832190075
Train_U_3Layers_input_size_10_node1_70_node2_80_node3_70_node4_0,0.38744421065097695
Train_U_3Layers_input_size_15_node1_70_node2_100_node3_50_node4_0,0.3874521141305197
Train_U_3Layers_input_size_10_node1_60_node2_40_node3_40_node4_0,0.38745749840381666
Train_U_3Layers_input_size_15_node1_60_node2_90_node3_90_node4_0,0.38751389417042215
Train_U_3Layers_input_size_10_node1_80_node2_40_node3_80_node4_0,0.38755369122070865
Train_U_3Layers_input_size_5_node1_70_node2_50_node3_60_node4_0,0.387558958736556
Train_U_3Layers_input_size_15_node1_80_node2_100_node3_70_node4_0,0.38756436074961664
Train_U_3Layers_input_size_5_node1_30_node2_30_node3_40_node4_0,0.38756958967274985
Train_U_3Layers_input_size_15_node1_100_node2_60_node3_80_node4_0,0.38758037410391855
Train_U_2Layers_input_size_10_node1_70_node2_100_node3_0_node4_0,0.38758312302857584
Train_U_3Layers_input_size_10_node1_50_node2_100_node3_80_node4_0,0.3875842379714807
Train_U_3Layers_input_size_15_node1_60_node2_40_node3_50_node4_0,0.3876731155152415
Train_U_3Layers_input_size_10_node1_30_node2_50_node3_30_node4_0,0.3877063432560756
Train_U_3Layers_input_size_10_node1_40_node2_40_node3_40_node4_0,0.3877070158530017
Train_U_3Layers_input_size_15_node1_40_node2_60_node3_100_node4_0,0.3877096293614102
Train_U_3Layers_input_size_5_node1_50_node2_80_node3_70_node4_0,0.3877618189731482
Train_U_3Layers_input_size_5_node1_30_node2_90_node3_80_node4_0,0.3877690434910624
Train_U_3Layers_input_size_10_node1_80_node2_40_node3_30_node4_0,0.3877829349384996
Train_U_3Layers_input_size_10_node1_50_node2_30_node3_60_node4_0,0.3878087375098709
Train_U_3Layers_input_size_5_node1_80_node2_100_node3_40_node4_0,0.3878236073110609
Train_U_3Layers_input_size_15_node1_70_node2_80_node3_100_node4_0,0.38782666188955317
Train_U_3Layers_input_size_10_node1_90_node2_30_node3_40_node4_0,0.38784587252359365
Train_U_3Layers_input_size_5_node1_90_node2_60_node3_80_node4_0,0.38787553187391305
Train_U_3Layers_input_size_15_node1_70_node2_50_node3_50_node4_0,0.38788922742762805
Train_U_3Layers_input_size_5_node1_30_node2_60_node3_30_node4_0,0.387892435152223
Train_U_3Layers_input_size_15_node1_30_node2_80_node3_80_node4_0,0.38791961331107094
Train_U_2Layers_input_size_10_node1_40_node2_50_node3_0_node4_0,0.3879419498351258
Train_U_3Layers_input_size_10_node1_80_node2_60_node3_70_node4_0,0.3879437935492123
Train_U_3Layers_input_size_5_node1_100_node2_90_node3_80_node4_0,0.387949055768307
Train_U_2Layers_input_size_15_node1_50_node2_100_node3_0_node4_0,0.3879567953258225
Train_U_3Layers_input_size_15_node1_30_node2_80_node3_100_node4_0,0.3879673001357913
Train_U_3Layers_input_size_10_node1_50_node2_30_node3_40_node4_0,0.3879766140347046
Train_U_3Layers_input_size_15_node1_90_node2_90_node3_70_node4_0,0.3879878480276574
Train_U_3Layers_input_size_5_node1_100_node2_100_node3_90_node4_0,0.3879899987721156
Train_U_2Layers_input_size_10_node1_90_node2_50_node3_0_node4_0,0.38799351290928147
Train_U_3Layers_input_size_10_node1_70_node2_90_node3_90_node4_0,0.38800082912553113
Train_U_3Layers_input_size_15_node1_50_node2_60_node3_100_node4_0,0.38802369861270264
Train_U_3Layers_input_size_15_node1_30_node2_30_node3_60_node4_0,0.38805415076601735
Train_U_3Layers_input_size_10_node1_40_node2_50_node3_60_node4_0,0.3880564547409026
Train_U_3Layers_input_size_10_node1_70_node2_50_node3_80_node4_0,0.38806778241846174
Train_U_3Layers_input_size_15_node1_50_node2_80_node3_30_node4_0,0.3880696447338008
Train_U_3Layers_input_size_5_node1_40_node2_60_node3_90_node4_0,0.38807081587598313
Train_U_3Layers_input_size_5_node1_60_node2_80_node3_90_node4_0,0.3880762875590203
Train_U_3Layers_input_size_15_node1_90_node2_90_node3_40_node4_0,0.38808012729052516
Train_U_3Layers_input_size_15_node1_30_node2_70_node3_60_node4_0,0.38809131989108725
Train_U_3Layers_input_size_5_node1_100_node2_60_node3_100_node4_0,0.38809573540800574
Train_U_3Layers_input_size_5_node1_80_node2_70_node3_60_node4_0,0.388096368934573
Train_U_3Layers_input_size_5_node1_70_node2_60_node3_90_node4_0,0.38810677398052107
Train_U_3Layers_input_size_5_node1_70_node2_30_node3_100_node4_0,0.3881286582221522
Train_U_3Layers_input_size_5_node1_40_node2_70_node3_50_node4_0,0.38814643346112787
Train_U_3Layers_input_size_5_node1_30_node2_40_node3_90_node4_0,0.38816825788422105
Train_U_3Layers_input_size_10_node1_50_node2_50_node3_40_node4_0,0.3882238403185571
Train_U_3Layers_input_size_10_node1_30_node2_90_node3_60_node4_0,0.38824742590105576
Train_U_3Layers_input_size_15_node1_70_node2_50_node3_90_node4_0,0.3882758648688907
Train_U_2Layers_input_size_5_node1_80_node2_80_node3_0_node4_0,0.388318442668352
Train_U_3Layers_input_size_15_node1_90_node2_60_node3_90_node4_0,0.3883227596698947
Train_U_3Layers_input_size_15_node1_30_node2_90_node3_100_node4_0,0.3883591932512348
Train_U_3Layers_input_size_10_node1_90_node2_30_node3_90_node4_0,0.3883830008172236
Train_U_3Layers_input_size_5_node1_30_node2_70_node3_90_node4_0,0.38838394081203975
Train_U_3Layers_input_size_15_node1_60_node2_80_node3_80_node4_0,0.3884034308041871
Train_U_3Layers_input_size_5_node1_40_node2_30_node3_70_node4_0,0.3884346971541149
Train_U_3Layers_input_size_10_node1_60_node2_50_node3_50_node4_0,0.3884497923375278
Train_U_3Layers_input_size_10_node1_80_node2_30_node3_100_node4_0,0.38846289225634395
Train_U_3Layers_input_size_5_node1_30_node2_40_node3_60_node4_0,0.3885092083393224
Train_U_3Layers_input_size_10_node1_30_node2_70_node3_30_node4_0,0.3885138492325028
Train_U_2Layers_input_size_10_node1_40_node2_70_node3_0_node4_0,0.3885161313042716
Train_U_3Layers_input_size_5_node1_50_node2_60_node3_90_node4_0,0.38851634225140536
Train_U_3Layers_input_size_10_node1_100_node2_30_node3_60_node4_0,0.38851816406279455
Train_U_3Layers_input_size_5_node1_40_node2_80_node3_40_node4_0,0.388551856445111
Train_U_3Layers_input_size_5_node1_70_node2_30_node3_40_node4_0,0.38857785721978677
Train_U_3Layers_input_size_15_node1_70_node2_90_node3_60_node4_0,0.3885787775693087
Train_U_3Layers_input_size_5_node1_50_node2_40_node3_30_node4_0,0.3886041054996658
Train_U_3Layers_input_size_5_node1_70_node2_100_node3_100_node4_0,0.3886252140426169
Train_U_2Layers_input_size_10_node1_90_node2_90_node3_0_node4_0,0.3886677152324805
Train_U_3Layers_input_size_15_node1_100_node2_90_node3_80_node4_0,0.3886679644363966
Train_U_2Layers_input_size_15_node1_100_node2_50_node3_0_node4_0,0.38870127964451956
Train_U_2Layers_input_size_5_node1_90_node2_70_node3_0_node4_0,0.3887067041175195
Train_U_3Layers_input_size_5_node1_100_node2_50_node3_90_node4_0,0.388707988345628
Train_U_3Layers_input_size_10_node1_50_node2_60_node3_50_node4_0,0.38872702125883957
Train_U_3Layers_input_size_15_node1_50_node2_90_node3_60_node4_0,0.3887697412930582
Train_U_2Layers_input_size_10_node1_60_node2_30_node3_0_node4_0,0.38880249205676615
Train_U_3Layers_input_size_5_node1_80_node2_50_node3_50_node4_0,0.38880896906068824
Train_U_3Layers_input_size_10_node1_80_node2_70_node3_60_node4_0,0.388824605406563
Train_U_3Layers_input_size_10_node1_80_node2_80_node3_80_node4_0,0.388828820980431
Train_U_3Layers_input_size_10_node1_50_node2_40_node3_30_node4_0,0.38883865075468577
Train_U_3Layers_input_size_5_node1_40_node2_60_node3_70_node4_0,0.38883972377542825
Train_U_3Layers_input_size_10_node1_100_node2_100_node3_100_node4_0,0.38884432240221517
Train_U_3Layers_input_size_10_node1_50_node2_100_node3_60_node4_0,0.38887936598418466
Train_U_3Layers_input_size_5_node1_70_node2_80_node3_100_node4_0,0.38889929094291625
Train_U_3Layers_input_size_5_node1_70_node2_80_node3_90_node4_0,0.3889094254581323
Train_U_3Layers_input_size_15_node1_100_node2_70_node3_90_node4_0,0.38891277802790625
Train_U_2Layers_input_size_15_node1_60_node2_100_node3_0_node4_0,0.38892224169750594
Train_U_3Layers_input_size_10_node1_60_node2_90_node3_70_node4_0,0.38893862058149226
Train_U_3Layers_input_size_5_node1_80_node2_40_node3_30_node4_0,0.3889508228806239
Train_U_3Layers_input_size_5_node1_40_node2_30_node3_100_node4_0,0.38895191474744345
Train_U_2Layers_input_size_5_node1_90_node2_90_node3_0_node4_0,0.3889522595468549
Train_U_3Layers_input_size_5_node1_70_node2_70_node3_80_node4_0,0.3889551903295117
Train_U_3Layers_input_size_5_node1_70_node2_90_node3_40_node4_0,0.38896166479069655
Train_U_3Layers_input_size_5_node1_100_node2_40_node3_100_node4_0,0.3889648253613007
Train_U_3Layers_input_size_10_node1_100_node2_90_node3_90_node4_0,0.38897325342402717
Train_U_3Layers_input_size_5_node1_90_node2_50_node3_80_node4_0,0.3889991877260529
Train_U_3Layers_input_size_10_node1_90_node2_100_node3_90_node4_0,0.3890211175258946
Train_U_3Layers_input_size_5_node1_40_node2_80_node3_100_node4_0,0.3890327043882277
Train_U_3Layers_input_size_5_node1_60_node2_50_node3_50_node4_0,0.38905955393951186
Train_U_3Layers_input_size_5_node1_80_node2_80_node3_90_node4_0,0.3890650883171053
Train_U_3Layers_input_size_5_node1_80_node2_100_node3_90_node4_0,0.3890691863868076
Train_U_3Layers_input_size_10_node1_50_node2_60_node3_80_node4_0,0.3890873973800588
Train_U_3Layers_input_size_15_node1_50_node2_40_node3_60_node4_0,0.38910583729650916
Train_U_3Layers_input_size_5_node1_60_node2_70_node3_80_node4_0,0.38911386020644095
Train_U_3Layers_input_size_10_node1_70_node2_50_node3_40_node4_0,0.38913775562636893
Train_U_3Layers_input_size_5_node1_100_node2_40_node3_40_node4_0,0.3891505643459435
Train_U_3Layers_input_size_10_node1_30_node2_100_node3_100_node4_0,0.3891526320817774
Train_U_3Layers_input_size_10_node1_80_node2_90_node3_80_node4_0,0.3891614006912839
Train_U_3Layers_input_size_5_node1_90_node2_40_node3_90_node4_0,0.38918000940012637
Train_U_3Layers_input_size_5_node1_100_node2_100_node3_40_node4_0,0.3891900791740077
Train_U_3Layers_input_size_5_node1_60_node2_50_node3_40_node4_0,0.3891942333584215
Train_U_3Layers_input_size_5_node1_40_node2_60_node3_40_node4_0,0.389196090283658
Train_U_3Layers_input_size_5_node1_50_node2_90_node3_30_node4_0,0.38919942124074774
Train_U_3Layers_input_size_5_node1_30_node2_90_node3_60_node4_0,0.3892112516510164
Train_U_3Layers_input_size_5_node1_40_node2_80_node3_30_node4_0,0.3892184492651391
Train_U_3Layers_input_size_5_node1_90_node2_30_node3_40_node4_0,0.38922999196947755
Train_U_3Layers_input_size_5_node1_90_node2_50_node3_60_node4_0,0.38924450121837884
Train_U_3Layers_input_size_5_node1_90_node2_30_node3_80_node4_0,0.389250530628438
Train_U_3Layers_input_size_5_node1_60_node2_100_node3_70_node4_0,0.38930938425009953
Train_U_3Layers_input_size_5_node1_80_node2_50_node3_70_node4_0,0.38937638042199135
Train_U_3Layers_input_size_5_node1_40_node2_100_node3_100_node4_0,0.38941587233603536
Train_U_3Layers_input_size_5_node1_90_node2_90_node3_80_node4_0,0.38942298963877253
Train_U_3Layers_input_size_5_node1_80_node2_30_node3_40_node4_0,0.3894325748328684
Train_U_3Layers_input_size_15_node1_50_node2_100_node3_70_node4_0,0.38945013751048235
Train_U_3Layers_input_size_5_node1_90_node2_60_node3_60_node4_0,0.3894540976126721
Train_U_3Layers_input_size_10_node1_90_node2_60_node3_50_node4_0,0.38945587677590865
Train_U_3Layers_input_size_10_node1_60_node2_60_node3_50_node4_0,0.38947693915528064
Train_U_2Layers_input_size_10_node1_50_node2_60_node3_0_node4_0,0.38947787650990484
Train_U_2Layers_input_size_10_node1_60_node2_70_node3_0_node4_0,0.38949909072862887
Train_U_3Layers_input_size_15_node1_80_node2_70_node3_70_node4_0,0.3895247604925145
Train_U_3Layers_input_size_15_node1_40_node2_100_node3_70_node4_0,0.38952988659145366
Train_U_3Layers_input_size_10_node1_100_node2_50_node3_100_node4_0,0.38953178017064144
Train_U_3Layers_input_size_15_node1_30_node2_50_node3_40_node4_0,0.3895336737406243
Train_U_3Layers_input_size_5_node1_70_node2_100_node3_40_node4_0,0.3895358542037475
Train_U_3Layers_input_size_5_node1_50_node2_80_node3_50_node4_0,0.389542051242828
Train_U_3Layers_input_size_5_node1_40_node2_30_node3_80_node4_0,0.3895439065100439
Train_U_3Layers_input_size_5_node1_70_node2_70_node3_70_node4_0,0.3895643903679396
Train_U_3Layers_input_size_5_node1_80_node2_40_node3_70_node4_0,0.38956618815279215
Train_U_3Layers_input_size_10_node1_40_node2_60_node3_100_node4_0,0.38957911665907313
Train_U_3Layers_input_size_5_node1_30_node2_30_node3_100_node4_0,0.3895867664607478
Train_U_3Layers_input_size_15_node1_70_node2_80_node3_30_node4_0,0.3895890613719596
Train_U_3Layers_input_size_5_node1_60_node2_40_node3_90_node4_0,0.38961258343250793
Train_U_3Layers_input_size_5_node1_90_node2_100_node3_50_node4_0,0.38961658012928874
Train_U_3Layers_input_size_15_node1_90_node2_50_node3_40_node4_0,0.389617899603913
Train_U_3Layers_input_size_5_node1_30_node2_70_node3_30_node4_0,0.3896267342319266
Train_U_3Layers_input_size_10_node1_40_node2_30_node3_90_node4_0,0.3896456075388695
Train_U_3Layers_input_size_5_node1_40_node2_100_node3_50_node4_0,0.38966365774922057
Train_U_3Layers_input_size_10_node1_80_node2_70_node3_40_node4_0,0.3896703498816911
Train_U_3Layers_input_size_10_node1_90_node2_30_node3_70_node4_0,0.3896713823718955
Train_U_3Layers_input_size_5_node1_50_node2_50_node3_90_node4_0,0.38967711837877034
Train_U_3Layers_input_size_5_node1_50_node2_40_node3_90_node4_0,0.38968750033650096
Train_U_3Layers_input_size_5_node1_50_node2_30_node3_70_node4_0,0.38969170657581753
Train_U_2Layers_input_size_15_node1_40_node2_50_node3_0_node4_0,0.3896944214879944
Train_U_3Layers_input_size_10_node1_50_node2_50_node3_90_node4_0,0.3897073266217463
Train_U_3Layers_input_size_10_node1_70_node2_100_node3_80_node4_0,0.3897317782883959
Train_U_3Layers_input_size_15_node1_40_node2_90_node3_50_node4_0,0.3897405721014744
Train_U_3Layers_input_size_15_node1_70_node2_100_node3_90_node4_0,0.3897598030969145
Train_U_3Layers_input_size_10_node1_60_node2_70_node3_60_node4_0,0.38975999425512814
Train_U_3Layers_input_size_5_node1_70_node2_60_node3_60_node4_0,0.3897636835902851
Train_U_3Layers_input_size_10_node1_60_node2_30_node3_60_node4_0,0.3897718267660408
Train_U_3Layers_input_size_15_node1_80_node2_50_node3_60_node4_0,0.38981017004420415
Train_U_3Layers_input_size_10_node1_40_node2_30_node3_40_node4_0,0.3898148336751985
Train_U_3Layers_input_size_15_node1_80_node2_30_node3_100_node4_0,0.38982173345314347
Train_U_2Layers_input_size_15_node1_100_node2_60_node3_0_node4_0,0.38982215393427794
Train_U_3Layers_input_size_10_node1_90_node2_100_node3_40_node4_0,0.38982926381933414
Train_U_3Layers_input_size_5_node1_40_node2_70_node3_60_node4_0,0.3898457192655986
Train_U_3Layers_input_size_10_node1_80_node2_50_node3_40_node4_0,0.3898462352788137
Train_U_3Layers_input_size_10_node1_100_node2_40_node3_50_node4_0,0.389870792895798
Train_U_2Layers_input_size_15_node1_50_node2_50_node3_0_node4_0,0.3898842463740728
Train_U_3Layers_input_size_5_node1_100_node2_80_node3_50_node4_0,0.3899215276644365
Train_U_3Layers_input_size_5_node1_90_node2_100_node3_30_node4_0,0.38992427919197314
Train_U_3Layers_input_size_15_node1_60_node2_40_node3_70_node4_0,0.3899391065339129
Train_U_3Layers_input_size_5_node1_30_node2_100_node3_80_node4_0,0.3899476663921469
Train_U_3Layers_input_size_15_node1_50_node2_90_node3_30_node4_0,0.38995062790649043
Train_U_3Layers_input_size_5_node1_90_node2_100_node3_100_node4_0,0.39000330089125856
Train_U_3Layers_input_size_5_node1_70_node2_70_node3_100_node4_0,0.39000928036334115
Train_U_3Layers_input_size_5_node1_50_node2_40_node3_60_node4_0,0.3900144383007552
Train_U_3Layers_input_size_10_node1_40_node2_50_node3_40_node4_0,0.39002322574072784
Train_U_3Layers_input_size_5_node1_50_node2_60_node3_60_node4_0,0.3900262057841101
Train_U_3Layers_input_size_5_node1_40_node2_60_node3_30_node4_0,0.39005090488264815
Train_U_3Layers_input_size_10_node1_50_node2_70_node3_100_node4_0,0.39006612852854083
Train_U_3Layers_input_size_5_node1_90_node2_40_node3_80_node4_0,0.39006687345957836
Train_U_3Layers_input_size_5_node1_60_node2_90_node3_70_node4_0,0.390067121769608
Train_U_3Layers_input_size_15_node1_70_node2_90_node3_80_node4_0,0.3900806257770184
Train_U_3Layers_input_size_5_node1_40_node2_100_node3_40_node4_0,0.39009080599971413
Train_U_3Layers_input_size_15_node1_100_node2_100_node3_80_node4_0,0.390106429164354
Train_U_3Layers_input_size_15_node1_60_node2_70_node3_50_node4_0,0.39011760182624616
Train_U_3Layers_input_size_5_node1_80_node2_30_node3_90_node4_0,0.3901278765730332
Train_U_3Layers_input_size_5_node1_50_node2_100_node3_80_node4_0,0.3901348663018736
Train_U_3Layers_input_size_15_node1_60_node2_50_node3_60_node4_0,0.3901406145915856
Train_U_3Layers_input_size_10_node1_90_node2_40_node3_50_node4_0,0.3901475849953911
Train_U_3Layers_input_size_15_node1_50_node2_80_node3_60_node4_0,0.39016433255245525
Train_U_3Layers_input_size_5_node1_40_node2_40_node3_30_node4_0,0.3902054440883075
Train_U_3Layers_input_size_15_node1_80_node2_80_node3_50_node4_0,0.39022301016784183
Train_U_3Layers_input_size_5_node1_40_node2_40_node3_40_node4_0,0.3902416446226322
Train_U_2Layers_input_size_15_node1_30_node2_80_node3_0_node4_0,0.390243000168128
Train_U_3Layers_input_size_5_node1_90_node2_90_node3_90_node4_0,0.39024342019535424
Train_U_3Layers_input_size_15_node1_30_node2_100_node3_70_node4_0,0.3902470858683214
Train_U_3Layers_input_size_5_node1_60_node2_80_node3_40_node4_0,0.39024899505935495
Train_U_3Layers_input_size_15_node1_80_node2_80_node3_100_node4_0,0.3902618054895937
Train_U_2Layers_input_size_10_node1_50_node2_70_node3_0_node4_0,0.3902828816460639
Train_U_3Layers_input_size_10_node1_30_node2_100_node3_60_node4_0,0.3902874441786218
Train_U_3Layers_input_size_15_node1_40_node2_70_node3_60_node4_0,0.39031535273563894
Train_U_3Layers_input_size_10_node1_80_node2_40_node3_60_node4_0,0.3903233889610112
Train_U_3Layers_input_size_10_node1_80_node2_60_node3_100_node4_0,0.3903382011424135
Train_U_3Layers_input_size_10_node1_100_node2_40_node3_30_node4_0,0.3903461223747339
Train_U_3Layers_input_size_10_node1_90_node2_90_node3_30_node4_0,0.39034793564626946
Train_U_3Layers_input_size_15_node1_30_node2_30_node3_30_node4_0,0.3903709348331952
Train_U_3Layers_input_size_5_node1_100_node2_60_node3_40_node4_0,0.3903801722994657
Train_U_2Layers_input_size_15_node1_60_node2_70_node3_0_node4_0,0.3903806494353817
Train_U_3Layers_input_size_10_node1_40_node2_60_node3_80_node4_0,0.39038668038308844
Train_U_2Layers_input_size_5_node1_60_node2_70_node3_0_node4_0,0.3903906500699728
Train_U_3Layers_input_size_15_node1_100_node2_50_node3_70_node4_0,0.3904111085853677
Train_U_3Layers_input_size_5_node1_30_node2_50_node3_60_node4_0,0.3904165283855626
Train_U_1Layers_input_size_10_node1_60_node2_0_node3_0_node4_0,0.390417291731658
Train_U_3Layers_input_size_15_node1_50_node2_40_node3_90_node4_0,0.390417387149815
Train_U_2Layers_input_size_15_node1_50_node2_40_node3_0_node4_0,0.3904273295939598
Train_U_3Layers_input_size_10_node1_50_node2_40_node3_90_node4_0,0.39043068821269755
Train_U_3Layers_input_size_15_node1_90_node2_40_node3_60_node4_0,0.3904475953659574
Train_U_3Layers_input_size_10_node1_90_node2_60_node3_40_node4_0,0.39045809040883633
Train_U_3Layers_input_size_15_node1_50_node2_30_node3_50_node4_0,0.39046606645276366
Train_U_3Layers_input_size_5_node1_100_node2_30_node3_70_node4_0,0.39048325828046676
Train_U_2Layers_input_size_15_node1_80_node2_50_node3_0_node4_0,0.39048871523954587
Train_U_3Layers_input_size_5_node1_60_node2_100_node3_90_node4_0,0.3905013270105241
Train_U_3Layers_input_size_5_node1_70_node2_50_node3_50_node4_0,0.3905238211249447
Train_U_3Layers_input_size_5_node1_60_node2_100_node3_80_node4_0,0.3905672602895258
Train_U_3Layers_input_size_5_node1_90_node2_80_node3_40_node4_0,0.39056954943954536
Train_U_3Layers_input_size_5_node1_90_node2_100_node3_70_node4_0,0.39057920187456674
Train_U_3Layers_input_size_5_node1_40_node2_70_node3_90_node4_0,0.3905900176596561
Train_U_3Layers_input_size_5_node1_90_node2_80_node3_80_node4_0,0.3906046099109479
Train_U_3Layers_input_size_5_node1_50_node2_90_node3_60_node4_0,0.39061925883842524
Train_U_3Layers_input_size_15_node1_60_node2_60_node3_70_node4_0,0.3906464380103598
Train_U_3Layers_input_size_5_node1_80_node2_80_node3_80_node4_0,0.390658739540218
Train_U_3Layers_input_size_5_node1_70_node2_90_node3_80_node4_0,0.3906797752123198
Train_U_3Layers_input_size_5_node1_80_node2_40_node3_40_node4_0,0.3906818920667315
Train_U_3Layers_input_size_5_node1_90_node2_40_node3_60_node4_0,0.3906980064833324
Train_U_3Layers_input_size_10_node1_60_node2_40_node3_70_node4_0,0.39070054277475585
Train_U_3Layers_input_size_15_node1_40_node2_90_node3_40_node4_0,0.3907166182841155
Train_U_3Layers_input_size_5_node1_80_node2_30_node3_70_node4_0,0.39074834783476925
Train_U_3Layers_input_size_15_node1_90_node2_100_node3_60_node4_0,0.3907586059964951
Train_U_3Layers_input_size_10_node1_40_node2_70_node3_100_node4_0,0.3907615041644015
Train_U_3Layers_input_size_10_node1_50_node2_40_node3_100_node4_0,0.39078280122579484
Train_U_3Layers_input_size_15_node1_90_node2_80_node3_30_node4_0,0.39078621398628277
Train_U_2Layers_input_size_15_node1_80_node2_60_node3_0_node4_0,0.39080148524775216
Train_U_3Layers_input_size_10_node1_100_node2_80_node3_40_node4_0,0.3908020571935169
Train_U_3Layers_input_size_15_node1_80_node2_60_node3_30_node4_0,0.39080874889677675
Train_U_3Layers_input_size_5_node1_50_node2_70_node3_100_node4_0,0.390818109463226
Train_U_3Layers_input_size_5_node1_100_node2_100_node3_100_node4_0,0.3908227420027911
Train_U_3Layers_input_size_5_node1_80_node2_90_node3_30_node4_0,0.39082716478768104
Train_U_3Layers_input_size_10_node1_30_node2_70_node3_100_node4_0,0.3908423391347046
Train_U_3Layers_input_size_5_node1_30_node2_70_node3_80_node4_0,0.3908439213505393
Train_U_3Layers_input_size_5_node1_60_node2_90_node3_60_node4_0,0.39084923983633335
Train_U_3Layers_input_size_10_node1_40_node2_80_node3_100_node4_0,0.3908578560109791
Train_U_3Layers_input_size_5_node1_100_node2_70_node3_60_node4_0,0.390868683146984
Train_U_3Layers_input_size_15_node1_100_node2_40_node3_90_node4_0,0.390870665547853
Train_U_3Layers_input_size_15_node1_50_node2_50_node3_80_node4_0,0.39087632677190376
Train_U_2Layers_input_size_5_node1_60_node2_60_node3_0_node4_0,0.3908810158044898
Train_U_3Layers_input_size_5_node1_50_node2_60_node3_50_node4_0,0.39088397024735466
Train_U_3Layers_input_size_5_node1_30_node2_100_node3_40_node4_0,0.3908879539446366
Train_U_3Layers_input_size_10_node1_50_node2_90_node3_40_node4_0,0.3908924903543025
Train_U_3Layers_input_size_10_node1_90_node2_30_node3_30_node4_0,0.39090015257375943
Train_U_3Layers_input_size_5_node1_70_node2_60_node3_30_node4_0,0.39090278285327307
Train_U_2Layers_input_size_10_node1_80_node2_70_node3_0_node4_0,0.39090402174691263
Train_U_3Layers_input_size_5_node1_100_node2_70_node3_50_node4_0,0.3909043267047448
Train_U_3Layers_input_size_5_node1_50_node2_90_node3_80_node4_0,0.39090670917961884
Train_U_3Layers_input_size_10_node1_40_node2_40_node3_80_node4_0,0.39092189949798234
Train_U_3Layers_input_size_5_node1_50_node2_90_node3_70_node4_0,0.39092662610148043
Train_U_3Layers_input_size_5_node1_30_node2_100_node3_100_node4_0,0.390943340285333
Train_U_3Layers_input_size_5_node1_70_node2_80_node3_40_node4_0,0.390954622431914
Train_U_3Layers_input_size_10_node1_80_node2_100_node3_100_node4_0,0.39095683308465007
Train_U_3Layers_input_size_5_node1_30_node2_50_node3_70_node4_0,0.3909644749861778
Train_U_3Layers_input_size_5_node1_40_node2_90_node3_70_node4_0,0.39097682367842634
Train_U_3Layers_input_size_5_node1_90_node2_80_node3_50_node4_0,0.3909786149686751
Train_U_3Layers_input_size_5_node1_100_node2_70_node3_70_node4_0,0.3909893244264023
Train_U_3Layers_input_size_5_node1_50_node2_100_node3_40_node4_0,0.39099069643537604
Train_U_3Layers_input_size_10_node1_60_node2_50_node3_80_node4_0,0.39099439321337076
Train_U_3Layers_input_size_5_node1_100_node2_100_node3_70_node4_0,0.39101506784801443
Train_U_3Layers_input_size_15_node1_30_node2_60_node3_60_node4_0,0.391015182174752
Train_U_2Layers_input_size_15_node1_90_node2_70_node3_0_node4_0,0.391018897775526
Train_U_3Layers_input_size_5_node1_70_node2_90_node3_100_node4_0,0.3910215082021331
Train_U_3Layers_input_size_10_node1_80_node2_50_node3_50_node4_0,0.39104332458979246
Train_U_3Layers_input_size_5_node1_80_node2_100_node3_50_node4_0,0.3910592145374834
Train_U_3Layers_input_size_15_node1_60_node2_50_node3_80_node4_0,0.39106243436427796
Train_U_3Layers_input_size_5_node1_90_node2_70_node3_70_node4_0,0.3910671783211326
Train_U_3Layers_input_size_10_node1_60_node2_50_node3_60_node4_0,0.3911036229459097
Train_U_3Layers_input_size_5_node1_50_node2_40_node3_40_node4_0,0.3911097760942341
Train_U_3Layers_input_size_5_node1_60_node2_40_node3_40_node4_0,0.391119815233684
Train_U_3Layers_input_size_5_node1_100_node2_30_node3_50_node4_0,0.39112192970648374
Train_U_3Layers_input_size_10_node1_70_node2_50_node3_100_node4_0,0.3911301779460651
Train_U_3Layers_input_size_10_node1_100_node2_40_node3_40_node4_0,0.3911354163450925
Train_U_3Layers_input_size_5_node1_70_node2_40_node3_30_node4_0,0.39114134041364146
Train_U_3Layers_input_size_15_node1_60_node2_50_node3_70_node4_0,0.39114505481600165
Train_U_3Layers_input_size_15_node1_100_node2_30_node3_100_node4_0,0.39115412161926816
Train_U_3Layers_input_size_5_node1_90_node2_60_node3_70_node4_0,0.39116227394360537
Train_U_2Layers_input_size_5_node1_50_node2_80_node3_0_node4_0,0.3912080418998068
Train_U_3Layers_input_size_15_node1_60_node2_50_node3_90_node4_0,0.3912284386272547
Train_U_3Layers_input_size_10_node1_60_node2_50_node3_40_node4_0,0.3912323997731373
Train_U_3Layers_input_size_10_node1_90_node2_60_node3_100_node4_0,0.3912371987999975
Train_U_3Layers_input_size_15_node1_100_node2_100_node3_60_node4_0,0.3912477488346357
Train_U_3Layers_input_size_5_node1_100_node2_90_node3_70_node4_0,0.3912496721857422
Train_U_3Layers_input_size_5_node1_40_node2_90_node3_30_node4_0,0.3913305395915849
Train_U_3Layers_input_size_10_node1_40_node2_40_node3_50_node4_0,0.39133528029833736
Train_U_2Layers_input_size_10_node1_100_node2_30_node3_0_node4_0,0.39133600377463823
Train_U_2Layers_input_size_10_node1_30_node2_60_node3_0_node4_0,0.3913416582670164
Train_U_3Layers_input_size_5_node1_90_node2_80_node3_30_node4_0,0.3913431051946986
Train_U_2Layers_input_size_5_node1_100_node2_70_node3_0_node4_0,0.39136465616851557
Train_U_3Layers_input_size_10_node1_30_node2_30_node3_40_node4_0,0.3913682923023893
Train_U_3Layers_input_size_10_node1_30_node2_100_node3_30_node4_0,0.3913694154992171
Train_U_3Layers_input_size_10_node1_70_node2_60_node3_50_node4_0,0.3913850066612371
Train_U_3Layers_input_size_5_node1_80_node2_50_node3_60_node4_0,0.39139616186119686
Train_U_3Layers_input_size_5_node1_90_node2_50_node3_50_node4_0,0.3914316431819757
Train_U_3Layers_input_size_5_node1_50_node2_60_node3_40_node4_0,0.3914374675979126
Train_U_3Layers_input_size_5_node1_70_node2_50_node3_70_node4_0,0.391445556920722
Train_U_3Layers_input_size_15_node1_60_node2_70_node3_40_node4_0,0.3914495349028579
Train_U_2Layers_input_size_5_node1_80_node2_70_node3_0_node4_0,0.39145465482993674
Train_U_3Layers_input_size_15_node1_60_node2_80_node3_30_node4_0,0.3914716890495319
Train_U_3Layers_input_size_10_node1_70_node2_40_node3_100_node4_0,0.39148402174258273
Train_U_3Layers_input_size_10_node1_80_node2_30_node3_40_node4_0,0.39148459269118474
Train_U_2Layers_input_size_5_node1_50_node2_70_node3_0_node4_0,0.39149384194253045
Train_U_3Layers_input_size_5_node1_100_node2_70_node3_100_node4_0,0.39149395612945315
Train_U_3Layers_input_size_5_node1_30_node2_60_node3_90_node4_0,0.39149568796036416
Train_U_3Layers_input_size_5_node1_50_node2_70_node3_30_node4_0,0.39150590750986114
Train_U_3Layers_input_size_10_node1_30_node2_50_node3_40_node4_0,0.391527906230782
Train_U_3Layers_input_size_5_node1_100_node2_80_node3_70_node4_0,0.3915467069261591
Train_U_3Layers_input_size_5_node1_90_node2_60_node3_90_node4_0,0.39155024622735407
Train_U_2Layers_input_size_10_node1_90_node2_40_node3_0_node4_0,0.3915575720986139
Train_U_3Layers_input_size_10_node1_70_node2_90_node3_30_node4_0,0.3915774178612531
Train_U_3Layers_input_size_5_node1_30_node2_80_node3_60_node4_0,0.3915787117015525
Train_U_3Layers_input_size_5_node1_90_node2_30_node3_70_node4_0,0.391591174209059
Train_U_3Layers_input_size_15_node1_100_node2_80_node3_80_node4_0,0.3915945989508084
Train_U_3Layers_input_size_5_node1_90_node2_60_node3_40_node4_0,0.3916190279064813
Train_U_3Layers_input_size_10_node1_80_node2_30_node3_70_node4_0,0.3916221670309462
Train_U_3Layers_input_size_5_node1_100_node2_30_node3_40_node4_0,0.39163053790650654
Train_U_3Layers_input_size_5_node1_90_node2_90_node3_30_node4_0,0.39163516083608957
Train_U_3Layers_input_size_10_node1_80_node2_40_node3_40_node4_0,0.3916442353169509
Train_U_3Layers_input_size_5_node1_70_node2_50_node3_80_node4_0,0.3916568289021775
Train_U_3Layers_input_size_5_node1_70_node2_30_node3_90_node4_0,0.39168150126317935
Train_U_3Layers_input_size_5_node1_50_node2_100_node3_50_node4_0,0.3916827376937303
Train_U_3Layers_input_size_10_node1_90_node2_40_node3_30_node4_0,0.3916833654185163
Train_U_3Layers_input_size_10_node1_70_node2_30_node3_60_node4_0,0.3917014548733133
Train_U_3Layers_input_size_10_node1_80_node2_30_node3_30_node4_0,0.3917086447715975
Train_U_3Layers_input_size_10_node1_40_node2_60_node3_40_node4_0,0.3917146933139746
Train_U_3Layers_input_size_10_node1_60_node2_90_node3_30_node4_0,0.3917311075982753
Train_U_3Layers_input_size_5_node1_70_node2_30_node3_30_node4_0,0.3917481678345955
Train_U_3Layers_input_size_10_node1_100_node2_90_node3_30_node4_0,0.3917557372444181
Train_U_3Layers_input_size_5_node1_40_node2_70_node3_80_node4_0,0.39175782926656216
Train_U_3Layers_input_size_10_node1_60_node2_80_node3_100_node4_0,0.39175858999911745
Train_U_3Layers_input_size_5_node1_70_node2_70_node3_50_node4_0,0.3918067413639528
Train_U_2Layers_input_size_15_node1_50_node2_30_node3_0_node4_0,0.3918360058306495
Train_U_3Layers_input_size_15_node1_100_node2_80_node3_100_node4_0,0.39184032210698755
Train_U_3Layers_input_size_5_node1_80_node2_70_node3_50_node4_0,0.39185849938339873
Train_U_3Layers_input_size_10_node1_40_node2_90_node3_80_node4_0,0.3918622640277135
Train_U_3Layers_input_size_5_node1_30_node2_30_node3_50_node4_0,0.39187057273590625
Train_U_3Layers_input_size_5_node1_90_node2_50_node3_70_node4_0,0.3918942240208349
Train_U_3Layers_input_size_15_node1_80_node2_60_node3_70_node4_0,0.39189445216132707
Train_U_3Layers_input_size_5_node1_30_node2_30_node3_60_node4_0,0.39189916703509686
Train_U_3Layers_input_size_5_node1_80_node2_70_node3_40_node4_0,0.3919063342950364
Train_U_3Layers_input_size_10_node1_90_node2_50_node3_40_node4_0,0.3919075890273262
Train_U_3Layers_input_size_10_node1_50_node2_60_node3_40_node4_0,0.3919100224360745
Train_U_3Layers_input_size_5_node1_50_node2_90_node3_100_node4_0,0.39192199914957127
Train_U_3Layers_input_size_5_node1_70_node2_40_node3_80_node4_0,0.3919252689188615
Train_U_3Layers_input_size_10_node1_100_node2_100_node3_30_node4_0,0.39192604833658456
Train_U_3Layers_input_size_10_node1_90_node2_50_node3_100_node4_0,0.3919428529661259
Train_U_3Layers_input_size_15_node1_80_node2_30_node3_90_node4_0,0.391951977350031
Train_U_2Layers_input_size_10_node1_50_node2_90_node3_0_node4_0,0.3919631734392179
Train_U_3Layers_input_size_5_node1_40_node2_70_node3_100_node4_0,0.39199495414361973
Train_U_3Layers_input_size_10_node1_100_node2_40_node3_70_node4_0,0.3920002950258507
Train_U_3Layers_input_size_5_node1_80_node2_80_node3_100_node4_0,0.3920233683213838
Train_U_3Layers_input_size_5_node1_70_node2_40_node3_40_node4_0,0.39206540612326934
Train_U_3Layers_input_size_5_node1_70_node2_70_node3_60_node4_0,0.39208058955576724
Train_U_3Layers_input_size_10_node1_60_node2_100_node3_30_node4_0,0.39208754447367355
Train_U_2Layers_input_size_15_node1_50_node2_70_node3_0_node4_0,0.39209142093174965
Train_U_3Layers_input_size_10_node1_40_node2_40_node3_30_node4_0,0.39212309623890895
Train_U_3Layers_input_size_5_node1_60_node2_60_node3_70_node4_0,0.39216920802404426
Train_U_3Layers_input_size_10_node1_80_node2_100_node3_80_node4_0,0.39217760521918354
Train_U_3Layers_input_size_15_node1_70_node2_100_node3_100_node4_0,0.3921874460471067
Train_U_3Layers_input_size_15_node1_100_node2_70_node3_80_node4_0,0.39219350620245236
Train_U_3Layers_input_size_15_node1_100_node2_70_node3_50_node4_0,0.39219933830114956
Train_U_3Layers_input_size_10_node1_80_node2_30_node3_50_node4_0,0.39220765886512526
Train_U_3Layers_input_size_10_node1_50_node2_100_node3_40_node4_0,0.39220891263343477
Train_U_3Layers_input_size_10_node1_100_node2_70_node3_80_node4_0,0.3922324295448545
Train_U_3Layers_input_size_15_node1_100_node2_50_node3_30_node4_0,0.3922442254613325
Train_U_2Layers_input_size_5_node1_50_node2_60_node3_0_node4_0,0.3922443584245527
Train_U_2Layers_input_size_5_node1_70_node2_60_node3_0_node4_0,0.39225307691447997
Train_U_3Layers_input_size_15_node1_80_node2_50_node3_40_node4_0,0.3922533618291816
Train_U_2Layers_input_size_15_node1_90_node2_40_node3_0_node4_0,0.3922579204362627
Train_U_3Layers_input_size_5_node1_100_node2_30_node3_100_node4_0,0.3922675503195576
Train_U_3Layers_input_size_5_node1_80_node2_40_node3_80_node4_0,0.39227260258981156
Train_U_3Layers_input_size_10_node1_30_node2_50_node3_80_node4_0,0.3922894303590169
Train_U_3Layers_input_size_5_node1_50_node2_30_node3_80_node4_0,0.3922919183765049
Train_U_3Layers_input_size_15_node1_60_node2_30_node3_40_node4_0,0.3922992683818062
Train_U_3Layers_input_size_5_node1_90_node2_90_node3_40_node4_0,0.39232312171392586
Train_U_3Layers_input_size_15_node1_90_node2_30_node3_100_node4_0,0.392335522594653
Train_U_2Layers_input_size_5_node1_40_node2_80_node3_0_node4_0,0.3923454923906304
Train_U_3Layers_input_size_5_node1_70_node2_90_node3_60_node4_0,0.3923497460931428
Train_U_3Layers_input_size_5_node1_90_node2_70_node3_50_node4_0,0.3923530882556218
Train_U_3Layers_input_size_15_node1_80_node2_80_node3_90_node4_0,0.39235327815036247
Train_U_3Layers_input_size_5_node1_70_node2_80_node3_60_node4_0,0.3923656021224981
Train_U_3Layers_input_size_5_node1_80_node2_70_node3_30_node4_0,0.39237705224586006
Train_U_3Layers_input_size_5_node1_90_node2_40_node3_30_node4_0,0.39238857798615273
Train_U_3Layers_input_size_15_node1_60_node2_80_node3_50_node4_0,0.39243949985738813
Train_U_2Layers_input_size_15_node1_80_node2_90_node3_0_node4_0,0.3924517451831333
Train_U_2Layers_input_size_15_node1_90_node2_90_node3_0_node4_0,0.3924657936133676
Train_U_3Layers_input_size_5_node1_80_node2_30_node3_80_node4_0,0.392469666335443
Train_U_3Layers_input_size_15_node1_30_node2_100_node3_30_node4_0,0.3924742983646003
Train_U_3Layers_input_size_5_node1_60_node2_30_node3_30_node4_0,0.3924992800056025
Train_U_3Layers_input_size_10_node1_50_node2_90_node3_80_node4_0,0.3925026588592858
Train_U_3Layers_input_size_15_node1_80_node2_80_node3_70_node4_0,0.39250909378669635
Train_U_3Layers_input_size_15_node1_40_node2_40_node3_80_node4_0,0.3925145415631327
Train_U_3Layers_input_size_5_node1_80_node2_60_node3_30_node4_0,0.39251917306272766
Train_U_2Layers_input_size_10_node1_90_node2_70_node3_0_node4_0,0.39253445282753024
Train_U_3Layers_input_size_10_node1_60_node2_50_node3_90_node4_0,0.39253564861011514
Train_U_3Layers_input_size_5_node1_70_node2_40_node3_60_node4_0,0.3925462396682841
Train_U_3Layers_input_size_15_node1_100_node2_50_node3_100_node4_0,0.39256556097014583
Train_U_3Layers_input_size_5_node1_60_node2_60_node3_80_node4_0,0.3925664340124105
Train_U_3Layers_input_size_5_node1_60_node2_50_node3_100_node4_0,0.39257043859444146
Train_U_3Layers_input_size_15_node1_30_node2_90_node3_80_node4_0,0.39267224753990077
Train_U_3Layers_input_size_10_node1_50_node2_70_node3_60_node4_0,0.39268664857540453
Train_U_3Layers_input_size_5_node1_50_node2_30_node3_50_node4_0,0.3926968181584658
Train_U_3Layers_input_size_15_node1_40_node2_30_node3_100_node4_0,0.3927230757147782
Train_U_2Layers_input_size_15_node1_80_node2_40_node3_0_node4_0,0.39273349097876903
Train_U_3Layers_input_size_5_node1_40_node2_30_node3_30_node4_0,0.3927339273134908
Train_U_3Layers_input_size_10_node1_40_node2_30_node3_30_node4_0,0.3927444561130569
Train_U_2Layers_input_size_10_node1_90_node2_60_node3_0_node4_0,0.3927498816545236
Train_U_3Layers_input_size_5_node1_50_node2_40_node3_80_node4_0,0.3927499954762692
Train_U_2Layers_input_size_10_node1_80_node2_40_node3_0_node4_0,0.39275058355476256
Train_U_3Layers_input_size_5_node1_70_node2_90_node3_50_node4_0,0.39275428273799806
Train_U_3Layers_input_size_15_node1_70_node2_100_node3_60_node4_0,0.39277592700414
Train_U_3Layers_input_size_15_node1_100_node2_60_node3_40_node4_0,0.392790457016761
Train_U_3Layers_input_size_5_node1_80_node2_80_node3_30_node4_0,0.3927910640029813
Train_U_3Layers_input_size_15_node1_50_node2_30_node3_80_node4_0,0.3927936436839534
Train_U_3Layers_input_size_15_node1_50_node2_70_node3_100_node4_0,0.392816822116232
Train_U_3Layers_input_size_10_node1_40_node2_70_node3_90_node4_0,0.39283154027977674
Train_U_3Layers_input_size_10_node1_70_node2_50_node3_90_node4_0,0.3928389370867499
Train_U_3Layers_input_size_5_node1_80_node2_60_node3_70_node4_0,0.3928417440437105
Train_U_3Layers_input_size_15_node1_100_node2_30_node3_70_node4_0,0.3928619042330946
Train_U_2Layers_input_size_15_node1_90_node2_60_node3_0_node4_0,0.3928619421628616
Train_U_3Layers_input_size_10_node1_30_node2_60_node3_60_node4_0,0.39288164618171717
Train_U_3Layers_input_size_5_node1_90_node2_70_node3_90_node4_0,0.39288849210131743
Train_U_2Layers_input_size_5_node1_30_node2_70_node3_0_node4_0,0.39289090047126135
Train_U_3Layers_input_size_5_node1_90_node2_40_node3_50_node4_0,0.39289378291036886
Train_U_3Layers_input_size_10_node1_80_node2_40_node3_70_node4_0,0.39290715184157915
Train_U_3Layers_input_size_10_node1_50_node2_60_node3_100_node4_0,0.3929113425760137
Train_U_3Layers_input_size_15_node1_80_node2_50_node3_70_node4_0,0.39291670892633646
Train_U_2Layers_input_size_5_node1_30_node2_60_node3_0_node4_0,0.3929209564449456
Train_U_3Layers_input_size_15_node1_60_node2_80_node3_40_node4_0,0.3929276310242779
Train_U_3Layers_input_size_15_node1_40_node2_30_node3_30_node4_0,0.3929335470339018
Train_U_2Layers_input_size_15_node1_100_node2_100_node3_0_node4_0,0.39294968287659876
Train_U_3Layers_input_size_10_node1_30_node2_30_node3_30_node4_0,0.39295768418856925
Train_U_3Layers_input_size_10_node1_70_node2_70_node3_70_node4_0,0.39296691772761827
Train_U_3Layers_input_size_10_node1_100_node2_70_node3_50_node4_0,0.3929998305905198
Train_U_3Layers_input_size_5_node1_50_node2_70_node3_70_node4_0,0.3930029207696195
Train_U_3Layers_input_size_5_node1_90_node2_70_node3_40_node4_0,0.39303355583199395
Train_U_3Layers_input_size_5_node1_60_node2_40_node3_60_node4_0,0.39303721443910566
Train_U_3Layers_input_size_10_node1_50_node2_80_node3_90_node4_0,0.3930375366982037
Train_U_3Layers_input_size_10_node1_70_node2_70_node3_80_node4_0,0.393040001023747
Train_U_3Layers_input_size_5_node1_100_node2_60_node3_90_node4_0,0.3930768692803852
Train_U_3Layers_input_size_5_node1_40_node2_90_node3_60_node4_0,0.3930824608219263
Train_U_3Layers_input_size_15_node1_80_node2_30_node3_60_node4_0,0.3930962971760135
Train_U_3Layers_input_size_15_node1_90_node2_70_node3_80_node4_0,0.3931208981480409
Train_U_3Layers_input_size_15_node1_90_node2_60_node3_70_node4_0,0.3931280810382474
Train_U_2Layers_input_size_10_node1_40_node2_60_node3_0_node4_0,0.3931336718514035
Train_U_3Layers_input_size_15_node1_70_node2_50_node3_30_node4_0,0.3931382771055715
Train_U_3Layers_input_size_10_node1_70_node2_70_node3_30_node4_0,0.3931479801805783
Train_U_3Layers_input_size_10_node1_70_node2_30_node3_50_node4_0,0.3931483212999514
Train_U_3Layers_input_size_5_node1_70_node2_80_node3_70_node4_0,0.3931567354841322
Train_U_3Layers_input_size_10_node1_30_node2_30_node3_100_node4_0,0.39316897742150403
Train_U_3Layers_input_size_5_node1_100_node2_50_node3_60_node4_0,0.3931755719914026
Train_U_2Layers_input_size_10_node1_100_node2_70_node3_0_node4_0,0.39317610258417285
Train_U_3Layers_input_size_10_node1_100_node2_80_node3_60_node4_0,0.39319372543720776
Train_U_3Layers_input_size_15_node1_50_node2_100_node3_100_node4_0,0.39321053273427103
Train_U_3Layers_input_size_15_node1_50_node2_70_node3_70_node4_0,0.3932237203696646
Train_U_3Layers_input_size_15_node1_70_node2_60_node3_40_node4_0,0.3932247245823989
Train_U_3Layers_input_size_10_node1_40_node2_100_node3_70_node4_0,0.39323213294049386
Train_U_3Layers_input_size_15_node1_100_node2_30_node3_90_node4_0,0.39323446341814583
Train_U_3Layers_input_size_15_node1_60_node2_90_node3_100_node4_0,0.3932346149934497
Train_U_3Layers_input_size_10_node1_70_node2_50_node3_60_node4_0,0.3932356381252227
Train_U_3Layers_input_size_15_node1_80_node2_70_node3_60_node4_0,0.39324619138465416
Train_U_3Layers_input_size_10_node1_50_node2_60_node3_30_node4_0,0.3932979683548834
Train_U_3Layers_input_size_15_node1_60_node2_90_node3_70_node4_0,0.3933110015127726
Train_U_2Layers_input_size_5_node1_40_node2_70_node3_0_node4_0,0.3933161729804486
Train_U_3Layers_input_size_10_node1_40_node2_100_node3_60_node4_0,0.3933172148429964
Train_U_3Layers_input_size_15_node1_70_node2_80_node3_50_node4_0,0.3933293760162572
Train_U_3Layers_input_size_15_node1_30_node2_50_node3_80_node4_0,0.39334458642490167
Train_U_3Layers_input_size_10_node1_80_node2_90_node3_50_node4_0,0.3933495680373513
Train_U_3Layers_input_size_5_node1_30_node2_90_node3_40_node4_0,0.3933524849978639
Train_U_2Layers_input_size_10_node1_40_node2_100_node3_0_node4_0,0.39337504335808676
Train_U_2Layers_input_size_5_node1_80_node2_100_node3_0_node4_0,0.3933918618478486
Train_U_3Layers_input_size_10_node1_40_node2_70_node3_40_node4_0,0.3933975246685135
Train_U_2Layers_input_size_5_node1_70_node2_90_node3_0_node4_0,0.39341864115728536
Train_U_3Layers_input_size_10_node1_100_node2_100_node3_60_node4_0,0.3934222772454479
Train_U_3Layers_input_size_5_node1_80_node2_30_node3_60_node4_0,0.393426822308394
Train_U_3Layers_input_size_5_node1_50_node2_30_node3_60_node4_0,0.39344914916762513
Train_U_3Layers_input_size_5_node1_90_node2_80_node3_70_node4_0,0.3934530122106218
Train_U_1Layers_input_size_5_node1_70_node2_0_node3_0_node4_0,0.3935560884285123
Train_U_3Layers_input_size_5_node1_100_node2_70_node3_30_node4_0,0.3935878730204927
Train_U_3Layers_input_size_5_node1_80_node2_50_node3_40_node4_0,0.39360689711410707
Train_U_3Layers_input_size_10_node1_30_node2_40_node3_90_node4_0,0.39360759748607427
Train_U_3Layers_input_size_15_node1_90_node2_40_node3_40_node4_0,0.39360897929738164
Train_U_3Layers_input_size_10_node1_70_node2_100_node3_90_node4_0,0.3936102475308876
Train_U_3Layers_input_size_15_node1_100_node2_90_node3_100_node4_0,0.3936217750182193
Train_U_3Layers_input_size_10_node1_50_node2_40_node3_40_node4_0,0.39362319463616874
Train_U_3Layers_input_size_5_node1_40_node2_70_node3_40_node4_0,0.3936411760203921
Train_U_3Layers_input_size_5_node1_70_node2_100_node3_80_node4_0,0.3936455103575179
Train_U_3Layers_input_size_15_node1_40_node2_80_node3_30_node4_0,0.3936570178856673
Train_U_3Layers_input_size_5_node1_60_node2_80_node3_50_node4_0,0.39367019056416697
Train_U_3Layers_input_size_10_node1_90_node2_90_node3_60_node4_0,0.3936915384519385
Train_U_3Layers_input_size_10_node1_100_node2_60_node3_60_node4_0,0.39370949779072784
Train_U_3Layers_input_size_15_node1_70_node2_30_node3_70_node4_0,0.3937182216839062
Train_U_3Layers_input_size_10_node1_80_node2_50_node3_70_node4_0,0.39372431504777794
Train_U_3Layers_input_size_15_node1_50_node2_80_node3_70_node4_0,0.3937480252837058
Train_U_3Layers_input_size_10_node1_70_node2_100_node3_40_node4_0,0.39378161076405904
Train_U_3Layers_input_size_15_node1_100_node2_90_node3_60_node4_0,0.3937842407173538
Train_U_3Layers_input_size_10_node1_50_node2_50_node3_50_node4_0,0.39378484617174014
Train_U_3Layers_input_size_10_node1_60_node2_70_node3_50_node4_0,0.3937870598564162
Train_U_3Layers_input_size_10_node1_70_node2_100_node3_100_node4_0,0.3937873625815585
Train_U_3Layers_input_size_5_node1_30_node2_50_node3_90_node4_0,0.3938201312022121
Train_U_3Layers_input_size_5_node1_70_node2_100_node3_50_node4_0,0.39382688513441255
Train_U_3Layers_input_size_5_node1_40_node2_100_node3_60_node4_0,0.3938331281620018
Train_U_3Layers_input_size_10_node1_80_node2_80_node3_60_node4_0,0.39385310518528155
Train_U_3Layers_input_size_5_node1_50_node2_50_node3_70_node4_0,0.3938617123971707
Train_U_3Layers_input_size_5_node1_100_node2_30_node3_60_node4_0,0.3938782641990749
Train_U_3Layers_input_size_10_node1_40_node2_90_node3_50_node4_0,0.39388702218543453
Train_U_3Layers_input_size_5_node1_40_node2_40_node3_60_node4_0,0.3938882516927696
Train_U_3Layers_input_size_10_node1_30_node2_30_node3_50_node4_0,0.39389786063327775
Train_U_3Layers_input_size_5_node1_50_node2_30_node3_40_node4_0,0.3939094931905136
Train_U_3Layers_input_size_15_node1_90_node2_70_node3_70_node4_0,0.39392736693829167
Train_U_3Layers_input_size_5_node1_100_node2_40_node3_70_node4_0,0.3939639630344958
Train_U_3Layers_input_size_5_node1_50_node2_50_node3_30_node4_0,0.3939730595210538
Train_U_3Layers_input_size_10_node1_80_node2_90_node3_60_node4_0,0.3939730595210538
Train_U_2Layers_input_size_15_node1_90_node2_30_node3_0_node4_0,0.39398565430956356
Train_U_3Layers_input_size_5_node1_40_node2_90_node3_40_node4_0,0.3939873562771303
Train_U_3Layers_input_size_5_node1_50_node2_50_node3_40_node4_0,0.3939928592552786
Train_U_2Layers_input_size_15_node1_90_node2_80_node3_0_node4_0,0.39400647454097676
Train_U_3Layers_input_size_10_node1_50_node2_90_node3_30_node4_0,0.3940615927302348
Train_U_3Layers_input_size_10_node1_90_node2_80_node3_80_node4_0,0.3940800834865129
Train_U_3Layers_input_size_5_node1_80_node2_80_node3_40_node4_0,0.39408025364281796
Train_U_3Layers_input_size_5_node1_50_node2_40_node3_100_node4_0,0.3940823333250541
Train_U_3Layers_input_size_5_node1_80_node2_90_node3_50_node4_0,0.39410675931678907
Train_U_3Layers_input_size_5_node1_100_node2_100_node3_60_node4_0,0.39411471823321204
Train_U_3Layers_input_size_5_node1_100_node2_70_node3_40_node4_0,0.3941246241184503
Train_U_2Layers_input_size_15_node1_80_node2_70_node3_0_node4_0,0.3941260419251679
Train_U_3Layers_input_size_15_node1_50_node2_50_node3_100_node4_0,0.3941327717114935
Train_U_2Layers_input_size_15_node1_70_node2_70_node3_0_node4_0,0.39415352746356985
Train_U_3Layers_input_size_10_node1_90_node2_80_node3_100_node4_0,0.3941565518899389
Train_U_3Layers_input_size_10_node1_30_node2_50_node3_90_node4_0,0.39415819641203703
Train_U_3Layers_input_size_10_node1_70_node2_100_node3_50_node4_0,0.39417458455048193
Train_U_3Layers_input_size_10_node1_30_node2_70_node3_60_node4_0,0.3941893087212222
Train_U_3Layers_input_size_10_node1_60_node2_70_node3_70_node4_0,0.3942329676631228
Train_U_3Layers_input_size_10_node1_70_node2_60_node3_80_node4_0,0.39423451737219906
Train_U_3Layers_input_size_15_node1_80_node2_60_node3_60_node4_0,0.39423937434776546
Train_U_3Layers_input_size_15_node1_30_node2_100_node3_40_node4_0,0.3942525842626679
Train_U_3Layers_input_size_10_node1_100_node2_30_node3_70_node4_0,0.3942698188510006
Train_U_3Layers_input_size_15_node1_90_node2_80_node3_90_node4_0,0.39427014010262196
Train_U_3Layers_input_size_15_node1_100_node2_50_node3_60_node4_0,0.39427214319506226
Train_U_3Layers_input_size_15_node1_100_node2_60_node3_70_node4_0,0.39428463394757957
Train_U_3Layers_input_size_15_node1_80_node2_30_node3_70_node4_0,0.3943078192123023
Train_U_3Layers_input_size_15_node1_80_node2_30_node3_30_node4_0,0.3943085939205112
Train_U_2Layers_input_size_10_node1_40_node2_80_node3_0_node4_0,0.39431560401583593
Train_U_3Layers_input_size_15_node1_60_node2_90_node3_30_node4_0,0.39433924091196787
Train_U_3Layers_input_size_5_node1_50_node2_100_node3_90_node4_0,0.39435896558251776
Train_U_3Layers_input_size_15_node1_100_node2_40_node3_70_node4_0,0.3943603258682589
Train_U_2Layers_input_size_15_node1_60_node2_80_node3_0_node4_0,0.39436673048390386
Train_U_3Layers_input_size_5_node1_100_node2_50_node3_100_node4_0,0.39439070436068735
Train_U_3Layers_input_size_10_node1_60_node2_70_node3_90_node4_0,0.3943971840472604
Train_U_3Layers_input_size_15_node1_60_node2_100_node3_60_node4_0,0.3944043814751852
Train_U_2Layers_input_size_15_node1_70_node2_40_node3_0_node4_0,0.3944379299574316
Train_U_3Layers_input_size_10_node1_60_node2_40_node3_60_node4_0,0.3944427466505223
Train_U_3Layers_input_size_5_node1_90_node2_40_node3_70_node4_0,0.3944531165077842
Train_U_2Layers_input_size_10_node1_60_node2_60_node3_0_node4_0,0.39446412827997374
Train_U_3Layers_input_size_5_node1_40_node2_40_node3_90_node4_0,0.3944641660556786
Train_U_3Layers_input_size_15_node1_30_node2_60_node3_70_node4_0,0.3944744975751601
Train_U_3Layers_input_size_10_node1_70_node2_30_node3_100_node4_0,0.3944864719776483
Train_U_3Layers_input_size_15_node1_50_node2_30_node3_40_node4_0,0.3944979738611327
Train_U_2Layers_input_size_10_node1_80_node2_80_node3_0_node4_0,0.3945329684984908
Train_U_3Layers_input_size_5_node1_30_node2_60_node3_60_node4_0,0.39455332552647193
Train_U_3Layers_input_size_15_node1_50_node2_100_node3_30_node4_0,0.3945554782490977
Train_U_3Layers_input_size_15_node1_100_node2_90_node3_50_node4_0,0.3945730583775908
Train_U_3Layers_input_size_10_node1_90_node2_70_node3_90_node4_0,0.3945738136824255
Train_U_3Layers_input_size_15_node1_30_node2_90_node3_30_node4_0,0.3945854829583968
Train_U_3Layers_input_size_10_node1_90_node2_50_node3_30_node4_0,0.39460047501681894
Train_U_2Layers_input_size_10_node1_70_node2_80_node3_0_node4_0,0.3946061393742592
Train_U_3Layers_input_size_15_node1_90_node2_30_node3_80_node4_0,0.39461950693545617
Train_U_3Layers_input_size_15_node1_90_node2_80_node3_60_node4_0,0.3946240382093684
Train_U_3Layers_input_size_5_node1_50_node2_100_node3_70_node4_0,0.39466038092006045
Train_U_3Layers_input_size_5_node1_100_node2_40_node3_90_node4_0,0.39466360912368315
Train_U_3Layers_input_size_10_node1_40_node2_70_node3_60_node4_0,0.394687413950327
Train_U_3Layers_input_size_5_node1_30_node2_60_node3_100_node4_0,0.3946938321352422
Train_U_3Layers_input_size_10_node1_100_node2_70_node3_30_node4_0,0.3946977585027955
Train_U_3Layers_input_size_5_node1_50_node2_80_node3_80_node4_0,0.3947047994390952
Train_U_3Layers_input_size_15_node1_30_node2_100_node3_80_node4_0,0.3947297531670936
Train_U_3Layers_input_size_5_node1_90_node2_100_node3_40_node4_0,0.39473258442841236
Train_U_2Layers_input_size_10_node1_50_node2_40_node3_0_node4_0,0.394733792427061
Train_U_3Layers_input_size_15_node1_40_node2_40_node3_90_node4_0,0.3947381147669471
Train_U_3Layers_input_size_5_node1_50_node2_70_node3_80_node4_0,0.3947426635538794
Train_U_3Layers_input_size_5_node1_80_node2_90_node3_100_node4_0,0.39475876319609365
Train_U_3Layers_input_size_5_node1_100_node2_80_node3_80_node4_0,0.3947599711146331
Train_U_2Layers_input_size_15_node1_80_node2_100_node3_0_node4_0,0.3947738619121897
Train_U_3Layers_input_size_5_node1_80_node2_80_node3_70_node4_0,0.3947770514420847
Train_U_3Layers_input_size_15_node1_60_node2_30_node3_30_node4_0,0.3947840532191103
Train_U_3Layers_input_size_5_node1_60_node2_70_node3_40_node4_0,0.3947891299016102
Train_U_3Layers_input_size_5_node1_40_node2_40_node3_80_node4_0,0.39479967937876775
Train_U_3Layers_input_size_15_node1_90_node2_40_node3_30_node4_0,0.3948124931230374
Train_U_3Layers_input_size_10_node1_70_node2_30_node3_70_node4_0,0.39482940134500893
Train_U_3Layers_input_size_5_node1_60_node2_80_node3_80_node4_0,0.3948356096510178
Train_U_2Layers_input_size_5_node1_100_node2_80_node3_0_node4_0,0.3948371569947651
Train_U_3Layers_input_size_5_node1_30_node2_80_node3_80_node4_0,0.3949012532118432
Train_U_3Layers_input_size_5_node1_70_node2_30_node3_50_node4_0,0.3949139315959954
Train_U_3Layers_input_size_15_node1_30_node2_90_node3_60_node4_0,0.3949236287758181
Train_U_3Layers_input_size_10_node1_50_node2_100_node3_70_node4_0,0.3949385891329017
Train_U_3Layers_input_size_10_node1_90_node2_40_node3_40_node4_0,0.39493872118901596
Train_U_3Layers_input_size_10_node1_30_node2_50_node3_100_node4_0,0.3949484932189433
Train_U_3Layers_input_size_15_node1_50_node2_70_node3_90_node4_0,0.3950057999873174
Train_U_3Layers_input_size_15_node1_40_node2_80_node3_40_node4_0,0.3950165134309941
Train_U_3Layers_input_size_15_node1_90_node2_60_node3_80_node4_0,0.39502017253356864
Train_U_3Layers_input_size_15_node1_80_node2_60_node3_80_node4_0,0.39502824507298373
Train_U_3Layers_input_size_15_node1_70_node2_70_node3_80_node4_0,0.3950392596737424
Train_U_3Layers_input_size_5_node1_30_node2_70_node3_50_node4_0,0.39503933511515443
Train_U_3Layers_input_size_10_node1_80_node2_50_node3_100_node4_0,0.3950430128665182
Train_U_3Layers_input_size_5_node1_80_node2_100_node3_60_node4_0,0.39509628927013307
Train_U_3Layers_input_size_5_node1_60_node2_50_node3_30_node4_0,0.39510997967408445
Train_U_3Layers_input_size_15_node1_90_node2_80_node3_40_node4_0,0.39511361905427383
Train_U_3Layers_input_size_15_node1_40_node2_100_node3_60_node4_0,0.3951330787981663
Train_U_2Layers_input_size_5_node1_80_node2_40_node3_0_node4_0,0.3951451086643482
Train_U_3Layers_input_size_10_node1_90_node2_100_node3_80_node4_0,0.3951497470415656
Train_U_3Layers_input_size_10_node1_60_node2_80_node3_50_node4_0,0.39515955156219373
Train_U_3Layers_input_size_5_node1_80_node2_60_node3_60_node4_0,0.3951680171929531
Train_U_3Layers_input_size_5_node1_40_node2_50_node3_40_node4_0,0.3951715994765273
Train_U_3Layers_input_size_10_node1_80_node2_90_node3_30_node4_0,0.3951844200148188
Train_U_3Layers_input_size_10_node1_40_node2_40_node3_100_node4_0,0.3951919990197786
Train_U_3Layers_input_size_15_node1_50_node2_30_node3_30_node4_0,0.39521396223063715
Train_U_3Layers_input_size_5_node1_100_node2_60_node3_30_node4_0,0.3952175629496082
Train_U_3Layers_input_size_5_node1_70_node2_100_node3_60_node4_0,0.3952302123357836
Train_U_3Layers_input_size_15_node1_90_node2_100_node3_40_node4_0,0.3952383559886671
Train_U_3Layers_input_size_15_node1_40_node2_100_node3_50_node4_0,0.3952457077534049
Train_U_3Layers_input_size_10_node1_40_node2_90_node3_70_node4_0,0.3952473477438069
Train_U_3Layers_input_size_15_node1_50_node2_40_node3_80_node4_0,0.39526670665648006
Train_U_2Layers_input_size_5_node1_70_node2_50_node3_0_node4_0,0.3953151657557413
Train_U_3Layers_input_size_5_node1_100_node2_70_node3_80_node4_0,0.3953201979238197
Train_U_2Layers_input_size_5_node1_70_node2_80_node3_0_node4_0,0.39532200722702326
Train_U_3Layers_input_size_15_node1_70_node2_90_node3_70_node4_0,0.39533176978267387
Train_U_3Layers_input_size_15_node1_100_node2_100_node3_30_node4_0,0.3953384413519177
Train_U_3Layers_input_size_5_node1_30_node2_90_node3_70_node4_0,0.39534863695069133
Train_U_2Layers_input_size_15_node1_50_node2_60_node3_0_node4_0,0.3953538006102087
Train_U_3Layers_input_size_10_node1_30_node2_90_node3_40_node4_0,0.39537850609164604
Train_U_3Layers_input_size_5_node1_50_node2_50_node3_80_node4_0,0.39540456672273383
Train_U_3Layers_input_size_15_node1_100_node2_90_node3_40_node4_0,0.39545429008873256
Train_U_3Layers_input_size_10_node1_80_node2_100_node3_40_node4_0,0.3954650290625758
Train_U_3Layers_input_size_10_node1_40_node2_80_node3_50_node4_0,0.3954722258958775
Train_U_3Layers_input_size_15_node1_100_node2_80_node3_30_node4_0,0.39547900813199904
Train_U_3Layers_input_size_5_node1_50_node2_50_node3_60_node4_0,0.39550832112597506
Train_U_2Layers_input_size_5_node1_30_node2_100_node3_0_node4_0,0.39551764581959975
Train_U_3Layers_input_size_15_node1_100_node2_60_node3_60_node4_0,0.3955291930647979
Train_U_2Layers_input_size_5_node1_30_node2_50_node3_0_node4_0,0.3955661871887875
Train_U_3Layers_input_size_15_node1_60_node2_30_node3_90_node4_0,0.3955777706863836
Train_U_2Layers_input_size_15_node1_90_node2_50_node3_0_node4_0,0.3955907475678263
Train_U_3Layers_input_size_10_node1_60_node2_100_node3_90_node4_0,0.3956025186813373
Train_U_3Layers_input_size_15_node1_40_node2_50_node3_90_node4_0,0.3956033473545318
Train_U_3Layers_input_size_5_node1_80_node2_80_node3_50_node4_0,0.3956115021595142
Train_U_3Layers_input_size_10_node1_40_node2_100_node3_80_node4_0,0.39561622923278433
Train_U_3Layers_input_size_5_node1_90_node2_60_node3_30_node4_0,0.3956208244211852
Train_U_3Layers_input_size_5_node1_70_node2_50_node3_90_node4_0,0.395634666162074
Train_U_3Layers_input_size_5_node1_70_node2_50_node3_30_node4_0,0.3956530457389415
Train_U_3Layers_input_size_15_node1_60_node2_70_node3_30_node4_0,0.39565511715410967
Train_U_3Layers_input_size_15_node1_100_node2_100_node3_70_node4_0,0.3956772617876799
Train_U_3Layers_input_size_10_node1_80_node2_50_node3_90_node4_0,0.39567938956560667
Train_U_3Layers_input_size_15_node1_40_node2_30_node3_70_node4_0,0.39572135905876016
Train_U_3Layers_input_size_10_node1_50_node2_70_node3_50_node4_0,0.3957564526066221
Train_U_3Layers_input_size_15_node1_50_node2_60_node3_30_node4_0,0.39577269926295805
Train_U_3Layers_input_size_10_node1_40_node2_40_node3_90_node4_0,0.3957880416690995
Train_U_3Layers_input_size_10_node1_100_node2_60_node3_70_node4_0,0.39581366122033435
Train_U_2Layers_input_size_5_node1_90_node2_80_node3_0_node4_0,0.39581708707429863
Train_U_3Layers_input_size_15_node1_90_node2_40_node3_100_node4_0,0.3958273832810913
Train_U_2Layers_input_size_5_node1_100_node2_60_node3_0_node4_0,0.39584029551289357
Train_U_3Layers_input_size_10_node1_100_node2_50_node3_90_node4_0,0.3958421965493516
Train_U_3Layers_input_size_5_node1_80_node2_90_node3_60_node4_0,0.3958658928614065
Train_U_3Layers_input_size_15_node1_40_node2_80_node3_70_node4_0,0.39589545950312954
Train_U_3Layers_input_size_10_node1_100_node2_80_node3_30_node4_0,0.3959124720249582
Train_U_3Layers_input_size_10_node1_80_node2_40_node3_100_node4_0,0.39592502393689344
Train_U_2Layers_input_size_5_node1_60_node2_90_node3_0_node4_0,0.39593689801803383
Train_U_3Layers_input_size_15_node1_40_node2_60_node3_60_node4_0,0.39594293842028067
Train_U_3Layers_input_size_15_node1_100_node2_70_node3_60_node4_0,0.39595439799559395
Train_U_3Layers_input_size_10_node1_100_node2_30_node3_90_node4_0,0.3959647282644613
Train_U_3Layers_input_size_10_node1_50_node2_70_node3_30_node4_0,0.396019705598796
Train_U_3Layers_input_size_15_node1_60_node2_100_node3_80_node4_0,0.39602992128510356
Train_U_3Layers_input_size_10_node1_30_node2_60_node3_70_node4_0,0.39608729731553693
Train_U_3Layers_input_size_5_node1_100_node2_50_node3_50_node4_0,0.39611846500614534
Train_U_2Layers_input_size_10_node1_90_node2_80_node3_0_node4_0,0.39612264057563007
Train_U_3Layers_input_size_5_node1_90_node2_60_node3_100_node4_0,0.39612284747207266
Train_U_3Layers_input_size_5_node1_80_node2_80_node3_60_node4_0,0.3961252361777201
Train_U_3Layers_input_size_5_node1_30_node2_80_node3_90_node4_0,0.39612897908122313
Train_U_3Layers_input_size_10_node1_90_node2_60_node3_30_node4_0,0.39617001704023125
Train_U_3Layers_input_size_5_node1_100_node2_80_node3_90_node4_0,0.39617283800866027
Train_U_3Layers_input_size_15_node1_30_node2_50_node3_70_node4_0,0.39619273466884686
Train_U_3Layers_input_size_5_node1_60_node2_60_node3_30_node4_0,0.3961961196344484
Train_U_2Layers_input_size_15_node1_100_node2_70_node3_0_node4_0,0.3961961384397321
Train_U_3Layers_input_size_10_node1_60_node2_40_node3_30_node4_0,0.39621436034014745
Train_U_3Layers_input_size_5_node1_40_node2_40_node3_70_node4_0,0.3962190050042616
Train_U_3Layers_input_size_10_node1_60_node2_90_node3_50_node4_0,0.39622088541959327
Train_U_3Layers_input_size_15_node1_80_node2_40_node3_50_node4_0,0.3962209982442294
Train_U_3Layers_input_size_10_node1_70_node2_50_node3_30_node4_0,0.3962574765255158
Train_U_3Layers_input_size_10_node1_30_node2_40_node3_40_node4_0,0.3962582850266995
Train_U_3Layers_input_size_15_node1_60_node2_90_node3_80_node4_0,0.39626119937774135
Train_U_3Layers_input_size_10_node1_90_node2_40_node3_100_node4_0,0.3962869199466458
Train_U_3Layers_input_size_15_node1_40_node2_80_node3_50_node4_0,0.39629022890448534
Train_U_3Layers_input_size_15_node1_60_node2_30_node3_80_node4_0,0.39631190565516183
Train_U_3Layers_input_size_10_node1_70_node2_50_node3_70_node4_0,0.39631991428477886
Train_U_3Layers_input_size_15_node1_90_node2_90_node3_80_node4_0,0.39632472690454235
Train_U_3Layers_input_size_15_node1_70_node2_70_node3_40_node4_0,0.39632668201462823
Train_U_3Layers_input_size_15_node1_50_node2_30_node3_60_node4_0,0.3963335812202675
Train_U_3Layers_input_size_15_node1_90_node2_30_node3_60_node4_0,0.3963413638312517
Train_U_3Layers_input_size_10_node1_70_node2_90_node3_100_node4_0,0.39634668374067983
Train_U_3Layers_input_size_10_node1_50_node2_80_node3_60_node4_0,0.3963633385431254
Train_U_3Layers_input_size_15_node1_90_node2_50_node3_70_node4_0,0.396365669407733
Train_U_3Layers_input_size_10_node1_90_node2_60_node3_70_node4_0,0.39638061293179994
Train_U_3Layers_input_size_10_node1_50_node2_80_node3_80_node4_0,0.3963861766660169
Train_U_3Layers_input_size_5_node1_50_node2_70_node3_50_node4_0,0.3963892968341362
Train_U_1Layers_input_size_10_node1_50_node2_0_node3_0_node4_0,0.3963920410580859
Train_U_3Layers_input_size_5_node1_80_node2_40_node3_100_node4_0,0.39641918153762334
Train_U_3Layers_input_size_15_node1_90_node2_80_node3_80_node4_0,0.39642194434926864
Train_U_3Layers_input_size_5_node1_60_node2_40_node3_80_node4_0,0.39644297491698677
Train_U_3Layers_input_size_5_node1_70_node2_60_node3_50_node4_0,0.39644652688666127
Train_U_3Layers_input_size_5_node1_70_node2_60_node3_80_node4_0,0.39646169287533906
Train_U_3Layers_input_size_15_node1_90_node2_100_node3_30_node4_0,0.3964686649010014
Train_U_3Layers_input_size_10_node1_100_node2_30_node3_40_node4_0,0.39646988640230946
Train_U_3Layers_input_size_5_node1_40_node2_100_node3_30_node4_0,0.39647067567807626
Train_U_3Layers_input_size_5_node1_100_node2_40_node3_50_node4_0,0.3964754300917175
Train_U_3Layers_input_size_15_node1_40_node2_50_node3_80_node4_0,0.39648420587545463
Train_U_3Layers_input_size_10_node1_90_node2_50_node3_80_node4_0,0.396497679238184
Train_U_3Layers_input_size_10_node1_70_node2_80_node3_50_node4_0,0.3965020199311747
Train_U_3Layers_input_size_5_node1_70_node2_60_node3_40_node4_0,0.3965123547232271
Train_U_2Layers_input_size_5_node1_90_node2_50_node3_0_node4_0,0.3965140270551655
Train_U_3Layers_input_size_15_node1_90_node2_40_node3_70_node4_0,0.3965277812480462
Train_U_3Layers_input_size_5_node1_40_node2_90_node3_90_node4_0,0.39655711065888355
Train_U_3Layers_input_size_15_node1_60_node2_50_node3_50_node4_0,0.39657700682695446
Train_U_1Layers_input_size_15_node1_40_node2_0_node3_0_node4_0,0.3965800503453744
Train_U_2Layers_input_size_5_node1_40_node2_30_node3_0_node4_0,0.3966084929625022
Train_U_3Layers_input_size_5_node1_80_node2_60_node3_100_node4_0,0.39661645803261036
Train_U_3Layers_input_size_10_node1_90_node2_30_node3_80_node4_0,0.39662040293734774
Train_U_3Layers_input_size_15_node1_30_node2_70_node3_80_node4_0,0.3966798535360255
Train_U_3Layers_input_size_10_node1_70_node2_70_node3_100_node4_0,0.3966808302171214
Train_U_3Layers_input_size_15_node1_70_node2_30_node3_80_node4_0,0.39670316174994646
Train_U_2Layers_input_size_5_node1_100_node2_30_node3_0_node4_0,0.396720139635138
Train_U_2Layers_input_size_15_node1_30_node2_60_node3_0_node4_0,0.3967232196160936
Train_U_3Layers_input_size_10_node1_70_node2_40_node3_90_node4_0,0.3967275766214849
Train_U_3Layers_input_size_10_node1_60_node2_60_node3_40_node4_0,0.396729999246024
Train_U_3Layers_input_size_5_node1_30_node2_50_node3_50_node4_0,0.39673031850551893
Train_U_3Layers_input_size_15_node1_60_node2_70_node3_80_node4_0,0.39677426118472464
Train_U_2Layers_input_size_5_node1_100_node2_90_node3_0_node4_0,0.3967866356165626
Train_U_3Layers_input_size_15_node1_40_node2_90_node3_90_node4_0,0.39680837913100236
Train_U_3Layers_input_size_10_node1_60_node2_80_node3_40_node4_0,0.3968152699616428
Train_U_3Layers_input_size_15_node1_90_node2_70_node3_90_node4_0,0.3968258031254535
Train_U_3Layers_input_size_15_node1_100_node2_60_node3_30_node4_0,0.3968279059695965
Train_U_3Layers_input_size_5_node1_90_node2_90_node3_60_node4_0,0.3968342332102124
Train_U_3Layers_input_size_10_node1_70_node2_80_node3_60_node4_0,0.3968398656837483
Train_U_3Layers_input_size_5_node1_40_node2_60_node3_100_node4_0,0.3968737151658294
Train_U_3Layers_input_size_5_node1_60_node2_80_node3_100_node4_0,0.39687912180404716
Train_U_3Layers_input_size_10_node1_40_node2_80_node3_30_node4_0,0.3968878698890507
Train_U_3Layers_input_size_10_node1_40_node2_50_node3_70_node4_0,0.39691124097303465
Train_U_3Layers_input_size_5_node1_30_node2_60_node3_40_node4_0,0.3969129303956497
Train_U_3Layers_input_size_15_node1_40_node2_30_node3_60_node4_0,0.3969181675600588
Train_U_2Layers_input_size_5_node1_70_node2_30_node3_0_node4_0,0.3969349485461594
Train_U_3Layers_input_size_15_node1_50_node2_60_node3_80_node4_0,0.39696734472946615
Train_U_3Layers_input_size_5_node1_30_node2_60_node3_50_node4_0,0.3969771043591602
Train_U_3Layers_input_size_10_node1_70_node2_40_node3_70_node4_0,0.3970342309172569
Train_U_3Layers_input_size_5_node1_60_node2_30_node3_100_node4_0,0.39703520672660725
Train_U_3Layers_input_size_15_node1_100_node2_70_node3_30_node4_0,0.3970353193198395
Train_U_3Layers_input_size_5_node1_30_node2_80_node3_40_node4_0,0.397046878721773
Train_U_3Layers_input_size_15_node1_100_node2_30_node3_60_node4_0,0.39705481623308303
Train_U_3Layers_input_size_15_node1_100_node2_30_node3_50_node4_0,0.3970700903355718
Train_U_3Layers_input_size_10_node1_60_node2_100_node3_70_node4_0,0.39708196770205373
Train_U_3Layers_input_size_10_node1_100_node2_80_node3_70_node4_0,0.39709465151157836
Train_U_3Layers_input_size_5_node1_40_node2_40_node3_50_node4_0,0.3971301865363586
Train_U_3Layers_input_size_15_node1_40_node2_60_node3_70_node4_0,0.3971427374826861
Train_U_3Layers_input_size_15_node1_90_node2_60_node3_50_node4_0,0.39715753921010194
Train_U_3Layers_input_size_15_node1_30_node2_30_node3_90_node4_0,0.3971892419412203
Train_U_3Layers_input_size_5_node1_90_node2_80_node3_60_node4_0,0.3971923745589291
Train_U_3Layers_input_size_5_node1_50_node2_30_node3_100_node4_0,0.3972073057385412
Train_U_3Layers_input_size_15_node1_100_node2_30_node3_30_node4_0,0.397223042894433
Train_U_3Layers_input_size_5_node1_60_node2_50_node3_90_node4_0,0.3972318396741536
Train_U_3Layers_input_size_5_node1_50_node2_70_node3_90_node4_0,0.39724384349424036
Train_U_3Layers_input_size_5_node1_70_node2_90_node3_30_node4_0,0.39724926385037085
Train_U_2Layers_input_size_5_node1_90_node2_100_node3_0_node4_0,0.3972496202033732
Train_U_3Layers_input_size_5_node1_80_node2_100_node3_100_node4_0,0.3972520396442519
Train_U_3Layers_input_size_15_node1_90_node2_70_node3_60_node4_0,0.39725828510956923
Train_U_3Layers_input_size_10_node1_50_node2_100_node3_90_node4_0,0.3972623174148946
Train_U_2Layers_input_size_10_node1_100_node2_60_node3_0_node4_0,0.3972657682855548
Train_U_3Layers_input_size_5_node1_30_node2_40_node3_70_node4_0,0.3972751830084928
Train_U_3Layers_input_size_5_node1_40_node2_80_node3_90_node4_0,0.39731207081902226
Train_U_3Layers_input_size_5_node1_30_node2_40_node3_100_node4_0,0.3973275413012351
Train_U_3Layers_input_size_15_node1_90_node2_80_node3_50_node4_0,0.39734068604974443
Train_U_3Layers_input_size_5_node1_100_node2_90_node3_60_node4_0,0.3973431424381173
Train_U_3Layers_input_size_5_node1_40_node2_80_node3_80_node4_0,0.39735606166593274
Train_U_3Layers_input_size_15_node1_80_node2_100_node3_90_node4_0,0.3973633180000924
Train_U_3Layers_input_size_15_node1_60_node2_40_node3_30_node4_0,0.39737507410519735
Train_U_2Layers_input_size_10_node1_100_node2_40_node3_0_node4_0,0.39738568617571873
Train_U_3Layers_input_size_10_node1_70_node2_80_node3_80_node4_0,0.39744399125997576
Train_U_3Layers_input_size_10_node1_40_node2_70_node3_50_node4_0,0.3974692228986121
Train_U_3Layers_input_size_15_node1_60_node2_30_node3_60_node4_0,0.39748418116732553
Train_U_3Layers_input_size_5_node1_30_node2_80_node3_70_node4_0,0.3974884361108513
Train_U_1Layers_input_size_10_node1_80_node2_0_node3_0_node4_0,0.3975019691526474
Train_U_3Layers_input_size_10_node1_100_node2_40_node3_80_node4_0,0.39753639948229313
Train_U_3Layers_input_size_5_node1_30_node2_60_node3_70_node4_0,0.3975457515717921
Train_U_3Layers_input_size_5_node1_80_node2_40_node3_50_node4_0,0.39754989340887126
Train_U_3Layers_input_size_10_node1_90_node2_40_node3_60_node4_0,0.3975544475057159
Train_U_3Layers_input_size_5_node1_90_node2_50_node3_100_node4_0,0.39762061658288106
Train_U_3Layers_input_size_15_node1_50_node2_70_node3_40_node4_0,0.3976407593293649
Train_U_3Layers_input_size_15_node1_70_node2_40_node3_60_node4_0,0.3976447502826715
Train_U_3Layers_input_size_10_node1_60_node2_30_node3_50_node4_0,0.39767246100877274
Train_U_3Layers_input_size_5_node1_100_node2_90_node3_90_node4_0,0.39768338363797634
Train_U_3Layers_input_size_5_node1_70_node2_100_node3_30_node4_0,0.39768904155436624
Train_U_3Layers_input_size_5_node1_70_node2_80_node3_50_node4_0,0.397693837605885
Train_U_2Layers_input_size_10_node1_70_node2_70_node3_0_node4_0,0.39776410437008286
Train_U_3Layers_input_size_10_node1_30_node2_100_node3_40_node4_0,0.39783061313671364
Train_U_3Layers_input_size_10_node1_70_node2_30_node3_90_node4_0,0.3979157977901912
Train_U_3Layers_input_size_5_node1_60_node2_70_node3_60_node4_0,0.39795773736928214
Train_U_3Layers_input_size_5_node1_60_node2_70_node3_70_node4_0,0.3979614443158972
Train_U_2Layers_input_size_5_node1_70_node2_40_node3_0_node4_0,0.3979780315429643
Train_U_3Layers_input_size_5_node1_80_node2_100_node3_70_node4_0,0.39801298227414844
Train_U_3Layers_input_size_10_node1_90_node2_50_node3_60_node4_0,0.39802844423220274
Train_U_3Layers_input_size_5_node1_40_node2_50_node3_70_node4_0,0.3980391511925813
Train_U_3Layers_input_size_10_node1_30_node2_30_node3_90_node4_0,0.3980474432734363
Train_U_3Layers_input_size_15_node1_80_node2_70_node3_40_node4_0,0.3980611257650666
Train_U_3Layers_input_size_5_node1_30_node2_50_node3_100_node4_0,0.3981273603444219
Train_U_3Layers_input_size_10_node1_60_node2_90_node3_100_node4_0,0.3981520621415806
Train_U_3Layers_input_size_5_node1_90_node2_70_node3_100_node4_0,0.3981888125854088
Train_U_2Layers_input_size_5_node1_100_node2_50_node3_0_node4_0,0.3982013675859726
Train_U_3Layers_input_size_5_node1_100_node2_40_node3_80_node4_0,0.3982229028871556
Train_U_3Layers_input_size_15_node1_50_node2_50_node3_30_node4_0,0.3982731910449937
Train_U_3Layers_input_size_15_node1_30_node2_60_node3_100_node4_0,0.3982925712440026
Train_U_3Layers_input_size_10_node1_70_node2_70_node3_40_node4_0,0.3982954894162186
Train_U_3Layers_input_size_5_node1_80_node2_60_node3_40_node4_0,0.3983146253619197
Train_U_3Layers_input_size_15_node1_80_node2_90_node3_100_node4_0,0.3983199563267533
Train_U_3Layers_input_size_10_node1_100_node2_60_node3_80_node4_0,0.39833308703057135
Train_U_3Layers_input_size_10_node1_80_node2_60_node3_50_node4_0,0.3983407370558942
Train_U_2Layers_input_size_10_node1_80_node2_60_node3_0_node4_0,0.3983569157208968
Train_U_3Layers_input_size_10_node1_50_node2_100_node3_30_node4_0,0.3983744403079901
Train_U_3Layers_input_size_15_node1_60_node2_50_node3_30_node4_0,0.398377133452607
Train_U_3Layers_input_size_5_node1_70_node2_30_node3_60_node4_0,0.3984648751223096
Train_U_3Layers_input_size_10_node1_100_node2_80_node3_50_node4_0,0.3984774214248517
Train_U_3Layers_input_size_5_node1_100_node2_90_node3_50_node4_0,0.39848175924977525
Train_U_3Layers_input_size_15_node1_40_node2_70_node3_100_node4_0,0.398495763370867
Train_U_3Layers_input_size_15_node1_80_node2_80_node3_60_node4_0,0.39849892311118207
Train_U_3Layers_input_size_5_node1_60_node2_70_node3_100_node4_0,0.3985516627697087
Train_U_3Layers_input_size_10_node1_40_node2_40_node3_70_node4_0,0.39859125499176246
Train_U_3Layers_input_size_15_node1_60_node2_80_node3_100_node4_0,0.3986068627426089
Train_U_3Layers_input_size_15_node1_60_node2_60_node3_30_node4_0,0.39860768517001477
Train_U_3Layers_input_size_15_node1_30_node2_60_node3_50_node4_0,0.3986429171143619
Train_U_3Layers_input_size_5_node1_50_node2_60_node3_70_node4_0,0.3986545794168593
Train_U_3Layers_input_size_10_node1_30_node2_60_node3_100_node4_0,0.39871294187227146
Train_U_3Layers_input_size_10_node1_40_node2_60_node3_60_node4_0,0.39871737056672646
Train_U_3Layers_input_size_15_node1_70_node2_90_node3_50_node4_0,0.39871897759136943
Train_U_3Layers_input_size_15_node1_80_node2_70_node3_100_node4_0,0.39876083269621804
Train_U_3Layers_input_size_15_node1_80_node2_90_node3_30_node4_0,0.3988064945942317
Train_U_3Layers_input_size_15_node1_60_node2_40_node3_40_node4_0,0.39882519503272856
Train_U_2Layers_input_size_5_node1_50_node2_30_node3_0_node4_0,0.39884271772478663
Train_U_3Layers_input_size_15_node1_80_node2_40_node3_70_node4_0,0.39887419312197353
Train_U_2Layers_input_size_5_node1_60_node2_50_node3_0_node4_0,0.39889259153621964
Train_U_2Layers_input_size_5_node1_90_node2_40_node3_0_node4_0,0.39890217331843886
Train_U_3Layers_input_size_10_node1_30_node2_80_node3_90_node4_0,0.39890269629408026
Train_U_3Layers_input_size_10_node1_30_node2_50_node3_50_node4_0,0.398924417855257
Train_U_3Layers_input_size_10_node1_90_node2_70_node3_60_node4_0,0.39894378509423317
Train_U_3Layers_input_size_5_node1_100_node2_60_node3_70_node4_0,0.3989738519437531
Train_U_3Layers_input_size_10_node1_90_node2_70_node3_70_node4_0,0.39898404801300974
Train_U_3Layers_input_size_15_node1_80_node2_100_node3_30_node4_0,0.3990176409105685
Train_U_3Layers_input_size_5_node1_100_node2_50_node3_30_node4_0,0.3990407752304952
Train_U_3Layers_input_size_10_node1_70_node2_90_node3_40_node4_0,0.3990544796752329
Train_U_3Layers_input_size_10_node1_100_node2_40_node3_90_node4_0,0.3990655325085062
Train_U_3Layers_input_size_15_node1_30_node2_40_node3_50_node4_0,0.3990746620672896
Train_U_3Layers_input_size_15_node1_50_node2_70_node3_60_node4_0,0.39907649168789483
Train_U_3Layers_input_size_5_node1_40_node2_30_node3_50_node4_0,0.39908969084515633
Train_U_3Layers_input_size_5_node1_100_node2_80_node3_40_node4_0,0.3990921364685088
Train_U_2Layers_input_size_10_node1_30_node2_50_node3_0_node4_0,0.39912146411241073
Train_U_3Layers_input_size_15_node1_90_node2_30_node3_50_node4_0,0.3991267656334431
Train_U_3Layers_input_size_15_node1_70_node2_80_node3_60_node4_0,0.39915428014317117
Train_U_3Layers_input_size_15_node1_60_node2_90_node3_60_node4_0,0.39915855461523875
Train_U_1Layers_input_size_5_node1_100_node2_0_node3_0_node4_0,0.3991614851220418
Train_U_3Layers_input_size_5_node1_60_node2_90_node3_40_node4_0,0.3991747374637849
Train_U_3Layers_input_size_15_node1_60_node2_80_node3_60_node4_0,0.39917858242707305
Train_U_3Layers_input_size_15_node1_50_node2_100_node3_90_node4_0,0.39918268865764983
Train_U_3Layers_input_size_15_node1_80_node2_40_node3_30_node4_0,0.3992612961644275
Train_U_3Layers_input_size_10_node1_50_node2_90_node3_90_node4_0,0.39927025330253657
Train_U_3Layers_input_size_15_node1_70_node2_60_node3_70_node4_0,0.3993016390216797
Train_U_2Layers_input_size_5_node1_40_node2_40_node3_0_node4_0,0.39934876894586196
Train_U_3Layers_input_size_10_node1_80_node2_60_node3_80_node4_0,0.39934919805263525
Train_U_3Layers_input_size_15_node1_30_node2_50_node3_100_node4_0,0.39935949647687347
Train_U_3Layers_input_size_15_node1_70_node2_30_node3_90_node4_0,0.3993745145361969
Train_U_3Layers_input_size_15_node1_30_node2_30_node3_70_node4_0,0.39941223442573326
Train_U_3Layers_input_size_10_node1_30_node2_80_node3_40_node4_0,0.3994749624370116
Train_U_3Layers_input_size_15_node1_40_node2_60_node3_30_node4_0,0.39950359059273094
Train_U_3Layers_input_size_10_node1_40_node2_70_node3_30_node4_0,0.39951927459516695
Train_U_3Layers_input_size_5_node1_40_node2_60_node3_80_node4_0,0.39953046375685136
Train_U_2Layers_input_size_10_node1_70_node2_40_node3_0_node4_0,0.399542267982751
Train_U_3Layers_input_size_5_node1_60_node2_40_node3_100_node4_0,0.3995648125256825
Train_U_3Layers_input_size_5_node1_30_node2_30_node3_90_node4_0,0.3995698284668713
Train_U_3Layers_input_size_10_node1_40_node2_70_node3_70_node4_0,0.39957896514960584
Train_U_3Layers_input_size_15_node1_50_node2_80_node3_80_node4_0,0.39971138630015257
Train_U_3Layers_input_size_15_node1_100_node2_80_node3_50_node4_0,0.399716978231283
Train_U_2Layers_input_size_15_node1_30_node2_90_node3_0_node4_0,0.3997204824682523
Train_U_3Layers_input_size_15_node1_90_node2_50_node3_60_node4_0,0.39972279375667386
Train_U_3Layers_input_size_10_node1_90_node2_50_node3_70_node4_0,0.39973572926936235
Train_U_3Layers_input_size_10_node1_90_node2_30_node3_50_node4_0,0.39975949298926117
Train_U_3Layers_input_size_5_node1_90_node2_100_node3_90_node4_0,0.3997737878171439
Train_U_3Layers_input_size_10_node1_100_node2_70_node3_40_node4_0,0.39977380645413474
Train_U_3Layers_input_size_5_node1_90_node2_50_node3_30_node4_0,0.39979361708408634
Train_U_3Layers_input_size_10_node1_40_node2_90_node3_40_node4_0,0.3998142280427967
Train_U_3Layers_input_size_5_node1_90_node2_80_node3_90_node4_0,0.3998191104108085
Train_U_2Layers_input_size_10_node1_30_node2_30_node3_0_node4_0,0.3998329186174331
Train_U_3Layers_input_size_5_node1_40_node2_70_node3_70_node4_0,0.3999118268166007
Train_U_3Layers_input_size_5_node1_90_node2_100_node3_80_node4_0,0.3999213096583358
Train_U_2Layers_input_size_10_node1_40_node2_40_node3_0_node4_0,0.3999428641222891
Train_U_2Layers_input_size_5_node1_80_node2_50_node3_0_node4_0,0.399952588400779
Train_U_3Layers_input_size_15_node1_100_node2_50_node3_90_node4_0,0.3999596113437619
Train_U_2Layers_input_size_10_node1_60_node2_40_node3_0_node4_0,0.39996555373766113
Train_U_3Layers_input_size_5_node1_90_node2_30_node3_30_node4_0,0.3999711607431131
Train_U_3Layers_input_size_5_node1_50_node2_40_node3_50_node4_0,0.4000248610698029
Train_U_2Layers_input_size_5_node1_80_node2_60_node3_0_node4_0,0.4000338197358435
Train_U_3Layers_input_size_10_node1_60_node2_30_node3_40_node4_0,0.4000568394212064
Train_U_3Layers_input_size_15_node1_80_node2_30_node3_50_node4_0,0.4000781258640986
Train_U_2Layers_input_size_15_node1_70_node2_100_node3_0_node4_0,0.4001106772190619
Train_U_3Layers_input_size_5_node1_80_node2_90_node3_40_node4_0,0.400111608282934
Train_U_3Layers_input_size_15_node1_40_node2_40_node3_30_node4_0,0.4001230788120718
Train_U_2Layers_input_size_5_node1_50_node2_100_node3_0_node4_0,0.40014505066070755
Train_U_3Layers_input_size_5_node1_100_node2_70_node3_90_node4_0,0.4001474525947331
Train_U_3Layers_input_size_15_node1_30_node2_100_node3_60_node4_0,0.400157227758891
Train_U_3Layers_input_size_5_node1_70_node2_100_node3_70_node4_0,0.4001761629690293
Train_U_3Layers_input_size_15_node1_30_node2_80_node3_40_node4_0,0.4002722588472723
Train_U_2Layers_input_size_5_node1_60_node2_80_node3_0_node4_0,0.40027235191617183
Train_U_3Layers_input_size_15_node1_70_node2_40_node3_50_node4_0,0.400272649736505
Train_U_3Layers_input_size_10_node1_80_node2_80_node3_100_node4_0,0.40028394813173246
Train_U_3Layers_input_size_5_node1_60_node2_90_node3_30_node4_0,0.40032046563995427
Train_U_3Layers_input_size_5_node1_50_node2_80_node3_90_node4_0,0.4003242065421348
Train_U_3Layers_input_size_10_node1_50_node2_60_node3_60_node4_0,0.40034238943443917
Train_U_3Layers_input_size_5_node1_30_node2_40_node3_40_node4_0,0.40034629762485235
Train_U_3Layers_input_size_15_node1_80_node2_60_node3_40_node4_0,0.4003600690393715
Train_U_3Layers_input_size_15_node1_30_node2_50_node3_60_node4_0,0.40040947474326827
Train_U_2Layers_input_size_15_node1_80_node2_30_node3_0_node4_0,0.40041758748893697
Train_U_3Layers_input_size_15_node1_70_node2_60_node3_90_node4_0,0.4004500740390804
Train_U_3Layers_input_size_10_node1_90_node2_80_node3_90_node4_0,0.4004844369543341
Train_U_3Layers_input_size_5_node1_100_node2_50_node3_40_node4_0,0.400533548293001
Train_U_3Layers_input_size_15_node1_60_node2_60_node3_90_node4_0,0.400552354108859
Train_U_3Layers_input_size_10_node1_30_node2_40_node3_80_node4_0,0.4005888657483783
Train_U_3Layers_input_size_5_node1_60_node2_100_node3_50_node4_0,0.40064692783898825
Train_U_3Layers_input_size_15_node1_70_node2_40_node3_80_node4_0,0.40066039138842235
Train_U_3Layers_input_size_5_node1_30_node2_80_node3_100_node4_0,0.4006711395879342
Train_U_3Layers_input_size_10_node1_80_node2_40_node3_50_node4_0,0.4007307329371184
Train_U_2Layers_input_size_15_node1_90_node2_100_node3_0_node4_0,0.40074376605796
Train_U_3Layers_input_size_5_node1_60_node2_90_node3_90_node4_0,0.4007605913574805
Train_U_3Layers_input_size_10_node1_50_node2_90_node3_60_node4_0,0.40079557828220147
Train_U_3Layers_input_size_10_node1_30_node2_80_node3_60_node4_0,0.40082751373314596
Train_U_3Layers_input_size_15_node1_40_node2_70_node3_50_node4_0,0.4008448373719287
Train_U_3Layers_input_size_15_node1_60_node2_60_node3_40_node4_0,0.40086697410825683
Train_U_3Layers_input_size_5_node1_80_node2_100_node3_80_node4_0,0.4008877157342217
Train_U_2Layers_input_size_5_node1_60_node2_100_node3_0_node4_0,0.4009179713071313
Train_U_3Layers_input_size_5_node1_30_node2_40_node3_50_node4_0,0.40092304465324974
Train_U_3Layers_input_size_10_node1_60_node2_30_node3_90_node4_0,0.4009393049453699
Train_U_3Layers_input_size_10_node1_30_node2_70_node3_90_node4_0,0.4010413301970156
Train_U_3Layers_input_size_10_node1_80_node2_80_node3_30_node4_0,0.40106505371203344
Train_U_3Layers_input_size_15_node1_70_node2_50_node3_40_node4_0,0.40109122783371665
Train_U_3Layers_input_size_15_node1_30_node2_80_node3_30_node4_0,0.4011328539865487
Train_U_3Layers_input_size_5_node1_50_node2_30_node3_30_node4_0,0.4011723400436425
Train_U_3Layers_input_size_15_node1_70_node2_70_node3_50_node4_0,0.40118593453171536
Train_U_3Layers_input_size_5_node1_30_node2_90_node3_30_node4_0,0.40122274133898744
Train_U_3Layers_input_size_10_node1_80_node2_30_node3_80_node4_0,0.40123770822729793
Train_U_3Layers_input_size_15_node1_30_node2_60_node3_40_node4_0,0.40135656932141683
Train_U_3Layers_input_size_15_node1_60_node2_30_node3_70_node4_0,0.4013662407856935
Train_U_3Layers_input_size_15_node1_70_node2_40_node3_70_node4_0,0.4013935832233468
Train_U_3Layers_input_size_10_node1_50_node2_80_node3_50_node4_0,0.40147238881809405
Train_U_3Layers_input_size_10_node1_30_node2_60_node3_50_node4_0,0.40148302249120194
Train_U_3Layers_input_size_15_node1_90_node2_60_node3_40_node4_0,0.40149911164961005
Train_U_3Layers_input_size_10_node1_50_node2_50_node3_70_node4_0,0.4015292654867961
Train_U_3Layers_input_size_15_node1_40_node2_70_node3_40_node4_0,0.40166237921161085
Train_U_3Layers_input_size_15_node1_60_node2_60_node3_50_node4_0,0.40176846754811496
Train_U_3Layers_input_size_15_node1_100_node2_70_node3_100_node4_0,0.40177471698363876
Train_U_3Layers_input_size_5_node1_100_node2_100_node3_50_node4_0,0.40179912037660576
Train_U_2Layers_input_size_5_node1_90_node2_30_node3_0_node4_0,0.40182118599849215
Train_U_3Layers_input_size_5_node1_70_node2_50_node3_40_node4_0,0.40184050632956203
Train_U_3Layers_input_size_5_node1_60_node2_70_node3_50_node4_0,0.40187404584993847
Train_U_2Layers_input_size_15_node1_100_node2_80_node3_0_node4_0,0.40188587393517594
Train_U_3Layers_input_size_15_node1_90_node2_90_node3_60_node4_0,0.4018947355013385
Train_U_3Layers_input_size_10_node1_30_node2_80_node3_50_node4_0,0.4019055619194987
Train_U_3Layers_input_size_15_node1_80_node2_40_node3_80_node4_0,0.4019516821595331
Train_U_2Layers_input_size_10_node1_40_node2_30_node3_0_node4_0,0.40195494448414043
Train_U_2Layers_input_size_15_node1_40_node2_90_node3_0_node4_0,0.4019771683659656
Train_U_3Layers_input_size_10_node1_60_node2_100_node3_80_node4_0,0.4019909209784789
Train_U_3Layers_input_size_10_node1_40_node2_30_node3_50_node4_0,0.40202694985098514
Train_U_3Layers_input_size_10_node1_40_node2_30_node3_60_node4_0,0.40204172001417715
Train_U_3Layers_input_size_10_node1_30_node2_40_node3_60_node4_0,0.4020422574377383
Train_U_1Layers_input_size_10_node1_70_node2_0_node3_0_node4_0,0.4020750759772445
Train_U_3Layers_input_size_15_node1_100_node2_40_node3_80_node4_0,0.4020944582268148
Train_U_3Layers_input_size_5_node1_40_node2_30_node3_60_node4_0,0.4021319970970905
Train_U_3Layers_input_size_10_node1_70_node2_70_node3_90_node4_0,0.40215350718033094
Train_U_3Layers_input_size_10_node1_100_node2_90_node3_70_node4_0,0.4021547299411997
Train_U_3Layers_input_size_15_node1_30_node2_70_node3_40_node4_0,0.40216041758304083
Train_U_3Layers_input_size_15_node1_40_node2_80_node3_90_node4_0,0.40217227429763214
Train_U_3Layers_input_size_10_node1_50_node2_80_node3_40_node4_0,0.40220711989960534
Train_U_3Layers_input_size_15_node1_80_node2_100_node3_80_node4_0,0.4022147147656646
Train_U_3Layers_input_size_5_node1_30_node2_100_node3_90_node4_0,0.40226817115604663
Train_U_3Layers_input_size_10_node1_70_node2_60_node3_60_node4_0,0.40230843472349154
Train_U_3Layers_input_size_15_node1_90_node2_40_node3_90_node4_0,0.4023308798203697
Train_U_3Layers_input_size_5_node1_40_node2_70_node3_30_node4_0,0.4023373982937368
Train_U_3Layers_input_size_15_node1_70_node2_40_node3_40_node4_0,0.40235460137113144
Train_U_3Layers_input_size_15_node1_70_node2_30_node3_30_node4_0,0.4023629341366564
Train_U_3Layers_input_size_5_node1_40_node2_90_node3_50_node4_0,0.40245674916794294
Train_U_3Layers_input_size_10_node1_90_node2_70_node3_50_node4_0,0.4025034541224716
Train_U_3Layers_input_size_10_node1_70_node2_40_node3_60_node4_0,0.40250774855885396
Train_U_3Layers_input_size_5_node1_90_node2_60_node3_50_node4_0,0.4025158005035789
Train_U_3Layers_input_size_15_node1_90_node2_90_node3_100_node4_0,0.4025205020244064
Train_U_3Layers_input_size_5_node1_70_node2_80_node3_80_node4_0,0.40253717902352304
Train_U_2Layers_input_size_5_node1_80_node2_90_node3_0_node4_0,0.40255093101244077
Train_U_3Layers_input_size_10_node1_60_node2_100_node3_100_node4_0,0.4026108753127388
Train_U_3Layers_input_size_15_node1_90_node2_30_node3_40_node4_0,0.40266374251678105
Train_U_3Layers_input_size_10_node1_50_node2_90_node3_100_node4_0,0.40268749996566
Train_U_3Layers_input_size_15_node1_70_node2_100_node3_40_node4_0,0.402712088559333
Train_U_2Layers_input_size_10_node1_80_node2_30_node3_0_node4_0,0.40289110155208707
Train_U_3Layers_input_size_15_node1_60_node2_30_node3_100_node4_0,0.4029359995448816
Train_U_2Layers_input_size_5_node1_100_node2_40_node3_0_node4_0,0.40300437246179804
Train_U_3Layers_input_size_15_node1_90_node2_60_node3_100_node4_0,0.40303006939605274
Train_U_3Layers_input_size_5_node1_100_node2_40_node3_30_node4_0,0.4030464665114508
Train_U_3Layers_input_size_15_node1_30_node2_40_node3_100_node4_0,0.40305990536340125
Train_U_2Layers_input_size_10_node1_70_node2_30_node3_0_node4_0,0.4030930661705008
Train_U_3Layers_input_size_5_node1_80_node2_60_node3_50_node4_0,0.4030957462726552
Train_U_3Layers_input_size_5_node1_60_node2_60_node3_50_node4_0,0.40316549659594436
Train_U_3Layers_input_size_15_node1_40_node2_100_node3_80_node4_0,0.40319033322501535
Train_U_3Layers_input_size_10_node1_100_node2_100_node3_50_node4_0,0.4031974845599622
Train_U_3Layers_input_size_5_node1_60_node2_30_node3_90_node4_0,0.40321697915705446
Train_U_3Layers_input_size_15_node1_100_node2_90_node3_30_node4_0,0.4032446210647905
Train_U_3Layers_input_size_15_node1_30_node2_100_node3_50_node4_0,0.4032758083220238
Train_U_3Layers_input_size_10_node1_60_node2_50_node3_70_node4_0,0.4032963521642977
Train_U_3Layers_input_size_15_node1_40_node2_70_node3_70_node4_0,0.40335212194145387
Train_U_3Layers_input_size_15_node1_40_node2_40_node3_100_node4_0,0.4034173954830561
Train_U_3Layers_input_size_15_node1_50_node2_40_node3_70_node4_0,0.403425872511073
Train_U_3Layers_input_size_15_node1_100_node2_40_node3_30_node4_0,0.4034382830020507
Train_U_3Layers_input_size_10_node1_100_node2_50_node3_60_node4_0,0.4034972091564108
Train_U_3Layers_input_size_5_node1_70_node2_30_node3_70_node4_0,0.4035242594914974
Train_U_3Layers_input_size_10_node1_30_node2_40_node3_50_node4_0,0.40354623078401064
Train_U_3Layers_input_size_10_node1_50_node2_50_node3_30_node4_0,0.40354922174140717
Train_U_3Layers_input_size_10_node1_80_node2_60_node3_40_node4_0,0.40357625012887366
Train_U_3Layers_input_size_15_node1_100_node2_50_node3_50_node4_0,0.40357931470882075
Train_U_3Layers_input_size_5_node1_50_node2_70_node3_60_node4_0,0.4036502735344924
Train_U_3Layers_input_size_15_node1_30_node2_80_node3_70_node4_0,0.4036572506017968
Train_U_3Layers_input_size_5_node1_90_node2_70_node3_60_node4_0,0.4036717211717682
Train_U_3Layers_input_size_10_node1_30_node2_100_node3_50_node4_0,0.40367188728499354
Train_U_3Layers_input_size_15_node1_40_node2_30_node3_50_node4_0,0.4037290630876195
Train_U_3Layers_input_size_5_node1_30_node2_100_node3_50_node4_0,0.4037782595402455
Train_U_3Layers_input_size_10_node1_40_node2_30_node3_100_node4_0,0.40378113806677013
Train_U_3Layers_input_size_15_node1_60_node2_50_node3_100_node4_0,0.4037831493327405
Train_U_3Layers_input_size_15_node1_50_node2_40_node3_30_node4_0,0.4038464898590115
Train_U_3Layers_input_size_15_node1_50_node2_80_node3_40_node4_0,0.4038530761130722
Train_U_3Layers_input_size_15_node1_30_node2_60_node3_90_node4_0,0.40386776104351435
Train_U_3Layers_input_size_5_node1_100_node2_100_node3_80_node4_0,0.40388687279150093
Train_U_3Layers_input_size_5_node1_60_node2_80_node3_30_node4_0,0.4038876660201811
Train_U_2Layers_input_size_15_node1_80_node2_80_node3_0_node4_0,0.40395407033910086
Train_U_3Layers_input_size_10_node1_90_node2_60_node3_60_node4_0,0.4039610974907634
Train_U_3Layers_input_size_15_node1_40_node2_90_node3_60_node4_0,0.4039681982941253
Train_U_3Layers_input_size_5_node1_80_node2_30_node3_50_node4_0,0.40398520282755707
Train_U_2Layers_input_size_10_node1_80_node2_90_node3_0_node4_0,0.4039923954191317
Train_U_3Layers_input_size_15_node1_80_node2_90_node3_70_node4_0,0.40400523111053765
Train_U_2Layers_input_size_15_node1_70_node2_50_node3_0_node4_0,0.4040059134562799
Train_U_3Layers_input_size_15_node1_80_node2_50_node3_90_node4_0,0.404024391678472
Train_U_3Layers_input_size_15_node1_30_node2_100_node3_100_node4_0,0.4040306984231367
Train_U_3Layers_input_size_5_node1_90_node2_50_node3_40_node4_0,0.40403936542625246
Train_U_3Layers_input_size_10_node1_40_node2_100_node3_100_node4_0,0.40410817852107894
Train_U_3Layers_input_size_10_node1_90_node2_80_node3_30_node4_0,0.40411876127464
Train_U_3Layers_input_size_5_node1_30_node2_40_node3_80_node4_0,0.404136644392101
Train_U_3Layers_input_size_15_node1_90_node2_30_node3_70_node4_0,0.40418796638849996
Train_U_3Layers_input_size_5_node1_30_node2_50_node3_80_node4_0,0.4042590764017019
Train_U_3Layers_input_size_10_node1_50_node2_30_node3_100_node4_0,0.40426893644503004
Train_U_3Layers_input_size_5_node1_60_node2_90_node3_80_node4_0,0.40439331820945584
Train_U_3Layers_input_size_10_node1_70_node2_40_node3_40_node4_0,0.4044663999875765
Train_U_3Layers_input_size_15_node1_90_node2_90_node3_30_node4_0,0.40448835694374846
Train_U_2Layers_input_size_15_node1_40_node2_70_node3_0_node4_0,0.4045004401292988
Train_U_1Layers_input_size_15_node1_100_node2_0_node3_0_node4_0,0.40451863790443077
Train_U_3Layers_input_size_15_node1_80_node2_100_node3_60_node4_0,0.4046709292933322
Train_U_3Layers_input_size_15_node1_40_node2_30_node3_80_node4_0,0.4046963178933253
Train_U_3Layers_input_size_15_node1_100_node2_50_node3_40_node4_0,0.40473645035728867
Train_U_3Layers_input_size_10_node1_30_node2_60_node3_40_node4_0,0.4047507718970117
Train_U_3Layers_input_size_15_node1_50_node2_50_node3_60_node4_0,0.40475117686891665
Train_U_2Layers_input_size_5_node1_50_node2_50_node3_0_node4_0,0.40478059147192424
Train_U_3Layers_input_size_10_node1_50_node2_50_node3_60_node4_0,0.4048093229472173
Train_U_3Layers_input_size_10_node1_70_node2_90_node3_50_node4_0,0.4048402792436944
Train_U_3Layers_input_size_10_node1_100_node2_50_node3_30_node4_0,0.40484716218889194
Train_U_3Layers_input_size_15_node1_70_node2_30_node3_100_node4_0,0.40485343771341015
Train_U_3Layers_input_size_15_node1_60_node2_90_node3_40_node4_0,0.4048692457149982
Train_U_3Layers_input_size_10_node1_40_node2_90_node3_100_node4_0,0.404925074858169
Train_U_3Layers_input_size_10_node1_40_node2_50_node3_100_node4_0,0.4049576781671502
Train_U_3Layers_input_size_15_node1_40_node2_50_node3_30_node4_0,0.4049624985239522
Train_U_3Layers_input_size_10_node1_30_node2_30_node3_70_node4_0,0.4050449324631425
Train_U_3Layers_input_size_5_node1_40_node2_80_node3_50_node4_0,0.4050581946477474
Train_U_3Layers_input_size_10_node1_100_node2_30_node3_80_node4_0,0.405074436093697
Train_U_3Layers_input_size_5_node1_70_node2_40_node3_50_node4_0,0.40509349091243546
Train_U_2Layers_input_size_5_node1_50_node2_90_node3_0_node4_0,0.4051910500489328
Train_U_2Layers_input_size_10_node1_40_node2_90_node3_0_node4_0,0.405227934339566
Train_U_2Layers_input_size_5_node1_70_node2_70_node3_0_node4_0,0.40526674563846443
Train_U_3Layers_input_size_15_node1_70_node2_40_node3_90_node4_0,0.4052703305780287
Train_U_1Layers_input_size_5_node1_40_node2_0_node3_0_node4_0,0.4053034024478605
Train_U_3Layers_input_size_5_node1_30_node2_80_node3_50_node4_0,0.40531832894491926
Train_U_3Layers_input_size_15_node1_40_node2_80_node3_60_node4_0,0.40533500111870996
Train_U_3Layers_input_size_15_node1_80_node2_50_node3_80_node4_0,0.4053495220784746
Train_U_1Layers_input_size_10_node1_90_node2_0_node3_0_node4_0,0.40549554828147505
Train_U_2Layers_input_size_5_node1_40_node2_100_node3_0_node4_0,0.40551048607914525
Train_U_3Layers_input_size_15_node1_50_node2_60_node3_40_node4_0,0.40551131287844283
Train_U_3Layers_input_size_5_node1_70_node2_50_node3_100_node4_0,0.4055482047846786
Train_U_3Layers_input_size_5_node1_80_node2_50_node3_30_node4_0,0.4055917432050424
Train_U_3Layers_input_size_10_node1_60_node2_70_node3_30_node4_0,0.4056082020824218
Train_U_3Layers_input_size_10_node1_80_node2_60_node3_60_node4_0,0.4056270297782908
Train_U_2Layers_input_size_5_node1_40_node2_60_node3_0_node4_0,0.40566954960277973
Train_U_3Layers_input_size_15_node1_40_node2_100_node3_100_node4_0,0.40567239634328983
Train_U_3Layers_input_size_15_node1_70_node2_100_node3_30_node4_0,0.4056740309142964
Train_U_3Layers_input_size_5_node1_100_node2_30_node3_30_node4_0,0.40569044972289003
Train_U_3Layers_input_size_5_node1_60_node2_70_node3_30_node4_0,0.40570315823260106
Train_U_2Layers_input_size_5_node1_30_node2_80_node3_0_node4_0,0.4057426585874782
Train_U_3Layers_input_size_15_node1_100_node2_40_node3_50_node4_0,0.40578096162817356
Train_U_3Layers_input_size_5_node1_60_node2_100_node3_30_node4_0,0.4057846338294786
Train_U_3Layers_input_size_5_node1_40_node2_60_node3_50_node4_0,0.40584905719584125
Train_U_3Layers_input_size_15_node1_90_node2_50_node3_30_node4_0,0.40594052484690685
Train_U_2Layers_input_size_15_node1_40_node2_60_node3_0_node4_0,0.40602894417469076
Train_U_3Layers_input_size_5_node1_50_node2_70_node3_40_node4_0,0.4060498991918327
Train_U_3Layers_input_size_5_node1_30_node2_40_node3_30_node4_0,0.40610985906338076
Train_U_1Layers_input_size_5_node1_80_node2_0_node3_0_node4_0,0.4061113634505896
Train_U_3Layers_input_size_10_node1_90_node2_100_node3_100_node4_0,0.4062272945808073
Train_U_2Layers_input_size_15_node1_70_node2_30_node3_0_node4_0,0.40624772584718793
Train_U_3Layers_input_size_15_node1_50_node2_30_node3_100_node4_0,0.4062884569305698
Train_U_3Layers_input_size_5_node1_50_node2_30_node3_90_node4_0,0.40629412338087345
Train_U_3Layers_input_size_5_node1_90_node2_30_node3_100_node4_0,0.40631396450312185
Train_U_3Layers_input_size_10_node1_40_node2_60_node3_30_node4_0,0.40632691022137213
Train_U_3Layers_input_size_10_node1_60_node2_30_node3_30_node4_0,0.40636004278019794
Train_U_3Layers_input_size_5_node1_70_node2_40_node3_70_node4_0,0.4064047958658934
Train_U_3Layers_input_size_5_node1_80_node2_100_node3_30_node4_0,0.4064179403463563
Train_U_3Layers_input_size_15_node1_80_node2_30_node3_40_node4_0,0.4064260248156618
Train_U_3Layers_input_size_15_node1_30_node2_50_node3_30_node4_0,0.40644930572234605
Train_U_2Layers_input_size_15_node1_60_node2_40_node3_0_node4_0,0.40645020393533526
Train_U_3Layers_input_size_5_node1_80_node2_90_node3_70_node4_0,0.4064651799696636
Train_U_3Layers_input_size_10_node1_70_node2_80_node3_90_node4_0,0.40649721986446335
Train_U_3Layers_input_size_5_node1_40_node2_50_node3_50_node4_0,0.4065211564901106
Train_U_3Layers_input_size_5_node1_80_node2_90_node3_80_node4_0,0.4065899343712502
Train_U_3Layers_input_size_15_node1_40_node2_70_node3_80_node4_0,0.4066293119383096
Train_U_3Layers_input_size_15_node1_60_node2_100_node3_40_node4_0,0.4066721117066818
Train_U_3Layers_input_size_5_node1_40_node2_40_node3_100_node4_0,0.4066899924676007
Train_U_3Layers_input_size_10_node1_80_node2_60_node3_90_node4_0,0.4068267652747685
Train_U_3Layers_input_size_5_node1_60_node2_40_node3_70_node4_0,0.4068795058591301
Train_U_3Layers_input_size_15_node1_40_node2_60_node3_40_node4_0,0.4069774606787911
Train_U_3Layers_input_size_15_node1_50_node2_100_node3_60_node4_0,0.4069917033601124
Train_U_3Layers_input_size_5_node1_40_node2_50_node3_80_node4_0,0.40699959337134517
Train_U_3Layers_input_size_10_node1_50_node2_40_node3_50_node4_0,0.407015684126705
Train_U_3Layers_input_size_15_node1_70_node2_60_node3_60_node4_0,0.40703677138905403
Train_U_2Layers_input_size_10_node1_90_node2_30_node3_0_node4_0,0.4070431412847052
Train_U_3Layers_input_size_10_node1_50_node2_50_node3_100_node4_0,0.4070936027111356
Train_U_1Layers_input_size_10_node1_100_node2_0_node3_0_node4_0,0.4070994592724411
Train_U_3Layers_input_size_15_node1_100_node2_70_node3_40_node4_0,0.40711148326081187
Train_U_3Layers_input_size_5_node1_60_node2_80_node3_60_node4_0,0.4071289421185839
Train_U_3Layers_input_size_15_node1_90_node2_100_node3_100_node4_0,0.4071964829128117
Train_U_3Layers_input_size_10_node1_40_node2_50_node3_30_node4_0,0.4072774219542317
Train_U_1Layers_input_size_15_node1_30_node2_0_node3_0_node4_0,0.40731655013942036
Train_U_3Layers_input_size_5_node1_60_node2_100_node3_100_node4_0,0.4073207938307053
Train_U_3Layers_input_size_5_node1_60_node2_100_node3_40_node4_0,0.40734967536552796
Train_U_3Layers_input_size_5_node1_60_node2_60_node3_40_node4_0,0.407374897019548
Train_U_3Layers_input_size_15_node1_60_node2_60_node3_60_node4_0,0.4074055303584955
Train_U_3Layers_input_size_5_node1_30_node2_60_node3_80_node4_0,0.4074126077038719
Train_U_3Layers_input_size_15_node1_100_node2_40_node3_100_node4_0,0.40744327477992703
Train_U_2Layers_input_size_10_node1_80_node2_50_node3_0_node4_0,0.407499281496456
Train_U_3Layers_input_size_15_node1_30_node2_70_node3_100_node4_0,0.40761564041524057
Train_U_3Layers_input_size_10_node1_60_node2_90_node3_40_node4_0,0.4076647881943901
Train_U_3Layers_input_size_5_node1_100_node2_90_node3_40_node4_0,0.40772061829275225
Train_U_3Layers_input_size_15_node1_40_node2_60_node3_90_node4_0,0.40774952632471917
Train_U_3Layers_input_size_15_node1_50_node2_70_node3_50_node4_0,0.407752669173064
Train_U_3Layers_input_size_5_node1_80_node2_40_node3_90_node4_0,0.40776642798560203
Train_U_3Layers_input_size_5_node1_60_node2_90_node3_50_node4_0,0.40777159884027603
Train_U_3Layers_input_size_15_node1_100_node2_60_node3_50_node4_0,0.407805929459882
Train_U_3Layers_input_size_5_node1_40_node2_90_node3_100_node4_0,0.4078606624590989
Train_U_3Layers_input_size_10_node1_60_node2_60_node3_30_node4_0,0.40799675064101965
Train_U_2Layers_input_size_15_node1_60_node2_50_node3_0_node4_0,0.4080005307275929
Train_U_3Layers_input_size_5_node1_50_node2_100_node3_60_node4_0,0.4080689497192734
Train_U_3Layers_input_size_10_node1_50_node2_50_node3_80_node4_0,0.4081773521646686
Train_U_2Layers_input_size_15_node1_70_node2_60_node3_0_node4_0,0.40818324793556326
Train_U_3Layers_input_size_10_node1_80_node2_100_node3_60_node4_0,0.40819434562623647
Train_U_3Layers_input_size_5_node1_60_node2_30_node3_70_node4_0,0.40829950317387154
Train_U_3Layers_input_size_15_node1_80_node2_70_node3_30_node4_0,0.40836363926484287
Train_U_3Layers_input_size_15_node1_40_node2_100_node3_40_node4_0,0.40839965323910765
Train_U_3Layers_input_size_5_node1_80_node2_60_node3_90_node4_0,0.4084100153343224
Train_U_3Layers_input_size_15_node1_90_node2_70_node3_50_node4_0,0.408420814984751
Train_U_3Layers_input_size_5_node1_90_node2_50_node3_90_node4_0,0.40844016972481406
Train_U_3Layers_input_size_15_node1_40_node2_60_node3_80_node4_0,0.4084476122082268
Train_U_3Layers_input_size_15_node1_50_node2_100_node3_40_node4_0,0.40848236024420476
Train_U_3Layers_input_size_15_node1_70_node2_70_node3_90_node4_0,0.40848774090935513
Train_U_3Layers_input_size_5_node1_80_node2_90_node3_90_node4_0,0.4084927931982144
Train_U_3Layers_input_size_5_node1_30_node2_90_node3_90_node4_0,0.40853207853985063
Train_U_3Layers_input_size_10_node1_70_node2_100_node3_60_node4_0,0.40854174427042755
Train_U_3Layers_input_size_5_node1_30_node2_30_node3_30_node4_0,0.40857943843481787
Train_U_3Layers_input_size_5_node1_70_node2_90_node3_70_node4_0,0.4086062434895802
Train_U_3Layers_input_size_15_node1_100_node2_60_node3_100_node4_0,0.4086238208157436
Train_U_3Layers_input_size_15_node1_70_node2_90_node3_30_node4_0,0.40865341246914183
Train_U_3Layers_input_size_5_node1_50_node2_80_node3_60_node4_0,0.40865359478938457
Train_U_3Layers_input_size_5_node1_30_node2_50_node3_30_node4_0,0.40868754140104324
Train_U_3Layers_input_size_10_node1_100_node2_60_node3_30_node4_0,0.4087402241672327
Train_U_2Layers_input_size_15_node1_60_node2_30_node3_0_node4_0,0.408797092058156
Train_U_2Layers_input_size_15_node1_50_node2_90_node3_0_node4_0,0.4088823243992189
Train_U_1Layers_input_size_15_node1_60_node2_0_node3_0_node4_0,0.40889597231550506
Train_U_3Layers_input_size_15_node1_100_node2_80_node3_40_node4_0,0.409063482057516
Train_U_2Layers_input_size_5_node1_30_node2_40_node3_0_node4_0,0.4091015288149797
Train_U_3Layers_input_size_10_node1_90_node2_100_node3_50_node4_0,0.40914172085172207
Train_U_3Layers_input_size_5_node1_100_node2_90_node3_100_node4_0,0.4091485496454267
Train_U_3Layers_input_size_15_node1_90_node2_100_node3_80_node4_0,0.40919683962176717
Train_U_2Layers_input_size_5_node1_30_node2_90_node3_0_node4_0,0.4092144826147275
Train_U_3Layers_input_size_10_node1_60_node2_80_node3_60_node4_0,0.4092271363053394
Train_U_3Layers_input_size_15_node1_40_node2_40_node3_70_node4_0,0.40927448858795734
Train_U_3Layers_input_size_5_node1_60_node2_30_node3_50_node4_0,0.4094295785644545
Train_U_3Layers_input_size_15_node1_50_node2_50_node3_70_node4_0,0.4094593849278611
Train_U_2Layers_input_size_15_node1_70_node2_90_node3_0_node4_0,0.40950727436977785
Train_U_3Layers_input_size_10_node1_30_node2_100_node3_80_node4_0,0.4095529933718525
Train_U_3Layers_input_size_15_node1_40_node2_100_node3_90_node4_0,0.40958692001267716
Train_U_3Layers_input_size_10_node1_100_node2_30_node3_50_node4_0,0.4096219351801968
Train_U_3Layers_input_size_10_node1_50_node2_80_node3_30_node4_0,0.4096620034112016
Train_U_2Layers_input_size_10_node1_60_node2_80_node3_0_node4_0,0.4096977941411314
Train_U_3Layers_input_size_5_node1_90_node2_70_node3_30_node4_0,0.4097313087429238
Train_U_3Layers_input_size_15_node1_50_node2_90_node3_40_node4_0,0.4097514743743494
Train_U_2Layers_input_size_5_node1_60_node2_40_node3_0_node4_0,0.40976269323647524
Train_U_3Layers_input_size_10_node1_40_node2_60_node3_50_node4_0,0.40988024553116625
Train_U_3Layers_input_size_10_node1_100_node2_100_node3_70_node4_0,0.4098900794175129
Train_U_3Layers_input_size_5_node1_70_node2_70_node3_30_node4_0,0.40990273042892256
Train_U_3Layers_input_size_15_node1_90_node2_60_node3_30_node4_0,0.40992641367216326
Train_U_3Layers_input_size_15_node1_30_node2_80_node3_60_node4_0,0.4099518766306042
Train_U_3Layers_input_size_10_node1_40_node2_80_node3_60_node4_0,0.41003883134316277
Train_U_3Layers_input_size_15_node1_90_node2_90_node3_90_node4_0,0.41006010836098733
Train_U_3Layers_input_size_5_node1_80_node2_60_node3_80_node4_0,0.4100689204660647
Train_U_3Layers_input_size_15_node1_70_node2_90_node3_100_node4_0,0.4101684750142872
Train_U_3Layers_input_size_10_node1_40_node2_30_node3_70_node4_0,0.410195012758627
Train_U_3Layers_input_size_5_node1_60_node2_60_node3_60_node4_0,0.41022376458491533
Train_U_3Layers_input_size_5_node1_100_node2_50_node3_70_node4_0,0.4102557470348007
Train_U_3Layers_input_size_10_node1_60_node2_60_node3_70_node4_0,0.4103130767364981
Train_U_3Layers_input_size_10_node1_80_node2_80_node3_70_node4_0,0.41035236937758124
Train_U_3Layers_input_size_10_node1_40_node2_70_node3_80_node4_0,0.4103708160110412
Train_U_3Layers_input_size_15_node1_30_node2_50_node3_50_node4_0,0.4104602595316261
Train_U_3Layers_input_size_15_node1_30_node2_70_node3_50_node4_0,0.4104834931408302
Train_U_2Layers_input_size_15_node1_60_node2_90_node3_0_node4_0,0.41050632614112037
Train_U_3Layers_input_size_10_node1_80_node2_100_node3_90_node4_0,0.41054578176655926
Train_U_1Layers_input_size_5_node1_50_node2_0_node3_0_node4_0,0.41056186057052724
Train_U_3Layers_input_size_5_node1_40_node2_30_node3_90_node4_0,0.4106258610349131
Train_U_3Layers_input_size_5_node1_90_node2_30_node3_60_node4_0,0.4106900329418848
Train_U_3Layers_input_size_5_node1_60_node2_50_node3_70_node4_0,0.4108458398626686
Train_U_3Layers_input_size_15_node1_70_node2_70_node3_30_node4_0,0.410945949540098
Train_U_3Layers_input_size_5_node1_90_node2_100_node3_60_node4_0,0.4109637893854245
Train_U_3Layers_input_size_15_node1_70_node2_30_node3_50_node4_0,0.41105198008918
Train_U_3Layers_input_size_15_node1_40_node2_40_node3_40_node4_0,0.4111368355814706
Train_U_3Layers_input_size_15_node1_70_node2_80_node3_90_node4_0,0.41114814349152806
Train_U_3Layers_input_size_15_node1_90_node2_70_node3_40_node4_0,0.41115946921149255
Train_U_3Layers_input_size_5_node1_100_node2_100_node3_30_node4_0,0.4114187700428908
Train_U_3Layers_input_size_10_node1_60_node2_80_node3_90_node4_0,0.41145777601695244
Train_U_3Layers_input_size_15_node1_60_node2_70_node3_100_node4_0,0.41150715292858786
Train_U_3Layers_input_size_15_node1_50_node2_70_node3_30_node4_0,0.4115101222349555
Train_U_3Layers_input_size_15_node1_80_node2_100_node3_100_node4_0,0.4117044565806947
Train_U_3Layers_input_size_5_node1_40_node2_50_node3_90_node4_0,0.41171947674623804
Train_U_3Layers_input_size_15_node1_70_node2_40_node3_30_node4_0,0.41182841988350466
Train_U_2Layers_input_size_5_node1_90_node2_60_node3_0_node4_0,0.41199999980440416
Train_U_3Layers_input_size_5_node1_80_node2_70_node3_90_node4_0,0.41203867952247236
Train_U_3Layers_input_size_5_node1_40_node2_100_node3_90_node4_0,0.41206379498267126
Train_U_2Layers_input_size_15_node1_100_node2_40_node3_0_node4_0,0.41208267125396975
Train_U_3Layers_input_size_5_node1_40_node2_60_node3_60_node4_0,0.4121355889105207
Train_U_3Layers_input_size_15_node1_70_node2_60_node3_50_node4_0,0.4122451088640049
Train_U_3Layers_input_size_5_node1_60_node2_40_node3_50_node4_0,0.41227910311644567
Train_U_2Layers_input_size_15_node1_30_node2_50_node3_0_node4_0,0.4123344891293475
Train_U_2Layers_input_size_15_node1_40_node2_30_node3_0_node4_0,0.41243326196344393
Train_U_3Layers_input_size_10_node1_90_node2_70_node3_100_node4_0,0.4124528800176613
Train_U_2Layers_input_size_15_node1_40_node2_40_node3_0_node4_0,0.4124546141654108
Train_U_3Layers_input_size_15_node1_100_node2_30_node3_40_node4_0,0.41245553542843716
Train_U_2Layers_input_size_10_node1_70_node2_90_node3_0_node4_0,0.41254232362885535
Train_U_3Layers_input_size_5_node1_60_node2_100_node3_60_node4_0,0.4125938099337639
Train_U_3Layers_input_size_15_node1_60_node2_40_node3_100_node4_0,0.41263817582564044
Train_U_2Layers_input_size_10_node1_60_node2_90_node3_0_node4_0,0.4126879350659072
Train_U_3Layers_input_size_10_node1_70_node2_80_node3_40_node4_0,0.4126969979680997
Train_U_2Layers_input_size_10_node1_50_node2_50_node3_0_node4_0,0.4127443131956766
Train_U_3Layers_input_size_5_node1_30_node2_70_node3_40_node4_0,0.4127570752831923
Train_U_3Layers_input_size_15_node1_50_node2_30_node3_90_node4_0,0.4128110796364686
Train_U_3Layers_input_size_15_node1_30_node2_70_node3_30_node4_0,0.41287953155252816
Train_U_3Layers_input_size_5_node1_80_node2_50_node3_80_node4_0,0.4128975404793622
Train_U_3Layers_input_size_15_node1_60_node2_70_node3_60_node4_0,0.4129668440614236
Train_U_3Layers_input_size_15_node1_100_node2_40_node3_40_node4_0,0.4129815657406348
Train_U_3Layers_input_size_10_node1_70_node2_80_node3_30_node4_0,0.4129942844159323
Train_U_3Layers_input_size_10_node1_50_node2_30_node3_50_node4_0,0.41325003608846533
Train_U_2Layers_input_size_10_node1_50_node2_100_node3_0_node4_0,0.4132609796871253
Train_U_2Layers_input_size_15_node1_40_node2_80_node3_0_node4_0,0.4132917355972162
Train_U_3Layers_input_size_10_node1_50_node2_70_node3_40_node4_0,0.41337020147518627
Train_U_3Layers_input_size_15_node1_80_node2_80_node3_40_node4_0,0.4134025352496255
Train_U_1Layers_input_size_15_node1_50_node2_0_node3_0_node4_0,0.41341608800823854
Train_U_3Layers_input_size_15_node1_30_node2_80_node3_90_node4_0,0.4134666726394121
Train_U_3Layers_input_size_10_node1_100_node2_60_node3_90_node4_0,0.41349748532385083
Train_U_3Layers_input_size_10_node1_40_node2_90_node3_60_node4_0,0.41353633126084843
Train_U_3Layers_input_size_10_node1_70_node2_30_node3_30_node4_0,0.4135969892086037
Train_U_3Layers_input_size_15_node1_80_node2_50_node3_30_node4_0,0.4136331239296204
Train_U_3Layers_input_size_15_node1_40_node2_40_node3_60_node4_0,0.4136629155875486
Train_U_3Layers_input_size_15_node1_60_node2_100_node3_50_node4_0,0.41369104818230734
Train_U_3Layers_input_size_15_node1_90_node2_30_node3_30_node4_0,0.41370633839963067
Train_U_2Layers_input_size_5_node1_70_node2_100_node3_0_node4_0,0.4137185845736707
Train_U_2Layers_input_size_15_node1_30_node2_40_node3_0_node4_0,0.4137648106139841
Train_U_3Layers_input_size_5_node1_50_node2_60_node3_30_node4_0,0.41377140105065635
Train_U_3Layers_input_size_10_node1_50_node2_30_node3_30_node4_0,0.4138100952403514
Train_U_3Layers_input_size_10_node1_40_node2_30_node3_80_node4_0,0.4138551588772295
Train_U_3Layers_input_size_10_node1_30_node2_30_node3_60_node4_0,0.413920756136591
Train_U_3Layers_input_size_15_node1_90_node2_30_node3_90_node4_0,0.41393931373799
Train_U_3Layers_input_size_10_node1_90_node2_100_node3_30_node4_0,0.4139723589683616
Train_U_3Layers_input_size_5_node1_30_node2_90_node3_100_node4_0,0.41418001918389086
Train_U_3Layers_input_size_15_node1_40_node2_30_node3_90_node4_0,0.4142142863340695
Train_U_3Layers_input_size_15_node1_40_node2_90_node3_80_node4_0,0.4142729206558575
Train_U_3Layers_input_size_10_node1_80_node2_30_node3_90_node4_0,0.41435161429650386
Train_U_1Layers_input_size_5_node1_60_node2_0_node3_0_node4_0,0.41435823136199196
Train_U_3Layers_input_size_10_node1_60_node2_40_node3_80_node4_0,0.41436704196451607
Train_U_3Layers_input_size_10_node1_80_node2_70_node3_100_node4_0,0.4146711626262706
Train_U_1Layers_input_size_15_node1_70_node2_0_node3_0_node4_0,0.41481124908663286
Train_U_3Layers_input_size_5_node1_90_node2_40_node3_40_node4_0,0.4148128476459701
Train_U_3Layers_input_size_5_node1_40_node2_50_node3_30_node4_0,0.41502750156233026
Train_U_3Layers_input_size_15_node1_70_node2_100_node3_80_node4_0,0.41504207834382223
Train_U_3Layers_input_size_5_node1_70_node2_40_node3_90_node4_0,0.41511260334792305
Train_U_3Layers_input_size_10_node1_60_node2_40_node3_50_node4_0,0.4151388609334432
Train_U_3Layers_input_size_10_node1_90_node2_80_node3_70_node4_0,0.41534832371504005
Train_U_3Layers_input_size_10_node1_30_node2_40_node3_70_node4_0,0.4153671224709833
Train_U_3Layers_input_size_5_node1_80_node2_50_node3_100_node4_0,0.41539316666969656
Train_U_3Layers_input_size_5_node1_90_node2_40_node3_100_node4_0,0.415464277670189
Train_U_3Layers_input_size_15_node1_80_node2_100_node3_50_node4_0,0.4154893115845924
Train_U_3Layers_input_size_10_node1_70_node2_60_node3_40_node4_0,0.4155215880446977
Train_U_3Layers_input_size_10_node1_40_node2_50_node3_90_node4_0,0.4157107852659434
Train_U_3Layers_input_size_15_node1_60_node2_80_node3_70_node4_0,0.4158084335529675
Train_U_3Layers_input_size_10_node1_40_node2_80_node3_70_node4_0,0.41594038090327956
Train_U_2Layers_input_size_15_node1_60_node2_60_node3_0_node4_0,0.4160289493629847
Train_U_3Layers_input_size_5_node1_30_node2_30_node3_70_node4_0,0.4162040069017369
Train_U_3Layers_input_size_15_node1_30_node2_60_node3_80_node4_0,0.4162138166824779
Train_U_3Layers_input_size_10_node1_30_node2_90_node3_50_node4_0,0.41622928272848225
Train_U_3Layers_input_size_15_node1_50_node2_40_node3_50_node4_0,0.4164975558263037
Train_U_3Layers_input_size_15_node1_60_node2_100_node3_30_node4_0,0.4165427222282241
Train_U_3Layers_input_size_5_node1_60_node2_50_node3_80_node4_0,0.41658090861253866
Train_U_3Layers_input_size_15_node1_40_node2_30_node3_40_node4_0,0.4166453435527988
Train_U_3Layers_input_size_10_node1_60_node2_40_node3_100_node4_0,0.41676447634277125
Train_U_3Layers_input_size_15_node1_30_node2_40_node3_90_node4_0,0.41683706931710446
Train_U_3Layers_input_size_10_node1_40_node2_40_node3_60_node4_0,0.41685177942829404
Train_U_3Layers_input_size_15_node1_40_node2_50_node3_100_node4_0,0.4168658813440086
Train_U_3Layers_input_size_15_node1_60_node2_70_node3_70_node4_0,0.41689855163022504
Train_U_3Layers_input_size_5_node1_100_node2_80_node3_60_node4_0,0.41690491381700506
Train_U_2Layers_input_size_10_node1_30_node2_80_node3_0_node4_0,0.41690541420959965
Train_U_3Layers_input_size_15_node1_90_node2_50_node3_80_node4_0,0.4169762137076021
Train_U_3Layers_input_size_5_node1_70_node2_70_node3_40_node4_0,0.41699315234034673
Train_U_3Layers_input_size_15_node1_50_node2_40_node3_40_node4_0,0.41712745777351434
Train_U_3Layers_input_size_5_node1_50_node2_100_node3_100_node4_0,0.41713996073432075
Train_U_3Layers_input_size_10_node1_80_node2_50_node3_60_node4_0,0.4171877364540144
Train_U_3Layers_input_size_15_node1_80_node2_40_node3_90_node4_0,0.41728127172203355
Train_U_3Layers_input_size_15_node1_80_node2_70_node3_90_node4_0,0.41731781942174645
Train_U_2Layers_input_size_10_node1_30_node2_40_node3_0_node4_0,0.4173936363176991
Train_U_3Layers_input_size_15_node1_100_node2_80_node3_70_node4_0,0.4174153059582279
Train_U_3Layers_input_size_15_node1_60_node2_100_node3_90_node4_0,0.41748364542148503
Train_U_3Layers_input_size_5_node1_40_node2_50_node3_100_node4_0,0.4176882042953807
Train_U_3Layers_input_size_15_node1_90_node2_40_node3_50_node4_0,0.4177962330381293
Train_U_3Layers_input_size_5_node1_30_node2_30_node3_80_node4_0,0.417880699651738
Train_U_3Layers_input_size_10_node1_30_node2_40_node3_30_node4_0,0.4179555587826044
Train_U_3Layers_input_size_5_node1_100_node2_30_node3_90_node4_0,0.4179715129725321
Train_U_1Layers_input_size_10_node1_40_node2_0_node3_0_node4_0,0.4180133118449066
Train_U_3Layers_input_size_5_node1_70_node2_60_node3_70_node4_0,0.4181736773508473
Train_U_3Layers_input_size_15_node1_30_node2_30_node3_40_node4_0,0.41818597086745307
Train_U_3Layers_input_size_10_node1_40_node2_50_node3_50_node4_0,0.41824066372749963
Train_U_3Layers_input_size_5_node1_40_node2_90_node3_80_node4_0,0.4182748653991913
Train_U_3Layers_input_size_10_node1_70_node2_40_node3_30_node4_0,0.41834381245536906
Train_U_3Layers_input_size_10_node1_90_node2_60_node3_80_node4_0,0.41837602897428605
Train_U_3Layers_input_size_5_node1_60_node2_30_node3_80_node4_0,0.41840751292643324
Train_U_3Layers_input_size_5_node1_30_node2_80_node3_30_node4_0,0.41841584651722036
Train_U_2Layers_input_size_10_node1_100_node2_50_node3_0_node4_0,0.4186080072701053
Train_U_3Layers_input_size_15_node1_30_node2_90_node3_90_node4_0,0.4187494100025632
Train_U_2Layers_input_size_5_node1_40_node2_50_node3_0_node4_0,0.4187688389141657
Train_U_2Layers_input_size_15_node1_30_node2_30_node3_0_node4_0,0.41891804853170567
Train_U_3Layers_input_size_5_node1_80_node2_30_node3_30_node4_0,0.41908237020448
Train_U_3Layers_input_size_15_node1_90_node2_100_node3_70_node4_0,0.4191790197870306
Train_U_3Layers_input_size_10_node1_70_node2_90_node3_80_node4_0,0.4192166994423609
Train_U_3Layers_input_size_15_node1_60_node2_40_node3_80_node4_0,0.4192828616989626
Train_U_3Layers_input_size_5_node1_50_node2_40_node3_70_node4_0,0.41945457183991924
Train_U_3Layers_input_size_15_node1_100_node2_100_node3_100_node4_0,0.4194622096646173
Train_U_3Layers_input_size_5_node1_60_node2_80_node3_70_node4_0,0.4195019596324613
Train_U_2Layers_input_size_10_node1_60_node2_50_node3_0_node4_0,0.4196787995596212
Train_U_3Layers_input_size_15_node1_30_node2_40_node3_70_node4_0,0.41977831138525656
Train_U_3Layers_input_size_10_node1_40_node2_100_node3_50_node4_0,0.4201943511540529
Train_U_3Layers_input_size_5_node1_80_node2_70_node3_80_node4_0,0.42024165552672277
Train_U_3Layers_input_size_10_node1_80_node2_50_node3_80_node4_0,0.4202690463665926
Train_U_3Layers_input_size_15_node1_30_node2_30_node3_50_node4_0,0.4202909222988267
Train_U_3Layers_input_size_15_node1_90_node2_50_node3_100_node4_0,0.42031632460658624
Train_U_3Layers_input_size_15_node1_40_node2_40_node3_50_node4_0,0.4204466268955982
Train_U_3Layers_input_size_5_node1_80_node2_70_node3_70_node4_0,0.42046167144430646
Train_U_3Layers_input_size_10_node1_70_node2_60_node3_70_node4_0,0.42060377954516265
Train_U_2Layers_input_size_15_node1_70_node2_80_node3_0_node4_0,0.42080207659844465
Train_U_3Layers_input_size_5_node1_30_node2_100_node3_60_node4_0,0.4209150058822076
Train_U_3Layers_input_size_15_node1_90_node2_100_node3_90_node4_0,0.42092477667369244
Train_U_3Layers_input_size_5_node1_40_node2_80_node3_70_node4_0,0.421008739489457
Train_U_3Layers_input_size_15_node1_60_node2_30_node3_50_node4_0,0.4210405574458689
Train_U_1Layers_input_size_10_node1_30_node2_0_node3_0_node4_0,0.4212316446521827
Train_U_3Layers_input_size_10_node1_30_node2_80_node3_30_node4_0,0.42125707866596085
Train_U_3Layers_input_size_15_node1_30_node2_80_node3_50_node4_0,0.42126542663060185
Train_U_1Layers_input_size_5_node1_90_node2_0_node3_0_node4_0,0.4213309665543792
Train_U_3Layers_input_size_15_node1_40_node2_80_node3_100_node4_0,0.421489451097639
Train_U_3Layers_input_size_10_node1_80_node2_100_node3_50_node4_0,0.42169017628518307
Train_U_2Layers_input_size_5_node1_40_node2_90_node3_0_node4_0,0.42179926439694126
Train_U_3Layers_input_size_15_node1_60_node2_60_node3_100_node4_0,0.42198059738445226
Train_U_3Layers_input_size_5_node1_100_node2_90_node3_30_node4_0,0.4219967172018157
Train_U_2Layers_input_size_15_node1_50_node2_80_node3_0_node4_0,0.42210576139375733
Train_U_3Layers_input_size_10_node1_60_node2_80_node3_80_node4_0,0.4221576520871243
Train_U_3Layers_input_size_15_node1_60_node2_40_node3_60_node4_0,0.42237150151185976
Train_U_2Layers_input_size_5_node1_100_node2_100_node3_0_node4_0,0.4225214491145426
Train_U_3Layers_input_size_5_node1_70_node2_60_node3_100_node4_0,0.42254103960673384
Train_U_3Layers_input_size_15_node1_40_node2_90_node3_30_node4_0,0.4225790542081722
Train_U_3Layers_input_size_10_node1_100_node2_50_node3_50_node4_0,0.4227745743720115
Train_U_3Layers_input_size_15_node1_60_node2_50_node3_40_node4_0,0.42279424124664683
Train_U_3Layers_input_size_5_node1_100_node2_50_node3_80_node4_0,0.4233246550865708
Train_U_3Layers_input_size_10_node1_70_node2_40_node3_80_node4_0,0.42345399648478804
Train_U_3Layers_input_size_10_node1_100_node2_30_node3_100_node4_0,0.423484434363064
Train_U_3Layers_input_size_15_node1_50_node2_80_node3_90_node4_0,0.42354013177518846
Train_U_3Layers_input_size_5_node1_40_node2_80_node3_60_node4_0,0.42367160561461753
Train_U_3Layers_input_size_10_node1_100_node2_70_node3_60_node4_0,0.42372311112943173
Train_U_3Layers_input_size_10_node1_90_node2_100_node3_70_node4_0,0.4240463503669848
Train_U_3Layers_input_size_15_node1_40_node2_50_node3_70_node4_0,0.4244161122145752
Train_U_3Layers_input_size_5_node1_70_node2_80_node3_30_node4_0,0.42481550882521846
Train_U_3Layers_input_size_15_node1_30_node2_70_node3_90_node4_0,0.4249048224630894
Train_U_3Layers_input_size_15_node1_100_node2_70_node3_70_node4_0,0.4249526018471269
Train_U_3Layers_input_size_15_node1_30_node2_40_node3_40_node4_0,0.42507049312516554
Train_U_2Layers_input_size_15_node1_100_node2_90_node3_0_node4_0,0.42507058076450943
Train_U_3Layers_input_size_15_node1_40_node2_50_node3_50_node4_0,0.4251802384837132
Train_U_3Layers_input_size_10_node1_30_node2_70_node3_80_node4_0,0.4252632910340676
Train_U_3Layers_input_size_15_node1_100_node2_100_node3_40_node4_0,0.42538358333984194
Train_U_2Layers_input_size_5_node1_60_node2_30_node3_0_node4_0,0.4254848078213189
Train_U_1Layers_input_size_15_node1_80_node2_0_node3_0_node4_0,0.425537109375
Train_U_3Layers_input_size_15_node1_90_node2_40_node3_80_node4_0,0.4256386824437805
Train_U_3Layers_input_size_5_node1_60_node2_60_node3_90_node4_0,0.42568445417820855
Train_U_3Layers_input_size_5_node1_60_node2_40_node3_30_node4_0,0.42573146354006536
Train_U_3Layers_input_size_10_node1_100_node2_70_node3_90_node4_0,0.4257558762575467
Train_U_3Layers_input_size_5_node1_90_node2_30_node3_50_node4_0,0.4260649129903587
Train_U_2Layers_input_size_15_node1_30_node2_100_node3_0_node4_0,0.42610469396991857
Train_U_2Layers_input_size_10_node1_30_node2_90_node3_0_node4_0,0.42620887630685506
Train_U_3Layers_input_size_15_node1_90_node2_90_node3_50_node4_0,0.42628061251749605
Train_U_3Layers_input_size_15_node1_60_node2_100_node3_100_node4_0,0.4264022603028295
Train_U_3Layers_input_size_15_node1_80_node2_90_node3_60_node4_0,0.42661614761869887
Train_U_3Layers_input_size_10_node1_70_node2_100_node3_30_node4_0,0.4266872915141992
Train_U_3Layers_input_size_5_node1_60_node2_30_node3_40_node4_0,0.42682928189583336
Train_U_3Layers_input_size_5_node1_50_node2_50_node3_100_node4_0,0.4268671066034719
Train_U_3Layers_input_size_10_node1_80_node2_30_node3_60_node4_0,0.4270292069476624
Train_U_3Layers_input_size_15_node1_50_node2_90_node3_70_node4_0,0.42728370718918
Train_U_3Layers_input_size_10_node1_100_node2_80_node3_80_node4_0,0.4273092866212953
Train_U_1Layers_input_size_15_node1_90_node2_0_node3_0_node4_0,0.4273243162210049
Train_U_3Layers_input_size_10_node1_90_node2_100_node3_60_node4_0,0.4275762535708049
Train_U_3Layers_input_size_5_node1_30_node2_50_node3_40_node4_0,0.4276816627386169
Train_U_3Layers_input_size_10_node1_70_node2_90_node3_70_node4_0,0.42818348965362774
Train_U_3Layers_input_size_5_node1_70_node2_70_node3_90_node4_0,0.428310372254216
Train_U_3Layers_input_size_15_node1_50_node2_90_node3_50_node4_0,0.4284426603556017
Train_U_3Layers_input_size_10_node1_100_node2_50_node3_70_node4_0,0.4284623452849234
Train_U_3Layers_input_size_10_node1_80_node2_90_node3_100_node4_0,0.4286613348764753
Train_U_3Layers_input_size_5_node1_90_node2_90_node3_50_node4_0,0.42869449662159126
Train_U_3Layers_input_size_15_node1_40_node2_90_node3_70_node4_0,0.4286964779025081
Train_U_3Layers_input_size_15_node1_40_node2_50_node3_40_node4_0,0.42875078576574804
Train_U_3Layers_input_size_10_node1_40_node2_80_node3_40_node4_0,0.42907350194040844
Train_U_3Layers_input_size_15_node1_60_node2_70_node3_90_node4_0,0.42916880424979487
Train_U_3Layers_input_size_10_node1_60_node2_30_node3_100_node4_0,0.4293124209115276
Train_U_3Layers_input_size_10_node1_60_node2_40_node3_90_node4_0,0.4294065770916352
Train_U_2Layers_input_size_5_node1_80_node2_30_node3_0_node4_0,0.4296456056458691
Train_U_2Layers_input_size_15_node1_30_node2_70_node3_0_node4_0,0.4297384058535089
Train_U_3Layers_input_size_5_node1_40_node2_30_node3_40_node4_0,0.42975040322152264
Train_U_3Layers_input_size_10_node1_30_node2_30_node3_80_node4_0,0.4297817126939877
Train_U_2Layers_input_size_5_node1_50_node2_40_node3_0_node4_0,0.4297932234659012
Train_U_3Layers_input_size_15_node1_100_node2_80_node3_60_node4_0,0.42979530369299446
Train_U_3Layers_input_size_15_node1_60_node2_40_node3_90_node4_0,0.429821115006663
Train_U_3Layers_input_size_10_node1_60_node2_90_node3_60_node4_0,0.4301538364385644
Train_U_3Layers_input_size_15_node1_80_node2_30_node3_80_node4_0,0.4303850580680476
Train_U_3Layers_input_size_15_node1_100_node2_90_node3_90_node4_0,0.43055616484704884
Train_U_3Layers_input_size_15_node1_70_node2_60_node3_80_node4_0,0.4305858757339457
Train_U_3Layers_input_size_5_node1_80_node2_50_node3_90_node4_0,0.430681379666406
Train_U_2Layers_input_size_10_node1_100_node2_90_node3_0_node4_0,0.430863072784963
Train_U_3Layers_input_size_10_node1_70_node2_60_node3_30_node4_0,0.4309322015493311
Train_U_3Layers_input_size_15_node1_70_node2_80_node3_40_node4_0,0.4311065995173793
Train_U_2Layers_input_size_15_node1_100_node2_30_node3_0_node4_0,0.43117202592899967
Train_U_3Layers_input_size_15_node1_70_node2_60_node3_100_node4_0,0.4313294510284642
Train_U_3Layers_input_size_10_node1_40_node2_90_node3_90_node4_0,0.431615716552106
Train_U_3Layers_input_size_15_node1_80_node2_100_node3_40_node4_0,0.4320210295256385
Train_U_3Layers_input_size_15_node1_70_node2_50_node3_70_node4_0,0.43236143246284847
Train_U_3Layers_input_size_15_node1_50_node2_90_node3_90_node4_0,0.4325829485913156
Train_U_3Layers_input_size_15_node1_80_node2_50_node3_50_node4_0,0.433011686714677
Train_U_3Layers_input_size_5_node1_100_node2_40_node3_60_node4_0,0.43337232073518744
Train_U_3Layers_input_size_5_node1_100_node2_80_node3_30_node4_0,0.4334648387458289
Train_U_3Layers_input_size_10_node1_50_node2_30_node3_80_node4_0,0.43347568451028573
Train_U_3Layers_input_size_10_node1_100_node2_60_node3_50_node4_0,0.43372331006717324
Train_U_2Layers_input_size_15_node1_40_node2_100_node3_0_node4_0,0.43426369125972764
Train_U_3Layers_input_size_15_node1_80_node2_80_node3_30_node4_0,0.4343446467106482
Train_U_3Layers_input_size_10_node1_30_node2_50_node3_60_node4_0,0.4346734599596012
Train_U_3Layers_input_size_15_node1_40_node2_60_node3_50_node4_0,0.4350008257222286
Train_U_3Layers_input_size_15_node1_80_node2_90_node3_80_node4_0,0.4351024498546808
Train_U_3Layers_input_size_5_node1_30_node2_100_node3_70_node4_0,0.4352156230479741
Train_U_3Layers_input_size_15_node1_80_node2_80_node3_80_node4_0,0.43544126521749865
Train_U_3Layers_input_size_15_node1_80_node2_90_node3_40_node4_0,0.43610091957641756
Train_U_3Layers_input_size_10_node1_40_node2_80_node3_90_node4_0,0.436117798768471
Train_U_3Layers_input_size_10_node1_90_node2_70_node3_40_node4_0,0.43631628527581945
Train_U_3Layers_input_size_10_node1_50_node2_30_node3_90_node4_0,0.4370494293479742
Train_U_3Layers_input_size_10_node1_70_node2_30_node3_80_node4_0,0.43744781727893217
Train_U_3Layers_input_size_5_node1_100_node2_60_node3_80_node4_0,0.43760615150941656
Train_U_3Layers_input_size_10_node1_70_node2_70_node3_60_node4_0,0.43767884549882025
Train_U_3Layers_input_size_15_node1_30_node2_60_node3_30_node4_0,0.4379577285844205
Train_U_3Layers_input_size_10_node1_30_node2_70_node3_70_node4_0,0.43825124206084065
Train_U_3Layers_input_size_5_node1_30_node2_70_node3_70_node4_0,0.43857534268697485
Train_U_3Layers_input_size_15_node1_100_node2_30_node3_80_node4_0,0.43862073265602414
Train_U_3Layers_input_size_10_node1_80_node2_70_node3_50_node4_0,0.4388020927663136
Train_U_3Layers_input_size_5_node1_70_node2_30_node3_80_node4_0,0.43880513206200106
Train_U_3Layers_input_size_15_node1_60_node2_90_node3_50_node4_0,0.4390414025881925
Train_U_1Layers_input_size_5_node1_30_node2_0_node3_0_node4_0,0.4393735856023952
Train_U_2Layers_input_size_10_node1_70_node2_60_node3_0_node4_0,0.44048552571503247
Train_U_3Layers_input_size_15_node1_50_node2_90_node3_80_node4_0,0.44059926086351664
Train_U_3Layers_input_size_15_node1_30_node2_30_node3_80_node4_0,0.44062974873141475
Train_U_3Layers_input_size_5_node1_100_node2_30_node3_80_node4_0,0.44070383746396075
Train_U_3Layers_input_size_5_node1_60_node2_60_node3_100_node4_0,0.44083499233291834
Train_U_3Layers_input_size_15_node1_70_node2_50_node3_60_node4_0,0.44114503473827343
Train_U_3Layers_input_size_10_node1_70_node2_30_node3_40_node4_0,0.4412324107341271
Train_U_3Layers_input_size_15_node1_80_node2_40_node3_60_node4_0,0.44148886591068903
Train_U_3Layers_input_size_10_node1_60_node2_100_node3_40_node4_0,0.4416871991273237
Train_U_3Layers_input_size_15_node1_80_node2_40_node3_100_node4_0,0.44172344794944457
Train_U_3Layers_input_size_5_node1_100_node2_80_node3_100_node4_0,0.44182076022798444
Train_U_3Layers_input_size_15_node1_70_node2_40_node3_100_node4_0,0.4420673180081221
Train_U_3Layers_input_size_15_node1_30_node2_90_node3_40_node4_0,0.4421056253773387
Train_U_3Layers_input_size_15_node1_40_node2_70_node3_30_node4_0,0.4423477293675682
Train_U_3Layers_input_size_15_node1_40_node2_100_node3_30_node4_0,0.44282627404649433
Train_U_3Layers_input_size_15_node1_100_node2_60_node3_90_node4_0,0.4430085024749681
Train_U_3Layers_input_size_15_node1_50_node2_100_node3_80_node4_0,0.4439266625517751
Train_U_3Layers_input_size_10_node1_100_node2_90_node3_50_node4_0,0.4440636439781836
Train_U_3Layers_input_size_15_node1_100_node2_50_node3_80_node4_0,0.44411251613272584
Train_U_3Layers_input_size_15_node1_50_node2_100_node3_50_node4_0,0.44425442126043113
Train_U_3Layers_input_size_15_node1_70_node2_50_node3_80_node4_0,0.4450211994339945
Test_U_3Layers_input_size_10_node1_40_node2_80_node3_80_node4_0,0.4451979606960011
Test_U_3Layers_input_size_10_node1_30_node2_100_node3_90_node4_0,0.445215013775518
Train_U_3Layers_input_size_15_node1_30_node2_40_node3_80_node4_0,0.4456589672737908
Train_U_3Layers_input_size_5_node1_100_node2_60_node3_50_node4_0,0.4456939234941375
Train_U_3Layers_input_size_15_node1_40_node2_50_node3_60_node4_0,0.445848710992209
Train_U_3Layers_input_size_15_node1_90_node2_50_node3_50_node4_0,0.4461897691582687
Train_U_3Layers_input_size_15_node1_50_node2_30_node3_70_node4_0,0.4463147880101315
Train_U_3Layers_input_size_15_node1_30_node2_40_node3_30_node4_0,0.44633904308691535
Train_U_3Layers_input_size_15_node1_50_node2_50_node3_50_node4_0,0.4464383532951069
Test_U_3Layers_input_size_10_node1_60_node2_100_node3_50_node4_0,0.4469509933786249
Test_U_3Layers_input_size_10_node1_80_node2_80_node3_50_node4_0,0.44696817960491375
Train_U_3Layers_input_size_15_node1_90_node2_60_node3_60_node4_0,0.4476400415705073
Train_U_3Layers_input_size_15_node1_50_node2_60_node3_60_node4_0,0.44773698315104554
Train_U_3Layers_input_size_5_node1_80_node2_30_node3_100_node4_0,0.44776507148424927
Test_U_3Layers_input_size_5_node1_100_node2_60_node3_60_node4_0,0.44787206723453127
Test_U_3Layers_input_size_10_node1_100_node2_80_node3_100_node4_0,0.4479604596161547
Test_U_3Layers_input_size_10_node1_100_node2_80_node3_90_node4_0,0.4480121994901374
Test_U_3Layers_input_size_10_node1_70_node2_90_node3_90_node4_0,0.44801619074613497
Test_U_2Layers_input_size_10_node1_100_node2_100_node3_0_node4_0,0.44803403455166013
Test_U_3Layers_input_size_10_node1_50_node2_40_node3_60_node4_0,0.44810423878735917
Test_U_3Layers_input_size_10_node1_60_node2_60_node3_90_node4_0,0.4481791532986983
Train_U_3Layers_input_size_15_node1_80_node2_60_node3_100_node4_0,0.4481893271399808
Train_U_3Layers_input_size_15_node1_30_node2_100_node3_90_node4_0,0.4482515288399763
Test_U_3Layers_input_size_10_node1_30_node2_60_node3_80_node4_0,0.4483932872070674
Test_U_3Layers_input_size_10_node1_90_node2_40_node3_80_node4_0,0.44844936328574364
Test_U_3Layers_input_size_10_node1_90_node2_60_node3_90_node4_0,0.4487035533649132
Test_U_3Layers_input_size_10_node1_90_node2_90_node3_70_node4_0,0.4487784508423337
Test_U_3Layers_input_size_10_node1_90_node2_70_node3_80_node4_0,0.44896730766561227
Test_U_3Layers_input_size_5_node1_30_node2_80_node3_80_node4_0,0.44915880549646126
Train_U_3Layers_input_size_10_node1_60_node2_30_node3_80_node4_0,0.44934387123089825
Test_U_2Layers_input_size_10_node1_50_node2_90_node3_0_node4_0,0.4493501222326975
Test_U_3Layers_input_size_10_node1_80_node2_100_node3_70_node4_0,0.44942439803896783
Train_U_3Layers_input_size_15_node1_90_node2_70_node3_100_node4_0,0.44946817853926163
Test_U_3Layers_input_size_10_node1_90_node2_90_node3_100_node4_0,0.4495845466340492
Test_U_3Layers_input_size_10_node1_60_node2_100_node3_60_node4_0,0.4496211033011431
Train_U_3Layers_input_size_10_node1_90_node2_50_node3_90_node4_0,0.4497389393772212
Train_U_3Layers_input_size_15_node1_80_node2_50_node3_100_node4_0,0.4499751150350118
Test_U_3Layers_input_size_5_node1_30_node2_100_node3_30_node4_0,0.45005615797899706
Test_U_3Layers_input_size_5_node1_30_node2_70_node3_100_node4_0,0.45009698021461997
Test_U_3Layers_input_size_10_node1_100_node2_100_node3_100_node4_0,0.4502051263430489
Test_U_3Layers_input_size_10_node1_40_node2_100_node3_70_node4_0,0.45024704377359837
Test_U_3Layers_input_size_10_node1_100_node2_100_node3_40_node4_0,0.45025321604624874
Test_U_3Layers_input_size_10_node1_70_node2_80_node3_60_node4_0,0.4502557147170152
Test_U_3Layers_input_size_5_node1_40_node2_100_node3_80_node4_0,0.45040949693431975
Test_U_3Layers_input_size_10_node1_30_node2_70_node3_50_node4_0,0.4504114488616468
Test_U_3Layers_input_size_10_node1_50_node2_100_node3_80_node4_0,0.4504250128687647
Test_U_3Layers_input_size_15_node1_50_node2_70_node3_80_node4_0,0.4504717228606456
Test_U_3Layers_input_size_5_node1_50_node2_90_node3_60_node4_0,0.4504935544819861
Test_U_3Layers_input_size_10_node1_70_node2_50_node3_80_node4_0,0.4505404392746546
Train_U_3Layers_input_size_15_node1_50_node2_80_node3_100_node4_0,0.4505703040801899
Train_U_3Layers_input_size_10_node1_90_node2_40_node3_90_node4_0,0.4505703206160787
Test_U_3Layers_input_size_5_node1_30_node2_60_node3_100_node4_0,0.4505900474992543
Test_U_3Layers_input_size_10_node1_30_node2_90_node3_70_node4_0,0.45059368522077947
Test_U_3Layers_input_size_5_node1_50_node2_90_node3_40_node4_0,0.4507102255841311
Train_U_3Layers_input_size_10_node1_40_node2_90_node3_30_node4_0,0.4507188876168425
Test_U_3Layers_input_size_10_node1_50_node2_90_node3_80_node4_0,0.4507798642776849
Test_U_3Layers_input_size_10_node1_50_node2_80_node3_70_node4_0,0.4508060111347415
Train_U_3Layers_input_size_15_node1_100_node2_90_node3_70_node4_0,0.4508660836613864
Train_U_3Layers_input_size_15_node1_90_node2_50_node3_90_node4_0,0.45091099648631455
Test_U_3Layers_input_size_10_node1_60_node2_40_node3_40_node4_0,0.450939134950377
Test_U_3Layers_input_size_10_node1_30_node2_60_node3_90_node4_0,0.4509644465018759
Test_U_3Layers_input_size_10_node1_80_node2_90_node3_90_node4_0,0.45100275808641327
Test_U_3Layers_input_size_5_node1_40_node2_60_node3_90_node4_0,0.45112811119886104
Test_U_3Layers_input_size_10_node1_100_node2_40_node3_60_node4_0,0.45120922776206174
Test_U_3Layers_input_size_10_node1_100_node2_90_node3_40_node4_0,0.45125212513008484
Train_U_3Layers_input_size_15_node1_60_node2_80_node3_90_node4_0,0.4512554603204031
Train_U_3Layers_input_size_15_node1_70_node2_30_node3_60_node4_0,0.4512799121262844
Test_U_3Layers_input_size_5_node1_60_node2_50_node3_60_node4_0,0.4513175200830415
Train_U_3Layers_input_size_10_node1_50_node2_40_node3_80_node4_0,0.4514221058956138
Test_U_3Layers_input_size_5_node1_50_node2_60_node3_80_node4_0,0.45142542332552643
Test_U_3Layers_input_size_5_node1_30_node2_30_node3_40_node4_0,0.4515522265998079
Test_U_2Layers_input_size_10_node1_60_node2_100_node3_0_node4_0,0.45156131797028637
Test_U_3Layers_input_size_10_node1_100_node2_90_node3_90_node4_0,0.4515746329502417
Test_U_3Layers_input_size_10_node1_30_node2_80_node3_70_node4_0,0.4516202506917139
Test_U_3Layers_input_size_10_node1_50_node2_40_node3_70_node4_0,0.45167904376154244
Test_U_3Layers_input_size_10_node1_70_node2_60_node3_100_node4_0,0.4517135835957131
Train_U_3Layers_input_size_10_node1_100_node2_70_node3_100_node4_0,0.4517330626335106
Test_U_3Layers_input_size_10_node1_40_node2_70_node3_100_node4_0,0.45174564686584656
Test_U_3Layers_input_size_10_node1_60_node2_70_node3_40_node4_0,0.4517633928415257
Test_U_3Layers_input_size_5_node1_50_node2_80_node3_40_node4_0,0.4517767348492976
Test_U_3Layers_input_size_10_node1_50_node2_100_node3_50_node4_0,0.4519040330817031
Test_U_3Layers_input_size_10_node1_30_node2_60_node3_100_node4_0,0.45191527713437973
Test_U_3Layers_input_size_10_node1_60_node2_90_node3_30_node4_0,0.4519242622832878
Test_U_3Layers_input_size_5_node1_70_node2_90_node3_80_node4_0,0.4519723504015443
Test_U_3Layers_input_size_10_node1_60_node2_80_node3_30_node4_0,0.45197889473789626
Test_U_3Layers_input_size_5_node1_90_node2_100_node3_100_node4_0,0.45198814236650064
Test_U_3Layers_input_size_5_node1_90_node2_80_node3_100_node4_0,0.4520097194308136
Test_U_3Layers_input_size_10_node1_30_node2_90_node3_60_node4_0,0.4520195762954484
Test_U_3Layers_input_size_10_node1_70_node2_90_node3_100_node4_0,0.4520203180240579
Test_U_3Layers_input_size_10_node1_60_node2_90_node3_70_node4_0,0.4520474644537415
Test_U_3Layers_input_size_10_node1_60_node2_60_node3_80_node4_0,0.4520923917568965
Test_U_2Layers_input_size_10_node1_70_node2_50_node3_0_node4_0,0.45211442526974
Train_U_3Layers_input_size_10_node1_90_node2_40_node3_70_node4_0,0.45212474126494634
Test_U_2Layers_input_size_10_node1_90_node2_50_node3_0_node4_0,0.4522079033193029
Test_U_3Layers_input_size_10_node1_40_node2_100_node3_60_node4_0,0.4522684156444102
Test_U_3Layers_input_size_10_node1_40_node2_100_node3_40_node4_0,0.4523321153531348
Test_U_3Layers_input_size_5_node1_30_node2_90_node3_50_node4_0,0.45234664296755267
Test_U_3Layers_input_size_15_node1_100_node2_80_node3_90_node4_0,0.4523966460191754
Test_U_3Layers_input_size_5_node1_30_node2_70_node3_90_node4_0,0.4523976012278893
Test_U_3Layers_input_size_10_node1_40_node2_60_node3_70_node4_0,0.45241532163068143
Test_U_3Layers_input_size_10_node1_60_node2_70_node3_60_node4_0,0.4524463306655508
Test_U_3Layers_input_size_15_node1_70_node2_90_node3_90_node4_0,0.4524554699384057
Test_U_3Layers_input_size_10_node1_30_node2_50_node3_70_node4_0,0.45248616337038294
Train_U_3Layers_input_size_10_node1_100_node2_90_node3_100_node4_0,0.45249467614767147
Test_U_3Layers_input_size_10_node1_30_node2_90_node3_80_node4_0,0.45251804018151603
Test_U_3Layers_input_size_10_node1_60_node2_60_node3_60_node4_0,0.4526079450595181
Test_U_3Layers_input_size_10_node1_80_node2_40_node3_30_node4_0,0.4527235554808534
Test_U_3Layers_input_size_10_node1_80_node2_50_node3_50_node4_0,0.4527430075216584
Test_U_3Layers_input_size_10_node1_30_node2_100_node3_100_node4_0,0.45277106504235887
Train_U_2Layers_input_size_10_node1_30_node2_100_node3_0_node4_0,0.45277345108560096
Test_U_3Layers_input_size_5_node1_80_node2_100_node3_60_node4_0,0.4528199188277571
Test_U_3Layers_input_size_5_node1_70_node2_100_node3_40_node4_0,0.4528292644548656
Test_U_3Layers_input_size_5_node1_40_node2_100_node3_70_node4_0,0.4528403374570535
Test_U_3Layers_input_size_5_node1_30_node2_100_node3_40_node4_0,0.45289877473093104
Test_U_3Layers_input_size_10_node1_70_node2_90_node3_60_node4_0,0.45296220485857547
Test_U_3Layers_input_size_10_node1_60_node2_50_node3_50_node4_0,0.45301465631190047
Test_U_3Layers_input_size_10_node1_70_node2_50_node3_90_node4_0,0.45302376767305563
Test_U_3Layers_input_size_10_node1_100_node2_100_node3_90_node4_0,0.45302616883158636
Test_U_3Layers_input_size_5_node1_70_node2_80_node3_90_node4_0,0.4530712293093616
Test_U_3Layers_input_size_10_node1_60_node2_30_node3_60_node4_0,0.4530932645536632
Test_U_2Layers_input_size_5_node1_50_node2_80_node3_0_node4_0,0.4531455199758351
Test_U_3Layers_input_size_10_node1_90_node2_80_node3_40_node4_0,0.4532257823018438
Test_U_3Layers_input_size_10_node1_40_node2_50_node3_80_node4_0,0.45323007286166467
Test_U_3Layers_input_size_10_node1_40_node2_70_node3_90_node4_0,0.4532363360197467
Test_U_3Layers_input_size_10_node1_60_node2_90_node3_50_node4_0,0.4532545167705283
Test_U_3Layers_input_size_5_node1_90_node2_30_node3_70_node4_0,0.453287868168725
Test_U_3Layers_input_size_10_node1_80_node2_100_node3_80_node4_0,0.4533033184529644
Test_U_3Layers_input_size_10_node1_40_node2_90_node3_80_node4_0,0.45335150680800657
Test_U_3Layers_input_size_10_node1_80_node2_40_node3_70_node4_0,0.4533576696831517
Test_U_3Layers_input_size_5_node1_40_node2_100_node3_100_node4_0,0.4533591980632231
Test_U_3Layers_input_size_5_node1_40_node2_50_node3_60_node4_0,0.45340649312779435
Test_U_3Layers_input_size_10_node1_90_node2_100_node3_80_node4_0,0.45342481494198766
Test_U_3Layers_input_size_5_node1_80_node2_40_node3_70_node4_0,0.45346250789779136
Test_U_3Layers_input_size_10_node1_80_node2_70_node3_70_node4_0,0.45348920654839675
Test_U_3Layers_input_size_10_node1_80_node2_90_node3_80_node4_0,0.4535138993472734
Test_U_3Layers_input_size_5_node1_80_node2_40_node3_60_node4_0,0.4535265327344442
Test_U_3Layers_input_size_10_node1_80_node2_70_node3_90_node4_0,0.4536037546724004
Train_U_3Layers_input_size_10_node1_80_node2_90_node3_40_node4_0,0.45361633628251713
Test_U_3Layers_input_size_5_node1_70_node2_100_node3_100_node4_0,0.45362950882151737
Test_U_3Layers_input_size_5_node1_60_node2_90_node3_100_node4_0,0.4536329415026433
Test_U_3Layers_input_size_10_node1_70_node2_80_node3_100_node4_0,0.45365159906635055
Test_U_3Layers_input_size_5_node1_90_node2_60_node3_70_node4_0,0.45370871666090906
Test_U_3Layers_input_size_10_node1_50_node2_100_node3_60_node4_0,0.45371099924455766
Test_U_3Layers_input_size_10_node1_40_node2_60_node3_80_node4_0,0.45372055641254544
Test_U_3Layers_input_size_5_node1_100_node2_70_node3_80_node4_0,0.4537286355109375
Test_U_3Layers_input_size_15_node1_70_node2_70_node3_60_node4_0,0.4537852672658895
Test_U_3Layers_input_size_15_node1_50_node2_90_node3_100_node4_0,0.45379216308270043
Test_U_3Layers_input_size_5_node1_100_node2_30_node3_50_node4_0,0.4538162976163716
Test_U_3Layers_input_size_10_node1_90_node2_100_node3_90_node4_0,0.4538364579980075
Test_U_3Layers_input_size_5_node1_50_node2_40_node3_80_node4_0,0.45383727884147734
Test_U_3Layers_input_size_5_node1_100_node2_100_node3_70_node4_0,0.4538521194353466
Test_U_3Layers_input_size_15_node1_90_node2_80_node3_90_node4_0,0.4538743958318162
Test_U_3Layers_input_size_5_node1_50_node2_70_node3_80_node4_0,0.45393023796843235
Test_U_3Layers_input_size_10_node1_30_node2_60_node3_30_node4_0,0.4539368361444988
Test_U_3Layers_input_size_5_node1_70_node2_90_node3_60_node4_0,0.45396326071434423
Test_U_3Layers_input_size_5_node1_50_node2_100_node3_30_node4_0,0.45397486406117654
Test_U_2Layers_input_size_10_node1_90_node2_80_node3_0_node4_0,0.45400614402516537
Test_U_3Layers_input_size_5_node1_100_node2_100_node3_100_node4_0,0.4540166631930203
Test_U_3Layers_input_size_5_node1_70_node2_30_node3_100_node4_0,0.4540174673003484
Test_U_3Layers_input_size_10_node1_80_node2_70_node3_80_node4_0,0.4541022023842518
Test_U_3Layers_input_size_10_node1_90_node2_100_node3_40_node4_0,0.45412983139811286
Test_U_3Layers_input_size_5_node1_50_node2_90_node3_90_node4_0,0.45415181527951437
Test_U_3Layers_input_size_5_node1_50_node2_80_node3_70_node4_0,0.454155424471778
Test_U_3Layers_input_size_10_node1_50_node2_70_node3_70_node4_0,0.4541581313471529
Test_U_3Layers_input_size_10_node1_60_node2_80_node3_70_node4_0,0.4542002416880933
Test_U_3Layers_input_size_10_node1_30_node2_90_node3_90_node4_0,0.45421305282478924
Test_U_3Layers_input_size_5_node1_70_node2_90_node3_40_node4_0,0.45422520748727657
Test_U_3Layers_input_size_10_node1_70_node2_100_node3_40_node4_0,0.45424379151782807
Train_U_3Layers_input_size_15_node1_70_node2_60_node3_30_node4_0,0.454270001417747
Test_U_3Layers_input_size_5_node1_90_node2_60_node3_80_node4_0,0.45428287619017405
Test_U_3Layers_input_size_10_node1_80_node2_50_node3_100_node4_0,0.4542927001341449
Test_U_3Layers_input_size_10_node1_100_node2_90_node3_60_node4_0,0.45430613186065394
Test_U_3Layers_input_size_5_node1_50_node2_60_node3_90_node4_0,0.45430755865076
Test_U_3Layers_input_size_10_node1_100_node2_60_node3_40_node4_0,0.454319809181402
Test_U_2Layers_input_size_5_node1_80_node2_80_node3_0_node4_0,0.4543463262669524
Test_U_3Layers_input_size_10_node1_60_node2_70_node3_100_node4_0,0.45435905129463683
Test_U_3Layers_input_size_10_node1_60_node2_50_node3_90_node4_0,0.45438535292845583
Test_U_3Layers_input_size_5_node1_100_node2_100_node3_90_node4_0,0.4543940104898256
Test_U_3Layers_input_size_10_node1_50_node2_30_node3_40_node4_0,0.45440514374011914
Test_U_3Layers_input_size_5_node1_80_node2_60_node3_100_node4_0,0.4544056520263314
Test_U_3Layers_input_size_10_node1_80_node2_60_node3_100_node4_0,0.45440916082531924
Test_U_3Layers_input_size_5_node1_80_node2_80_node3_50_node4_0,0.4544192607683638
Test_U_3Layers_input_size_5_node1_60_node2_70_node3_90_node4_0,0.45442129384663993
Test_U_2Layers_input_size_10_node1_100_node2_80_node3_0_node4_0,0.454452510293614
Test_U_3Layers_input_size_10_node1_50_node2_80_node3_100_node4_0,0.45446423230263233
Test_U_3Layers_input_size_10_node1_60_node2_50_node3_30_node4_0,0.4544749375935713
Test_U_3Layers_input_size_5_node1_70_node2_100_node3_60_node4_0,0.45450911742424893
Test_U_3Layers_input_size_10_node1_100_node2_70_node3_40_node4_0,0.454520542914313
Test_U_3Layers_input_size_5_node1_70_node2_90_node3_50_node4_0,0.45459104019482893
Test_U_3Layers_input_size_10_node1_60_node2_70_node3_90_node4_0,0.454614902875076
Test_U_3Layers_input_size_10_node1_70_node2_100_node3_70_node4_0,0.4546699494320742
Test_U_3Layers_input_size_10_node1_80_node2_90_node3_70_node4_0,0.4546909076523654
Test_U_3Layers_input_size_5_node1_70_node2_100_node3_70_node4_0,0.4546945289514222
Test_U_3Layers_input_size_5_node1_90_node2_80_node3_90_node4_0,0.45471240562053966
Test_U_3Layers_input_size_10_node1_50_node2_90_node3_50_node4_0,0.4547683578380264
Test_U_3Layers_input_size_10_node1_90_node2_60_node3_70_node4_0,0.45481739024156537
Train_U_3Layers_input_size_5_node1_70_node2_90_node3_90_node4_0,0.4548178325412281
Test_U_3Layers_input_size_10_node1_70_node2_90_node3_40_node4_0,0.4548271207347881
Test_U_3Layers_input_size_5_node1_40_node2_40_node3_70_node4_0,0.4548293649435809
Test_U_3Layers_input_size_15_node1_30_node2_70_node3_60_node4_0,0.4548521012666844
Test_U_3Layers_input_size_10_node1_50_node2_70_node3_90_node4_0,0.4548613723805901
Test_U_2Layers_input_size_10_node1_50_node2_80_node3_0_node4_0,0.4548944258036617
Test_U_3Layers_input_size_15_node1_70_node2_40_node3_60_node4_0,0.45491820705847386
Test_U_3Layers_input_size_5_node1_100_node2_80_node3_80_node4_0,0.45496899192599777
Test_U_3Layers_input_size_5_node1_40_node2_30_node3_70_node4_0,0.4549943085461227
Test_U_3Layers_input_size_5_node1_60_node2_90_node3_60_node4_0,0.4550110108489486
Test_U_3Layers_input_size_5_node1_40_node2_60_node3_40_node4_0,0.45502108105879696
Test_U_3Layers_input_size_5_node1_50_node2_50_node3_50_node4_0,0.4550256985439096
Test_U_3Layers_input_size_10_node1_80_node2_50_node3_70_node4_0,0.45502614064109015
Test_U_3Layers_input_size_5_node1_40_node2_70_node3_60_node4_0,0.45503231358277757
Test_U_3Layers_input_size_10_node1_80_node2_30_node3_100_node4_0,0.45503285391586246
Test_U_2Layers_input_size_10_node1_50_node2_30_node3_0_node4_0,0.45504806484761995
Test_U_3Layers_input_size_10_node1_80_node2_70_node3_30_node4_0,0.45504901449065127
Test_U_3Layers_input_size_10_node1_50_node2_30_node3_70_node4_0,0.4550572173591702
Test_U_3Layers_input_size_5_node1_50_node2_100_node3_70_node4_0,0.45506062289787214
Test_U_2Layers_input_size_10_node1_80_node2_70_node3_0_node4_0,0.4550633898793015
Test_U_3Layers_input_size_10_node1_60_node2_80_node3_50_node4_0,0.45508470653309757
Test_U_3Layers_input_size_5_node1_30_node2_30_node3_60_node4_0,0.4550909769101699
Test_U_3Layers_input_size_10_node1_90_node2_70_node3_30_node4_0,0.4551054655711238
Test_U_3Layers_input_size_10_node1_100_node2_70_node3_50_node4_0,0.4551103605060055
Test_U_3Layers_input_size_10_node1_90_node2_90_node3_30_node4_0,0.45511618852035063
Test_U_2Layers_input_size_5_node1_100_node2_70_node3_0_node4_0,0.45511654867609197
Test_U_3Layers_input_size_5_node1_100_node2_100_node3_60_node4_0,0.4551253069211558
Test_U_3Layers_input_size_5_node1_80_node2_60_node3_30_node4_0,0.4551933862980453
Test_U_3Layers_input_size_5_node1_90_node2_50_node3_80_node4_0,0.45519770741518095
Test_U_3Layers_input_size_10_node1_80_node2_30_node3_50_node4_0,0.45521923055051905
Test_U_3Layers_input_size_10_node1_50_node2_50_node3_50_node4_0,0.4552258427771087
Test_U_3Layers_input_size_10_node1_30_node2_30_node3_100_node4_0,0.4552308673504197
Test_U_3Layers_input_size_5_node1_100_node2_50_node3_90_node4_0,0.45524153824724056
Test_U_3Layers_input_size_5_node1_60_node2_40_node3_80_node4_0,0.45524761007227343
Test_U_3Layers_input_size_10_node1_30_node2_70_node3_60_node4_0,0.45530230194589016
Test_U_3Layers_input_size_15_node1_50_node2_60_node3_90_node4_0,0.455303840162126
Train_U_3Layers_input_size_15_node1_30_node2_70_node3_70_node4_0,0.45530802932041997
Test_U_3Layers_input_size_10_node1_60_node2_60_node3_100_node4_0,0.4553246055726988
Test_U_3Layers_input_size_15_node1_100_node2_100_node3_90_node4_0,0.4553401994625024
Test_U_3Layers_input_size_10_node1_100_node2_60_node3_100_node4_0,0.4553560218877378
Test_U_3Layers_input_size_10_node1_90_node2_60_node3_50_node4_0,0.4553595724495149
Test_U_3Layers_input_size_5_node1_30_node2_60_node3_30_node4_0,0.45537516514191106
Test_U_3Layers_input_size_5_node1_80_node2_30_node3_70_node4_0,0.45538573449127057
Test_U_3Layers_input_size_10_node1_90_node2_60_node3_100_node4_0,0.45539036463980204
Test_U_3Layers_input_size_10_node1_40_node2_60_node3_90_node4_0,0.45539653264439983
Test_U_3Layers_input_size_10_node1_40_node2_40_node3_50_node4_0,0.4554027660071432
Test_U_3Layers_input_size_5_node1_60_node2_80_node3_90_node4_0,0.4554030277737906
Test_U_3Layers_input_size_5_node1_90_node2_60_node3_50_node4_0,0.45540603807942154
Test_U_3Layers_input_size_10_node1_40_node2_50_node3_70_node4_0,0.4554546583033965
Test_U_3Layers_input_size_10_node1_60_node2_60_node3_40_node4_0,0.45548657272827797
Test_U_3Layers_input_size_5_node1_80_node2_100_node3_40_node4_0,0.45550310976953806
Test_U_3Layers_input_size_5_node1_50_node2_40_node3_30_node4_0,0.4555062993375093
Test_U_3Layers_input_size_10_node1_90_node2_90_node3_80_node4_0,0.45551791244757905
Test_U_3Layers_input_size_5_node1_40_node2_80_node3_100_node4_0,0.45555278271158167
Test_U_3Layers_input_size_5_node1_90_node2_90_node3_100_node4_0,0.4555532406522634
Test_U_3Layers_input_size_5_node1_100_node2_80_node3_70_node4_0,0.45555623361038255
Test_U_3Layers_input_size_15_node1_30_node2_30_node3_60_node4_0,0.455561107347097
Test_U_3Layers_input_size_5_node1_50_node2_80_node3_30_node4_0,0.455569840691184
Test_U_3Layers_input_size_10_node1_70_node2_70_node3_50_node4_0,0.45557420730044573
Test_U_3Layers_input_size_5_node1_90_node2_30_node3_80_node4_0,0.4555829076855108
Test_U_2Layers_input_size_10_node1_90_node2_70_node3_0_node4_0,0.455588010089683
Test_U_3Layers_input_size_5_node1_80_node2_90_node3_30_node4_0,0.4555891221445463
Test_U_3Layers_input_size_5_node1_90_node2_50_node3_100_node4_0,0.4555891712057277
Test_U_3Layers_input_size_10_node1_80_node2_80_node3_90_node4_0,0.455594567903433
Test_U_3Layers_input_size_15_node1_70_node2_90_node3_80_node4_0,0.4556301354483837
Test_U_3Layers_input_size_5_node1_70_node2_60_node3_50_node4_0,0.4556385077265131
Test_U_3Layers_input_size_5_node1_80_node2_70_node3_60_node4_0,0.455639358027405
Test_U_3Layers_input_size_5_node1_50_node2_60_node3_100_node4_0,0.45564205608703723
Test_U_3Layers_input_size_5_node1_50_node2_90_node3_50_node4_0,0.45564331517606477
Test_U_3Layers_input_size_10_node1_70_node2_70_node3_70_node4_0,0.4556630513506616
Test_U_3Layers_input_size_5_node1_40_node2_100_node3_30_node4_0,0.4557058237546222
Test_U_3Layers_input_size_5_node1_30_node2_50_node3_90_node4_0,0.4557308542129516
Test_U_3Layers_input_size_5_node1_90_node2_100_node3_90_node4_0,0.45573168799293234
Test_U_3Layers_input_size_5_node1_50_node2_70_node3_100_node4_0,0.4557493441519985
Test_U_3Layers_input_size_10_node1_50_node2_70_node3_80_node4_0,0.455780077315827
Test_U_3Layers_input_size_10_node1_100_node2_70_node3_80_node4_0,0.4558146823395102
Test_U_3Layers_input_size_10_node1_90_node2_70_node3_60_node4_0,0.45584310651317816
Test_U_3Layers_input_size_5_node1_70_node2_60_node3_90_node4_0,0.45587577823000336
Test_U_3Layers_input_size_15_node1_60_node2_90_node3_90_node4_0,0.45591666769500566
Test_U_2Layers_input_size_5_node1_60_node2_90_node3_0_node4_0,0.4559285645004789
Test_U_3Layers_input_size_5_node1_50_node2_70_node3_90_node4_0,0.45593768299561893
Test_U_3Layers_input_size_5_node1_60_node2_90_node3_40_node4_0,0.4559660995016292
Test_U_3Layers_input_size_10_node1_50_node2_100_node3_30_node4_0,0.45596645898604854
Test_U_3Layers_input_size_15_node1_30_node2_60_node3_60_node4_0,0.45599564163944384
Test_U_3Layers_input_size_10_node1_30_node2_70_node3_30_node4_0,0.4560114086453541
Test_U_3Layers_input_size_10_node1_30_node2_40_node3_100_node4_0,0.45602217564494263
Test_U_2Layers_input_size_5_node1_80_node2_50_node3_0_node4_0,0.4560263418664007
Test_U_3Layers_input_size_5_node1_90_node2_90_node3_60_node4_0,0.4560300179125492
Test_U_3Layers_input_size_10_node1_60_node2_50_node3_60_node4_0,0.4560324195800288
Test_U_3Layers_input_size_5_node1_80_node2_100_node3_100_node4_0,0.45603439645329374
Test_U_3Layers_input_size_15_node1_80_node2_70_node3_100_node4_0,0.45603524601603107
Test_U_3Layers_input_size_5_node1_90_node2_100_node3_40_node4_0,0.45606471832810713
Test_U_3Layers_input_size_5_node1_30_node2_30_node3_90_node4_0,0.45608033592098335
Test_U_3Layers_input_size_5_node1_40_node2_30_node3_30_node4_0,0.4560918854077115
Test_U_3Layers_input_size_5_node1_80_node2_70_node3_30_node4_0,0.45609732516365253
Test_U_3Layers_input_size_10_node1_50_node2_60_node3_50_node4_0,0.4561003962284434
Test_U_3Layers_input_size_15_node1_30_node2_100_node3_30_node4_0,0.45616984904434366
Test_U_3Layers_input_size_15_node1_50_node2_100_node3_30_node4_0,0.4561833234951977
Test_U_3Layers_input_size_10_node1_90_node2_80_node3_50_node4_0,0.45619681388000766
Test_U_3Layers_input_size_5_node1_40_node2_70_node3_50_node4_0,0.4562269616515821
Test_U_3Layers_input_size_10_node1_50_node2_60_node3_60_node4_0,0.45623055442757976
Test_U_3Layers_input_size_15_node1_70_node2_60_node3_40_node4_0,0.45624066304098304
Test_U_3Layers_input_size_5_node1_70_node2_40_node3_30_node4_0,0.4562527636875424
Test_U_3Layers_input_size_10_node1_90_node2_50_node3_30_node4_0,0.45625620929202965
Test_U_3Layers_input_size_10_node1_80_node2_40_node3_90_node4_0,0.4562657784646926
Train_U_3Layers_input_size_15_node1_80_node2_70_node3_50_node4_0,0.45628044209755914
Test_U_3Layers_input_size_15_node1_30_node2_80_node3_80_node4_0,0.4563235648171777
Test_U_3Layers_input_size_15_node1_90_node2_70_node3_70_node4_0,0.45635758986499275
Test_U_3Layers_input_size_5_node1_100_node2_40_node3_80_node4_0,0.45635866739224284
Test_U_3Layers_input_size_5_node1_60_node2_100_node3_50_node4_0,0.4563662426635188
Test_U_3Layers_input_size_5_node1_30_node2_80_node3_60_node4_0,0.45638973500044416
Test_U_3Layers_input_size_5_node1_70_node2_100_node3_90_node4_0,0.4564737848910524
Test_U_3Layers_input_size_5_node1_40_node2_80_node3_30_node4_0,0.45649172245388503
Test_U_3Layers_input_size_10_node1_60_node2_50_node3_100_node4_0,0.45649878956215395
Test_U_3Layers_input_size_5_node1_60_node2_80_node3_50_node4_0,0.4565413204714146
Test_U_3Layers_input_size_10_node1_80_node2_60_node3_50_node4_0,0.4565508510296746
Test_U_3Layers_input_size_5_node1_90_node2_30_node3_40_node4_0,0.4566140349048227
Test_U_3Layers_input_size_5_node1_90_node2_80_node3_80_node4_0,0.4566231070781312
Test_U_3Layers_input_size_5_node1_30_node2_70_node3_60_node4_0,0.4566371881699921
Test_U_3Layers_input_size_10_node1_60_node2_70_node3_80_node4_0,0.4566554782563054
Test_U_3Layers_input_size_5_node1_70_node2_80_node3_50_node4_0,0.4566644027693292
Test_U_3Layers_input_size_10_node1_40_node2_40_node3_40_node4_0,0.4566675189658841
Test_U_2Layers_input_size_10_node1_40_node2_50_node3_0_node4_0,0.4566913710331317
Test_U_3Layers_input_size_10_node1_100_node2_100_node3_80_node4_0,0.4567282234537936
Test_U_3Layers_input_size_15_node1_50_node2_40_node3_80_node4_0,0.4567326442394303
Test_U_3Layers_input_size_10_node1_50_node2_80_node3_60_node4_0,0.45673344356510664
Test_U_3Layers_input_size_5_node1_100_node2_50_node3_50_node4_0,0.4567355315929266
Test_U_3Layers_input_size_15_node1_70_node2_70_node3_100_node4_0,0.4567481737450063
Test_U_3Layers_input_size_10_node1_70_node2_40_node3_50_node4_0,0.45675641134613687
Test_U_3Layers_input_size_10_node1_90_node2_70_node3_90_node4_0,0.45675748793253534
Test_U_3Layers_input_size_10_node1_30_node2_100_node3_70_node4_0,0.4567735711787377
Test_U_3Layers_input_size_5_node1_90_node2_90_node3_70_node4_0,0.4567870930641616
Test_U_3Layers_input_size_5_node1_80_node2_40_node3_30_node4_0,0.4568055891807814
Test_U_3Layers_input_size_10_node1_80_node2_50_node3_30_node4_0,0.4568248674047112
Test_U_3Layers_input_size_5_node1_100_node2_50_node3_100_node4_0,0.456848955886314
Test_U_3Layers_input_size_5_node1_50_node2_50_node3_90_node4_0,0.4568607631818688
Test_U_3Layers_input_size_5_node1_60_node2_50_node3_40_node4_0,0.456871689550928
Test_U_3Layers_input_size_5_node1_60_node2_80_node3_40_node4_0,0.4568904268501708
Test_U_3Layers_input_size_5_node1_90_node2_40_node3_30_node4_0,0.4568943568563514
Test_U_3Layers_input_size_15_node1_100_node2_50_node3_30_node4_0,0.45690661956290013
Test_U_2Layers_input_size_10_node1_80_node2_100_node3_0_node4_0,0.4569168273628189
Test_U_3Layers_input_size_5_node1_70_node2_30_node3_60_node4_0,0.45691775681570107
Test_U_3Layers_input_size_10_node1_80_node2_60_node3_80_node4_0,0.45692604027717504
Test_U_3Layers_input_size_5_node1_100_node2_90_node3_60_node4_0,0.45694268827606543
Test_U_3Layers_input_size_10_node1_60_node2_60_node3_50_node4_0,0.456966819460149
Test_U_3Layers_input_size_5_node1_90_node2_80_node3_60_node4_0,0.45700064988684824
Test_U_3Layers_input_size_15_node1_40_node2_90_node3_40_node4_0,0.4570087199078291
Test_U_3Layers_input_size_10_node1_100_node2_30_node3_60_node4_0,0.45701706693112004
Test_U_3Layers_input_size_10_node1_30_node2_70_node3_40_node4_0,0.45701913736056554
Test_U_3Layers_input_size_15_node1_100_node2_80_node3_100_node4_0,0.45704994815496025
Test_U_3Layers_input_size_5_node1_40_node2_40_node3_60_node4_0,0.45705081213142495
Test_U_3Layers_input_size_10_node1_80_node2_60_node3_40_node4_0,0.4570829248151226
Test_U_3Layers_input_size_5_node1_70_node2_40_node3_100_node4_0,0.4570836257267135
Test_U_2Layers_input_size_5_node1_90_node2_90_node3_0_node4_0,0.4570896730820783
Test_U_3Layers_input_size_5_node1_80_node2_90_node3_40_node4_0,0.4571127696572181
Test_U_3Layers_input_size_15_node1_50_node2_40_node3_60_node4_0,0.4571598882674467
Test_U_3Layers_input_size_15_node1_90_node2_60_node3_90_node4_0,0.45716860736706655
Test_U_3Layers_input_size_15_node1_70_node2_80_node3_80_node4_0,0.45717613662396533
Test_U_3Layers_input_size_10_node1_90_node2_90_node3_40_node4_0,0.4572118907531539
Test_U_3Layers_input_size_5_node1_50_node2_80_node3_100_node4_0,0.45721440028163784
Test_U_3Layers_input_size_5_node1_60_node2_90_node3_90_node4_0,0.45721800159390225
Test_U_3Layers_input_size_5_node1_40_node2_30_node3_100_node4_0,0.45723604031939913
Train_U_3Layers_input_size_15_node1_70_node2_90_node3_40_node4_0,0.4572532636235034
Test_U_3Layers_input_size_10_node1_100_node2_50_node3_80_node4_0,0.4572553655717329
Test_U_2Layers_input_size_10_node1_90_node2_40_node3_0_node4_0,0.457264180613729
Test_U_3Layers_input_size_5_node1_60_node2_100_node3_90_node4_0,0.4572753580381562
Test_U_3Layers_input_size_5_node1_80_node2_70_node3_100_node4_0,0.45728534579705893
Test_U_3Layers_input_size_10_node1_90_node2_30_node3_60_node4_0,0.45732935125259605
Test_U_3Layers_input_size_5_node1_90_node2_40_node3_60_node4_0,0.4573419769899168
Test_U_1Layers_input_size_10_node1_60_node2_0_node3_0_node4_0,0.45734888434256815
Test_U_3Layers_input_size_5_node1_70_node2_40_node3_40_node4_0,0.45735929404724535
Test_U_3Layers_input_size_15_node1_70_node2_50_node3_50_node4_0,0.45736352954002035
Test_U_2Layers_input_size_5_node1_40_node2_70_node3_0_node4_0,0.4573731569949975
Test_U_3Layers_input_size_5_node1_70_node2_50_node3_70_node4_0,0.4573938773274181
Test_U_3Layers_input_size_5_node1_60_node2_30_node3_60_node4_0,0.45740907489904814
Test_U_3Layers_input_size_10_node1_50_node2_60_node3_90_node4_0,0.4574258193343598
Test_U_3Layers_input_size_10_node1_50_node2_60_node3_70_node4_0,0.4574284091290572
Test_U_3Layers_input_size_10_node1_90_node2_50_node3_50_node4_0,0.45743200875645335
Test_U_2Layers_input_size_5_node1_70_node2_80_node3_0_node4_0,0.4574330348893914
Test_U_2Layers_input_size_15_node1_50_node2_40_node3_0_node4_0,0.45744069009422444
Test_U_3Layers_input_size_10_node1_100_node2_40_node3_100_node4_0,0.457445885787927
Test_U_2Layers_input_size_10_node1_40_node2_70_node3_0_node4_0,0.45744666757999064
Test_U_3Layers_input_size_5_node1_90_node2_30_node3_100_node4_0,0.4574670751376697
Test_U_3Layers_input_size_5_node1_40_node2_60_node3_100_node4_0,0.4574850226123801
Test_U_3Layers_input_size_5_node1_70_node2_100_node3_80_node4_0,0.45750518418069097
Test_U_3Layers_input_size_5_node1_80_node2_80_node3_30_node4_0,0.45750928804214325
Test_U_3Layers_input_size_10_node1_60_node2_90_node3_80_node4_0,0.4575234069985752
Test_U_3Layers_input_size_15_node1_100_node2_90_node3_100_node4_0,0.4575254914212067
Test_U_3Layers_input_size_5_node1_30_node2_40_node3_60_node4_0,0.45753194004358805
Test_U_3Layers_input_size_15_node1_100_node2_100_node3_50_node4_0,0.4575337638798946
Test_U_2Layers_input_size_15_node1_50_node2_100_node3_0_node4_0,0.4575425572743456
Test_U_3Layers_input_size_10_node1_50_node2_80_node3_50_node4_0,0.4575470353269444
Test_U_3Layers_input_size_10_node1_100_node2_40_node3_80_node4_0,0.4575636932978593
Test_U_3Layers_input_size_15_node1_30_node2_90_node3_80_node4_0,0.45757641026529094
Test_U_3Layers_input_size_15_node1_80_node2_100_node3_80_node4_0,0.4575792108815644
Test_U_3Layers_input_size_5_node1_80_node2_80_node3_100_node4_0,0.4576133867888275
Test_U_3Layers_input_size_15_node1_50_node2_30_node3_50_node4_0,0.4576149660806308
Test_U_3Layers_input_size_10_node1_60_node2_70_node3_50_node4_0,0.4576462251679446
Test_U_3Layers_input_size_15_node1_80_node2_30_node3_90_node4_0,0.4576502626443528
Test_U_3Layers_input_size_15_node1_60_node2_50_node3_60_node4_0,0.4576530302487334
Test_U_3Layers_input_size_10_node1_80_node2_60_node3_70_node4_0,0.45765626995259845
Test_U_3Layers_input_size_10_node1_60_node2_100_node3_90_node4_0,0.4576583049307364
Test_U_2Layers_input_size_5_node1_90_node2_80_node3_0_node4_0,0.45769755381879995
Test_U_3Layers_input_size_10_node1_80_node2_100_node3_40_node4_0,0.4577078090914174
Test_U_3Layers_input_size_10_node1_30_node2_30_node3_30_node4_0,0.4577156387559853
Test_U_3Layers_input_size_5_node1_70_node2_70_node3_60_node4_0,0.4577515948927724
Test_U_3Layers_input_size_10_node1_90_node2_40_node3_30_node4_0,0.45776503906045835
Test_U_3Layers_input_size_10_node1_90_node2_50_node3_40_node4_0,0.45778160772154036
Test_U_3Layers_input_size_10_node1_50_node2_90_node3_40_node4_0,0.4577944000103285
Test_U_3Layers_input_size_10_node1_90_node2_30_node3_100_node4_0,0.45780079602067736
Test_U_3Layers_input_size_5_node1_30_node2_70_node3_30_node4_0,0.45781026781078277
Test_U_3Layers_input_size_10_node1_50_node2_100_node3_70_node4_0,0.45781301817360154
Test_U_3Layers_input_size_5_node1_100_node2_40_node3_40_node4_0,0.4578549550912592
Test_U_3Layers_input_size_5_node1_100_node2_90_node3_90_node4_0,0.4578627008769629
Test_U_2Layers_input_size_15_node1_80_node2_90_node3_0_node4_0,0.4578640189492989
Test_U_3Layers_input_size_5_node1_60_node2_100_node3_70_node4_0,0.45786903084403036
Test_U_3Layers_input_size_5_node1_50_node2_30_node3_100_node4_0,0.4578786313982735
Test_U_3Layers_input_size_15_node1_80_node2_80_node3_100_node4_0,0.457914948962076
Test_U_3Layers_input_size_10_node1_30_node2_80_node3_80_node4_0,0.457919992840355
Test_U_3Layers_input_size_5_node1_100_node2_70_node3_70_node4_0,0.4579419411992761
Test_U_2Layers_input_size_10_node1_60_node2_30_node3_0_node4_0,0.4579469522412055
Test_U_3Layers_input_size_5_node1_60_node2_50_node3_50_node4_0,0.45794835141844503
Test_U_3Layers_input_size_10_node1_60_node2_50_node3_80_node4_0,0.45795372031469034
Test_U_3Layers_input_size_5_node1_90_node2_90_node3_40_node4_0,0.45795386673825167
Test_U_3Layers_input_size_5_node1_40_node2_100_node3_50_node4_0,0.4579626357972884
Test_U_3Layers_input_size_10_node1_90_node2_30_node3_70_node4_0,0.45796273341110083
Test_U_3Layers_input_size_5_node1_30_node2_90_node3_80_node4_0,0.4579641976157901
Test_U_3Layers_input_size_15_node1_100_node2_80_node3_80_node4_0,0.45798415913943935
Test_U_3Layers_input_size_10_node1_90_node2_90_node3_60_node4_0,0.4580026231809315
Test_U_3Layers_input_size_10_node1_40_node2_70_node3_60_node4_0,0.4580172474749478
Test_U_3Layers_input_size_15_node1_30_node2_100_node3_70_node4_0,0.45804374570133843
Test_U_3Layers_input_size_10_node1_50_node2_40_node3_90_node4_0,0.45806137780306966
Test_U_3Layers_input_size_10_node1_70_node2_50_node3_40_node4_0,0.45806944540189387
Test_U_3Layers_input_size_5_node1_50_node2_90_node3_80_node4_0,0.4580869951916631
Test_U_3Layers_input_size_10_node1_80_node2_60_node3_30_node4_0,0.45809647732841474
Test_U_3Layers_input_size_5_node1_40_node2_90_node3_40_node4_0,0.4581106595062637
Test_U_3Layers_input_size_10_node1_60_node2_80_node3_40_node4_0,0.4581537563203292
Test_U_3Layers_input_size_10_node1_90_node2_40_node3_60_node4_0,0.45816533484889227
Test_U_3Layers_input_size_15_node1_90_node2_40_node3_60_node4_0,0.45818777554584
Test_U_3Layers_input_size_10_node1_80_node2_80_node3_40_node4_0,0.4582032069525682
Test_U_2Layers_input_size_10_node1_30_node2_70_node3_0_node4_0,0.45820681675353003
Test_U_3Layers_input_size_10_node1_50_node2_60_node3_100_node4_0,0.4582151907318415
Test_U_3Layers_input_size_5_node1_100_node2_80_node3_50_node4_0,0.4582186215797322
Test_U_3Layers_input_size_5_node1_60_node2_70_node3_50_node4_0,0.4582283286263111
Test_U_3Layers_input_size_10_node1_40_node2_100_node3_90_node4_0,0.45823478361715025
Test_U_3Layers_input_size_5_node1_90_node2_80_node3_30_node4_0,0.45824535204563993
Test_U_3Layers_input_size_5_node1_70_node2_60_node3_80_node4_0,0.45826073273838536
Test_U_3Layers_input_size_15_node1_70_node2_100_node3_50_node4_0,0.4582628625822065
Test_U_2Layers_input_size_15_node1_40_node2_50_node3_0_node4_0,0.4582821933074618
Test_U_3Layers_input_size_5_node1_80_node2_40_node3_50_node4_0,0.4582833801126383
Test_U_3Layers_input_size_5_node1_40_node2_30_node3_80_node4_0,0.4582863227259144
Test_U_3Layers_input_size_15_node1_90_node2_70_node3_90_node4_0,0.45828770460960705
Test_U_2Layers_input_size_5_node1_100_node2_50_node3_0_node4_0,0.45828895643006107
Test_U_3Layers_input_size_5_node1_90_node2_70_node3_50_node4_0,0.45833068724070725
Test_U_3Layers_input_size_10_node1_70_node2_50_node3_30_node4_0,0.4583624501805441
Test_U_3Layers_input_size_5_node1_50_node2_90_node3_30_node4_0,0.4583673590976918
Test_U_3Layers_input_size_15_node1_90_node2_80_node3_100_node4_0,0.45838239436118905
Test_U_3Layers_input_size_5_node1_80_node2_40_node3_80_node4_0,0.4583838247173232
Test_U_2Layers_input_size_5_node1_100_node2_40_node3_0_node4_0,0.45841127693779316
Test_U_3Layers_input_size_10_node1_50_node2_30_node3_60_node4_0,0.4584315277885953
Test_U_2Layers_input_size_15_node1_100_node2_50_node3_0_node4_0,0.4584381749434856
Test_U_3Layers_input_size_5_node1_70_node2_50_node3_60_node4_0,0.4584452445501352
Test_U_3Layers_input_size_5_node1_30_node2_100_node3_100_node4_0,0.45847010919716435
Train_U_3Layers_input_size_15_node1_80_node2_60_node3_50_node4_0,0.45848008717962097
Test_U_3Layers_input_size_5_node1_40_node2_40_node3_90_node4_0,0.4585173483117627
Test_U_3Layers_input_size_15_node1_30_node2_80_node3_100_node4_0,0.4585188757423216
Test_U_2Layers_input_size_10_node1_40_node2_100_node3_0_node4_0,0.45852251555633555
Test_U_3Layers_input_size_5_node1_40_node2_80_node3_90_node4_0,0.45852373423760684
Test_U_3Layers_input_size_15_node1_50_node2_60_node3_100_node4_0,0.4585275852491347
Test_U_3Layers_input_size_10_node1_100_node2_40_node3_30_node4_0,0.45852800772100444
Test_U_3Layers_input_size_10_node1_90_node2_90_node3_90_node4_0,0.458546384870608
Test_U_3Layers_input_size_5_node1_70_node2_50_node3_80_node4_0,0.45855944828506545
Test_U_3Layers_input_size_15_node1_60_node2_40_node3_70_node4_0,0.4585661585759209
Test_U_3Layers_input_size_5_node1_80_node2_50_node3_50_node4_0,0.45856648352698054
Test_U_3Layers_input_size_10_node1_100_node2_70_node3_70_node4_0,0.4585809598630587
Test_U_3Layers_input_size_15_node1_30_node2_60_node3_70_node4_0,0.4585818859430803
Test_U_3Layers_input_size_5_node1_80_node2_100_node3_80_node4_0,0.45858219463600525
Test_U_3Layers_input_size_5_node1_90_node2_70_node3_100_node4_0,0.4586039975790629
Test_U_2Layers_input_size_10_node1_90_node2_100_node3_0_node4_0,0.45860867646602693
Test_U_3Layers_input_size_15_node1_70_node2_80_node3_60_node4_0,0.4586356116299522
Test_U_3Layers_input_size_10_node1_40_node2_90_node3_100_node4_0,0.4586418334604003
Test_U_3Layers_input_size_10_node1_90_node2_70_node3_50_node4_0,0.4586605796664188
Test_U_3Layers_input_size_5_node1_80_node2_50_node3_60_node4_0,0.4586712519908346
Test_U_3Layers_input_size_5_node1_70_node2_50_node3_50_node4_0,0.4586987357379347
Test_U_2Layers_input_size_5_node1_90_node2_70_node3_0_node4_0,0.45870271522204026
Test_U_3Layers_input_size_5_node1_100_node2_80_node3_40_node4_0,0.45871608278731046
Test_U_3Layers_input_size_15_node1_100_node2_60_node3_80_node4_0,0.4587207767731038
Test_U_3Layers_input_size_10_node1_50_node2_100_node3_100_node4_0,0.4587411601334875
Test_U_3Layers_input_size_10_node1_80_node2_30_node3_30_node4_0,0.45876807127863223
Test_U_3Layers_input_size_10_node1_80_node2_30_node3_40_node4_0,0.4588029218702058
Test_U_3Layers_input_size_15_node1_70_node2_50_node3_90_node4_0,0.4588050004798019
Test_U_3Layers_input_size_5_node1_40_node2_30_node3_50_node4_0,0.4588115935073085
Test_U_3Layers_input_size_10_node1_60_node2_100_node3_100_node4_0,0.458811674701638
Test_U_2Layers_input_size_10_node1_60_node2_70_node3_0_node4_0,0.45881532843159273
Test_U_2Layers_input_size_5_node1_60_node2_70_node3_0_node4_0,0.4588271013635265
Test_U_3Layers_input_size_5_node1_100_node2_70_node3_50_node4_0,0.45883885775548716
Test_U_3Layers_input_size_5_node1_80_node2_60_node3_50_node4_0,0.4588544621143696
Test_U_3Layers_input_size_15_node1_60_node2_80_node3_80_node4_0,0.45885663791413916
Test_U_3Layers_input_size_10_node1_50_node2_90_node3_70_node4_0,0.4588788986757445
Train_U_3Layers_input_size_15_node1_60_node2_60_node3_80_node4_0,0.45890211626268557
Test_U_3Layers_input_size_5_node1_60_node2_40_node3_90_node4_0,0.4589265989910061
Test_U_3Layers_input_size_5_node1_50_node2_50_node3_70_node4_0,0.4589413237165014
Test_U_3Layers_input_size_10_node1_90_node2_80_node3_60_node4_0,0.45896302843167086
Test_U_3Layers_input_size_15_node1_30_node2_50_node3_40_node4_0,0.45899841611771747
Test_U_3Layers_input_size_5_node1_30_node2_40_node3_90_node4_0,0.4590149077953201
Test_U_3Layers_input_size_10_node1_100_node2_50_node3_40_node4_0,0.459015589525145
Test_U_3Layers_input_size_5_node1_70_node2_80_node3_70_node4_0,0.45901756978222746
Test_U_3Layers_input_size_15_node1_40_node2_80_node3_70_node4_0,0.45902662691474466
Test_U_3Layers_input_size_10_node1_100_node2_90_node3_30_node4_0,0.459076194506984
Test_U_2Layers_input_size_15_node1_50_node2_30_node3_0_node4_0,0.45908838270541197
Test_U_3Layers_input_size_5_node1_80_node2_90_node3_90_node4_0,0.459119833578843
Test_U_3Layers_input_size_15_node1_90_node2_80_node3_30_node4_0,0.4591285803686675
Test_U_2Layers_input_size_5_node1_100_node2_90_node3_0_node4_0,0.45914165967299264
Test_U_3Layers_input_size_5_node1_80_node2_30_node3_40_node4_0,0.4591601745275742
Test_U_3Layers_input_size_10_node1_90_node2_70_node3_70_node4_0,0.4591718899394587
Test_U_3Layers_input_size_5_node1_70_node2_30_node3_40_node4_0,0.45918277754042064
Test_U_3Layers_input_size_10_node1_60_node2_50_node3_70_node4_0,0.4591856008105907
Test_U_3Layers_input_size_5_node1_50_node2_100_node3_50_node4_0,0.45920361091862977
Test_U_3Layers_input_size_5_node1_80_node2_80_node3_90_node4_0,0.4592174019652599
Test_U_3Layers_input_size_10_node1_90_node2_30_node3_90_node4_0,0.4592224153136822
Test_U_3Layers_input_size_15_node1_30_node2_90_node3_100_node4_0,0.45922716902069477
Test_U_3Layers_input_size_5_node1_30_node2_60_node3_50_node4_0,0.4592291645895202
Test_U_3Layers_input_size_10_node1_100_node2_60_node3_80_node4_0,0.4592394343309646
Test_U_3Layers_input_size_10_node1_70_node2_100_node3_90_node4_0,0.4592411702677277
Test_U_3Layers_input_size_10_node1_100_node2_40_node3_70_node4_0,0.45925664739516947
Test_U_3Layers_input_size_10_node1_100_node2_90_node3_80_node4_0,0.4592699663923074
Test_U_3Layers_input_size_5_node1_100_node2_30_node3_100_node4_0,0.4592795538844035
Test_U_3Layers_input_size_5_node1_90_node2_50_node3_50_node4_0,0.4592796674406402
Test_U_3Layers_input_size_5_node1_70_node2_70_node3_80_node4_0,0.4593368475504587
Test_U_2Layers_input_size_10_node1_40_node2_60_node3_0_node4_0,0.45934740684315456
Test_U_3Layers_input_size_5_node1_90_node2_40_node3_90_node4_0,0.4593582254058883
Test_U_2Layers_input_size_15_node1_70_node2_100_node3_0_node4_0,0.4593721577822413
Test_U_3Layers_input_size_5_node1_100_node2_60_node3_100_node4_0,0.45938928478114627
Test_U_3Layers_input_size_15_node1_100_node2_60_node3_60_node4_0,0.45941453620854433
Test_U_3Layers_input_size_15_node1_50_node2_80_node3_30_node4_0,0.45942413690090195
Test_U_3Layers_input_size_15_node1_90_node2_80_node3_40_node4_0,0.4594317264954363
Test_U_3Layers_input_size_5_node1_30_node2_100_node3_90_node4_0,0.45944486203585344
Test_U_3Layers_input_size_10_node1_50_node2_50_node3_40_node4_0,0.459461434984357
Test_U_3Layers_input_size_5_node1_30_node2_30_node3_100_node4_0,0.459493233263544
Test_U_3Layers_input_size_5_node1_80_node2_80_node3_60_node4_0,0.45949380078041036
Test_U_3Layers_input_size_5_node1_60_node2_90_node3_80_node4_0,0.4594951628180298
Test_U_3Layers_input_size_15_node1_90_node2_90_node3_70_node4_0,0.45950776147461897
Test_U_3Layers_input_size_10_node1_70_node2_90_node3_30_node4_0,0.45951288515378175
Test_U_2Layers_input_size_5_node1_70_node2_70_node3_0_node4_0,0.4595171980799306
Test_U_3Layers_input_size_5_node1_60_node2_60_node3_50_node4_0,0.45952021386138414
Test_U_3Layers_input_size_10_node1_40_node2_80_node3_100_node4_0,0.45952230544012357
Test_U_3Layers_input_size_15_node1_50_node2_50_node3_80_node4_0,0.45952976370541593
Test_U_3Layers_input_size_10_node1_100_node2_50_node3_60_node4_0,0.4595374164083257
Test_U_3Layers_input_size_5_node1_70_node2_30_node3_90_node4_0,0.45953949169562314
Test_U_2Layers_input_size_5_node1_100_node2_60_node3_0_node4_0,0.4595399294503405
Test_U_3Layers_input_size_5_node1_100_node2_70_node3_30_node4_0,0.45955969283077824
Test_U_3Layers_input_size_10_node1_90_node2_80_node3_90_node4_0,0.4595814980354681
Test_U_3Layers_input_size_10_node1_90_node2_30_node3_40_node4_0,0.4596068847993408
Test_U_3Layers_input_size_10_node1_40_node2_70_node3_40_node4_0,0.459618734718013
Test_U_3Layers_input_size_5_node1_40_node2_80_node3_40_node4_0,0.4596295144744092
Test_U_3Layers_input_size_10_node1_40_node2_40_node3_30_node4_0,0.4596588373746129
Test_U_3Layers_input_size_5_node1_80_node2_90_node3_80_node4_0,0.4596737007284576
Test_U_3Layers_input_size_5_node1_40_node2_70_node3_70_node4_0,0.45971470618114446
Test_U_2Layers_input_size_10_node1_70_node2_100_node3_0_node4_0,0.4597177692875071
Test_U_3Layers_input_size_5_node1_100_node2_100_node3_40_node4_0,0.4597258078187843
Test_U_2Layers_input_size_15_node1_50_node2_70_node3_0_node4_0,0.45973211213307497
Test_U_3Layers_input_size_5_node1_50_node2_40_node3_40_node4_0,0.4597326955613894
Test_U_3Layers_input_size_15_node1_30_node2_30_node3_30_node4_0,0.45974943639732113
Test_U_3Layers_input_size_5_node1_90_node2_60_node3_60_node4_0,0.45975285579609654
Test_U_2Layers_input_size_10_node1_70_node2_70_node3_0_node4_0,0.4597962848095511
Test_U_3Layers_input_size_5_node1_100_node2_40_node3_100_node4_0,0.4598144816430715
Test_U_3Layers_input_size_5_node1_100_node2_90_node3_80_node4_0,0.45982903211023834
Train_U_3Layers_input_size_15_node1_70_node2_100_node3_70_node4_0,0.4598322240776453
Test_U_3Layers_input_size_5_node1_100_node2_50_node3_40_node4_0,0.4598675610790106
Test_U_3Layers_input_size_5_node1_60_node2_70_node3_80_node4_0,0.4598757590048878
Test_U_3Layers_input_size_10_node1_30_node2_90_node3_100_node4_0,0.45990049770952046
Test_U_3Layers_input_size_5_node1_40_node2_60_node3_70_node4_0,0.45990801464233977
Test_U_3Layers_input_size_5_node1_30_node2_50_node3_60_node4_0,0.45992860457698864
Test_U_3Layers_input_size_15_node1_60_node2_40_node3_50_node4_0,0.4599341123497385
Test_U_3Layers_input_size_15_node1_60_node2_50_node3_30_node4_0,0.45994114276383236
Test_U_2Layers_input_size_10_node1_90_node2_90_node3_0_node4_0,0.4599456784578308
Test_U_3Layers_input_size_15_node1_90_node2_50_node3_40_node4_0,0.4599460996271469
Test_U_2Layers_input_size_10_node1_80_node2_60_node3_0_node4_0,0.45996169881899407
Test_U_3Layers_input_size_15_node1_70_node2_80_node3_100_node4_0,0.4599999737221254
Test_U_3Layers_input_size_10_node1_40_node2_70_node3_70_node4_0,0.46001082552735206
Test_U_3Layers_input_size_15_node1_90_node2_30_node3_100_node4_0,0.4600164132973603
Test_U_3Layers_input_size_5_node1_40_node2_90_node3_70_node4_0,0.46004017270933983
Test_U_2Layers_input_size_15_node1_90_node2_60_node3_0_node4_0,0.4600633154966664
Test_U_3Layers_input_size_5_node1_50_node2_40_node3_90_node4_0,0.4600706354361739
Test_U_3Layers_input_size_10_node1_90_node2_90_node3_50_node4_0,0.4600720281548396
Test_U_3Layers_input_size_5_node1_90_node2_100_node3_70_node4_0,0.4600975659810756
Test_U_3Layers_input_size_15_node1_60_node2_80_node3_40_node4_0,0.46009772791584413
Test_U_3Layers_input_size_15_node1_70_node2_30_node3_70_node4_0,0.46013338456394465
Test_U_3Layers_input_size_5_node1_100_node2_30_node3_70_node4_0,0.4601826062774432
Test_U_3Layers_input_size_15_node1_90_node2_90_node3_100_node4_0,0.46018900147545017
Test_U_3Layers_input_size_10_node1_40_node2_50_node3_60_node4_0,0.46019157571994046
Test_U_3Layers_input_size_10_node1_80_node2_40_node3_80_node4_0,0.46021101970530376
Test_U_3Layers_input_size_15_node1_30_node2_50_node3_70_node4_0,0.46022560620247016
Test_U_3Layers_input_size_15_node1_40_node2_100_node3_70_node4_0,0.460229507728784
Test_U_3Layers_input_size_10_node1_40_node2_100_node3_30_node4_0,0.460238443880189
Test_U_3Layers_input_size_10_node1_40_node2_90_node3_70_node4_0,0.4602518477819795
Test_U_3Layers_input_size_10_node1_90_node2_30_node3_50_node4_0,0.46027033416548774
Test_U_3Layers_input_size_15_node1_90_node2_70_node3_80_node4_0,0.46027695476499586
Test_U_3Layers_input_size_5_node1_70_node2_80_node3_40_node4_0,0.46027701951366506
Test_U_3Layers_input_size_15_node1_100_node2_60_node3_40_node4_0,0.4602889654872729
Test_U_3Layers_input_size_15_node1_90_node2_90_node3_40_node4_0,0.46029081077262446
Test_U_2Layers_input_size_15_node1_80_node2_70_node3_0_node4_0,0.4602978842979421
Test_U_3Layers_input_size_15_node1_40_node2_60_node3_100_node4_0,0.4603072399608024
Test_U_3Layers_input_size_15_node1_70_node2_90_node3_60_node4_0,0.46030914991704497
Test_U_3Layers_input_size_10_node1_70_node2_80_node3_70_node4_0,0.460322260419719
Test_U_3Layers_input_size_5_node1_40_node2_60_node3_80_node4_0,0.4603288317163768
Test_U_3Layers_input_size_10_node1_100_node2_40_node3_90_node4_0,0.46033491736557763
Test_U_3Layers_input_size_15_node1_70_node2_50_node3_40_node4_0,0.46034077634544324
Test_U_3Layers_input_size_5_node1_50_node2_30_node3_70_node4_0,0.46034532428669334
Test_U_3Layers_input_size_5_node1_90_node2_40_node3_50_node4_0,0.4603562974261461
Test_U_3Layers_input_size_5_node1_60_node2_80_node3_60_node4_0,0.4603570257226059
Test_U_3Layers_input_size_10_node1_30_node2_80_node3_50_node4_0,0.460376414169182
Test_U_3Layers_input_size_15_node1_100_node2_50_node3_60_node4_0,0.46038028205039316
Test_U_3Layers_input_size_15_node1_50_node2_90_node3_30_node4_0,0.4603851694521448
Test_U_2Layers_input_size_5_node1_80_node2_60_node3_0_node4_0,0.46039308304893534
Test_U_3Layers_input_size_5_node1_100_node2_50_node3_30_node4_0,0.4603938760194388
Test_U_3Layers_input_size_15_node1_70_node2_100_node3_40_node4_0,0.4603939407516645
Test_U_3Layers_input_size_15_node1_50_node2_50_node3_100_node4_0,0.4604434420566104
Test_U_3Layers_input_size_15_node1_70_node2_100_node3_90_node4_0,0.46044400840230393
Test_U_3Layers_input_size_15_node1_50_node2_40_node3_90_node4_0,0.4604644611056644
Test_U_3Layers_input_size_15_node1_60_node2_100_node3_60_node4_0,0.4604653024948916
Test_U_3Layers_input_size_15_node1_80_node2_60_node3_60_node4_0,0.46046562610572345
Test_U_2Layers_input_size_15_node1_100_node2_60_node3_0_node4_0,0.46048410390698535
Test_U_3Layers_input_size_5_node1_40_node2_100_node3_40_node4_0,0.4604880517824003
Test_U_3Layers_input_size_5_node1_80_node2_90_node3_70_node4_0,0.4605033899279813
Test_U_2Layers_input_size_5_node1_30_node2_90_node3_0_node4_0,0.46051685083314337
Test_U_3Layers_input_size_10_node1_60_node2_50_node3_40_node4_0,0.4605454701280076
Test_U_3Layers_input_size_5_node1_80_node2_70_node3_40_node4_0,0.4605699463841663
Test_U_3Layers_input_size_15_node1_40_node2_80_node3_30_node4_0,0.4605790053428211
Test_U_3Layers_input_size_15_node1_100_node2_90_node3_40_node4_0,0.4605860744421439
Test_U_3Layers_input_size_5_node1_70_node2_80_node3_100_node4_0,0.4606211109851241
Test_U_3Layers_input_size_15_node1_70_node2_80_node3_30_node4_0,0.4606242974636978
Test_U_2Layers_input_size_5_node1_60_node2_60_node3_0_node4_0,0.4606340832118781
Test_U_3Layers_input_size_15_node1_80_node2_70_node3_70_node4_0,0.460635005164214
Test_U_3Layers_input_size_10_node1_30_node2_50_node3_100_node4_0,0.46063502133879997
Test_U_3Layers_input_size_15_node1_90_node2_60_node3_100_node4_0,0.46066934253089825
Test_U_3Layers_input_size_5_node1_50_node2_50_node3_80_node4_0,0.460685596491631
Test_U_3Layers_input_size_5_node1_30_node2_90_node3_60_node4_0,0.4606861787124211
Test_U_3Layers_input_size_15_node1_80_node2_100_node3_70_node4_0,0.4607019145678629
Test_U_3Layers_input_size_10_node1_40_node2_30_node3_40_node4_0,0.4607167280988916
Test_U_3Layers_input_size_5_node1_70_node2_50_node3_40_node4_0,0.4607631709295967
Test_U_3Layers_input_size_15_node1_70_node2_60_node3_70_node4_0,0.4607750072813093
Test_U_3Layers_input_size_5_node1_60_node2_50_node3_100_node4_0,0.4607914677130925
Test_U_3Layers_input_size_5_node1_90_node2_70_node3_90_node4_0,0.460805502273033
Test_U_3Layers_input_size_15_node1_30_node2_50_node3_100_node4_0,0.4608537791886132
Test_U_3Layers_input_size_15_node1_100_node2_50_node3_70_node4_0,0.4608757494927342
Test_U_2Layers_input_size_10_node1_100_node2_60_node3_0_node4_0,0.4608842528024552
Test_U_3Layers_input_size_5_node1_70_node2_90_node3_30_node4_0,0.46088974915491815
Test_U_3Layers_input_size_15_node1_60_node2_30_node3_90_node4_0,0.4608995615976739
Test_U_3Layers_input_size_5_node1_60_node2_30_node3_90_node4_0,0.4609084362630212
Test_U_3Layers_input_size_5_node1_50_node2_30_node3_30_node4_0,0.46091404548067066
Test_U_2Layers_input_size_5_node1_90_node2_60_node3_0_node4_0,0.4609206891631232
Test_U_3Layers_input_size_10_node1_80_node2_70_node3_60_node4_0,0.46093819505024897
Test_U_3Layers_input_size_15_node1_40_node2_60_node3_70_node4_0,0.4609519826909086
Test_U_3Layers_input_size_5_node1_40_node2_40_node3_30_node4_0,0.4609848580035444
Test_U_3Layers_input_size_10_node1_30_node2_50_node3_30_node4_0,0.46100733922983117
Test_U_3Layers_input_size_10_node1_100_node2_40_node3_50_node4_0,0.46101584011241586
Test_U_3Layers_input_size_15_node1_90_node2_60_node3_40_node4_0,0.46103287372860396
Test_U_3Layers_input_size_5_node1_70_node2_70_node3_70_node4_0,0.46105249231312506
Test_U_3Layers_input_size_15_node1_90_node2_100_node3_60_node4_0,0.4610582936950737
Test_U_3Layers_input_size_15_node1_60_node2_50_node3_90_node4_0,0.46106705218913646
Test_U_3Layers_input_size_10_node1_70_node2_30_node3_60_node4_0,0.46108513423635317
Test_U_2Layers_input_size_10_node1_70_node2_30_node3_0_node4_0,0.4610873156686453
Test_U_3Layers_input_size_5_node1_90_node2_90_node3_80_node4_0,0.4610940861224065
Test_U_3Layers_input_size_10_node1_70_node2_70_node3_30_node4_0,0.4611000162472512
Test_U_3Layers_input_size_10_node1_60_node2_100_node3_70_node4_0,0.4611054292374091
Test_U_2Layers_input_size_15_node1_70_node2_70_node3_0_node4_0,0.4611121509516659
Test_U_3Layers_input_size_15_node1_50_node2_80_node3_60_node4_0,0.46113011812992594
Test_U_3Layers_input_size_15_node1_40_node2_70_node3_60_node4_0,0.46113359191906217
Test_U_3Layers_input_size_15_node1_100_node2_40_node3_90_node4_0,0.461153755536422
Test_U_3Layers_input_size_15_node1_50_node2_90_node3_60_node4_0,0.4611642893833438
Test_U_3Layers_input_size_10_node1_50_node2_40_node3_30_node4_0,0.46117084868179725
Test_U_3Layers_input_size_5_node1_60_node2_40_node3_70_node4_0,0.4611791526844452
Test_U_3Layers_input_size_5_node1_70_node2_90_node3_100_node4_0,0.46119361163183004
Test_U_2Layers_input_size_15_node1_60_node2_100_node3_0_node4_0,0.4612047907530422
Test_U_3Layers_input_size_5_node1_90_node2_50_node3_60_node4_0,0.46120689084673555
Test_U_3Layers_input_size_10_node1_80_node2_80_node3_30_node4_0,0.4612123510455852
Test_U_3Layers_input_size_5_node1_70_node2_60_node3_60_node4_0,0.4612202666036925
Test_U_3Layers_input_size_15_node1_100_node2_70_node3_90_node4_0,0.46122575895193346
Test_U_2Layers_input_size_5_node1_30_node2_100_node3_0_node4_0,0.46123015278343604
Test_U_3Layers_input_size_10_node1_50_node2_50_node3_100_node4_0,0.46123142892518293
Test_U_3Layers_input_size_15_node1_70_node2_90_node3_30_node4_0,0.4612391664685231
Test_U_3Layers_input_size_5_node1_50_node2_100_node3_60_node4_0,0.4612431240344624
Test_U_3Layers_input_size_10_node1_80_node2_50_node3_40_node4_0,0.4612502798736054
Test_U_3Layers_input_size_5_node1_100_node2_60_node3_40_node4_0,0.4612508936875946
Test_U_2Layers_input_size_5_node1_50_node2_50_node3_0_node4_0,0.4612526866658851
Test_U_3Layers_input_size_5_node1_90_node2_100_node3_30_node4_0,0.461266093399773
Test_U_3Layers_input_size_15_node1_70_node2_70_node3_50_node4_0,0.4613168900790895
Test_U_2Layers_input_size_10_node1_40_node2_40_node3_0_node4_0,0.46132126689209363
Test_U_3Layers_input_size_15_node1_100_node2_100_node3_80_node4_0,0.46134222979709527
Test_U_3Layers_input_size_10_node1_80_node2_80_node3_80_node4_0,0.46134516904969664
Test_U_3Layers_input_size_15_node1_50_node2_100_node3_70_node4_0,0.4613513543387842
Test_U_3Layers_input_size_10_node1_60_node2_70_node3_30_node4_0,0.4613614960954806
Test_U_3Layers_input_size_10_node1_60_node2_80_node3_60_node4_0,0.46137475432971004
Test_U_3Layers_input_size_5_node1_30_node2_70_node3_40_node4_0,0.4613914840304241
Test_U_3Layers_input_size_15_node1_60_node2_60_node3_40_node4_0,0.46140998934410304
Test_U_3Layers_input_size_5_node1_50_node2_80_node3_50_node4_0,0.461412556776639
Test_U_3Layers_input_size_10_node1_30_node2_80_node3_60_node4_0,0.4614359698104236
Test_U_2Layers_input_size_10_node1_90_node2_60_node3_0_node4_0,0.46144095905510496
Test_U_3Layers_input_size_5_node1_90_node2_80_node3_40_node4_0,0.4614505983167947
Test_U_3Layers_input_size_5_node1_80_node2_100_node3_90_node4_0,0.46146253005531235
Test_U_3Layers_input_size_10_node1_30_node2_50_node3_80_node4_0,0.46146658257831596
Test_U_3Layers_input_size_15_node1_50_node2_40_node3_70_node4_0,0.46148598898803495
Test_U_3Layers_input_size_5_node1_40_node2_90_node3_100_node4_0,0.46151335354514744
Test_U_2Layers_input_size_15_node1_50_node2_50_node3_0_node4_0,0.4615232011598296
Test_U_2Layers_input_size_10_node1_100_node2_30_node3_0_node4_0,0.46155816656621124
Test_U_3Layers_input_size_10_node1_80_node2_40_node3_60_node4_0,0.4615668671491119
Test_U_3Layers_input_size_15_node1_30_node2_70_node3_80_node4_0,0.4615732593095907
Test_U_3Layers_input_size_15_node1_80_node2_70_node3_60_node4_0,0.4615779242395196
Test_U_2Layers_input_size_15_node1_80_node2_60_node3_0_node4_0,0.46159687402375815
Test_U_3Layers_input_size_15_node1_100_node2_90_node3_80_node4_0,0.46159855267241623
Test_U_3Layers_input_size_15_node1_80_node2_50_node3_60_node4_0,0.4616158230300894
Test_U_3Layers_input_size_5_node1_50_node2_100_node3_80_node4_0,0.46161658161977126
Test_U_3Layers_input_size_5_node1_50_node2_40_node3_60_node4_0,0.4616178566932363
Test_U_3Layers_input_size_5_node1_30_node2_100_node3_50_node4_0,0.46162121383184457
Test_U_3Layers_input_size_5_node1_90_node2_90_node3_90_node4_0,0.4616253779410027
Test_U_3Layers_input_size_15_node1_80_node2_50_node3_40_node4_0,0.46162603967582083
Test_U_3Layers_input_size_15_node1_80_node2_80_node3_50_node4_0,0.46164807006182984
Test_U_3Layers_input_size_15_node1_30_node2_90_node3_30_node4_0,0.46166924406472915
Test_U_2Layers_input_size_15_node1_100_node2_100_node3_0_node4_0,0.46169533904182847
Test_U_3Layers_input_size_10_node1_40_node2_100_node3_100_node4_0,0.4617017455608576
Test_U_3Layers_input_size_10_node1_80_node2_40_node3_50_node4_0,0.4617068933039269
Test_U_3Layers_input_size_5_node1_70_node2_30_node3_70_node4_0,0.46171825363726327
Test_U_3Layers_input_size_5_node1_60_node2_30_node3_30_node4_0,0.4617213357249502
Test_U_3Layers_input_size_10_node1_80_node2_100_node3_60_node4_0,0.461736019734565
Test_U_3Layers_input_size_10_node1_40_node2_30_node3_80_node4_0,0.4617490413172528
Test_U_3Layers_input_size_5_node1_40_node2_40_node3_100_node4_0,0.4617615946143755
Test_U_2Layers_input_size_5_node1_30_node2_60_node3_0_node4_0,0.46179825216109605
Test_U_3Layers_input_size_5_node1_70_node2_70_node3_50_node4_0,0.4618164991772744
Test_U_3Layers_input_size_5_node1_40_node2_50_node3_80_node4_0,0.46182648552365696
Test_U_3Layers_input_size_5_node1_80_node2_50_node3_70_node4_0,0.4618874314355424
Test_U_3Layers_input_size_15_node1_70_node2_100_node3_100_node4_0,0.46191419153836727
Test_U_3Layers_input_size_10_node1_80_node2_30_node3_70_node4_0,0.4619321436498571
Test_U_2Layers_input_size_5_node1_80_node2_40_node3_0_node4_0,0.46193906301059273
Test_U_3Layers_input_size_10_node1_60_node2_60_node3_70_node4_0,0.46194238555723627
Test_U_3Layers_input_size_15_node1_50_node2_60_node3_40_node4_0,0.46195159501548644
Test_U_2Layers_input_size_15_node1_30_node2_80_node3_0_node4_0,0.46196494921024095
Test_U_3Layers_input_size_5_node1_90_node2_100_node3_50_node4_0,0.4619917048229774
Test_U_3Layers_input_size_5_node1_90_node2_30_node3_60_node4_0,0.4620049610986255
Test_U_3Layers_input_size_10_node1_70_node2_60_node3_50_node4_0,0.4620115245882383
Train_U_3Layers_input_size_15_node1_40_node2_80_node3_80_node4_0,0.46201391128861585
Test_U_3Layers_input_size_5_node1_40_node2_90_node3_30_node4_0,0.4620161044618763
Test_U_3Layers_input_size_15_node1_50_node2_30_node3_80_node4_0,0.4620212970805911
Test_U_3Layers_input_size_15_node1_100_node2_30_node3_100_node4_0,0.4620220711305566
Test_U_3Layers_input_size_15_node1_40_node2_30_node3_80_node4_0,0.46202566722068084
Test_U_3Layers_input_size_5_node1_80_node2_50_node3_30_node4_0,0.4620404221853405
Test_U_3Layers_input_size_10_node1_30_node2_100_node3_60_node4_0,0.462046517541404
Test_U_3Layers_input_size_5_node1_90_node2_40_node3_80_node4_0,0.46205835326769634
Test_U_3Layers_input_size_5_node1_50_node2_60_node3_60_node4_0,0.4621034036542372
Test_U_3Layers_input_size_5_node1_50_node2_80_node3_90_node4_0,0.46213403669833625
Test_U_2Layers_input_size_10_node1_50_node2_60_node3_0_node4_0,0.4621341495531655
Test_U_3Layers_input_size_10_node1_80_node2_100_node3_90_node4_0,0.4621364066439634
Test_U_2Layers_input_size_15_node1_60_node2_70_node3_0_node4_0,0.4621415011798139
Test_U_3Layers_input_size_15_node1_40_node2_40_node3_100_node4_0,0.46219318497303635
Test_U_3Layers_input_size_5_node1_80_node2_30_node3_90_node4_0,0.4622117065476935
Test_U_3Layers_input_size_10_node1_90_node2_80_node3_30_node4_0,0.4622359656250559
Test_U_2Layers_input_size_10_node1_50_node2_70_node3_0_node4_0,0.4622384478774475
Test_U_3Layers_input_size_5_node1_80_node2_70_node3_50_node4_0,0.4622469100013309
Test_U_3Layers_input_size_15_node1_70_node2_100_node3_30_node4_0,0.4622631729625702
Test_U_3Layers_input_size_15_node1_80_node2_30_node3_30_node4_0,0.46227198921478696
Test_U_3Layers_input_size_5_node1_80_node2_30_node3_50_node4_0,0.46227255332026573
Test_U_2Layers_input_size_15_node1_90_node2_30_node3_0_node4_0,0.4622847861811851
Test_U_3Layers_input_size_5_node1_30_node2_100_node3_80_node4_0,0.4622884608113599
Test_U_3Layers_input_size_5_node1_100_node2_90_node3_70_node4_0,0.4623535839503362
Test_U_3Layers_input_size_15_node1_80_node2_30_node3_60_node4_0,0.46235517927960834
Test_U_3Layers_input_size_5_node1_60_node2_90_node3_70_node4_0,0.4623724374898631
Test_U_3Layers_input_size_10_node1_90_node2_30_node3_30_node4_0,0.4623733076346664
Test_U_3Layers_input_size_5_node1_70_node2_40_node3_80_node4_0,0.4623864079501823
Test_U_3Layers_input_size_15_node1_40_node2_30_node3_60_node4_0,0.4624115762725423
Test_U_3Layers_input_size_5_node1_100_node2_90_node3_50_node4_0,0.46243878938959443
Test_U_3Layers_input_size_10_node1_70_node2_30_node3_90_node4_0,0.4624584449967047
Test_U_3Layers_input_size_10_node1_90_node2_80_node3_100_node4_0,0.46250344030286367
Test_U_3Layers_input_size_15_node1_80_node2_60_node3_70_node4_0,0.4625103994437534
Test_U_3Layers_input_size_5_node1_90_node2_50_node3_90_node4_0,0.4625337730139417
Test_U_3Layers_input_size_10_node1_80_node2_70_node3_40_node4_0,0.4625425196768842
Test_U_3Layers_input_size_10_node1_100_node2_30_node3_40_node4_0,0.46257302700043157
Test_U_3Layers_input_size_5_node1_80_node2_40_node3_40_node4_0,0.46259552768107237
Test_U_3Layers_input_size_5_node1_70_node2_90_node3_70_node4_0,0.46259878108906743
Test_U_3Layers_input_size_5_node1_40_node2_70_node3_90_node4_0,0.4626136949338578
Test_U_2Layers_input_size_5_node1_50_node2_70_node3_0_node4_0,0.46262136104279133
Test_U_3Layers_input_size_10_node1_60_node2_80_node3_100_node4_0,0.462633858460631
Test_U_3Layers_input_size_5_node1_30_node2_70_node3_50_node4_0,0.46265049431907496
Test_U_3Layers_input_size_5_node1_50_node2_70_node3_30_node4_0,0.46266780592771717
Test_U_3Layers_input_size_15_node1_100_node2_40_node3_80_node4_0,0.4626706562421039
Test_U_3Layers_input_size_5_node1_30_node2_30_node3_50_node4_0,0.46267395743173595
Test_U_3Layers_input_size_5_node1_50_node2_70_node3_40_node4_0,0.4626928784301165
Test_U_3Layers_input_size_5_node1_60_node2_60_node3_40_node4_0,0.4626930072512834
Test_U_3Layers_input_size_5_node1_60_node2_70_node3_30_node4_0,0.46269547094919655
Test_U_3Layers_input_size_15_node1_60_node2_60_node3_30_node4_0,0.4627027331458041
Test_U_2Layers_input_size_15_node1_80_node2_80_node3_0_node4_0,0.4627139724182862
Test_U_3Layers_input_size_10_node1_40_node2_80_node3_70_node4_0,0.4627261453051611
Test_U_3Layers_input_size_5_node1_30_node2_90_node3_40_node4_0,0.46273031557238853
Test_U_3Layers_input_size_15_node1_80_node2_60_node3_30_node4_0,0.4627489122525316
Test_U_3Layers_input_size_15_node1_100_node2_30_node3_60_node4_0,0.4627533399233651
Test_U_3Layers_input_size_15_node1_40_node2_90_node3_50_node4_0,0.46276082661584983
Test_U_3Layers_input_size_5_node1_80_node2_60_node3_80_node4_0,0.46279009600599175
Test_U_1Layers_input_size_10_node1_50_node2_0_node3_0_node4_0,0.46279862853801523
Test_U_2Layers_input_size_15_node1_40_node2_90_node3_0_node4_0,0.4628138579117496
Test_U_3Layers_input_size_5_node1_90_node2_70_node3_30_node4_0,0.46281785030736794
Train_U_3Layers_input_size_10_node1_30_node2_80_node3_100_node4_0,0.4628216172942364
Test_U_3Layers_input_size_10_node1_70_node2_40_node3_60_node4_0,0.4628434297991819
Test_U_3Layers_input_size_15_node1_60_node2_70_node3_50_node4_0,0.4628472770642554
Test_U_3Layers_input_size_10_node1_90_node2_40_node3_50_node4_0,0.4628474702315331
Test_U_3Layers_input_size_15_node1_60_node2_90_node3_100_node4_0,0.4628520418335745
Test_U_3Layers_input_size_5_node1_50_node2_60_node3_50_node4_0,0.4628527340088209
Test_U_3Layers_input_size_5_node1_40_node2_60_node3_30_node4_0,0.4628637120917717
Test_U_3Layers_input_size_5_node1_80_node2_80_node3_80_node4_0,0.46288652056069446
Test_U_3Layers_input_size_5_node1_90_node2_90_node3_30_node4_0,0.4628923150526653
Test_U_3Layers_input_size_10_node1_40_node2_60_node3_100_node4_0,0.462914832403679
Test_U_3Layers_input_size_5_node1_30_node2_70_node3_80_node4_0,0.46292703219785203
Test_U_3Layers_input_size_5_node1_50_node2_100_node3_40_node4_0,0.462931442070722
Test_U_2Layers_input_size_15_node1_80_node2_30_node3_0_node4_0,0.46293594846675334
Test_U_3Layers_input_size_10_node1_30_node2_100_node3_30_node4_0,0.4629462164481466
Test_U_3Layers_input_size_10_node1_70_node2_60_node3_60_node4_0,0.4629486144235363
Test_U_3Layers_input_size_15_node1_80_node2_30_node3_100_node4_0,0.46294863051728885
Test_U_3Layers_input_size_5_node1_50_node2_60_node3_40_node4_0,0.4629565163887622
Test_U_3Layers_input_size_5_node1_70_node2_60_node3_30_node4_0,0.46295970288647653
Test_U_3Layers_input_size_10_node1_60_node2_40_node3_70_node4_0,0.4629603949007582
Test_U_3Layers_input_size_5_node1_40_node2_80_node3_80_node4_0,0.46296169845973506
Test_U_2Layers_input_size_15_node1_80_node2_50_node3_0_node4_0,0.46297458901200933
Test_U_3Layers_input_size_15_node1_90_node2_40_node3_30_node4_0,0.46299903340578624
Test_U_3Layers_input_size_15_node1_60_node2_80_node3_50_node4_0,0.4630061781988038
Test_U_3Layers_input_size_5_node1_40_node2_50_node3_50_node4_0,0.4630136608030238
Test_U_3Layers_input_size_15_node1_60_node2_60_node3_70_node4_0,0.4630519247897978
Test_U_3Layers_input_size_10_node1_50_node2_90_node3_100_node4_0,0.4630906200131976
Test_U_3Layers_input_size_15_node1_100_node2_100_node3_30_node4_0,0.46309552707661933
Test_U_3Layers_input_size_10_node1_30_node2_40_node3_80_node4_0,0.46312342395076717
Test_U_2Layers_input_size_5_node1_50_node2_60_node3_0_node4_0,0.4631415222350778
Test_U_3Layers_input_size_10_node1_100_node2_100_node3_30_node4_0,0.46316227406403165
Test_U_3Layers_input_size_15_node1_50_node2_80_node3_40_node4_0,0.46316875680914216
Train_U_3Layers_input_size_15_node1_30_node2_90_node3_70_node4_0,0.46317562552443975
Test_U_3Layers_input_size_5_node1_50_node2_90_node3_70_node4_0,0.46317607592844157
Test_U_3Layers_input_size_10_node1_40_node2_30_node3_90_node4_0,0.46317942177302934
Test_U_3Layers_input_size_10_node1_50_node2_60_node3_80_node4_0,0.46318188288366857
Test_U_3Layers_input_size_5_node1_60_node2_100_node3_100_node4_0,0.463181898969316
Test_U_3Layers_input_size_10_node1_100_node2_50_node3_100_node4_0,0.4632065254404448
Test_U_3Layers_input_size_15_node1_80_node2_30_node3_70_node4_0,0.4632081660863194
Test_U_3Layers_input_size_5_node1_40_node2_40_node3_50_node4_0,0.4632187979741327
Test_U_3Layers_input_size_10_node1_90_node2_60_node3_40_node4_0,0.4632195378543691
Test_U_3Layers_input_size_5_node1_70_node2_70_node3_100_node4_0,0.46322983171766835
Test_U_3Layers_input_size_5_node1_60_node2_60_node3_70_node4_0,0.4632622398091441
Test_U_2Layers_input_size_15_node1_90_node2_90_node3_0_node4_0,0.4632704098287213
Test_U_2Layers_input_size_5_node1_100_node2_30_node3_0_node4_0,0.4632903035454856
Test_U_3Layers_input_size_10_node1_60_node2_60_node3_30_node4_0,0.46329245851283635
Test_U_3Layers_input_size_5_node1_30_node2_60_node3_90_node4_0,0.46329869821251535
Test_U_3Layers_input_size_15_node1_40_node2_30_node3_30_node4_0,0.46332556977331424
Test_U_3Layers_input_size_15_node1_90_node2_60_node3_50_node4_0,0.46332936479334874
Test_U_3Layers_input_size_5_node1_40_node2_40_node3_40_node4_0,0.4633316803835239
Test_U_3Layers_input_size_15_node1_60_node2_50_node3_70_node4_0,0.46333267737017425
Test_U_3Layers_input_size_10_node1_70_node2_100_node3_80_node4_0,0.4633511051564916
Test_U_3Layers_input_size_5_node1_40_node2_60_node3_50_node4_0,0.4633789705652287
Test_U_3Layers_input_size_5_node1_60_node2_30_node3_50_node4_0,0.46337924390485097
Test_U_3Layers_input_size_15_node1_100_node2_30_node3_70_node4_0,0.46338503223546307
Test_U_3Layers_input_size_5_node1_100_node2_70_node3_100_node4_0,0.46339829688707973
Test_U_3Layers_input_size_15_node1_70_node2_40_node3_70_node4_0,0.46342304047697436
Test_U_3Layers_input_size_5_node1_90_node2_70_node3_70_node4_0,0.46342961603662286
Test_U_3Layers_input_size_5_node1_60_node2_100_node3_80_node4_0,0.463449486843051
Test_U_3Layers_input_size_10_node1_50_node2_50_node3_90_node4_0,0.4634740026429831
Test_U_3Layers_input_size_5_node1_90_node2_80_node3_50_node4_0,0.46348766662439106
Test_U_3Layers_input_size_5_node1_100_node2_90_node3_100_node4_0,0.46352434840336815
Test_U_3Layers_input_size_15_node1_90_node2_90_node3_60_node4_0,0.46355051575118605
Test_U_3Layers_input_size_10_node1_80_node2_80_node3_70_node4_0,0.46356179875864306
Test_U_3Layers_input_size_15_node1_60_node2_50_node3_80_node4_0,0.4635682759166225
Test_U_3Layers_input_size_15_node1_50_node2_80_node3_70_node4_0,0.4635802656526272
Test_U_2Layers_input_size_5_node1_30_node2_80_node3_0_node4_0,0.463596722908632
Test_U_3Layers_input_size_15_node1_70_node2_60_node3_90_node4_0,0.46360999757422083
Test_U_3Layers_input_size_15_node1_60_node2_60_node3_90_node4_0,0.46362394681323926
Test_U_3Layers_input_size_5_node1_80_node2_100_node3_50_node4_0,0.4636413506324239
Test_U_3Layers_input_size_5_node1_30_node2_40_node3_70_node4_0,0.4636815552958358
Test_U_3Layers_input_size_15_node1_70_node2_30_node3_30_node4_0,0.4637071996150487
Test_U_3Layers_input_size_10_node1_30_node2_70_node3_100_node4_0,0.4637119234139032
Test_U_3Layers_input_size_15_node1_60_node2_80_node3_60_node4_0,0.463782694299044
Test_U_1Layers_input_size_15_node1_40_node2_0_node3_0_node4_0,0.46379448571926424
Test_U_2Layers_input_size_10_node1_50_node2_100_node3_0_node4_0,0.4638385964667398
Test_U_3Layers_input_size_5_node1_30_node2_50_node3_70_node4_0,0.4638971098233576
Test_U_3Layers_input_size_15_node1_100_node2_40_node3_30_node4_0,0.4639365054087389
Test_U_3Layers_input_size_15_node1_40_node2_40_node3_80_node4_0,0.4639487104555633
Test_U_3Layers_input_size_15_node1_80_node2_50_node3_70_node4_0,0.4639585706141801
Test_U_3Layers_input_size_5_node1_90_node2_100_node3_60_node4_0,0.46396163781948735
Test_U_3Layers_input_size_15_node1_100_node2_50_node3_100_node4_0,0.46397376191422995
Test_U_3Layers_input_size_10_node1_100_node2_80_node3_40_node4_0,0.46398609444318417
Test_U_3Layers_input_size_15_node1_100_node2_100_node3_60_node4_0,0.46398755569768035
Test_U_3Layers_input_size_5_node1_60_node2_40_node3_50_node4_0,0.46399935796915226
Test_U_3Layers_input_size_15_node1_100_node2_90_node3_60_node4_0,0.46399982363085024
Test_U_3Layers_input_size_5_node1_40_node2_70_node3_100_node4_0,0.46400555604863863
Test_U_3Layers_input_size_15_node1_30_node2_100_node3_80_node4_0,0.464024246129053
Test_U_3Layers_input_size_10_node1_100_node2_40_node3_40_node4_0,0.46403195315948775
Test_U_3Layers_input_size_10_node1_50_node2_50_node3_60_node4_0,0.4640382471393894
Test_U_3Layers_input_size_5_node1_80_node2_50_node3_40_node4_0,0.46408445389833186
Test_U_3Layers_input_size_10_node1_40_node2_100_node3_80_node4_0,0.4641516365474856
Test_U_3Layers_input_size_10_node1_40_node2_50_node3_40_node4_0,0.4641621184111956
Test_U_3Layers_input_size_15_node1_40_node2_100_node3_40_node4_0,0.46419258349516385
Test_U_3Layers_input_size_10_node1_70_node2_40_node3_40_node4_0,0.4642041719010037
Test_U_3Layers_input_size_5_node1_70_node2_30_node3_30_node4_0,0.4642151822235843
Test_U_3Layers_input_size_5_node1_60_node2_40_node3_40_node4_0,0.4642236243640166
Test_U_3Layers_input_size_5_node1_50_node2_30_node3_40_node4_0,0.4642239453549197
Test_U_2Layers_input_size_5_node1_80_node2_70_node3_0_node4_0,0.46422850340179084
Test_U_3Layers_input_size_5_node1_70_node2_70_node3_30_node4_0,0.4642369132017962
Test_U_3Layers_input_size_15_node1_70_node2_40_node3_90_node4_0,0.4642429476208992
Test_U_3Layers_input_size_5_node1_100_node2_30_node3_40_node4_0,0.46425609146973906
Test_U_3Layers_input_size_15_node1_40_node2_30_node3_100_node4_0,0.46426775853051294
Test_U_3Layers_input_size_15_node1_90_node2_30_node3_70_node4_0,0.46430112117576094
Test_U_3Layers_input_size_5_node1_80_node2_30_node3_80_node4_0,0.46432796681628596
Test_U_3Layers_input_size_10_node1_40_node2_60_node3_30_node4_0,0.4643520832439759
Test_U_3Layers_input_size_10_node1_40_node2_60_node3_40_node4_0,0.46437836439164115
Test_U_2Layers_input_size_15_node1_90_node2_70_node3_0_node4_0,0.46439419974968915
Test_U_3Layers_input_size_10_node1_30_node2_80_node3_40_node4_0,0.464402012944233
Test_U_3Layers_input_size_10_node1_50_node2_40_node3_40_node4_0,0.46440745162012664
Test_U_3Layers_input_size_10_node1_30_node2_90_node3_40_node4_0,0.4644107885932761
Test_U_3Layers_input_size_10_node1_50_node2_50_node3_80_node4_0,0.4644201416161928
Test_U_2Layers_input_size_10_node1_80_node2_40_node3_0_node4_0,0.46445288373397065
Test_U_3Layers_input_size_15_node1_40_node2_90_node3_80_node4_0,0.4644616263391971
Test_U_3Layers_input_size_15_node1_60_node2_30_node3_100_node4_0,0.4644722134940258
Test_U_3Layers_input_size_5_node1_80_node2_50_node3_80_node4_0,0.46447259847692685
Test_U_3Layers_input_size_10_node1_70_node2_60_node3_80_node4_0,0.46447981684724016
Test_U_3Layers_input_size_5_node1_100_node2_70_node3_60_node4_0,0.46449588934883157
Test_U_3Layers_input_size_15_node1_30_node2_60_node3_100_node4_0,0.4645437987859143
Test_U_3Layers_input_size_5_node1_40_node2_50_node3_90_node4_0,0.4645570945030091
Test_U_3Layers_input_size_15_node1_80_node2_50_node3_80_node4_0,0.4645627719309203
Test_U_3Layers_input_size_15_node1_30_node2_50_node3_80_node4_0,0.46459287396999666
Test_U_3Layers_input_size_5_node1_60_node2_60_node3_60_node4_0,0.4645954879601994
Test_U_3Layers_input_size_10_node1_30_node2_50_node3_40_node4_0,0.46461282331445214
Test_U_3Layers_input_size_15_node1_40_node2_70_node3_80_node4_0,0.4646185160972926
Test_U_3Layers_input_size_5_node1_90_node2_50_node3_70_node4_0,0.4647039155042365
Test_U_3Layers_input_size_10_node1_50_node2_60_node3_40_node4_0,0.4647212147491189
Test_U_3Layers_input_size_15_node1_100_node2_70_node3_50_node4_0,0.46473572381384365
Test_U_2Layers_input_size_15_node1_80_node2_40_node3_0_node4_0,0.46473856144536624
Test_U_3Layers_input_size_15_node1_60_node2_70_node3_40_node4_0,0.4647433549191483
Test_U_3Layers_input_size_10_node1_50_node2_70_node3_100_node4_0,0.4647576709194282
Test_U_2Layers_input_size_5_node1_30_node2_70_node3_0_node4_0,0.4647952623483281
Test_U_3Layers_input_size_10_node1_70_node2_50_node3_60_node4_0,0.4648362327416642
Test_U_3Layers_input_size_15_node1_100_node2_30_node3_90_node4_0,0.4648772796591376
Test_U_3Layers_input_size_5_node1_90_node2_60_node3_40_node4_0,0.46487766430658795
Test_U_3Layers_input_size_15_node1_100_node2_50_node3_50_node4_0,0.46492769781590326
Test_U_3Layers_input_size_15_node1_70_node2_50_node3_30_node4_0,0.4649321528128677
Test_U_3Layers_input_size_5_node1_40_node2_70_node3_80_node4_0,0.4649348930955515
Test_U_3Layers_input_size_10_node1_50_node2_40_node3_100_node4_0,0.4650114542309212
Test_U_3Layers_input_size_15_node1_70_node2_40_node3_40_node4_0,0.4650115984321325
Test_U_3Layers_input_size_5_node1_100_node2_100_node3_30_node4_0,0.4650173023552907
Test_U_3Layers_input_size_10_node1_40_node2_40_node3_80_node4_0,0.46502507303689644
Test_U_3Layers_input_size_5_node1_90_node2_40_node3_40_node4_0,0.4650350705888276
Test_U_3Layers_input_size_15_node1_40_node2_60_node3_30_node4_0,0.4650674169644722
Test_U_2Layers_input_size_5_node1_40_node2_100_node3_0_node4_0,0.4650675291074777
Test_U_2Layers_input_size_15_node1_60_node2_80_node3_0_node4_0,0.4650823958265056
Test_U_3Layers_input_size_15_node1_100_node2_60_node3_100_node4_0,0.46508971687018413
Test_U_3Layers_input_size_5_node1_90_node2_60_node3_90_node4_0,0.4651240457413769
Test_U_3Layers_input_size_5_node1_30_node2_60_node3_60_node4_0,0.4651369404396812
Test_U_3Layers_input_size_10_node1_30_node2_30_node3_40_node4_0,0.46518552060816387
Test_U_3Layers_input_size_15_node1_40_node2_100_node3_50_node4_0,0.4652576847466659
Test_U_3Layers_input_size_15_node1_40_node2_80_node3_40_node4_0,0.46526727696172987
Test_U_3Layers_input_size_5_node1_50_node2_90_node3_100_node4_0,0.46526798155737686
Test_U_3Layers_input_size_15_node1_30_node2_100_node3_40_node4_0,0.46529485147695204
Test_U_3Layers_input_size_15_node1_60_node2_80_node3_30_node4_0,0.46530348218860595
Test_U_3Layers_input_size_5_node1_90_node2_70_node3_40_node4_0,0.46534765803705963
Test_U_3Layers_input_size_10_node1_80_node2_60_node3_60_node4_0,0.46536491734158814
Test_U_3Layers_input_size_10_node1_40_node2_70_node3_80_node4_0,0.4653957359362474
Test_U_3Layers_input_size_10_node1_80_node2_40_node3_40_node4_0,0.4653997702193912
Test_U_3Layers_input_size_10_node1_40_node2_30_node3_30_node4_0,0.4654021235350755
Test_U_3Layers_input_size_10_node1_70_node2_50_node3_100_node4_0,0.46540724635800385
Test_U_3Layers_input_size_10_node1_60_node2_80_node3_90_node4_0,0.4654176199017322
Test_U_3Layers_input_size_10_node1_100_node2_60_node3_90_node4_0,0.4654242953469566
Test_U_2Layers_input_size_10_node1_30_node2_60_node3_0_node4_0,0.46543598114765755
Test_U_3Layers_input_size_10_node1_80_node2_100_node3_100_node4_0,0.46547540655431313
Test_U_3Layers_input_size_15_node1_60_node2_30_node3_40_node4_0,0.4655045212660288
Test_U_3Layers_input_size_15_node1_50_node2_70_node3_70_node4_0,0.46550769032211603
Test_U_3Layers_input_size_5_node1_50_node2_30_node3_50_node4_0,0.46551873383383274
Test_U_3Layers_input_size_5_node1_60_node2_100_node3_60_node4_0,0.4655200942483109
Test_U_3Layers_input_size_5_node1_60_node2_60_node3_80_node4_0,0.4655265121500547
Test_U_3Layers_input_size_15_node1_40_node2_90_node3_90_node4_0,0.4655359387829668
Test_U_3Layers_input_size_10_node1_90_node2_40_node3_40_node4_0,0.46557775616188724
Test_U_3Layers_input_size_15_node1_50_node2_30_node3_100_node4_0,0.4656298905954248
Test_U_3Layers_input_size_5_node1_50_node2_80_node3_60_node4_0,0.4656433633089089
Test_U_3Layers_input_size_15_node1_30_node2_100_node3_50_node4_0,0.4656454273837836
Train_U_3Layers_input_size_15_node1_80_node2_90_node3_50_node4_0,0.46564830747296976
Test_U_2Layers_input_size_15_node1_100_node2_70_node3_0_node4_0,0.4656585956460903
Test_U_3Layers_input_size_10_node1_70_node2_40_node3_100_node4_0,0.4656764034085234
Test_U_3Layers_input_size_5_node1_70_node2_80_node3_60_node4_0,0.4656858750047338
Test_U_3Layers_input_size_10_node1_90_node2_50_node3_100_node4_0,0.46569913811553726
Test_U_2Layers_input_size_5_node1_70_node2_60_node3_0_node4_0,0.4657400449936927
Test_U_2Layers_input_size_5_node1_50_node2_30_node3_0_node4_0,0.46574996321059126
Test_U_2Layers_input_size_15_node1_90_node2_80_node3_0_node4_0,0.46578800241310003
Test_U_3Layers_input_size_15_node1_70_node2_100_node3_60_node4_0,0.46580940409749505
Test_U_3Layers_input_size_15_node1_100_node2_70_node3_80_node4_0,0.46582071236327344
Test_U_3Layers_input_size_5_node1_40_node2_90_node3_80_node4_0,0.46583781019572007
Test_U_3Layers_input_size_5_node1_100_node2_50_node3_60_node4_0,0.46584615895603015
Test_U_3Layers_input_size_15_node1_80_node2_80_node3_70_node4_0,0.465851804680403
Test_U_3Layers_input_size_15_node1_80_node2_80_node3_90_node4_0,0.46587756942642305
Test_U_3Layers_input_size_10_node1_70_node2_30_node3_70_node4_0,0.4659040203897003
Test_U_2Layers_input_size_5_node1_40_node2_80_node3_0_node4_0,0.46594697201962043
Test_U_3Layers_input_size_5_node1_50_node2_30_node3_80_node4_0,0.46594954643309305
Test_U_3Layers_input_size_5_node1_60_node2_50_node3_30_node4_0,0.4659513533110726
Test_U_3Layers_input_size_15_node1_90_node2_60_node3_70_node4_0,0.465955510702825
Test_U_3Layers_input_size_10_node1_50_node2_100_node3_40_node4_0,0.46601943392607936
Test_U_3Layers_input_size_5_node1_80_node2_30_node3_60_node4_0,0.46602028127360157
Test_U_3Layers_input_size_5_node1_40_node2_70_node3_40_node4_0,0.4660325116841528
Test_U_2Layers_input_size_15_node1_90_node2_40_node3_0_node4_0,0.4660709274745517
Test_U_3Layers_input_size_5_node1_70_node2_40_node3_60_node4_0,0.4660760749179186
Test_U_2Layers_input_size_5_node1_60_node2_40_node3_0_node4_0,0.46609143698077155
Test_U_3Layers_input_size_15_node1_30_node2_30_node3_70_node4_0,0.4661077895880971
Test_U_3Layers_input_size_15_node1_60_node2_90_node3_70_node4_0,0.4661193303791249
Test_U_3Layers_input_size_5_node1_80_node2_60_node3_70_node4_0,0.4661387029205478
Test_U_3Layers_input_size_15_node1_50_node2_100_node3_90_node4_0,0.4661620863597525
Test_U_3Layers_input_size_15_node1_70_node2_60_node3_50_node4_0,0.46622936913916463
Test_U_3Layers_input_size_15_node1_90_node2_50_node3_30_node4_0,0.4662322775819374
Test_U_3Layers_input_size_15_node1_50_node2_70_node3_100_node4_0,0.4662631666814659
Test_U_3Layers_input_size_5_node1_100_node2_30_node3_60_node4_0,0.46626863158586673
Test_U_1Layers_input_size_5_node1_70_node2_0_node3_0_node4_0,0.46631236449309843
Test_U_3Layers_input_size_10_node1_100_node2_30_node3_50_node4_0,0.4663231173345664
Test_U_3Layers_input_size_5_node1_60_node2_70_node3_40_node4_0,0.4663453092650617
Test_U_3Layers_input_size_15_node1_100_node2_80_node3_30_node4_0,0.4663497666960916
Test_U_2Layers_input_size_10_node1_50_node2_40_node3_0_node4_0,0.4663528820795813
Test_U_3Layers_input_size_15_node1_80_node2_70_node3_30_node4_0,0.4663726283340045
Test_U_2Layers_input_size_5_node1_90_node2_30_node3_0_node4_0,0.4663735549176397
Test_U_1Layers_input_size_15_node1_100_node2_0_node3_0_node4_0,0.4663823893208843
Test_U_3Layers_input_size_5_node1_30_node2_60_node3_70_node4_0,0.46639064845791467
Test_U_3Layers_input_size_5_node1_100_node2_80_node3_60_node4_0,0.46640216627521675
Test_U_3Layers_input_size_10_node1_90_node2_80_node3_70_node4_0,0.46645197236887886
Test_U_3Layers_input_size_5_node1_90_node2_80_node3_70_node4_0,0.46646823247560243
Test_U_3Layers_input_size_15_node1_40_node2_40_node3_90_node4_0,0.4664715227622353
Test_U_3Layers_input_size_15_node1_90_node2_70_node3_50_node4_0,0.46650119818240204
Test_U_3Layers_input_size_10_node1_60_node2_100_node3_30_node4_0,0.46650151760614955
Test_U_3Layers_input_size_15_node1_90_node2_30_node3_50_node4_0,0.46650214048182803
Test_U_3Layers_input_size_15_node1_80_node2_30_node3_40_node4_0,0.46651271327032184
Test_U_3Layers_input_size_5_node1_30_node2_90_node3_100_node4_0,0.4665160671259761
Test_U_3Layers_input_size_5_node1_100_node2_60_node3_90_node4_0,0.46652095412962274
Test_U_3Layers_input_size_10_node1_40_node2_80_node3_50_node4_0,0.46652312611481106
Test_U_3Layers_input_size_5_node1_60_node2_50_node3_80_node4_0,0.4665256494378466
Test_U_3Layers_input_size_10_node1_70_node2_70_node3_80_node4_0,0.46654051760214355
Test_U_3Layers_input_size_15_node1_70_node2_80_node3_50_node4_0,0.466591777994328
Test_U_3Layers_input_size_5_node1_30_node2_30_node3_30_node4_0,0.46659656839743946
Test_U_3Layers_input_size_10_node1_90_node2_60_node3_30_node4_0,0.46661330248632815
Test_U_3Layers_input_size_5_node1_70_node2_40_node3_90_node4_0,0.46661932214061563
Test_U_3Layers_input_size_15_node1_40_node2_40_node3_70_node4_0,0.4666488125343219
Test_U_3Layers_input_size_15_node1_40_node2_50_node3_90_node4_0,0.4666574980340315
Test_U_3Layers_input_size_10_node1_70_node2_80_node3_40_node4_0,0.4667116829611983
Test_U_3Layers_input_size_15_node1_40_node2_50_node3_80_node4_0,0.4667140615896332
Test_U_3Layers_input_size_15_node1_100_node2_60_node3_70_node4_0,0.46671610496545407
Test_U_3Layers_input_size_10_node1_30_node2_40_node3_90_node4_0,0.46672062270992765
Test_U_3Layers_input_size_5_node1_50_node2_30_node3_60_node4_0,0.46672822136171593
Test_U_3Layers_input_size_15_node1_70_node2_70_node3_30_node4_0,0.4667427797775555
Test_U_3Layers_input_size_5_node1_50_node2_50_node3_30_node4_0,0.4667631320648642
Test_U_3Layers_input_size_10_node1_30_node2_30_node3_50_node4_0,0.46676990000143326
Test_U_3Layers_input_size_15_node1_70_node2_60_node3_60_node4_0,0.4667715600463595
Test_U_3Layers_input_size_15_node1_70_node2_90_node3_100_node4_0,0.46677216659976367
Test_U_3Layers_input_size_10_node1_30_node2_40_node3_70_node4_0,0.46678999572537017
Test_U_3Layers_input_size_5_node1_80_node2_50_node3_100_node4_0,0.4667908257128381
Test_U_3Layers_input_size_5_node1_100_node2_70_node3_40_node4_0,0.46681117590541393
Test_U_3Layers_input_size_5_node1_40_node2_100_node3_60_node4_0,0.4668227950684761
Test_U_3Layers_input_size_5_node1_40_node2_90_node3_60_node4_0,0.4668496552958283
Test_U_3Layers_input_size_15_node1_50_node2_100_node3_100_node4_0,0.466855895329448
Test_U_2Layers_input_size_15_node1_60_node2_60_node3_0_node4_0,0.466856086838112
Test_U_3Layers_input_size_15_node1_40_node2_100_node3_60_node4_0,0.4669495815623241
Test_U_3Layers_input_size_10_node1_60_node2_30_node3_50_node4_0,0.4669569211987105
Test_U_3Layers_input_size_5_node1_100_node2_40_node3_70_node4_0,0.4669956917114758
Test_U_2Layers_input_size_10_node1_100_node2_40_node3_0_node4_0,0.46703525665290035
Train_U_3Layers_input_size_15_node1_70_node2_80_node3_70_node4_0,0.4670771312160063
Test_U_3Layers_input_size_15_node1_90_node2_80_node3_60_node4_0,0.46709949468284395
Test_U_3Layers_input_size_10_node1_40_node2_40_node3_100_node4_0,0.4671076932890549
Test_U_3Layers_input_size_10_node1_80_node2_50_node3_60_node4_0,0.4671220803785865
Test_U_3Layers_input_size_15_node1_100_node2_90_node3_50_node4_0,0.467131937352646
Test_U_3Layers_input_size_10_node1_60_node2_90_node3_40_node4_0,0.467143612334398
Test_U_3Layers_input_size_15_node1_90_node2_40_node3_40_node4_0,0.4671823673540466
Test_U_2Layers_input_size_15_node1_30_node2_60_node3_0_node4_0,0.4672237024984347
Test_U_3Layers_input_size_5_node1_50_node2_70_node3_70_node4_0,0.4672816644137511
Test_U_3Layers_input_size_15_node1_100_node2_40_node3_50_node4_0,0.4672931124369614
Test_U_2Layers_input_size_5_node1_40_node2_40_node3_0_node4_0,0.4673138552854343
Test_U_3Layers_input_size_15_node1_100_node2_40_node3_70_node4_0,0.46732087033713904
Test_U_3Layers_input_size_10_node1_70_node2_30_node3_50_node4_0,0.467376189896323
Test_U_3Layers_input_size_10_node1_50_node2_80_node3_90_node4_0,0.46739603638423177
Test_U_3Layers_input_size_10_node1_40_node2_40_node3_90_node4_0,0.46740890028408055
Test_U_3Layers_input_size_5_node1_60_node2_40_node3_60_node4_0,0.4674132519321414
Test_U_2Layers_input_size_10_node1_70_node2_90_node3_0_node4_0,0.4674276136772571
Test_U_3Layers_input_size_10_node1_100_node2_80_node3_60_node4_0,0.4674630937441293
Test_U_2Layers_input_size_5_node1_70_node2_90_node3_0_node4_0,0.4674700587420272
Test_U_3Layers_input_size_15_node1_90_node2_100_node3_40_node4_0,0.4674753023447411
Test_U_3Layers_input_size_5_node1_50_node2_100_node3_90_node4_0,0.4674838131126945
Test_U_3Layers_input_size_5_node1_40_node2_50_node3_40_node4_0,0.4674883393756081
Test_U_2Layers_input_size_10_node1_60_node2_40_node3_0_node4_0,0.4674936783970064
Test_U_3Layers_input_size_15_node1_60_node2_70_node3_60_node4_0,0.4675374242011443
Test_U_3Layers_input_size_10_node1_50_node2_70_node3_60_node4_0,0.4675494555716455
Test_U_3Layers_input_size_10_node1_100_node2_100_node3_60_node4_0,0.46757802684403665
Test_U_2Layers_input_size_5_node1_80_node2_100_node3_0_node4_0,0.4675853566157861
Test_U_3Layers_input_size_10_node1_70_node2_90_node3_80_node4_0,0.46759440713193945
Test_U_2Layers_input_size_10_node1_100_node2_70_node3_0_node4_0,0.46760363274187805
Test_U_3Layers_input_size_10_node1_80_node2_90_node3_50_node4_0,0.46762585950016344
Test_U_2Layers_input_size_5_node1_100_node2_100_node3_0_node4_0,0.4676617865421107
Test_U_3Layers_input_size_5_node1_70_node2_100_node3_50_node4_0,0.46768270420917457
Test_U_3Layers_input_size_10_node1_30_node2_60_node3_60_node4_0,0.4677362128559819
Test_U_3Layers_input_size_15_node1_60_node2_90_node3_30_node4_0,0.467738490700634
Test_U_3Layers_input_size_15_node1_100_node2_30_node3_30_node4_0,0.4677583058882357
Test_U_3Layers_input_size_15_node1_60_node2_70_node3_80_node4_0,0.467766094747424
Test_U_3Layers_input_size_5_node1_50_node2_40_node3_70_node4_0,0.4677756992357084
Test_U_2Layers_input_size_15_node1_70_node2_40_node3_0_node4_0,0.4678511266363158
Test_U_2Layers_input_size_5_node1_70_node2_50_node3_0_node4_0,0.4678579106839368
Test_U_3Layers_input_size_5_node1_50_node2_50_node3_60_node4_0,0.4679134215188322
Test_U_3Layers_input_size_15_node1_50_node2_30_node3_40_node4_0,0.4679463491029813
Test_U_3Layers_input_size_10_node1_80_node2_90_node3_30_node4_0,0.4679482278797838
Test_U_3Layers_input_size_15_node1_50_node2_50_node3_70_node4_0,0.46796599627721075
Test_U_3Layers_input_size_10_node1_50_node2_60_node3_30_node4_0,0.4679694670861152
Test_U_3Layers_input_size_10_node1_100_node2_60_node3_60_node4_0,0.4680213828571466
Test_U_3Layers_input_size_15_node1_40_node2_30_node3_90_node4_0,0.4680367606644045
Train_U_3Layers_input_size_15_node1_50_node2_50_node3_40_node4_0,0.4680670690661138
Test_U_2Layers_input_size_15_node1_40_node2_80_node3_0_node4_0,0.4680785456324215
Test_U_3Layers_input_size_15_node1_40_node2_100_node3_100_node4_0,0.4680901810871444
Test_U_3Layers_input_size_5_node1_30_node2_30_node3_70_node4_0,0.4681238761144778
Test_U_2Layers_input_size_10_node1_40_node2_80_node3_0_node4_0,0.4681328207261631
Test_U_3Layers_input_size_15_node1_60_node2_80_node3_70_node4_0,0.46814696941594663
Test_U_3Layers_input_size_5_node1_80_node2_80_node3_40_node4_0,0.46817981691871274
Test_U_3Layers_input_size_15_node1_70_node2_70_node3_40_node4_0,0.46820674251315453
Test_U_3Layers_input_size_10_node1_30_node2_100_node3_40_node4_0,0.46821358505931104
Test_U_3Layers_input_size_15_node1_100_node2_90_node3_30_node4_0,0.468219981953881
Test_U_3Layers_input_size_10_node1_70_node2_100_node3_100_node4_0,0.46822380095375243
Test_U_3Layers_input_size_5_node1_100_node2_30_node3_90_node4_0,0.4682403495932626
Test_U_3Layers_input_size_10_node1_90_node2_80_node3_80_node4_0,0.4682546223250889
Test_U_3Layers_input_size_5_node1_30_node2_80_node3_30_node4_0,0.46826074816908503
Test_U_3Layers_input_size_15_node1_70_node2_70_node3_80_node4_0,0.4682682422744399
Test_U_3Layers_input_size_5_node1_50_node2_40_node3_100_node4_0,0.4682750521005625
Test_U_3Layers_input_size_5_node1_90_node2_40_node3_70_node4_0,0.46827906157803534
Test_U_3Layers_input_size_10_node1_100_node2_70_node3_30_node4_0,0.46827926841522777
Test_U_3Layers_input_size_15_node1_50_node2_30_node3_30_node4_0,0.46828450295683893
Test_U_2Layers_input_size_15_node1_50_node2_60_node3_0_node4_0,0.46831185208750153
Test_U_3Layers_input_size_10_node1_70_node2_30_node3_100_node4_0,0.4683406472935984
Test_U_3Layers_input_size_5_node1_50_node2_50_node3_40_node4_0,0.4683802576953468
Test_U_3Layers_input_size_15_node1_30_node2_90_node3_60_node4_0,0.4683814030065299
Test_U_2Layers_input_size_15_node1_40_node2_70_node3_0_node4_0,0.468382007475192
Test_U_3Layers_input_size_10_node1_50_node2_90_node3_30_node4_0,0.46839099487774666
Test_U_3Layers_input_size_10_node1_80_node2_90_node3_60_node4_0,0.46843036244090763
Test_U_3Layers_input_size_5_node1_50_node2_80_node3_80_node4_0,0.4684768516700582
Test_U_3Layers_input_size_5_node1_80_node2_90_node3_50_node4_0,0.46851414468902564
Test_U_3Layers_input_size_15_node1_60_node2_30_node3_70_node4_0,0.4685593853262207
Test_U_3Layers_input_size_15_node1_40_node2_30_node3_40_node4_0,0.46857124735042843
Test_U_1Layers_input_size_10_node1_70_node2_0_node3_0_node4_0,0.46857735315466836
Test_U_3Layers_input_size_15_node1_70_node2_90_node3_70_node4_0,0.46858039012662794
Test_U_3Layers_input_size_5_node1_40_node2_40_node3_80_node4_0,0.4686445912417251
Test_U_3Layers_input_size_5_node1_70_node2_50_node3_90_node4_0,0.4686589470485778
Test_U_3Layers_input_size_10_node1_70_node2_100_node3_50_node4_0,0.4686925217038598
Test_U_3Layers_input_size_15_node1_50_node2_70_node3_90_node4_0,0.4687148716797469
Test_U_3Layers_input_size_15_node1_100_node2_70_node3_60_node4_0,0.4687251243348618
Test_U_3Layers_input_size_15_node1_90_node2_30_node3_60_node4_0,0.4687442938139422
Test_U_2Layers_input_size_15_node1_90_node2_100_node3_0_node4_0,0.468778879547585
Test_U_3Layers_input_size_15_node1_80_node2_50_node3_30_node4_0,0.4687791020578306
Test_U_3Layers_input_size_10_node1_80_node2_80_node3_60_node4_0,0.4688044198553675
Test_U_3Layers_input_size_5_node1_40_node2_80_node3_70_node4_0,0.46880888569034523
Test_U_3Layers_input_size_15_node1_60_node2_30_node3_30_node4_0,0.46882042355815723
Test_U_3Layers_input_size_15_node1_100_node2_60_node3_50_node4_0,0.4688289575834784
Test_U_3Layers_input_size_10_node1_40_node2_90_node3_50_node4_0,0.4688806828485228
Test_U_3Layers_input_size_10_node1_30_node2_50_node3_90_node4_0,0.4689125891679325
Test_U_3Layers_input_size_15_node1_90_node2_30_node3_80_node4_0,0.468925363798733
Test_U_3Layers_input_size_15_node1_50_node2_60_node3_30_node4_0,0.4689380109759545
Test_U_3Layers_input_size_15_node1_40_node2_80_node3_60_node4_0,0.46895248490218283
Test_U_3Layers_input_size_10_node1_100_node2_30_node3_70_node4_0,0.46895882405521316
Test_U_2Layers_input_size_10_node1_80_node2_80_node3_0_node4_0,0.4689593165672747
Test_U_3Layers_input_size_15_node1_80_node2_60_node3_80_node4_0,0.4689772531863707
Test_U_2Layers_input_size_15_node1_60_node2_50_node3_0_node4_0,0.4689995578212728
Test_U_3Layers_input_size_15_node1_70_node2_70_node3_90_node4_0,0.4690085492757942
Test_U_3Layers_input_size_5_node1_80_node2_70_node3_70_node4_0,0.46900982013885445
Test_U_2Layers_input_size_10_node1_70_node2_80_node3_0_node4_0,0.46902846965820977
Test_U_3Layers_input_size_10_node1_30_node2_40_node3_40_node4_0,0.4690368092799849
Test_U_3Layers_input_size_15_node1_40_node2_60_node3_80_node4_0,0.4690579197740675
Test_U_3Layers_input_size_15_node1_60_node2_100_node3_50_node4_0,0.4690611442429419
Test_U_3Layers_input_size_15_node1_60_node2_50_node3_50_node4_0,0.46906768841704477
Test_U_3Layers_input_size_10_node1_60_node2_70_node3_70_node4_0,0.46908363548811677
Test_U_3Layers_input_size_5_node1_70_node2_30_node3_50_node4_0,0.4691183867889219
Test_U_3Layers_input_size_15_node1_90_node2_60_node3_80_node4_0,0.4691268359848919
Test_U_3Layers_input_size_5_node1_80_node2_90_node3_100_node4_0,0.4691701595465471
Test_U_3Layers_input_size_5_node1_60_node2_80_node3_80_node4_0,0.4691796400124
Test_U_3Layers_input_size_5_node1_60_node2_30_node3_80_node4_0,0.4691880722255833
Test_U_3Layers_input_size_5_node1_90_node2_40_node3_100_node4_0,0.46919021598443456
Test_U_3Layers_input_size_5_node1_100_node2_60_node3_30_node4_0,0.4691969330320748
Test_U_2Layers_input_size_5_node1_100_node2_80_node3_0_node4_0,0.4692082866882883
Test_U_3Layers_input_size_15_node1_60_node2_70_node3_30_node4_0,0.46922783338841756
Test_U_3Layers_input_size_5_node1_100_node2_90_node3_30_node4_0,0.4692417902820229
Test_U_3Layers_input_size_5_node1_90_node2_60_node3_30_node4_0,0.4693084569054034
Test_U_3Layers_input_size_5_node1_30_node2_50_node3_50_node4_0,0.4693093776926689
Test_U_3Layers_input_size_15_node1_90_node2_100_node3_100_node4_0,0.4693311744222829
Test_U_2Layers_input_size_15_node1_90_node2_50_node3_0_node4_0,0.4693430963129807
Test_U_2Layers_input_size_5_node1_30_node2_50_node3_0_node4_0,0.46935860542994445
Test_U_3Layers_input_size_5_node1_80_node2_80_node3_70_node4_0,0.4693669233122503
Test_U_3Layers_input_size_15_node1_30_node2_80_node3_40_node4_0,0.46939582839448185
Test_U_3Layers_input_size_10_node1_60_node2_40_node3_60_node4_0,0.46940260598975336
Train_U_3Layers_input_size_10_node1_100_node2_30_node3_30_node4_0,0.46944412654506046
Test_U_2Layers_input_size_15_node1_50_node2_90_node3_0_node4_0,0.4694800414026526
Test_U_3Layers_input_size_15_node1_100_node2_60_node3_30_node4_0,0.4695037821067924
Test_U_3Layers_input_size_15_node1_60_node2_30_node3_80_node4_0,0.4695075430573883
Test_U_3Layers_input_size_15_node1_90_node2_100_node3_70_node4_0,0.4695135097357628
Test_U_3Layers_input_size_5_node1_100_node2_40_node3_90_node4_0,0.46955559170760636
Test_U_2Layers_input_size_10_node1_60_node2_60_node3_0_node4_0,0.4695617640476966
Test_U_2Layers_input_size_15_node1_80_node2_100_node3_0_node4_0,0.4696155028196453
Test_U_3Layers_input_size_5_node1_30_node2_90_node3_70_node4_0,0.46962013545802833
Test_U_3Layers_input_size_10_node1_100_node2_50_node3_90_node4_0,0.4696616367825884
Test_U_3Layers_input_size_10_node1_50_node2_80_node3_80_node4_0,0.46971769582267076
Train_U_3Layers_input_size_15_node1_50_node2_50_node3_90_node4_0,0.4697397432440846
Test_U_3Layers_input_size_5_node1_80_node2_90_node3_60_node4_0,0.4697445491273531
Test_U_3Layers_input_size_10_node1_100_node2_80_node3_30_node4_0,0.469746119355784
Test_U_3Layers_input_size_5_node1_40_node2_50_node3_30_node4_0,0.4697619958150866
Test_U_1Layers_input_size_15_node1_60_node2_0_node3_0_node4_0,0.469859447439029
Test_U_3Layers_input_size_5_node1_70_node2_60_node3_100_node4_0,0.46989098603540397
Test_U_3Layers_input_size_15_node1_30_node2_60_node3_80_node4_0,0.46994899947348806
Test_U_3Layers_input_size_15_node1_30_node2_60_node3_90_node4_0,0.469992025312784
Test_U_3Layers_input_size_15_node1_90_node2_100_node3_30_node4_0,0.47000882873460803
Test_U_3Layers_input_size_10_node1_60_node2_40_node3_100_node4_0,0.47002250881270397
Test_U_3Layers_input_size_10_node1_60_node2_40_node3_30_node4_0,0.470101300213989
Test_U_3Layers_input_size_15_node1_40_node2_30_node3_70_node4_0,0.470112093179548
Test_U_3Layers_input_size_5_node1_60_node2_60_node3_30_node4_0,0.4701801893352228
Test_U_2Layers_input_size_10_node1_40_node2_30_node3_0_node4_0,0.47019205800719366
Test_U_3Layers_input_size_5_node1_70_node2_50_node3_30_node4_0,0.470235727070254
Test_U_3Layers_input_size_10_node1_50_node2_70_node3_40_node4_0,0.4702777285728246
Train_U_3Layers_input_size_15_node1_80_node2_60_node3_90_node4_0,0.47027806127439153
Test_U_3Layers_input_size_5_node1_80_node2_60_node3_60_node4_0,0.47032609457347796
Test_U_3Layers_input_size_15_node1_30_node2_30_node3_90_node4_0,0.47035213696308725
Test_U_3Layers_input_size_5_node1_40_node2_50_node3_100_node4_0,0.47036807216679133
Test_U_1Layers_input_size_15_node1_70_node2_0_node3_0_node4_0,0.4703739804102998
Test_U_3Layers_input_size_15_node1_50_node2_70_node3_40_node4_0,0.47037855806000994
Test_U_3Layers_input_size_15_node1_100_node2_100_node3_70_node4_0,0.4703988797525201
Test_U_3Layers_input_size_15_node1_90_node2_90_node3_80_node4_0,0.4704133404067064
Test_U_3Layers_input_size_10_node1_30_node2_30_node3_90_node4_0,0.4704253615760336
Train_U_3Layers_input_size_10_node1_70_node2_50_node3_50_node4_0,0.47043545025180916
Test_U_3Layers_input_size_15_node1_40_node2_60_node3_60_node4_0,0.47046737782187326
Test_U_3Layers_input_size_10_node1_70_node2_40_node3_90_node4_0,0.4704833091223856
Test_U_3Layers_input_size_15_node1_50_node2_60_node3_80_node4_0,0.47056590252539265
Train_U_3Layers_input_size_15_node1_80_node2_70_node3_80_node4_0,0.4705823529691883
Test_U_3Layers_input_size_5_node1_100_node2_80_node3_90_node4_0,0.4705990719840387
Test_U_3Layers_input_size_10_node1_60_node2_40_node3_50_node4_0,0.4706453786543861
Test_U_3Layers_input_size_5_node1_100_node2_40_node3_50_node4_0,0.47064887719546755
Test_U_3Layers_input_size_15_node1_60_node2_100_node3_80_node4_0,0.4706542911761058
Test_U_3Layers_input_size_10_node1_40_node2_70_node3_50_node4_0,0.4706704852552196
Test_U_3Layers_input_size_15_node1_40_node2_40_node3_60_node4_0,0.470671023465291
Test_U_3Layers_input_size_15_node1_60_node2_90_node3_80_node4_0,0.4706720840539244
Test_U_3Layers_input_size_10_node1_80_node2_40_node3_100_node4_0,0.470681091046139
Test_U_3Layers_input_size_5_node1_80_node2_40_node3_100_node4_0,0.4706811543635761
Test_U_3Layers_input_size_10_node1_50_node2_70_node3_30_node4_0,0.4706862197309484
Test_U_3Layers_input_size_15_node1_90_node2_50_node3_70_node4_0,0.4706932953247414
Test_U_2Layers_input_size_10_node1_30_node2_50_node3_0_node4_0,0.47069733168966305
Test_U_3Layers_input_size_15_node1_60_node2_40_node3_30_node4_0,0.4707248413648079
Test_U_3Layers_input_size_5_node1_100_node2_50_node3_80_node4_0,0.4707331825884731
Test_U_2Layers_input_size_5_node1_30_node2_40_node3_0_node4_0,0.4707481710952506
Test_U_3Layers_input_size_15_node1_50_node2_50_node3_30_node4_0,0.470760579381812
Test_U_3Layers_input_size_15_node1_30_node2_40_node3_50_node4_0,0.4707611807955544
Test_U_3Layers_input_size_5_node1_70_node2_60_node3_40_node4_0,0.4707832110009941
Test_U_2Layers_input_size_5_node1_40_node2_60_node3_0_node4_0,0.4708267777613898
Test_U_3Layers_input_size_10_node1_100_node2_60_node3_70_node4_0,0.4708542165794879
Test_U_3Layers_input_size_15_node1_100_node2_70_node3_30_node4_0,0.4708617643476403
Test_U_1Layers_input_size_10_node1_80_node2_0_node3_0_node4_0,0.4708846126189904
Test_U_2Layers_input_size_5_node1_70_node2_30_node3_0_node4_0,0.47088572019399805
Test_U_2Layers_input_size_5_node1_90_node2_50_node3_0_node4_0,0.47090007096604164
Test_U_3Layers_input_size_15_node1_50_node2_30_node3_60_node4_0,0.47090359925866915
Test_U_3Layers_input_size_15_node1_80_node2_40_node3_50_node4_0,0.4709061940399649
Test_U_3Layers_input_size_5_node1_30_node2_100_node3_60_node4_0,0.470909611534977
Test_U_3Layers_input_size_15_node1_40_node2_80_node3_50_node4_0,0.47091146266775313
Test_U_3Layers_input_size_5_node1_40_node2_90_node3_90_node4_0,0.47091231703427244
Test_U_3Layers_input_size_10_node1_70_node2_80_node3_50_node4_0,0.4709314133036233
Test_U_3Layers_input_size_5_node1_90_node2_60_node3_100_node4_0,0.4709508093843472
Test_U_3Layers_input_size_10_node1_30_node2_60_node3_70_node4_0,0.47097422283851015
Test_U_3Layers_input_size_5_node1_30_node2_80_node3_90_node4_0,0.4710588337878449
Test_U_3Layers_input_size_15_node1_30_node2_50_node3_50_node4_0,0.4710821627936314
Test_U_3Layers_input_size_10_node1_50_node2_70_node3_50_node4_0,0.471086180010907
Test_U_3Layers_input_size_10_node1_100_node2_30_node3_90_node4_0,0.47110065119861705
Test_U_3Layers_input_size_15_node1_90_node2_40_node3_100_node4_0,0.47111412560981253
Test_U_3Layers_input_size_15_node1_70_node2_80_node3_90_node4_0,0.4711278526652977
Test_U_2Layers_input_size_15_node1_40_node2_30_node3_0_node4_0,0.4711357755878581
Test_U_3Layers_input_size_15_node1_100_node2_30_node3_50_node4_0,0.471144710460435
Test_U_3Layers_input_size_10_node1_60_node2_30_node3_40_node4_0,0.47115805710493236
Test_U_3Layers_input_size_10_node1_80_node2_50_node3_90_node4_0,0.4711775545446183
Test_U_3Layers_input_size_5_node1_60_node2_80_node3_100_node4_0,0.4711990276767854
Test_U_3Layers_input_size_5_node1_60_node2_30_node3_100_node4_0,0.47121479193809085
Test_U_3Layers_input_size_15_node1_90_node2_40_node3_70_node4_0,0.47124233464753346
Test_U_3Layers_input_size_15_node1_30_node2_70_node3_30_node4_0,0.47124688805177456
Test_U_3Layers_input_size_15_node1_70_node2_30_node3_80_node4_0,0.47126620790956425
Test_U_2Layers_input_size_5_node1_40_node2_30_node3_0_node4_0,0.47127145670300996
Test_U_3Layers_input_size_15_node1_90_node2_50_node3_80_node4_0,0.47130255302411134
Test_U_3Layers_input_size_15_node1_90_node2_70_node3_60_node4_0,0.4713701294642555
Test_U_3Layers_input_size_10_node1_90_node2_50_node3_80_node4_0,0.47140792062455156
Test_U_2Layers_input_size_10_node1_100_node2_50_node3_0_node4_0,0.4714266649275785
Test_U_3Layers_input_size_10_node1_30_node2_70_node3_80_node4_0,0.4714497386785599
Test_U_3Layers_input_size_5_node1_50_node2_70_node3_50_node4_0,0.47150353090171687
Test_U_3Layers_input_size_10_node1_70_node2_40_node3_70_node4_0,0.47158103211266045
Test_U_3Layers_input_size_5_node1_30_node2_40_node3_100_node4_0,0.4715823750387026
Test_U_3Layers_input_size_10_node1_50_node2_50_node3_30_node4_0,0.47159686259766226
Train_U_3Layers_input_size_5_node1_90_node2_70_node3_80_node4_0,0.47164008564686766
Test_U_3Layers_input_size_10_node1_70_node2_50_node3_70_node4_0,0.471645361873541
Test_U_3Layers_input_size_5_node1_60_node2_50_node3_90_node4_0,0.4717659723249438
Test_U_3Layers_input_size_10_node1_100_node2_50_node3_50_node4_0,0.4717782117092998
Test_U_3Layers_input_size_15_node1_50_node2_80_node3_90_node4_0,0.471781749227047
Test_U_3Layers_input_size_15_node1_60_node2_30_node3_60_node4_0,0.4717918246902695
Test_U_3Layers_input_size_10_node1_100_node2_30_node3_100_node4_0,0.47184390414012056
Test_U_3Layers_input_size_5_node1_50_node2_50_node3_100_node4_0,0.4718536782658055
Test_U_3Layers_input_size_15_node1_50_node2_70_node3_60_node4_0,0.471871694338506
Test_U_3Layers_input_size_10_node1_90_node2_40_node3_100_node4_0,0.47188416781582704
Test_U_3Layers_input_size_5_node1_30_node2_80_node3_40_node4_0,0.4718865203714273
Test_U_3Layers_input_size_15_node1_90_node2_80_node3_80_node4_0,0.47191503430741594
Test_U_3Layers_input_size_5_node1_30_node2_60_node3_40_node4_0,0.47193284280202014
Test_U_3Layers_input_size_15_node1_60_node2_40_node3_40_node4_0,0.4720364755381027
Test_U_3Layers_input_size_5_node1_30_node2_80_node3_70_node4_0,0.4720479503002018
Test_U_3Layers_input_size_15_node1_80_node2_70_node3_90_node4_0,0.47207923221013226
Test_U_2Layers_input_size_15_node1_100_node2_40_node3_0_node4_0,0.47209828127802894
Test_U_3Layers_input_size_5_node1_60_node2_60_node3_90_node4_0,0.4721528675145778
Test_U_3Layers_input_size_15_node1_80_node2_40_node3_90_node4_0,0.47218168094768187
Test_U_3Layers_input_size_10_node1_50_node2_100_node3_90_node4_0,0.472187803181236
Test_U_3Layers_input_size_10_node1_40_node2_80_node3_30_node4_0,0.47219722306082484
Test_U_3Layers_input_size_10_node1_90_node2_30_node3_80_node4_0,0.472252081841706
Test_U_2Layers_input_size_5_node1_90_node2_100_node3_0_node4_0,0.4723467167979759
Test_U_3Layers_input_size_15_node1_90_node2_80_node3_50_node4_0,0.4723504551125469
Test_U_3Layers_input_size_15_node1_100_node2_100_node3_100_node4_0,0.47237835746272516
Test_U_3Layers_input_size_10_node1_50_node2_30_node3_30_node4_0,0.4724056273023071
Test_U_3Layers_input_size_15_node1_30_node2_70_node3_40_node4_0,0.47242002653047666
Test_U_3Layers_input_size_10_node1_100_node2_80_node3_70_node4_0,0.472430072610473
Test_U_3Layers_input_size_5_node1_30_node2_50_node3_40_node4_0,0.47243224897013697
Test_U_3Layers_input_size_10_node1_70_node2_80_node3_80_node4_0,0.47244641083379346
Train_U_3Layers_input_size_15_node1_30_node2_90_node3_50_node4_0,0.4724932302767079
Test_U_1Layers_input_size_5_node1_100_node2_0_node3_0_node4_0,0.47250568734636544
Test_U_3Layers_input_size_15_node1_80_node2_100_node3_90_node4_0,0.47253816879350663
Test_U_3Layers_input_size_15_node1_100_node2_80_node3_70_node4_0,0.4725647041633662
Test_U_3Layers_input_size_10_node1_70_node2_70_node3_100_node4_0,0.4725815580006546
Test_U_3Layers_input_size_5_node1_70_node2_100_node3_30_node4_0,0.47262423383241553
Test_U_3Layers_input_size_15_node1_50_node2_40_node3_40_node4_0,0.4727014882530928
Test_U_3Layers_input_size_10_node1_70_node2_60_node3_70_node4_0,0.4727210954053288
Test_U_2Layers_input_size_15_node1_30_node2_90_node3_0_node4_0,0.4727230655324143
Test_U_3Layers_input_size_15_node1_80_node2_70_node3_40_node4_0,0.4727670051132711
Test_U_3Layers_input_size_15_node1_30_node2_60_node3_50_node4_0,0.47280670167502803
Test_U_3Layers_input_size_15_node1_70_node2_100_node3_80_node4_0,0.47285192553424726
Test_U_3Layers_input_size_5_node1_60_node2_70_node3_70_node4_0,0.472945747307611
Test_U_3Layers_input_size_15_node1_30_node2_30_node3_40_node4_0,0.4730062528725178
Test_U_3Layers_input_size_10_node1_90_node2_50_node3_60_node4_0,0.47305807262621363
Test_U_3Layers_input_size_15_node1_50_node2_40_node3_50_node4_0,0.47315679796062554
Test_U_3Layers_input_size_10_node1_30_node2_60_node3_40_node4_0,0.4731846842542841
Test_U_3Layers_input_size_15_node1_80_node2_40_node3_70_node4_0,0.47323552409167413
Test_U_3Layers_input_size_15_node1_40_node2_70_node3_100_node4_0,0.47325369222261665
Test_U_3Layers_input_size_5_node1_80_node2_100_node3_70_node4_0,0.47331710203586347
Test_U_2Layers_input_size_10_node1_30_node2_30_node3_0_node4_0,0.47337249208828047
Test_U_3Layers_input_size_5_node1_60_node2_70_node3_100_node4_0,0.4733959116782966
Test_U_3Layers_input_size_10_node1_30_node2_100_node3_80_node4_0,0.473407935802599
Test_U_3Layers_input_size_5_node1_40_node2_50_node3_70_node4_0,0.473431086103346
Test_U_3Layers_input_size_10_node1_80_node2_30_node3_60_node4_0,0.47346353553718956
Test_U_3Layers_input_size_10_node1_60_node2_90_node3_100_node4_0,0.4734731975480223
Test_U_3Layers_input_size_5_node1_80_node2_60_node3_40_node4_0,0.47350680847972887
Test_U_2Layers_input_size_15_node1_70_node2_80_node3_0_node4_0,0.4735191444778496
Test_U_2Layers_input_size_5_node1_70_node2_40_node3_0_node4_0,0.4735304574385189
Test_U_3Layers_input_size_15_node1_40_node2_80_node3_100_node4_0,0.47353129134564725
Test_U_3Layers_input_size_15_node1_60_node2_80_node3_100_node4_0,0.47353716012220365
Test_U_3Layers_input_size_15_node1_80_node2_90_node3_60_node4_0,0.4735487873226198
Test_U_3Layers_input_size_15_node1_80_node2_100_node3_30_node4_0,0.47356831219557477
Test_U_3Layers_input_size_5_node1_30_node2_50_node3_100_node4_0,0.473655432721358
Test_U_3Layers_input_size_15_node1_70_node2_90_node3_50_node4_0,0.47366630199840254
Test_U_3Layers_input_size_10_node1_70_node2_90_node3_70_node4_0,0.4736778473827525
Test_U_3Layers_input_size_15_node1_80_node2_40_node3_30_node4_0,0.473702085482593
Test_U_3Layers_input_size_10_node1_30_node2_80_node3_90_node4_0,0.47370526261074936
Test_U_3Layers_input_size_15_node1_80_node2_90_node3_30_node4_0,0.4737214310318104
Test_U_2Layers_input_size_15_node1_60_node2_30_node3_0_node4_0,0.47373786626390113
Test_U_3Layers_input_size_10_node1_100_node2_80_node3_50_node4_0,0.47377243343674813
Test_U_3Layers_input_size_5_node1_50_node2_60_node3_70_node4_0,0.47377789035318246
Test_U_3Layers_input_size_15_node1_30_node2_40_node3_90_node4_0,0.4738021233351661
Test_U_3Layers_input_size_15_node1_80_node2_80_node3_60_node4_0,0.47386023970015084
Test_U_3Layers_input_size_10_node1_40_node2_40_node3_70_node4_0,0.47387770780948407
Test_U_3Layers_input_size_15_node1_30_node2_50_node3_60_node4_0,0.4739613288393483
Test_U_3Layers_input_size_5_node1_60_node2_70_node3_60_node4_0,0.47397428178328893
Test_U_3Layers_input_size_15_node1_80_node2_90_node3_100_node4_0,0.47403473465341767
Test_U_2Layers_input_size_5_node1_90_node2_40_node3_0_node4_0,0.4740777197188255
Test_U_3Layers_input_size_10_node1_70_node2_70_node3_40_node4_0,0.47407927559508384
Test_U_3Layers_input_size_10_node1_40_node2_60_node3_60_node4_0,0.47415649721886766
Test_U_3Layers_input_size_5_node1_100_node2_60_node3_70_node4_0,0.47418140220316346
Test_U_3Layers_input_size_15_node1_60_node2_90_node3_60_node4_0,0.4742356544008059
Test_U_3Layers_input_size_10_node1_50_node2_90_node3_90_node4_0,0.47427709745273383
Test_U_2Layers_input_size_5_node1_60_node2_50_node3_0_node4_0,0.4743020118129834
Test_U_3Layers_input_size_15_node1_70_node2_30_node3_90_node4_0,0.4743940861949712
Test_U_1Layers_input_size_10_node1_100_node2_0_node3_0_node4_0,0.4745217544615502
Test_U_3Layers_input_size_15_node1_100_node2_50_node3_90_node4_0,0.4745414434097457
Test_U_3Layers_input_size_15_node1_90_node2_100_node3_90_node4_0,0.4746029072387555
Test_U_3Layers_input_size_15_node1_50_node2_80_node3_80_node4_0,0.4746476146222151
Test_U_3Layers_input_size_10_node1_40_node2_70_node3_30_node4_0,0.4746484308695657
Test_U_2Layers_input_size_10_node1_60_node2_50_node3_0_node4_0,0.47479694882688356
Test_U_2Layers_input_size_10_node1_70_node2_40_node3_0_node4_0,0.4748451526366314
Test_U_3Layers_input_size_10_node1_40_node2_90_node3_40_node4_0,0.4748626315852572
Test_U_3Layers_input_size_10_node1_90_node2_50_node3_70_node4_0,0.47489074717974356
Train_U_3Layers_input_size_10_node1_60_node2_90_node3_90_node4_0,0.4749176844998562
Test_U_3Layers_input_size_5_node1_90_node2_30_node3_50_node4_0,0.4749396474041479
Test_U_3Layers_input_size_15_node1_30_node2_80_node3_50_node4_0,0.4749836956538705
Test_U_3Layers_input_size_10_node1_80_node2_80_node3_100_node4_0,0.47503890706384355
Test_U_3Layers_input_size_5_node1_40_node2_80_node3_60_node4_0,0.4750428280846996
Test_U_3Layers_input_size_5_node1_80_node2_50_node3_90_node4_0,0.47508658448165036
Test_U_3Layers_input_size_10_node1_30_node2_50_node3_50_node4_0,0.475094943220149
Test_U_3Layers_input_size_15_node1_100_node2_80_node3_50_node4_0,0.47512591474967397
Test_U_3Layers_input_size_5_node1_60_node2_40_node3_100_node4_0,0.4751797455206745
Test_U_3Layers_input_size_5_node1_50_node2_40_node3_50_node4_0,0.47518167409520307
Test_U_3Layers_input_size_15_node1_90_node2_50_node3_60_node4_0,0.4752511602745762
Test_U_3Layers_input_size_5_node1_90_node2_100_node3_80_node4_0,0.47529445857231317
Test_U_3Layers_input_size_5_node1_90_node2_50_node3_30_node4_0,0.47531574571693874
Test_U_3Layers_input_size_5_node1_30_node2_40_node3_40_node4_0,0.47542096043563736
Test_U_3Layers_input_size_15_node1_80_node2_60_node3_40_node4_0,0.4754316012950701
Test_U_3Layers_input_size_10_node1_50_node2_90_node3_60_node4_0,0.4754600123198995
Test_U_3Layers_input_size_15_node1_70_node2_40_node3_80_node4_0,0.47548118236583437
Test_U_3Layers_input_size_5_node1_100_node2_70_node3_90_node4_0,0.4756243335804425
Test_U_3Layers_input_size_15_node1_70_node2_40_node3_50_node4_0,0.4757277572952865
Test_U_3Layers_input_size_15_node1_40_node2_40_node3_30_node4_0,0.4757287596262385
Test_U_2Layers_input_size_5_node1_60_node2_80_node3_0_node4_0,0.47582725966408096
Test_U_2Layers_input_size_5_node1_50_node2_100_node3_0_node4_0,0.475849963458189
Test_U_2Layers_input_size_10_node1_30_node2_80_node3_0_node4_0,0.4758699732144964
Test_U_3Layers_input_size_15_node1_80_node2_30_node3_50_node4_0,0.4758796333355969
Test_U_3Layers_input_size_15_node1_40_node2_70_node3_50_node4_0,0.47588054140821034
Test_U_3Layers_input_size_15_node1_60_node2_40_node3_60_node4_0,0.4758948824631601
Test_U_3Layers_input_size_15_node1_30_node2_100_node3_60_node4_0,0.4759074540150255
Test_U_3Layers_input_size_10_node1_70_node2_100_node3_30_node4_0,0.47591381011534883
Test_U_2Layers_input_size_15_node1_70_node2_50_node3_0_node4_0,0.47595354164626014
Test_U_3Layers_input_size_5_node1_90_node2_30_node3_30_node4_0,0.47597858740024057
Train_U_3Layers_input_size_15_node1_40_node2_70_node3_90_node4_0,0.47599136022732874
Test_U_3Layers_input_size_5_node1_60_node2_90_node3_30_node4_0,0.4760055101159879
Test_U_3Layers_input_size_15_node1_30_node2_80_node3_30_node4_0,0.47608769324380856
Test_U_2Layers_input_size_5_node1_60_node2_100_node3_0_node4_0,0.4761161746586473
Test_U_3Layers_input_size_10_node1_70_node2_30_node3_30_node4_0,0.47640869910691946
Test_U_3Layers_input_size_10_node1_60_node2_40_node3_90_node4_0,0.47642802858352373
Test_U_3Layers_input_size_5_node1_30_node2_40_node3_50_node4_0,0.4764646679877324
Test_U_3Layers_input_size_10_node1_90_node2_100_node3_60_node4_0,0.47649748937219594
Test_U_3Layers_input_size_15_node1_40_node2_40_node3_40_node4_0,0.4765868102580121
Test_U_3Layers_input_size_15_node1_40_node2_50_node3_70_node4_0,0.4765967372415222
Test_U_3Layers_input_size_15_node1_100_node2_70_node3_100_node4_0,0.4766119634254551
Test_U_3Layers_input_size_5_node1_30_node2_80_node3_100_node4_0,0.47669832451547733
Test_U_2Layers_input_size_15_node1_60_node2_40_node3_0_node4_0,0.47673388041713516
Test_U_3Layers_input_size_10_node1_60_node2_90_node3_60_node4_0,0.4768216882256171
Test_U_2Layers_input_size_15_node1_50_node2_80_node3_0_node4_0,0.4768460946428233
Test_U_3Layers_input_size_10_node1_30_node2_40_node3_60_node4_0,0.47691112024045024
Test_U_3Layers_input_size_5_node1_30_node2_90_node3_30_node4_0,0.4769335224894064
Test_U_3Layers_input_size_10_node1_50_node2_80_node3_40_node4_0,0.4769473632414492
Test_U_3Layers_input_size_10_node1_70_node2_70_node3_90_node4_0,0.47695365861992506
Test_U_3Layers_input_size_15_node1_30_node2_60_node3_40_node4_0,0.47696032881861544
Test_U_2Layers_input_size_15_node1_100_node2_80_node3_0_node4_0,0.47696526501800846
Test_U_3Layers_input_size_10_node1_30_node2_70_node3_90_node4_0,0.47706970989426933
Test_U_3Layers_input_size_5_node1_40_node2_30_node3_40_node4_0,0.4771067997382113
Test_U_3Layers_input_size_15_node1_80_node2_40_node3_80_node4_0,0.47711740299939626
Test_U_2Layers_input_size_15_node1_30_node2_70_node3_0_node4_0,0.47717558400603083
Test_U_3Layers_input_size_10_node1_60_node2_30_node3_90_node4_0,0.4771803930686426
Test_U_3Layers_input_size_10_node1_100_node2_90_node3_70_node4_0,0.4773161666317695
Test_U_3Layers_input_size_10_node1_30_node2_60_node3_50_node4_0,0.4774316460182761
Test_U_3Layers_input_size_5_node1_100_node2_80_node3_30_node4_0,0.4774390117782626
Test_U_3Layers_input_size_10_node1_80_node2_30_node3_80_node4_0,0.4774682864297938
Test_U_3Layers_input_size_10_node1_50_node2_50_node3_70_node4_0,0.47753088696430235
Test_U_2Layers_input_size_10_node1_30_node2_40_node3_0_node4_0,0.47766805829497416
Test_U_3Layers_input_size_15_node1_40_node2_70_node3_40_node4_0,0.4777112467072935
Test_U_3Layers_input_size_15_node1_40_node2_80_node3_90_node4_0,0.47772897949665355
Test_U_3Layers_input_size_5_node1_100_node2_100_node3_50_node4_0,0.4777465244847492
Test_U_2Layers_input_size_5_node1_80_node2_30_node3_0_node4_0,0.47778421673791466
Test_U_3Layers_input_size_15_node1_60_node2_60_node3_50_node4_0,0.47778920680091197
Test_U_3Layers_input_size_10_node1_40_node2_30_node3_50_node4_0,0.4777951792140455
Test_U_3Layers_input_size_10_node1_60_node2_100_node3_80_node4_0,0.4778719250966497
Test_U_1Layers_input_size_5_node1_40_node2_0_node3_0_node4_0,0.4778800480251922
Test_U_3Layers_input_size_5_node1_40_node2_30_node3_60_node4_0,0.4779424543277349
Test_U_3Layers_input_size_15_node1_90_node2_30_node3_40_node4_0,0.4779658058776667
Test_U_3Layers_input_size_5_node1_100_node2_40_node3_30_node4_0,0.47805994875318536
Test_U_3Layers_input_size_15_node1_40_node2_100_node3_80_node4_0,0.47811868513836375
Test_U_3Layers_input_size_10_node1_40_node2_90_node3_90_node4_0,0.4781391141715588
Test_U_3Layers_input_size_10_node1_100_node2_100_node3_50_node4_0,0.478195830939071
Test_U_3Layers_input_size_15_node1_90_node2_40_node3_80_node4_0,0.4782437856383115
Test_U_3Layers_input_size_10_node1_40_node2_30_node3_60_node4_0,0.47831806074853106
Test_U_3Layers_input_size_5_node1_40_node2_70_node3_30_node4_0,0.47838210753859156
Test_U_3Layers_input_size_5_node1_40_node2_90_node3_50_node4_0,0.4784299034098605
Test_U_3Layers_input_size_5_node1_70_node2_80_node3_80_node4_0,0.4785254029812528
Test_U_3Layers_input_size_15_node1_40_node2_70_node3_70_node4_0,0.4785368467023703
Test_U_3Layers_input_size_15_node1_30_node2_40_node3_100_node4_0,0.4786663207386718
Test_U_2Layers_input_size_5_node1_80_node2_90_node3_0_node4_0,0.4786938860754035
Test_U_3Layers_input_size_5_node1_30_node2_100_node3_70_node4_0,0.47875378968255333
Test_U_3Layers_input_size_15_node1_80_node2_100_node3_40_node4_0,0.47889205762235715
Test_U_2Layers_input_size_15_node1_30_node2_100_node3_0_node4_0,0.47892429261812214
Test_U_2Layers_input_size_10_node1_80_node2_30_node3_0_node4_0,0.4789978555808516
Test_U_3Layers_input_size_15_node1_70_node2_60_node3_80_node4_0,0.47900673712808683
Test_U_3Layers_input_size_15_node1_90_node2_40_node3_90_node4_0,0.4790896028937978
Test_U_3Layers_input_size_5_node1_100_node2_100_node3_80_node4_0,0.47923083670404665
Test_U_3Layers_input_size_15_node1_50_node2_40_node3_30_node4_0,0.4792673240200948
Test_U_3Layers_input_size_15_node1_30_node2_80_node3_70_node4_0,0.47934919660868375
Test_U_3Layers_input_size_15_node1_60_node2_50_node3_100_node4_0,0.4793743913390512
Test_U_3Layers_input_size_10_node1_30_node2_100_node3_50_node4_0,0.47947161410881717
Test_U_3Layers_input_size_15_node1_100_node2_80_node3_60_node4_0,0.47948191645356764
Test_U_3Layers_input_size_5_node1_50_node2_70_node3_60_node4_0,0.47964223467950085
Test_U_3Layers_input_size_15_node1_60_node2_70_node3_90_node4_0,0.4797082480252129
Test_U_3Layers_input_size_5_node1_30_node2_70_node3_70_node4_0,0.479751594436445
Test_U_3Layers_input_size_10_node1_40_node2_30_node3_100_node4_0,0.4797929181993499
Test_U_3Layers_input_size_10_node1_50_node2_30_node3_100_node4_0,0.4798860195054304
Train_U_3Layers_input_size_10_node1_60_node2_30_node3_70_node4_0,0.47991778409699404
Test_U_3Layers_input_size_10_node1_50_node2_30_node3_80_node4_0,0.47995955925196615
Test_U_3Layers_input_size_15_node1_80_node2_50_node3_90_node4_0,0.4800027743150088
Test_U_3Layers_input_size_5_node1_90_node2_70_node3_60_node4_0,0.4800058631737563
Test_U_3Layers_input_size_5_node1_60_node2_80_node3_30_node4_0,0.48010052162365346
Test_U_3Layers_input_size_15_node1_30_node2_100_node3_100_node4_0,0.4801520722862603
Test_U_3Layers_input_size_5_node1_30_node2_40_node3_30_node4_0,0.4801640048085114
Test_U_3Layers_input_size_15_node1_40_node2_30_node3_50_node4_0,0.48017548705971197
Test_U_3Layers_input_size_15_node1_70_node2_60_node3_100_node4_0,0.4801930823010942
Test_U_3Layers_input_size_10_node1_30_node2_40_node3_50_node4_0,0.480196868141762
Test_U_3Layers_input_size_15_node1_50_node2_90_node3_70_node4_0,0.48026420146908516
Test_U_3Layers_input_size_10_node1_90_node2_60_node3_60_node4_0,0.4802903565245828
Test_U_2Layers_input_size_10_node1_80_node2_90_node3_0_node4_0,0.48033472068082406
Test_U_3Layers_input_size_15_node1_40_node2_50_node3_30_node4_0,0.4803424296984794
Test_U_3Layers_input_size_15_node1_80_node2_90_node3_70_node4_0,0.48035173619479604
Test_U_3Layers_input_size_15_node1_50_node2_90_node3_50_node4_0,0.4803684719236714
Test_U_3Layers_input_size_5_node1_30_node2_40_node3_80_node4_0,0.48038816939325146
Test_U_3Layers_input_size_5_node1_30_node2_50_node3_80_node4_0,0.4805454410041024
Test_U_3Layers_input_size_15_node1_90_node2_90_node3_30_node4_0,0.4805773325474299
Test_U_3Layers_input_size_15_node1_80_node2_100_node3_60_node4_0,0.48061962395031255
Test_U_3Layers_input_size_15_node1_100_node2_50_node3_40_node4_0,0.4806345676764528
Test_U_3Layers_input_size_10_node1_30_node2_30_node3_80_node4_0,0.480676203035367
Test_U_3Layers_input_size_5_node1_90_node2_50_node3_40_node4_0,0.4807581146495677
Test_U_3Layers_input_size_10_node1_40_node2_80_node3_90_node4_0,0.48089893590476634
Test_U_3Layers_input_size_15_node1_70_node2_30_node3_100_node4_0,0.4809014767546179
Test_U_3Layers_input_size_15_node1_60_node2_90_node3_40_node4_0,0.4809291773442187
Test_U_1Layers_input_size_5_node1_80_node2_0_node3_0_node4_0,0.48104115636321315
Test_U_3Layers_input_size_10_node1_70_node2_70_node3_60_node4_0,0.48105127021297517
Test_U_3Layers_input_size_15_node1_60_node2_40_node3_90_node4_0,0.48113396967403166
Train_U_3Layers_input_size_15_node1_50_node2_40_node3_100_node4_0,0.4811416349154196
Test_U_3Layers_input_size_15_node1_50_node2_50_node3_60_node4_0,0.48115564882890377
Test_U_3Layers_input_size_10_node1_40_node2_50_node3_100_node4_0,0.4811877167019082
Test_U_1Layers_input_size_15_node1_30_node2_0_node3_0_node4_0,0.48128756091689606
Test_U_3Layers_input_size_5_node1_30_node2_80_node3_50_node4_0,0.48132630709301893
Test_U_3Layers_input_size_15_node1_40_node2_90_node3_60_node4_0,0.4813273596823313
Test_U_3Layers_input_size_5_node1_70_node2_40_node3_50_node4_0,0.4813832055320914
Test_U_3Layers_input_size_10_node1_100_node2_30_node3_80_node4_0,0.4813905417836516
Test_U_2Layers_input_size_10_node1_40_node2_90_node3_0_node4_0,0.48141355583889917
Test_U_3Layers_input_size_10_node1_100_node2_50_node3_30_node4_0,0.4814780574286941
Test_U_3Layers_input_size_10_node1_90_node2_100_node3_100_node4_0,0.48149428979314096
Test_U_3Layers_input_size_5_node1_40_node2_80_node3_50_node4_0,0.4815212135761814
Test_U_3Layers_input_size_10_node1_30_node2_30_node3_70_node4_0,0.48159410139064485
Test_U_2Layers_input_size_5_node1_50_node2_90_node3_0_node4_0,0.48163553004729603
Test_U_3Layers_input_size_5_node1_70_node2_50_node3_100_node4_0,0.48170072887465293
Test_U_2Layers_input_size_15_node1_40_node2_60_node3_0_node4_0,0.4817404316425563
Test_U_1Layers_input_size_15_node1_50_node2_0_node3_0_node4_0,0.48181158529222745
Test_U_3Layers_input_size_10_node1_70_node2_90_node3_50_node4_0,0.481811647146947
Test_U_3Layers_input_size_10_node1_30_node2_70_node3_70_node4_0,0.48189163411840835
Test_U_3Layers_input_size_5_node1_60_node2_100_node3_30_node4_0,0.4819908378638445
Test_U_1Layers_input_size_5_node1_50_node2_0_node3_0_node4_0,0.48203975972928764
Test_U_3Layers_input_size_15_node1_80_node2_90_node3_40_node4_0,0.4821418999985373
Test_U_1Layers_input_size_10_node1_90_node2_0_node3_0_node4_0,0.48217832154829754
Test_U_3Layers_input_size_15_node1_40_node2_90_node3_70_node4_0,0.4822075093407698
Test_U_3Layers_input_size_15_node1_70_node2_80_node3_40_node4_0,0.48229510846430707
Test_U_3Layers_input_size_5_node1_80_node2_100_node3_30_node4_0,0.4823008860482056
Test_U_3Layers_input_size_15_node1_50_node2_100_node3_60_node4_0,0.4823260347247573
Test_U_3Layers_input_size_5_node1_100_node2_30_node3_30_node4_0,0.4823324916058287
Test_U_3Layers_input_size_5_node1_50_node2_30_node3_90_node4_0,0.4824053186208832
Test_U_3Layers_input_size_10_node1_70_node2_80_node3_90_node4_0,0.4824076816463213
Train_U_3Layers_input_size_10_node1_80_node2_100_node3_30_node4_0,0.48252811883612473
Test_U_3Layers_input_size_10_node1_80_node2_60_node3_90_node4_0,0.4825979830272102
Test_U_3Layers_input_size_10_node1_100_node2_90_node3_50_node4_0,0.482690280889008
Test_U_2Layers_input_size_15_node1_70_node2_30_node3_0_node4_0,0.48269537458722706
Test_U_3Layers_input_size_15_node1_40_node2_50_node3_40_node4_0,0.4827695203989981
Test_U_3Layers_input_size_5_node1_70_node2_40_node3_70_node4_0,0.48277969063694615
Test_U_3Layers_input_size_10_node1_40_node2_50_node3_30_node4_0,0.4827870673977878
Test_U_3Layers_input_size_15_node1_30_node2_50_node3_30_node4_0,0.4828952057995633
Test_U_3Layers_input_size_10_node1_50_node2_40_node3_50_node4_0,0.48291666703420294
Test_U_1Layers_input_size_15_node1_80_node2_0_node3_0_node4_0,0.4831077240967797
Test_U_3Layers_input_size_15_node1_60_node2_90_node3_50_node4_0,0.4831116567400073
Test_U_3Layers_input_size_15_node1_80_node2_50_node3_50_node4_0,0.48311508042686857
Test_U_3Layers_input_size_15_node1_60_node2_100_node3_40_node4_0,0.48311571272674275
Train_U_3Layers_input_size_15_node1_100_node2_40_node3_60_node4_0,0.4831269551887774
Test_U_3Layers_input_size_10_node1_80_node2_70_node3_50_node4_0,0.48314208352110055
Test_U_2Layers_input_size_10_node1_70_node2_60_node3_0_node4_0,0.4831538188328626
Train_U_3Layers_input_size_15_node1_70_node2_30_node3_40_node4_0,0.48320601515649597
Test_U_3Layers_input_size_10_node1_60_node2_30_node3_30_node4_0,0.4832490632432442
Train_U_3Layers_input_size_15_node1_80_node2_40_node3_40_node4_0,0.4833562505018983
Test_U_3Layers_input_size_10_node1_70_node2_30_node3_40_node4_0,0.48337391492506293
Test_U_3Layers_input_size_5_node1_100_node2_30_node3_80_node4_0,0.48340061071658746
Test_U_3Layers_input_size_15_node1_100_node2_40_node3_100_node4_0,0.48363575360077327
Test_U_3Layers_input_size_15_node1_30_node2_70_node3_100_node4_0,0.48366656332992003
Test_U_3Layers_input_size_15_node1_40_node2_60_node3_40_node4_0,0.48370584288844376
Test_U_2Layers_input_size_10_node1_90_node2_30_node3_0_node4_0,0.4838039662325908
Test_U_3Layers_input_size_5_node1_100_node2_90_node3_40_node4_0,0.4838631140131798
Test_U_3Layers_input_size_10_node1_70_node2_30_node3_80_node4_0,0.48386885747654473
Test_U_3Layers_input_size_5_node1_60_node2_60_node3_100_node4_0,0.48393298562097325
Test_U_3Layers_input_size_15_node1_40_node2_60_node3_90_node4_0,0.48403214041143866
Test_U_3Layers_input_size_15_node1_60_node2_60_node3_60_node4_0,0.48410908260028207
Test_U_3Layers_input_size_15_node1_100_node2_70_node3_40_node4_0,0.48415077310870924
Test_U_3Layers_input_size_5_node1_30_node2_60_node3_80_node4_0,0.4842909924660177
Test_U_3Layers_input_size_15_node1_50_node2_100_node3_40_node4_0,0.484341589482967
Test_U_1Layers_input_size_5_node1_60_node2_0_node3_0_node4_0,0.48440447071620574
Test_U_3Layers_input_size_10_node1_90_node2_100_node3_50_node4_0,0.4844664979469088
Test_U_3Layers_input_size_5_node1_60_node2_100_node3_40_node4_0,0.4844769093765671
Test_U_3Layers_input_size_5_node1_80_node2_40_node3_90_node4_0,0.4845497523677478
Test_U_3Layers_input_size_5_node1_60_node2_90_node3_50_node4_0,0.48468369214980456
Test_U_3Layers_input_size_15_node1_50_node2_70_node3_50_node4_0,0.48468665894583574
Test_U_2Layers_input_size_15_node1_70_node2_60_node3_0_node4_0,0.4848166267560675
Test_U_2Layers_input_size_10_node1_80_node2_50_node3_0_node4_0,0.4848601772366498
Test_U_3Layers_input_size_15_node1_50_node2_90_node3_40_node4_0,0.48508403013262663
Test_U_3Layers_input_size_5_node1_80_node2_60_node3_90_node4_0,0.48518784830144024
Test_U_3Layers_input_size_15_node1_100_node2_80_node3_40_node4_0,0.4852286783847342
Test_U_2Layers_input_size_15_node1_40_node2_100_node3_0_node4_0,0.48530845527412675
Test_U_3Layers_input_size_10_node1_100_node2_60_node3_30_node4_0,0.4853122165627521
Test_U_3Layers_input_size_5_node1_60_node2_30_node3_70_node4_0,0.48534327294621765
Test_U_3Layers_input_size_10_node1_70_node2_100_node3_60_node4_0,0.48539237881203473
Test_U_3Layers_input_size_10_node1_100_node2_100_node3_70_node4_0,0.4854596207677793
Train_U_3Layers_input_size_15_node1_40_node2_90_node3_100_node4_0,0.48552390709442633
Test_U_3Layers_input_size_10_node1_60_node2_100_node3_40_node4_0,0.4856656783113959
Test_U_3Layers_input_size_15_node1_90_node2_100_node3_80_node4_0,0.48567187602206346
Train_U_2Layers_input_size_5_node1_30_node2_30_node3_0_node4_0,0.4857286182160226
Test_U_3Layers_input_size_5_node1_30_node2_90_node3_90_node4_0,0.485747576822862
Test_U_3Layers_input_size_15_node1_50_node2_90_node3_90_node4_0,0.4858129752699209
Test_U_3Layers_input_size_15_node1_30_node2_70_node3_50_node4_0,0.4860598425471857
Test_U_2Layers_input_size_15_node1_70_node2_90_node3_0_node4_0,0.48616420327247856
Test_U_3Layers_input_size_5_node1_80_node2_30_node3_100_node4_0,0.4862042924340004
Test_U_3Layers_input_size_10_node1_50_node2_80_node3_30_node4_0,0.4862452670065584
Test_U_3Layers_input_size_15_node1_30_node2_80_node3_60_node4_0,0.48625973140128137
Test_U_2Layers_input_size_10_node1_60_node2_80_node3_0_node4_0,0.48640456613849026
Test_U_3Layers_input_size_5_node1_30_node2_50_node3_30_node4_0,0.48641524243153095
Test_U_3Layers_input_size_15_node1_90_node2_60_node3_30_node4_0,0.4864649752450031
Test_U_3Layers_input_size_10_node1_30_node2_40_node3_30_node4_0,0.4865733528029359
Test_U_3Layers_input_size_5_node1_40_node2_30_node3_90_node4_0,0.4866874011186475
Test_U_3Layers_input_size_15_node1_90_node2_90_node3_90_node4_0,0.48669272853795414
Test_U_3Layers_input_size_15_node1_30_node2_60_node3_30_node4_0,0.4867006583242077
Test_U_3Layers_input_size_15_node1_40_node2_100_node3_90_node4_0,0.48676176539319826
Test_U_3Layers_input_size_15_node1_80_node2_100_node3_100_node4_0,0.48692077313820475
Test_U_3Layers_input_size_10_node1_40_node2_80_node3_60_node4_0,0.487005489746304
Test_U_3Layers_input_size_10_node1_40_node2_30_node3_70_node4_0,0.4870312827743309
Test_U_3Layers_input_size_5_node1_100_node2_50_node3_70_node4_0,0.4871635309015775
Test_U_2Layers_input_size_15_node1_60_node2_90_node3_0_node4_0,0.4871878321403658
Test_U_3Layers_input_size_15_node1_50_node2_70_node3_30_node4_0,0.48748326517383056
Test_U_3Layers_input_size_10_node1_40_node2_60_node3_50_node4_0,0.4874947278642453
Test_U_3Layers_input_size_15_node1_90_node2_70_node3_40_node4_0,0.48783570370664636
Test_U_3Layers_input_size_5_node1_60_node2_50_node3_70_node4_0,0.4878443021751007
Test_U_2Layers_input_size_10_node1_60_node2_90_node3_0_node4_0,0.4878905755219385
Test_U_3Layers_input_size_5_node1_80_node2_70_node3_90_node4_0,0.4881094057959955
Test_U_2Layers_input_size_10_node1_50_node2_50_node3_0_node4_0,0.4881376436771993
Test_U_3Layers_input_size_15_node1_60_node2_70_node3_100_node4_0,0.48869123412892634
Test_U_3Layers_input_size_15_node1_70_node2_50_node3_80_node4_0,0.48872448449716216
Test_U_3Layers_input_size_15_node1_80_node2_40_node3_60_node4_0,0.48878786889126136
Test_U_3Layers_input_size_5_node1_40_node2_100_node3_90_node4_0,0.4887980815769031
Train_U_3Layers_input_size_15_node1_70_node2_70_node3_70_node4_0,0.48888510939041463
Test_U_3Layers_input_size_15_node1_40_node2_100_node3_30_node4_0,0.4889520233954246
Test_U_3Layers_input_size_5_node1_40_node2_60_node3_60_node4_0,0.48902870951179184
Test_U_3Layers_input_size_10_node1_50_node2_30_node3_90_node4_0,0.48905014534357133
Test_U_2Layers_input_size_15_node1_40_node2_40_node3_0_node4_0,0.48914384561504154
Test_U_3Layers_input_size_15_node1_70_node2_30_node3_50_node4_0,0.48914436349870394
Test_U_3Layers_input_size_15_node1_70_node2_50_node3_60_node4_0,0.48921303915408393
Test_U_3Layers_input_size_10_node1_70_node2_80_node3_30_node4_0,0.48935800466830076
Test_U_3Layers_input_size_15_node1_100_node2_40_node3_40_node4_0,0.48935833962290554
Test_U_3Layers_input_size_10_node1_90_node2_70_node3_100_node4_0,0.4893886825139567
Test_U_3Layers_input_size_15_node1_70_node2_40_node3_30_node4_0,0.48939433068186355
Test_U_3Layers_input_size_15_node1_60_node2_40_node3_100_node4_0,0.4894958495713227
Test_U_3Layers_input_size_10_node1_90_node2_100_node3_30_node4_0,0.48964791345435127
Test_U_3Layers_input_size_15_node1_100_node2_30_node3_40_node4_0,0.4896710567476658
Test_U_2Layers_input_size_15_node1_30_node2_50_node3_0_node4_0,0.4898277359189771
Test_U_3Layers_input_size_15_node1_90_node2_30_node3_90_node4_0,0.4898738067020601
Test_U_3Layers_input_size_15_node1_40_node2_50_node3_60_node4_0,0.4899715767859219
Test_U_2Layers_input_size_15_node1_30_node2_40_node3_0_node4_0,0.49004150487322307
Test_U_3Layers_input_size_15_node1_40_node2_70_node3_30_node4_0,0.4902667000740515
Test_U_3Layers_input_size_10_node1_80_node2_70_node3_100_node4_0,0.49035127925264443
Test_U_3Layers_input_size_10_node1_40_node2_90_node3_60_node4_0,0.4903703630146956
Test_U_3Layers_input_size_15_node1_50_node2_30_node3_90_node4_0,0.4903730523068082
Test_U_3Layers_input_size_10_node1_90_node2_40_node3_90_node4_0,0.49047793838823983
Test_U_3Layers_input_size_5_node1_50_node2_60_node3_30_node4_0,0.4905541733321713
Test_U_3Layers_input_size_15_node1_30_node2_80_node3_90_node4_0,0.49056299753269567
Test_U_3Layers_input_size_15_node1_80_node2_80_node3_40_node4_0,0.4906265392400809
Test_U_3Layers_input_size_10_node1_100_node2_90_node3_100_node4_0,0.49072267143287446
Test_U_3Layers_input_size_10_node1_60_node2_30_node3_80_node4_0,0.49073240355874415
Test_U_3Layers_input_size_10_node1_30_node2_30_node3_60_node4_0,0.4907562851651521
Test_U_3Layers_input_size_5_node1_70_node2_90_node3_90_node4_0,0.49076284367374
Test_U_3Layers_input_size_15_node1_100_node2_90_node3_70_node4_0,0.4907629044002619
Test_U_2Layers_input_size_5_node1_70_node2_100_node3_0_node4_0,0.4907878016411354
Test_U_3Layers_input_size_10_node1_80_node2_90_node3_40_node4_0,0.49099420274664507
Test_U_3Layers_input_size_10_node1_60_node2_40_node3_80_node4_0,0.49099693414503975
Test_U_3Layers_input_size_15_node1_90_node2_30_node3_30_node4_0,0.4913319311663282
Test_U_3Layers_input_size_10_node1_50_node2_30_node3_50_node4_0,0.49146302203046305
Test_U_3Layers_input_size_15_node1_80_node2_100_node3_50_node4_0,0.49157646639530067
Test_U_3Layers_input_size_15_node1_80_node2_40_node3_100_node4_0,0.4916566832250826
Test_U_2Layers_input_size_10_node1_30_node2_100_node3_0_node4_0,0.49168409610286246
Test_U_3Layers_input_size_10_node1_80_node2_30_node3_90_node4_0,0.4918338776864108
Test_U_3Layers_input_size_15_node1_30_node2_40_node3_80_node4_0,0.4919623965231297
Test_U_3Layers_input_size_15_node1_60_node2_100_node3_30_node4_0,0.4920498186122551
Train_U_3Layers_input_size_5_node1_90_node2_30_node3_90_node4_0,0.49237219054928205
Test_U_3Layers_input_size_10_node1_90_node2_40_node3_70_node4_0,0.4923842203497667
Test_U_3Layers_input_size_15_node1_30_node2_100_node3_90_node4_0,0.4924076435708281
Test_U_3Layers_input_size_15_node1_80_node2_50_node3_100_node4_0,0.4926078908398633
Test_U_3Layers_input_size_10_node1_40_node2_40_node3_60_node4_0,0.4926273560330924
Test_U_3Layers_input_size_10_node1_40_node2_50_node3_90_node4_0,0.4927823241676488
Test_U_3Layers_input_size_15_node1_50_node2_80_node3_100_node4_0,0.4928660181433072
Test_U_3Layers_input_size_15_node1_90_node2_70_node3_100_node4_0,0.4929925752616513
Test_U_3Layers_input_size_10_node1_70_node2_60_node3_40_node4_0,0.4932687931463543
Test_U_3Layers_input_size_15_node1_90_node2_50_node3_90_node4_0,0.4933393261385475
Train_U_3Layers_input_size_15_node1_90_node2_100_node3_50_node4_0,0.49336317216464504
Test_U_3Layers_input_size_10_node1_50_node2_40_node3_80_node4_0,0.4933728673061052
Test_U_3Layers_input_size_10_node1_30_node2_90_node3_50_node4_0,0.4935211852598172
Test_U_3Layers_input_size_15_node1_40_node2_50_node3_100_node4_0,0.49370588998895276
Test_U_3Layers_input_size_5_node1_70_node2_70_node3_40_node4_0,0.4940343750121228
Test_U_3Layers_input_size_15_node1_80_node2_60_node3_100_node4_0,0.49417583053684266
Test_U_3Layers_input_size_5_node1_50_node2_100_node3_100_node4_0,0.49439111022645704
Test_U_3Layers_input_size_15_node1_60_node2_100_node3_90_node4_0,0.49446585284574535
Test_U_3Layers_input_size_15_node1_30_node2_70_node3_70_node4_0,0.4947460521619521
Test_U_3Layers_input_size_15_node1_90_node2_40_node3_50_node4_0,0.4950138112029498
Test_U_3Layers_input_size_15_node1_60_node2_70_node3_70_node4_0,0.49512409453681216
Test_U_3Layers_input_size_10_node1_90_node2_60_node3_80_node4_0,0.495157243962974
Test_U_3Layers_input_size_15_node1_80_node2_70_node3_50_node4_0,0.495941484167276
Test_U_3Layers_input_size_5_node1_70_node2_60_node3_70_node4_0,0.49598518445206946
Test_U_3Layers_input_size_10_node1_40_node2_50_node3_50_node4_0,0.4960283852115188
Test_U_2Layers_input_size_5_node1_40_node2_50_node3_0_node4_0,0.4962733086461718
Test_U_3Layers_input_size_15_node1_30_node2_40_node3_30_node4_0,0.49637122917135923
Test_U_3Layers_input_size_15_node1_60_node2_40_node3_80_node4_0,0.49645761977526115
Test_U_3Layers_input_size_10_node1_40_node2_100_node3_50_node4_0,0.49651414975520586
Test_U_3Layers_input_size_15_node1_30_node2_90_node3_90_node4_0,0.496516490650896
Test_U_3Layers_input_size_5_node1_80_node2_30_node3_30_node4_0,0.496667350108788
Test_U_3Layers_input_size_10_node1_70_node2_40_node3_30_node4_0,0.496712216516985
Test_U_3Layers_input_size_15_node1_30_node2_40_node3_70_node4_0,0.49672948097908415
Test_U_3Layers_input_size_5_node1_60_node2_80_node3_70_node4_0,0.49674942961027957
Test_U_2Layers_input_size_15_node1_30_node2_30_node3_0_node4_0,0.49687430783589454
Test_U_1Layers_input_size_10_node1_40_node2_0_node3_0_node4_0,0.4968833646729989
Test_U_3Layers_input_size_10_node1_80_node2_100_node3_50_node4_0,0.4969833237951146
Test_U_3Layers_input_size_15_node1_90_node2_50_node3_100_node4_0,0.49707486913125126
Test_U_1Layers_input_size_10_node1_30_node2_0_node3_0_node4_0,0.49715589225037304
Train_U_3Layers_input_size_15_node1_60_node2_100_node3_70_node4_0,0.49724709115920457
Train_U_3Layers_input_size_15_node1_70_node2_50_node3_100_node4_0,0.49727507984555225
Test_U_3Layers_input_size_15_node1_40_node2_40_node3_50_node4_0,0.4972771774352484
Test_U_3Layers_input_size_5_node1_30_node2_30_node3_80_node4_0,0.4973616280370021
Test_U_3Layers_input_size_15_node1_70_node2_60_node3_30_node4_0,0.4976822210029761
Test_U_3Layers_input_size_5_node1_80_node2_70_node3_80_node4_0,0.497968734894421
Test_U_3Layers_input_size_10_node1_80_node2_50_node3_80_node4_0,0.49819052625413435
Test_U_3Layers_input_size_15_node1_60_node2_60_node3_100_node4_0,0.4984317713441169
Test_U_3Layers_input_size_10_node1_60_node2_80_node3_80_node4_0,0.49844207044078515
Test_U_3Layers_input_size_15_node1_30_node2_30_node3_50_node4_0,0.4985793614380998
Test_U_3Layers_input_size_15_node1_40_node2_80_node3_80_node4_0,0.4987459250931403
Test_U_3Layers_input_size_10_node1_30_node2_80_node3_30_node4_0,0.4988102168107532
Test_U_3Layers_input_size_15_node1_60_node2_30_node3_50_node4_0,0.4989640710085343
Train_U_3Layers_input_size_15_node1_80_node2_90_node3_90_node4_0,0.4992072108551457
Test_U_2Layers_input_size_5_node1_40_node2_90_node3_0_node4_0,0.4992946328292018
Test_U_3Layers_input_size_15_node1_40_node2_90_node3_30_node4_0,0.4994363886467927
Test_U_3Layers_input_size_15_node1_60_node2_50_node3_40_node4_0,0.49964194590538913
Train_U_3Layers_input_size_10_node1_30_node2_90_node3_30_node4_0,0.500151641023631
Test_U_3Layers_input_size_10_node1_70_node2_40_node3_80_node4_0,0.5006393576764582
Test_U_3Layers_input_size_10_node1_90_node2_100_node3_70_node4_0,0.5008130615414035
Test_U_1Layers_input_size_5_node1_90_node2_0_node3_0_node4_0,0.5009713274884863
Test_U_3Layers_input_size_10_node1_100_node2_70_node3_60_node4_0,0.5010284932308794
Test_U_3Layers_input_size_15_node1_60_node2_60_node3_80_node4_0,0.5011014429494515
Test_U_3Layers_input_size_15_node1_30_node2_70_node3_90_node4_0,0.5024065871263974
Test_U_3Layers_input_size_15_node1_100_node2_70_node3_70_node4_0,0.5024128749149852
Test_U_2Layers_input_size_15_node1_100_node2_90_node3_0_node4_0,0.5024356230022031
Test_U_3Layers_input_size_15_node1_100_node2_100_node3_40_node4_0,0.5026637883639374
Test_U_3Layers_input_size_10_node1_100_node2_70_node3_90_node4_0,0.5028303918683978
Test_U_3Layers_input_size_15_node1_60_node2_100_node3_100_node4_0,0.5028933021197991
Test_U_3Layers_input_size_15_node1_30_node2_40_node3_40_node4_0,0.5029153766262614
Train_U_3Layers_input_size_15_node1_50_node2_60_node3_70_node4_0,0.5029488865419178
Test_U_3Layers_input_size_15_node1_50_node2_50_node3_40_node4_0,0.5030642727519565
Test_U_3Layers_input_size_15_node1_40_node2_50_node3_50_node4_0,0.503064687442846
Test_U_3Layers_input_size_5_node1_70_node2_80_node3_30_node4_0,0.503197874395099
Test_U_1Layers_input_size_5_node1_30_node2_0_node3_0_node4_0,0.5034363796001449
Test_U_2Layers_input_size_5_node1_60_node2_30_node3_0_node4_0,0.5035044820542467
Test_U_3Layers_input_size_10_node1_100_node2_80_node3_80_node4_0,0.5037550884302202
Train_U_3Layers_input_size_15_node1_30_node2_30_node3_100_node4_0,0.5039024352882951
Test_U_2Layers_input_size_10_node1_30_node2_90_node3_0_node4_0,0.5039605104079524
Test_U_3Layers_input_size_10_node1_70_node2_50_node3_50_node4_0,0.5041477009329735
Test_U_3Layers_input_size_5_node1_60_node2_40_node3_30_node4_0,0.5042668612152399
Test_U_3Layers_input_size_15_node1_90_node2_90_node3_50_node4_0,0.5043317491689705
Test_U_3Layers_input_size_5_node1_60_node2_30_node3_40_node4_0,0.5046989652199414
Test_U_3Layers_input_size_10_node1_100_node2_50_node3_70_node4_0,0.5047550297959336
Test_U_3Layers_input_size_10_node1_40_node2_80_node3_40_node4_0,0.5051442102330213
Test_U_3Layers_input_size_10_node1_80_node2_90_node3_100_node4_0,0.5052661731553141
Test_U_3Layers_input_size_10_node1_60_node2_30_node3_100_node4_0,0.5053957725801729
Train_U_3Layers_input_size_10_node1_70_node2_60_node3_90_node4_0,0.5055745622825492
Test_U_3Layers_input_size_5_node1_90_node2_90_node3_50_node4_0,0.5056872866805375
Test_U_3Layers_input_size_5_node1_90_node2_70_node3_80_node4_0,0.5058570478820296
Test_U_3Layers_input_size_5_node1_70_node2_70_node3_90_node4_0,0.5059412591710903
Test_U_1Layers_input_size_15_node1_90_node2_0_node3_0_node4_0,0.5060112036776451
Test_U_3Layers_input_size_15_node1_100_node2_90_node3_90_node4_0,0.5062692815146399
Test_U_3Layers_input_size_15_node1_80_node2_30_node3_80_node4_0,0.5069726013684411
Train_U_3Layers_input_size_15_node1_30_node2_50_node3_90_node4_0,0.5070968867580059
Test_U_2Layers_input_size_5_node1_50_node2_40_node3_0_node4_0,0.507606611328793
Test_U_3Layers_input_size_10_node1_100_node2_30_node3_30_node4_0,0.5077128385903014
Test_U_3Layers_input_size_15_node1_70_node2_50_node3_70_node4_0,0.507798942971829
Test_U_3Layers_input_size_10_node1_70_node2_60_node3_30_node4_0,0.5078598293843108
Test_U_2Layers_input_size_10_node1_100_node2_90_node3_0_node4_0,0.508182097695634
Test_U_3Layers_input_size_15_node1_50_node2_50_node3_90_node4_0,0.5084106443847035
Test_U_2Layers_input_size_15_node1_100_node2_30_node3_0_node4_0,0.5095389143371156
Test_U_3Layers_input_size_15_node1_80_node2_70_node3_80_node4_0,0.5098331742822142
Test_U_3Layers_input_size_10_node1_60_node2_90_node3_90_node4_0,0.5100665026669996
Test_U_3Layers_input_size_15_node1_80_node2_60_node3_90_node4_0,0.5100673206626466
Test_U_3Layers_input_size_15_node1_80_node2_80_node3_30_node4_0,0.5103002499793754
Test_U_3Layers_input_size_10_node1_100_node2_60_node3_50_node4_0,0.5109277975111924
Test_U_3Layers_input_size_5_node1_100_node2_40_node3_60_node4_0,0.5110707730405887
Test_U_3Layers_input_size_15_node1_80_node2_90_node3_80_node4_0,0.5112516877908991
Test_U_3Layers_input_size_15_node1_40_node2_60_node3_50_node4_0,0.5114955269626346
Train_U_3Layers_input_size_15_node1_50_node2_80_node3_50_node4_0,0.5114976827656601
Test_U_3Layers_input_size_15_node1_80_node2_80_node3_80_node4_0,0.5124734743743642
Test_U_3Layers_input_size_10_node1_90_node2_70_node3_40_node4_0,0.5125243564958749
Test_U_3Layers_input_size_5_node1_100_node2_60_node3_80_node4_0,0.5148885554033973
Test_U_3Layers_input_size_10_node1_30_node2_50_node3_60_node4_0,0.5154625607870867
Test_U_3Layers_input_size_15_node1_100_node2_30_node3_80_node4_0,0.5159917451933818
Test_U_3Layers_input_size_5_node1_70_node2_30_node3_80_node4_0,0.5168264725125282
Test_U_3Layers_input_size_15_node1_50_node2_90_node3_80_node4_0,0.5175408691816965
Test_U_3Layers_input_size_15_node1_80_node2_40_node3_40_node4_0,0.5183547616967494
Test_U_3Layers_input_size_15_node1_50_node2_100_node3_80_node4_0,0.5191534576092928
Test_U_3Layers_input_size_15_node1_30_node2_30_node3_80_node4_0,0.5194381974717848
Test_U_3Layers_input_size_5_node1_100_node2_80_node3_100_node4_0,0.5195751315063257
Test_U_3Layers_input_size_15_node1_30_node2_90_node3_40_node4_0,0.5200870953577487
Test_U_3Layers_input_size_15_node1_40_node2_90_node3_100_node4_0,0.520107609269937
Test_U_3Layers_input_size_15_node1_50_node2_40_node3_100_node4_0,0.5201482335965731
Test_U_3Layers_input_size_15_node1_100_node2_50_node3_80_node4_0,0.520562718342252
Test_U_3Layers_input_size_15_node1_70_node2_30_node3_40_node4_0,0.520577832176991
Test_U_2Layers_input_size_5_node1_30_node2_30_node3_0_node4_0,0.5206214537391004
Test_U_3Layers_input_size_15_node1_100_node2_60_node3_90_node4_0,0.5206572012313635
Test_U_3Layers_input_size_15_node1_70_node2_40_node3_100_node4_0,0.521925464634342
Test_U_3Layers_input_size_15_node1_70_node2_70_node3_70_node4_0,0.5219724278677003
Test_U_3Layers_input_size_15_node1_50_node2_100_node3_50_node4_0,0.5219761390676896
Test_U_3Layers_input_size_15_node1_50_node2_50_node3_50_node4_0,0.5223850943874164
Test_U_3Layers_input_size_15_node1_90_node2_50_node3_50_node4_0,0.5225181191784322
Test_U_3Layers_input_size_15_node1_90_node2_60_node3_60_node4_0,0.5233594067521291
Test_U_3Layers_input_size_5_node1_100_node2_60_node3_50_node4_0,0.5238848240922661
Test_U_3Layers_input_size_15_node1_50_node2_30_node3_70_node4_0,0.5249973228931291
Test_U_3Layers_input_size_15_node1_50_node2_60_node3_60_node4_0,0.5251951740416504
Test_U_3Layers_input_size_15_node1_90_node2_100_node3_50_node4_0,0.5255416029224353
Test_U_3Layers_input_size_10_node1_90_node2_50_node3_90_node4_0,0.5259630566267822
Test_U_3Layers_input_size_15_node1_70_node2_30_node3_60_node4_0,0.5266141294529542
Test_U_3Layers_input_size_15_node1_60_node2_80_node3_90_node4_0,0.5271174757784327
Test_U_3Layers_input_size_10_node1_100_node2_70_node3_100_node4_0,0.5272485435161849
Test_U_3Layers_input_size_15_node1_70_node2_50_node3_100_node4_0,0.5274728687594977
Test_U_3Layers_input_size_10_node1_40_node2_90_node3_30_node4_0,0.5278162499537943
Train_U_3Layers_input_size_15_node1_90_node2_70_node3_30_node4_0,0.5292636818700774
Test_U_3Layers_input_size_15_node1_50_node2_60_node3_70_node4_0,0.5319852229303266
Test_U_3Layers_input_size_15_node1_80_node2_60_node3_50_node4_0,0.5326731077185937
Test_U_3Layers_input_size_15_node1_70_node2_90_node3_40_node4_0,0.5332562207066152
Test_U_3Layers_input_size_15_node1_70_node2_100_node3_70_node4_0,0.5346130342872542
Test_U_3Layers_input_size_15_node1_30_node2_50_node3_90_node4_0,0.5351061832369436
Test_U_3Layers_input_size_15_node1_50_node2_80_node3_50_node4_0,0.5381314350146597
Test_U_3Layers_input_size_10_node1_30_node2_80_node3_100_node4_0,0.5389393099020431
Test_U_3Layers_input_size_15_node1_80_node2_90_node3_50_node4_0,0.5410326462694984
Test_U_3Layers_input_size_15_node1_30_node2_90_node3_70_node4_0,0.5420112125391203
Test_U_3Layers_input_size_15_node1_70_node2_80_node3_70_node4_0,0.5422170361655622
Test_U_3Layers_input_size_15_node1_30_node2_90_node3_50_node4_0,0.5473336612469663
Test_U_3Layers_input_size_15_node1_40_node2_70_node3_90_node4_0,0.5509442568411715
Test_U_3Layers_input_size_10_node1_60_node2_30_node3_70_node4_0,0.5552271783098521
Train_U_3Layers_input_size_15_node1_50_node2_60_node3_50_node4_0,0.555312489609941
Test_U_3Layers_input_size_15_node1_100_node2_40_node3_60_node4_0,0.5561990693167891
Test_U_3Layers_input_size_10_node1_80_node2_100_node3_30_node4_0,0.5606743006468125
Test_U_3Layers_input_size_5_node1_90_node2_30_node3_90_node4_0,0.5683519290816497
Test_U_3Layers_input_size_15_node1_60_node2_100_node3_70_node4_0,0.5688132345238643
Test_U_3Layers_input_size_15_node1_80_node2_90_node3_90_node4_0,0.5712171460393202
Test_U_3Layers_input_size_10_node1_30_node2_90_node3_30_node4_0,0.5721933625200617
Train_U_3Layers_input_size_15_node1_90_node2_80_node3_70_node4_0,0.5748301255109072
Test_U_3Layers_input_size_15_node1_50_node2_60_node3_50_node4_0,0.5765560873445177
Test_U_3Layers_input_size_15_node1_30_node2_30_node3_100_node4_0,0.5770954553132019
Test_U_3Layers_input_size_10_node1_70_node2_60_node3_90_node4_0,0.5776305790862689
Train_U_3Layers_input_size_15_node1_30_node2_40_node3_60_node4_0,0.5834338550014474
Test_U_3Layers_input_size_15_node1_90_node2_80_node3_70_node4_0,0.5934191082941362
Test_U_3Layers_input_size_15_node1_90_node2_70_node3_30_node4_0,0.602226039997346
Test_U_3Layers_input_size_15_node1_30_node2_40_node3_60_node4_0,0.6506017164815147
