Train_W_2Layers_input_size_15_node1_70_node2_80_node3_0_node4_0,0.18754582043902446
Train_W_2Layers_input_size_15_node1_70_node2_90_node3_0_node4_0,0.18794640409044225
Train_W_2Layers_input_size_5_node1_30_node2_50_node3_0_node4_0,0.18795332150072827
Train_W_2Layers_input_size_5_node1_50_node2_50_node3_0_node4_0,0.18802221413067483
Train_W_2Layers_input_size_10_node1_20_node2_80_node3_0_node4_0,0.18821056154918267
Train_W_2Layers_input_size_5_node1_80_node2_100_node3_0_node4_0,0.1882460672105783
Train_W_2Layers_input_size_15_node1_80_node2_100_node3_0_node4_0,0.18828116056827937
Train_W_2Layers_input_size_10_node1_60_node2_100_node3_0_node4_0,0.18831966965792532
Train_W_2Layers_input_size_25_node1_80_node2_80_node3_0_node4_0,0.1883420711434281
Train_W_2Layers_input_size_10_node1_50_node2_90_node3_0_node4_0,0.18836853410119964
Train_W_2Layers_input_size_15_node1_70_node2_70_node3_0_node4_0,0.18849463697350197
Train_W_2Layers_input_size_5_node1_80_node2_70_node3_0_node4_0,0.1885468445816831
Train_W_2Layers_input_size_30_node1_60_node2_90_node3_0_node4_0,0.1887020185728266
Train_W_1Layers_input_size_10_node1_60_node2_0_node3_0_node4_0,0.1888353559619133
Train_W_2Layers_input_size_15_node1_80_node2_30_node3_0_node4_0,0.18889546660952888
Train_W_2Layers_input_size_15_node1_60_node2_100_node3_0_node4_0,0.18898867671213426
Train_W_2Layers_input_size_10_node1_60_node2_20_node3_0_node4_0,0.18899280627060558
Train_W_2Layers_input_size_5_node1_90_node2_30_node3_0_node4_0,0.18907419633547023
Train_W_2Layers_input_size_10_node1_90_node2_100_node3_0_node4_0,0.18914891427684188
Train_W_2Layers_input_size_30_node1_70_node2_90_node3_0_node4_0,0.18916963229571507
Train_W_2Layers_input_size_5_node1_20_node2_80_node3_0_node4_0,0.18931410299789306
Train_W_2Layers_input_size_25_node1_70_node2_90_node3_0_node4_0,0.1893544775950169
Train_W_2Layers_input_size_5_node1_60_node2_10_node3_0_node4_0,0.18943785576392094
Train_W_2Layers_input_size_20_node1_20_node2_20_node3_0_node4_0,0.18944237865369354
Train_W_2Layers_input_size_25_node1_10_node2_90_node3_0_node4_0,0.18950895096504172
Train_W_2Layers_input_size_25_node1_60_node2_50_node3_0_node4_0,0.18959436362704674
Train_W_2Layers_input_size_5_node1_100_node2_90_node3_0_node4_0,0.1896148856249907
Train_W_2Layers_input_size_25_node1_30_node2_50_node3_0_node4_0,0.18964109239585866
Train_W_2Layers_input_size_10_node1_60_node2_30_node3_0_node4_0,0.18965042301792565
Train_W_2Layers_input_size_15_node1_40_node2_70_node3_0_node4_0,0.18965394889138293
Train_W_2Layers_input_size_25_node1_90_node2_60_node3_0_node4_0,0.1897212618424494
Train_W_2Layers_input_size_5_node1_100_node2_60_node3_0_node4_0,0.1897448427293563
Train_W_2Layers_input_size_15_node1_100_node2_70_node3_0_node4_0,0.1897967849534012
Train_W_2Layers_input_size_25_node1_60_node2_100_node3_0_node4_0,0.18981346783659742
Train_W_2Layers_input_size_20_node1_50_node2_30_node3_0_node4_0,0.1898506457642319
Train_W_2Layers_input_size_20_node1_90_node2_80_node3_0_node4_0,0.18987571148993343
Train_W_2Layers_input_size_10_node1_100_node2_30_node3_0_node4_0,0.18990135260879165
Train_W_2Layers_input_size_5_node1_90_node2_70_node3_0_node4_0,0.18990898345918453
Train_W_2Layers_input_size_5_node1_90_node2_100_node3_0_node4_0,0.1899122593343055
Train_W_2Layers_input_size_5_node1_30_node2_40_node3_0_node4_0,0.18993260968783066
Train_W_1Layers_input_size_5_node1_80_node2_0_node3_0_node4_0,0.1899444658283064
Train_W_2Layers_input_size_10_node1_80_node2_50_node3_0_node4_0,0.1899666561024489
Train_W_2Layers_input_size_15_node1_60_node2_60_node3_0_node4_0,0.18997658842557
Train_W_2Layers_input_size_5_node1_50_node2_40_node3_0_node4_0,0.1900402194514249
Train_W_2Layers_input_size_60_node1_60_node2_60_node3_0_node4_0,0.19004587472936094
Train_W_2Layers_input_size_30_node1_70_node2_100_node3_0_node4_0,0.1900546954508532
Train_W_2Layers_input_size_25_node1_100_node2_90_node3_0_node4_0,0.19009828340667392
Train_W_2Layers_input_size_25_node1_80_node2_100_node3_0_node4_0,0.190103682208206
Train_W_2Layers_input_size_5_node1_80_node2_90_node3_0_node4_0,0.19010846359587524
Train_W_2Layers_input_size_5_node1_60_node2_100_node3_0_node4_0,0.19016048280930783
Train_W_2Layers_input_size_5_node1_10_node2_10_node3_0_node4_0,0.19018444996273853
Train_W_2Layers_input_size_45_node1_30_node2_80_node3_0_node4_0,0.19020236213986744
Train_W_2Layers_input_size_30_node1_50_node2_100_node3_0_node4_0,0.19021645369505963
Train_W_2Layers_input_size_5_node1_100_node2_10_node3_0_node4_0,0.1902349307543648
Train_W_2Layers_input_size_5_node1_70_node2_50_node3_0_node4_0,0.19026872728125413
Train_W_2Layers_input_size_15_node1_50_node2_50_node3_0_node4_0,0.19035403387233393
Train_W_2Layers_input_size_5_node1_90_node2_80_node3_0_node4_0,0.19036124540047436
Train_W_2Layers_input_size_60_node1_20_node2_10_node3_0_node4_0,0.1903827315906436
Train_W_2Layers_input_size_5_node1_30_node2_70_node3_0_node4_0,0.19040613273292686
Train_W_2Layers_input_size_25_node1_30_node2_90_node3_0_node4_0,0.19044903387929804
Train_W_2Layers_input_size_15_node1_100_node2_80_node3_0_node4_0,0.19045464767810033
Train_W_2Layers_input_size_35_node1_50_node2_100_node3_0_node4_0,0.19045538117617394
Train_W_2Layers_input_size_20_node1_30_node2_70_node3_0_node4_0,0.19046276489943395
Train_W_2Layers_input_size_5_node1_20_node2_20_node3_0_node4_0,0.19047689586303723
Train_W_2Layers_input_size_15_node1_100_node2_40_node3_0_node4_0,0.1904773848049507
Train_W_2Layers_input_size_15_node1_100_node2_50_node3_0_node4_0,0.19048751539899528
Train_W_2Layers_input_size_20_node1_70_node2_90_node3_0_node4_0,0.1904984765642682
Train_W_2Layers_input_size_25_node1_40_node2_60_node3_0_node4_0,0.19051420830320573
Train_W_2Layers_input_size_5_node1_20_node2_60_node3_0_node4_0,0.19058036711617818
Train_W_2Layers_input_size_20_node1_70_node2_100_node3_0_node4_0,0.19062545690325403
Train_W_2Layers_input_size_25_node1_90_node2_50_node3_0_node4_0,0.19063592160315435
Train_W_2Layers_input_size_15_node1_40_node2_40_node3_0_node4_0,0.19063784642004536
Train_W_2Layers_input_size_35_node1_100_node2_90_node3_0_node4_0,0.19063896026459762
Train_W_2Layers_input_size_10_node1_70_node2_70_node3_0_node4_0,0.19066701918397952
Train_W_2Layers_input_size_25_node1_80_node2_90_node3_0_node4_0,0.19067945484255497
Train_W_2Layers_input_size_30_node1_70_node2_20_node3_0_node4_0,0.1906825025785719
Train_W_2Layers_input_size_55_node1_30_node2_50_node3_0_node4_0,0.19069969402322692
Train_W_2Layers_input_size_25_node1_10_node2_10_node3_0_node4_0,0.19074678673668805
Train_W_2Layers_input_size_10_node1_50_node2_30_node3_0_node4_0,0.1907700260556723
Train_W_2Layers_input_size_15_node1_100_node2_60_node3_0_node4_0,0.1907715296787963
Train_W_2Layers_input_size_20_node1_60_node2_30_node3_0_node4_0,0.19080842331518214
Train_W_2Layers_input_size_20_node1_80_node2_40_node3_0_node4_0,0.19081035615370787
Train_W_2Layers_input_size_15_node1_70_node2_60_node3_0_node4_0,0.19081545172506506
Train_W_2Layers_input_size_5_node1_60_node2_90_node3_0_node4_0,0.19083179177747156
Train_W_2Layers_input_size_30_node1_30_node2_80_node3_0_node4_0,0.19085304932138314
Train_W_2Layers_input_size_40_node1_90_node2_100_node3_0_node4_0,0.19086199864424033
Train_W_2Layers_input_size_15_node1_20_node2_50_node3_0_node4_0,0.19086583393986808
Train_W_2Layers_input_size_45_node1_30_node2_90_node3_0_node4_0,0.1908871950289611
Train_W_2Layers_input_size_30_node1_90_node2_80_node3_0_node4_0,0.190898826010168
Train_W_2Layers_input_size_5_node1_80_node2_60_node3_0_node4_0,0.19090502175532187
Train_W_2Layers_input_size_30_node1_40_node2_100_node3_0_node4_0,0.1909269442972902
Train_W_2Layers_input_size_30_node1_80_node2_10_node3_0_node4_0,0.19093650474226517
Train_W_2Layers_input_size_30_node1_20_node2_50_node3_0_node4_0,0.19094769375712656
Train_W_2Layers_input_size_35_node1_100_node2_80_node3_0_node4_0,0.19094824977650987
Train_W_2Layers_input_size_40_node1_50_node2_90_node3_0_node4_0,0.19098941022415852
Train_W_2Layers_input_size_15_node1_10_node2_40_node3_0_node4_0,0.19101481408257162
Train_W_2Layers_input_size_15_node1_90_node2_40_node3_0_node4_0,0.1910192313760701
Train_W_2Layers_input_size_35_node1_90_node2_70_node3_0_node4_0,0.1910343157121158
Train_W_2Layers_input_size_45_node1_100_node2_70_node3_0_node4_0,0.19106338894530878
Train_W_2Layers_input_size_30_node1_80_node2_50_node3_0_node4_0,0.19106401286962818
Train_W_2Layers_input_size_5_node1_80_node2_10_node3_0_node4_0,0.19109164872343737
Train_W_2Layers_input_size_35_node1_20_node2_80_node3_0_node4_0,0.1911053725581304
Train_W_1Layers_input_size_5_node1_90_node2_0_node3_0_node4_0,0.1911083160363566
Train_W_2Layers_input_size_15_node1_90_node2_80_node3_0_node4_0,0.19111444651268433
Train_W_2Layers_input_size_25_node1_40_node2_100_node3_0_node4_0,0.1911244263905462
Train_W_2Layers_input_size_10_node1_20_node2_90_node3_0_node4_0,0.19112978646139764
Train_W_2Layers_input_size_55_node1_60_node2_20_node3_0_node4_0,0.19113810889169736
Train_W_2Layers_input_size_10_node1_80_node2_60_node3_0_node4_0,0.19114648942722184
Test_W_2Layers_input_size_10_node1_60_node2_100_node3_0_node4_0,0.19115530808238398
Train_W_2Layers_input_size_55_node1_20_node2_50_node3_0_node4_0,0.1911748538391225
Train_W_2Layers_input_size_10_node1_60_node2_40_node3_0_node4_0,0.19120317507642878
Train_W_2Layers_input_size_35_node1_100_node2_60_node3_0_node4_0,0.19120380828628095
Train_W_2Layers_input_size_30_node1_70_node2_60_node3_0_node4_0,0.19122159575545297
Train_W_2Layers_input_size_30_node1_80_node2_80_node3_0_node4_0,0.19122718687439083
Train_W_2Layers_input_size_45_node1_20_node2_100_node3_0_node4_0,0.1912274985695905
Train_W_2Layers_input_size_35_node1_100_node2_100_node3_0_node4_0,0.19123014795827545
Train_W_2Layers_input_size_15_node1_60_node2_30_node3_0_node4_0,0.1912360310283713
Train_W_2Layers_input_size_25_node1_30_node2_30_node3_0_node4_0,0.19124915040207688
Train_W_2Layers_input_size_35_node1_60_node2_50_node3_0_node4_0,0.19125838309658263
Train_W_2Layers_input_size_50_node1_70_node2_60_node3_0_node4_0,0.19127659396166924
Train_W_2Layers_input_size_10_node1_50_node2_100_node3_0_node4_0,0.19128479315410463
Train_W_2Layers_input_size_40_node1_40_node2_30_node3_0_node4_0,0.19130444251985076
Train_W_2Layers_input_size_45_node1_100_node2_20_node3_0_node4_0,0.19131292286638885
Train_W_2Layers_input_size_30_node1_90_node2_70_node3_0_node4_0,0.1913416325235337
Train_W_2Layers_input_size_30_node1_100_node2_90_node3_0_node4_0,0.19135475439113955
Train_W_2Layers_input_size_5_node1_80_node2_40_node3_0_node4_0,0.19143290236840163
Train_W_2Layers_input_size_25_node1_40_node2_90_node3_0_node4_0,0.19147743147140356
Train_W_2Layers_input_size_25_node1_60_node2_80_node3_0_node4_0,0.19148098206831138
Train_W_1Layers_input_size_65_node1_100_node2_0_node3_0_node4_0,0.19149161400996442
Train_W_2Layers_input_size_55_node1_80_node2_90_node3_0_node4_0,0.19151396542614607
Train_W_2Layers_input_size_5_node1_60_node2_20_node3_0_node4_0,0.191521493122673
Train_W_2Layers_input_size_55_node1_40_node2_90_node3_0_node4_0,0.19155375966330804
Train_W_2Layers_input_size_45_node1_40_node2_80_node3_0_node4_0,0.19156043012661336
Train_W_2Layers_input_size_35_node1_10_node2_40_node3_0_node4_0,0.1915607996207065
Train_W_2Layers_input_size_40_node1_80_node2_70_node3_0_node4_0,0.1915778830825178
Train_W_2Layers_input_size_35_node1_40_node2_100_node3_0_node4_0,0.19158417353529483
Train_W_2Layers_input_size_15_node1_70_node2_30_node3_0_node4_0,0.19159408033657016
Train_W_2Layers_input_size_30_node1_60_node2_20_node3_0_node4_0,0.1915999425106022
Train_W_2Layers_input_size_40_node1_20_node2_100_node3_0_node4_0,0.19162835644446902
Train_W_2Layers_input_size_60_node1_30_node2_80_node3_0_node4_0,0.19165458917574613
Test_W_2Layers_input_size_5_node1_80_node2_100_node3_0_node4_0,0.19167026489618946
Train_W_2Layers_input_size_10_node1_70_node2_100_node3_0_node4_0,0.1917370837025482
Train_W_2Layers_input_size_35_node1_40_node2_80_node3_0_node4_0,0.19180327713608541
Train_W_2Layers_input_size_80_node1_70_node2_20_node3_0_node4_0,0.19180418027806312
Train_W_2Layers_input_size_55_node1_30_node2_80_node3_0_node4_0,0.19181778516041698
Test_W_2Layers_input_size_5_node1_30_node2_50_node3_0_node4_0,0.19182032929255982
Test_W_2Layers_input_size_10_node1_90_node2_100_node3_0_node4_0,0.19182473774699024
Train_W_2Layers_input_size_45_node1_80_node2_10_node3_0_node4_0,0.1918295539162035
Train_W_2Layers_input_size_35_node1_100_node2_70_node3_0_node4_0,0.19184755522003133
Train_W_2Layers_input_size_5_node1_80_node2_30_node3_0_node4_0,0.19187437927195392
Train_W_2Layers_input_size_30_node1_10_node2_90_node3_0_node4_0,0.19187971839322096
Train_W_2Layers_input_size_40_node1_70_node2_20_node3_0_node4_0,0.1918948806875993
Train_W_2Layers_input_size_35_node1_80_node2_70_node3_0_node4_0,0.19192014528119467
Train_W_2Layers_input_size_40_node1_30_node2_100_node3_0_node4_0,0.1919706547906694
Train_W_2Layers_input_size_10_node1_50_node2_80_node3_0_node4_0,0.19197635022617646
Train_W_2Layers_input_size_10_node1_30_node2_50_node3_0_node4_0,0.1919788437452686
Train_W_2Layers_input_size_15_node1_90_node2_90_node3_0_node4_0,0.19200990814357977
Train_W_2Layers_input_size_35_node1_30_node2_30_node3_0_node4_0,0.1920151464912784
Train_W_2Layers_input_size_45_node1_60_node2_80_node3_0_node4_0,0.1920405019544244
Train_W_2Layers_input_size_5_node1_40_node2_70_node3_0_node4_0,0.19205593281065841
Train_W_2Layers_input_size_55_node1_60_node2_30_node3_0_node4_0,0.19206892829599503
Test_W_2Layers_input_size_5_node1_80_node2_70_node3_0_node4_0,0.19208079803066572
Train_W_2Layers_input_size_50_node1_90_node2_70_node3_0_node4_0,0.19211419227086088
Train_W_2Layers_input_size_20_node1_40_node2_80_node3_0_node4_0,0.1921337083420192
Train_W_2Layers_input_size_50_node1_40_node2_70_node3_0_node4_0,0.1921369559806392
Train_W_2Layers_input_size_10_node1_100_node2_10_node3_0_node4_0,0.1921474352998726
Train_W_2Layers_input_size_40_node1_80_node2_50_node3_0_node4_0,0.19215557794706203
Train_W_2Layers_input_size_85_node1_70_node2_10_node3_0_node4_0,0.1921667735235833
Train_W_2Layers_input_size_25_node1_90_node2_100_node3_0_node4_0,0.19219840840651709
Train_W_2Layers_input_size_10_node1_30_node2_100_node3_0_node4_0,0.19221207260034207
Train_W_2Layers_input_size_80_node1_40_node2_20_node3_0_node4_0,0.19222113307268854
Train_W_2Layers_input_size_15_node1_70_node2_40_node3_0_node4_0,0.1922339720481104
Train_W_2Layers_input_size_40_node1_90_node2_70_node3_0_node4_0,0.19224353531632285
Train_W_2Layers_input_size_10_node1_70_node2_40_node3_0_node4_0,0.1922485347687006
Train_W_2Layers_input_size_5_node1_70_node2_90_node3_0_node4_0,0.19227082725595435
Train_W_2Layers_input_size_75_node1_90_node2_90_node3_0_node4_0,0.19228390508722243
Train_W_2Layers_input_size_35_node1_50_node2_80_node3_0_node4_0,0.19229261346076265
Train_W_2Layers_input_size_30_node1_20_node2_70_node3_0_node4_0,0.19231452310791664
Train_W_2Layers_input_size_30_node1_80_node2_90_node3_0_node4_0,0.19231813573219436
Train_W_2Layers_input_size_55_node1_40_node2_30_node3_0_node4_0,0.19231984032491098
Train_W_2Layers_input_size_10_node1_50_node2_40_node3_0_node4_0,0.19234624021267707
Train_W_2Layers_input_size_60_node1_30_node2_100_node3_0_node4_0,0.19234768309550115
Train_W_2Layers_input_size_45_node1_100_node2_10_node3_0_node4_0,0.19235036547306067
Train_W_2Layers_input_size_25_node1_40_node2_80_node3_0_node4_0,0.19235192452730507
Train_W_2Layers_input_size_70_node1_90_node2_50_node3_0_node4_0,0.1923690055113987
Train_W_2Layers_input_size_5_node1_70_node2_60_node3_0_node4_0,0.1923938980394178
Train_W_2Layers_input_size_15_node1_70_node2_100_node3_0_node4_0,0.19242446951872944
Train_W_2Layers_input_size_65_node1_60_node2_80_node3_0_node4_0,0.19243946306367818
Train_W_2Layers_input_size_90_node1_30_node2_100_node3_0_node4_0,0.19245312949946589
Train_W_2Layers_input_size_25_node1_30_node2_10_node3_0_node4_0,0.19246532394152002
Train_W_2Layers_input_size_100_node1_10_node2_100_node3_0_node4_0,0.19247978206455904
Train_W_2Layers_input_size_5_node1_20_node2_10_node3_0_node4_0,0.19248106911389973
Train_W_2Layers_input_size_65_node1_90_node2_100_node3_0_node4_0,0.19250778554059547
Train_W_2Layers_input_size_30_node1_60_node2_50_node3_0_node4_0,0.19250943040042126
Train_W_2Layers_input_size_10_node1_10_node2_80_node3_0_node4_0,0.19251556463606745
Train_W_2Layers_input_size_75_node1_50_node2_100_node3_0_node4_0,0.19251751903601955
Train_W_2Layers_input_size_70_node1_70_node2_80_node3_0_node4_0,0.19252357561480876
Train_W_2Layers_input_size_70_node1_30_node2_90_node3_0_node4_0,0.19254330171270448
Train_W_2Layers_input_size_55_node1_80_node2_60_node3_0_node4_0,0.19256583091383234
Train_W_2Layers_input_size_65_node1_70_node2_90_node3_0_node4_0,0.19259306751026928
Train_W_2Layers_input_size_20_node1_60_node2_80_node3_0_node4_0,0.1925932706096228
Train_W_2Layers_input_size_10_node1_20_node2_100_node3_0_node4_0,0.19259510816546746
Test_W_2Layers_input_size_15_node1_70_node2_70_node3_0_node4_0,0.19261222560651853
Train_W_2Layers_input_size_40_node1_50_node2_70_node3_0_node4_0,0.19262293048714835
Train_W_2Layers_input_size_10_node1_10_node2_90_node3_0_node4_0,0.19262499016558146
Train_W_2Layers_input_size_5_node1_50_node2_60_node3_0_node4_0,0.19269370117998547
Train_W_2Layers_input_size_5_node1_40_node2_10_node3_0_node4_0,0.19269684271878595
Train_W_2Layers_input_size_25_node1_10_node2_80_node3_0_node4_0,0.19270563875496774
Train_W_2Layers_input_size_10_node1_30_node2_70_node3_0_node4_0,0.19271211470081506
Train_W_2Layers_input_size_55_node1_100_node2_30_node3_0_node4_0,0.19271277194882647
Train_W_2Layers_input_size_25_node1_90_node2_20_node3_0_node4_0,0.19272969531318468
Train_W_2Layers_input_size_40_node1_90_node2_80_node3_0_node4_0,0.19273733981805155
Train_W_2Layers_input_size_10_node1_10_node2_30_node3_0_node4_0,0.1927406352696049
Train_W_2Layers_input_size_55_node1_60_node2_100_node3_0_node4_0,0.19274480040781775
Train_W_2Layers_input_size_25_node1_70_node2_70_node3_0_node4_0,0.19276214612920048
Train_W_2Layers_input_size_60_node1_30_node2_20_node3_0_node4_0,0.19277620516474406
Train_W_2Layers_input_size_15_node1_60_node2_40_node3_0_node4_0,0.19277955792420798
Train_W_2Layers_input_size_60_node1_100_node2_90_node3_0_node4_0,0.19277975116505114
Train_W_2Layers_input_size_5_node1_40_node2_80_node3_0_node4_0,0.19277994440570057
Test_W_2Layers_input_size_10_node1_20_node2_80_node3_0_node4_0,0.19278145167611838
Train_W_2Layers_input_size_60_node1_50_node2_100_node3_0_node4_0,0.19279812748418151
Train_W_2Layers_input_size_15_node1_50_node2_30_node3_0_node4_0,0.1928061170618908
Train_W_2Layers_input_size_35_node1_90_node2_90_node3_0_node4_0,0.19281252201024554
Train_W_2Layers_input_size_5_node1_70_node2_10_node3_0_node4_0,0.19282280039670874
Train_W_2Layers_input_size_50_node1_90_node2_20_node3_0_node4_0,0.1928434038203941
Train_W_2Layers_input_size_50_node1_10_node2_20_node3_0_node4_0,0.19285075406373897
Train_W_2Layers_input_size_70_node1_100_node2_80_node3_0_node4_0,0.19285483955749977
Train_W_2Layers_input_size_35_node1_30_node2_70_node3_0_node4_0,0.19285766941142482
Train_W_2Layers_input_size_35_node1_90_node2_40_node3_0_node4_0,0.19287691711133104
Train_W_2Layers_input_size_40_node1_80_node2_100_node3_0_node4_0,0.19288106964966675
Test_W_2Layers_input_size_10_node1_50_node2_90_node3_0_node4_0,0.19289052358372039
Train_W_2Layers_input_size_10_node1_100_node2_70_node3_0_node4_0,0.19289525520511913
Train_W_2Layers_input_size_35_node1_20_node2_10_node3_0_node4_0,0.1929145763972626
Train_W_2Layers_input_size_25_node1_100_node2_60_node3_0_node4_0,0.19293372187670332
Train_W_2Layers_input_size_60_node1_40_node2_60_node3_0_node4_0,0.19294765256695348
Train_W_2Layers_input_size_55_node1_10_node2_50_node3_0_node4_0,0.19295622479951982
Train_W_2Layers_input_size_65_node1_30_node2_90_node3_0_node4_0,0.19295646612938444
Train_W_2Layers_input_size_45_node1_10_node2_80_node3_0_node4_0,0.19296320393735333
Train_W_2Layers_input_size_40_node1_60_node2_100_node3_0_node4_0,0.19297241253794115
Train_W_2Layers_input_size_25_node1_90_node2_30_node3_0_node4_0,0.1929783969274758
Train_W_2Layers_input_size_35_node1_60_node2_70_node3_0_node4_0,0.19298155313559373
Train_W_2Layers_input_size_25_node1_40_node2_20_node3_0_node4_0,0.19298864717644756
Train_W_2Layers_input_size_65_node1_50_node2_90_node3_0_node4_0,0.1930032880662351
Train_W_2Layers_input_size_55_node1_90_node2_50_node3_0_node4_0,0.19300474533858797
Train_W_2Layers_input_size_5_node1_100_node2_30_node3_0_node4_0,0.19300617364783273
Train_W_2Layers_input_size_25_node1_10_node2_60_node3_0_node4_0,0.19301357559466195
Train_W_2Layers_input_size_30_node1_80_node2_30_node3_0_node4_0,0.193014974887778
Test_W_2Layers_input_size_5_node1_90_node2_80_node3_0_node4_0,0.19301788924501195
Train_W_2Layers_input_size_30_node1_40_node2_50_node3_0_node4_0,0.19302655485525227
Train_W_2Layers_input_size_60_node1_50_node2_70_node3_0_node4_0,0.19302677679784375
Train_W_2Layers_input_size_55_node1_70_node2_100_node3_0_node4_0,0.19302796370389264
Train_W_2Layers_input_size_60_node1_60_node2_20_node3_0_node4_0,0.19302868742351142
Train_W_2Layers_input_size_25_node1_70_node2_20_node3_0_node4_0,0.19305079333822345
Test_W_2Layers_input_size_5_node1_90_node2_30_node3_0_node4_0,0.19305320544112203
Train_W_2Layers_input_size_40_node1_40_node2_40_node3_0_node4_0,0.19306224573463796
Test_W_2Layers_input_size_5_node1_90_node2_100_node3_0_node4_0,0.193067310815447
Train_W_2Layers_input_size_35_node1_40_node2_90_node3_0_node4_0,0.19307087076415375
Train_W_2Layers_input_size_50_node1_80_node2_50_node3_0_node4_0,0.19307350450509783
Train_W_2Layers_input_size_10_node1_80_node2_80_node3_0_node4_0,0.1930752024289307
Test_W_2Layers_input_size_15_node1_70_node2_80_node3_0_node4_0,0.19308441533486745
Train_W_1Layers_input_size_10_node1_90_node2_0_node3_0_node4_0,0.19312851543066384
Train_W_2Layers_input_size_35_node1_90_node2_100_node3_0_node4_0,0.19313377166012377
Train_W_2Layers_input_size_5_node1_80_node2_80_node3_0_node4_0,0.19314713823408955
Train_W_2Layers_input_size_80_node1_80_node2_90_node3_0_node4_0,0.19314753362370624
Train_W_1Layers_input_size_10_node1_70_node2_0_node3_0_node4_0,0.19316485282342843
Train_W_2Layers_input_size_25_node1_100_node2_80_node3_0_node4_0,0.19316603888107112
Train_W_2Layers_input_size_45_node1_90_node2_90_node3_0_node4_0,0.193169105240249
Train_W_2Layers_input_size_55_node1_70_node2_60_node3_0_node4_0,0.1931741385922406
Train_W_2Layers_input_size_15_node1_30_node2_80_node3_0_node4_0,0.19317950928488878
Train_W_2Layers_input_size_45_node1_100_node2_60_node3_0_node4_0,0.1931852172900585
Train_W_2Layers_input_size_35_node1_30_node2_60_node3_0_node4_0,0.19318782054722733
Train_W_2Layers_input_size_25_node1_60_node2_20_node3_0_node4_0,0.19319498414420458
Train_W_2Layers_input_size_70_node1_80_node2_40_node3_0_node4_0,0.19319541800090106
Train_W_2Layers_input_size_35_node1_50_node2_60_node3_0_node4_0,0.1931984742526905
Train_W_2Layers_input_size_95_node1_60_node2_10_node3_0_node4_0,0.19320212819374072
Train_W_2Layers_input_size_10_node1_80_node2_10_node3_0_node4_0,0.19320270664772926
Train_W_2Layers_input_size_45_node1_50_node2_100_node3_0_node4_0,0.1932054832027665
Train_W_2Layers_input_size_25_node1_60_node2_70_node3_0_node4_0,0.1932071606854322
Train_W_2Layers_input_size_35_node1_60_node2_10_node3_0_node4_0,0.19321365838311633
Test_W_2Layers_input_size_15_node1_80_node2_100_node3_0_node4_0,0.19322465769672909
Train_W_2Layers_input_size_25_node1_20_node2_80_node3_0_node4_0,0.19322545779765382
Train_W_2Layers_input_size_45_node1_30_node2_60_node3_0_node4_0,0.1932405337788625
Test_W_2Layers_input_size_5_node1_80_node2_60_node3_0_node4_0,0.19325742056578993
Train_W_2Layers_input_size_55_node1_50_node2_70_node3_0_node4_0,0.19327966414952052
Train_W_2Layers_input_size_55_node1_60_node2_80_node3_0_node4_0,0.19331301509074453
Train_W_2Layers_input_size_20_node1_30_node2_40_node3_0_node4_0,0.19331354503614287
Train_W_2Layers_input_size_25_node1_70_node2_50_node3_0_node4_0,0.19332132061340698
Test_W_2Layers_input_size_15_node1_70_node2_90_node3_0_node4_0,0.19332226483817364
Train_W_2Layers_input_size_40_node1_20_node2_90_node3_0_node4_0,0.19333487654109807
Train_W_2Layers_input_size_45_node1_10_node2_50_node3_0_node4_0,0.19333711168451564
Train_W_2Layers_input_size_50_node1_60_node2_20_node3_0_node4_0,0.19336362313892508
Train_W_2Layers_input_size_25_node1_100_node2_40_node3_0_node4_0,0.19336758220478664
Train_W_2Layers_input_size_75_node1_100_node2_50_node3_0_node4_0,0.19337603949974508
Test_W_2Layers_input_size_10_node1_80_node2_60_node3_0_node4_0,0.19340034012387358
Train_W_2Layers_input_size_50_node1_100_node2_80_node3_0_node4_0,0.1934105872720197
Train_W_2Layers_input_size_95_node1_40_node2_40_node3_0_node4_0,0.1934192256584264
Train_W_2Layers_input_size_25_node1_50_node2_40_node3_0_node4_0,0.1934240117554788
Train_W_2Layers_input_size_25_node1_30_node2_70_node3_0_node4_0,0.19343014587572363
Train_W_2Layers_input_size_5_node1_40_node2_90_node3_0_node4_0,0.19345141638089142
Train_W_2Layers_input_size_10_node1_100_node2_20_node3_0_node4_0,0.193452148144795
Train_W_2Layers_input_size_10_node1_10_node2_100_node3_0_node4_0,0.1934571645043967
Train_W_2Layers_input_size_65_node1_30_node2_10_node3_0_node4_0,0.19346300873627592
Train_W_2Layers_input_size_30_node1_70_node2_50_node3_0_node4_0,0.19346755305816335
Train_W_2Layers_input_size_30_node1_30_node2_90_node3_0_node4_0,0.19346837140987314
Train_W_2Layers_input_size_20_node1_90_node2_40_node3_0_node4_0,0.1934738879728467
Train_W_2Layers_input_size_70_node1_70_node2_70_node3_0_node4_0,0.19348167636027214
Train_W_2Layers_input_size_55_node1_50_node2_20_node3_0_node4_0,0.19348854990529593
Train_W_2Layers_input_size_80_node1_30_node2_60_node3_0_node4_0,0.1935284386012842
Train_W_2Layers_input_size_20_node1_50_node2_40_node3_0_node4_0,0.1935295935568688
Train_W_1Layers_input_size_10_node1_40_node2_0_node3_0_node4_0,0.19353916017396455
Test_W_2Layers_input_size_10_node1_80_node2_10_node3_0_node4_0,0.19354910164018282
Train_W_2Layers_input_size_55_node1_90_node2_60_node3_0_node4_0,0.1935609190983767
Train_W_2Layers_input_size_60_node1_90_node2_60_node3_0_node4_0,0.1935725241409748
Train_W_2Layers_input_size_40_node1_40_node2_70_node3_0_node4_0,0.1935832336500516
Train_W_2Layers_input_size_75_node1_100_node2_70_node3_0_node4_0,0.19358669751539723
Train_W_2Layers_input_size_15_node1_40_node2_30_node3_0_node4_0,0.19360106227325694
Train_W_2Layers_input_size_20_node1_10_node2_50_node3_0_node4_0,0.19360111999953747
Train_W_2Layers_input_size_65_node1_60_node2_100_node3_0_node4_0,0.19360761409620947
Train_W_2Layers_input_size_25_node1_20_node2_70_node3_0_node4_0,0.1936187353321258
Test_W_2Layers_input_size_45_node1_30_node2_80_node3_0_node4_0,0.1936352332208001
Train_W_2Layers_input_size_45_node1_40_node2_100_node3_0_node4_0,0.19365721218897486
Train_W_2Layers_input_size_15_node1_10_node2_90_node3_0_node4_0,0.19365796241169356
Train_W_2Layers_input_size_5_node1_40_node2_50_node3_0_node4_0,0.19367990033201612
Train_W_2Layers_input_size_55_node1_90_node2_20_node3_0_node4_0,0.19368610328276578
Test_W_2Layers_input_size_15_node1_100_node2_60_node3_0_node4_0,0.19369185405809067
Train_W_2Layers_input_size_30_node1_20_node2_100_node3_0_node4_0,0.19369484477843885
Train_W_2Layers_input_size_40_node1_80_node2_60_node3_0_node4_0,0.19369488324399461
Train_W_2Layers_input_size_25_node1_20_node2_50_node3_0_node4_0,0.19370976884062074
Test_W_1Layers_input_size_10_node1_60_node2_0_node3_0_node4_0,0.19372005731184905
Train_W_2Layers_input_size_90_node1_70_node2_60_node3_0_node4_0,0.19376114805512923
Train_W_2Layers_input_size_10_node1_100_node2_80_node3_0_node4_0,0.19376122495990805
Train_W_1Layers_input_size_5_node1_60_node2_0_node3_0_node4_0,0.19377158759969387
Train_W_2Layers_input_size_35_node1_20_node2_100_node3_0_node4_0,0.19377588437591828
Train_W_2Layers_input_size_35_node1_80_node2_100_node3_0_node4_0,0.19378309351796688
Train_W_2Layers_input_size_15_node1_60_node2_10_node3_0_node4_0,0.19378548689382652
Test_W_2Layers_input_size_5_node1_90_node2_70_node3_0_node4_0,0.1937925803402124
Train_W_2Layers_input_size_80_node1_50_node2_70_node3_0_node4_0,0.19380100947752937
Train_W_2Layers_input_size_30_node1_20_node2_20_node3_0_node4_0,0.1938151757536271
Train_W_2Layers_input_size_70_node1_40_node2_20_node3_0_node4_0,0.19381526224738352
Train_W_2Layers_input_size_60_node1_90_node2_70_node3_0_node4_0,0.19382262368565406
Train_W_2Layers_input_size_50_node1_70_node2_80_node3_0_node4_0,0.1938338190708432
Train_W_2Layers_input_size_40_node1_50_node2_50_node3_0_node4_0,0.19384423548373036
Train_W_2Layers_input_size_70_node1_100_node2_100_node3_0_node4_0,0.1938478772524864
Train_W_2Layers_input_size_95_node1_100_node2_100_node3_0_node4_0,0.19385205703467492
Train_W_2Layers_input_size_75_node1_50_node2_80_node3_0_node4_0,0.19385222038065475
Train_W_2Layers_input_size_100_node1_20_node2_70_node3_0_node4_0,0.19385520862693567
Train_W_2Layers_input_size_90_node1_80_node2_100_node3_0_node4_0,0.1938670746808528
Train_W_2Layers_input_size_35_node1_100_node2_30_node3_0_node4_0,0.19387332928821244
Train_W_2Layers_input_size_60_node1_90_node2_100_node3_0_node4_0,0.19387914176085633
Train_W_2Layers_input_size_10_node1_90_node2_10_node3_0_node4_0,0.19389645325029556
Train_W_2Layers_input_size_70_node1_60_node2_60_node3_0_node4_0,0.193898518613367
Train_W_2Layers_input_size_50_node1_50_node2_10_node3_0_node4_0,0.193898557038518
Train_W_2Layers_input_size_5_node1_70_node2_40_node3_0_node4_0,0.19390684708680864
Train_W_2Layers_input_size_70_node1_70_node2_90_node3_0_node4_0,0.19390848007887052
Train_W_2Layers_input_size_75_node1_40_node2_90_node3_0_node4_0,0.19391009384575075
Train_W_2Layers_input_size_55_node1_100_node2_20_node3_0_node4_0,0.19391787431902616
Train_W_2Layers_input_size_25_node1_100_node2_100_node3_0_node4_0,0.193936008333917
Train_W_2Layers_input_size_50_node1_80_node2_80_node3_0_node4_0,0.1939456797555018
Train_W_2Layers_input_size_5_node1_10_node2_20_node3_0_node4_0,0.19395042405014512
Train_W_2Layers_input_size_90_node1_50_node2_80_node3_0_node4_0,0.19395789559871832
Train_W_2Layers_input_size_50_node1_10_node2_100_node3_0_node4_0,0.19396563574268477
Train_W_2Layers_input_size_35_node1_10_node2_30_node3_0_node4_0,0.19397126299835957
Test_W_2Layers_input_size_5_node1_70_node2_50_node3_0_node4_0,0.19399544105506783
Train_W_2Layers_input_size_5_node1_50_node2_10_node3_0_node4_0,0.1939982926764278
Train_W_2Layers_input_size_10_node1_20_node2_50_node3_0_node4_0,0.19400780737912254
Train_W_2Layers_input_size_80_node1_50_node2_100_node3_0_node4_0,0.19401036119566942
Train_W_2Layers_input_size_10_node1_100_node2_50_node3_0_node4_0,0.19401328940259516
Train_W_2Layers_input_size_60_node1_80_node2_30_node3_0_node4_0,0.19401498870241435
Train_W_2Layers_input_size_40_node1_70_node2_70_node3_0_node4_0,0.19403900772144944
Train_W_2Layers_input_size_5_node1_50_node2_70_node3_0_node4_0,0.19404019803515385
Train_W_1Layers_input_size_20_node1_70_node2_0_node3_0_node4_0,0.19404264583474384
Train_W_2Layers_input_size_35_node1_50_node2_10_node3_0_node4_0,0.19405083373995696
Train_W_2Layers_input_size_95_node1_40_node2_30_node3_0_node4_0,0.1940564969189347
Test_W_2Layers_input_size_20_node1_50_node2_30_node3_0_node4_0,0.1940685810143782
Test_W_2Layers_input_size_5_node1_50_node2_50_node3_0_node4_0,0.19407590405156433
Train_W_2Layers_input_size_15_node1_50_node2_100_node3_0_node4_0,0.19407600962412971
Train_W_2Layers_input_size_20_node1_40_node2_100_node3_0_node4_0,0.19408041482816416
Train_W_2Layers_input_size_45_node1_50_node2_80_node3_0_node4_0,0.19408504066464305
Train_W_2Layers_input_size_65_node1_90_node2_90_node3_0_node4_0,0.1940863938449273
Train_W_2Layers_input_size_20_node1_50_node2_80_node3_0_node4_0,0.19408986792415586
Train_W_2Layers_input_size_65_node1_90_node2_30_node3_0_node4_0,0.19409113470000547
Train_W_2Layers_input_size_60_node1_10_node2_80_node3_0_node4_0,0.19410042413695178
Train_W_2Layers_input_size_10_node1_80_node2_30_node3_0_node4_0,0.19410241056008645
Train_W_2Layers_input_size_45_node1_20_node2_90_node3_0_node4_0,0.19411399282541844
Train_W_2Layers_input_size_55_node1_70_node2_80_node3_0_node4_0,0.19412580468084095
Train_W_2Layers_input_size_25_node1_50_node2_20_node3_0_node4_0,0.19412687932251277
Train_W_2Layers_input_size_25_node1_70_node2_40_node3_0_node4_0,0.1941299592893463
Train_W_2Layers_input_size_50_node1_20_node2_10_node3_0_node4_0,0.19415231397044605
Test_W_2Layers_input_size_5_node1_10_node2_10_node3_0_node4_0,0.194153148623283
Train_W_2Layers_input_size_55_node1_100_node2_60_node3_0_node4_0,0.19418600423204257
Train_W_2Layers_input_size_60_node1_70_node2_70_node3_0_node4_0,0.1941865989392815
Train_W_2Layers_input_size_65_node1_70_node2_10_node3_0_node4_0,0.19419111673641495
Train_W_2Layers_input_size_5_node1_30_node2_30_node3_0_node4_0,0.19419293917259878
Train_W_2Layers_input_size_45_node1_60_node2_70_node3_0_node4_0,0.19420080422731875
Train_W_2Layers_input_size_20_node1_40_node2_10_node3_0_node4_0,0.19420496682249638
Train_W_2Layers_input_size_30_node1_70_node2_10_node3_0_node4_0,0.1942179335978283
Test_W_2Layers_input_size_5_node1_20_node2_80_node3_0_node4_0,0.1942311008942446
Train_W_2Layers_input_size_10_node1_30_node2_20_node3_0_node4_0,0.1942376794129681
Train_W_2Layers_input_size_75_node1_60_node2_10_node3_0_node4_0,0.19424802622412154
Train_W_2Layers_input_size_25_node1_80_node2_30_node3_0_node4_0,0.19425496853914212
Train_W_2Layers_input_size_100_node1_50_node2_100_node3_0_node4_0,0.19425696297050765
Train_W_2Layers_input_size_10_node1_40_node2_20_node3_0_node4_0,0.19425752869490745
Train_W_2Layers_input_size_25_node1_100_node2_10_node3_0_node4_0,0.19425789305890284
Train_W_2Layers_input_size_30_node1_30_node2_100_node3_0_node4_0,0.19426090382997255
Train_W_2Layers_input_size_30_node1_30_node2_30_node3_0_node4_0,0.19427237118034774
Test_W_2Layers_input_size_15_node1_60_node2_100_node3_0_node4_0,0.19429224567857442
Train_W_2Layers_input_size_35_node1_80_node2_30_node3_0_node4_0,0.19430187060932577
Train_W_2Layers_input_size_45_node1_80_node2_90_node3_0_node4_0,0.19431554984493413
Test_W_2Layers_input_size_5_node1_60_node2_100_node3_0_node4_0,0.19432473270184886
Train_W_2Layers_input_size_45_node1_50_node2_50_node3_0_node4_0,0.19433596625399735
Train_W_1Layers_input_size_15_node1_100_node2_0_node3_0_node4_0,0.1943361387778922
Train_W_2Layers_input_size_95_node1_80_node2_80_node3_0_node4_0,0.1943375477173005
Train_W_2Layers_input_size_60_node1_40_node2_90_node3_0_node4_0,0.19433821863723805
Train_W_2Layers_input_size_60_node1_90_node2_20_node3_0_node4_0,0.19434106522892577
Train_W_2Layers_input_size_5_node1_90_node2_20_node3_0_node4_0,0.19434711289981108
Train_W_1Layers_input_size_20_node1_40_node2_0_node3_0_node4_0,0.19437002716878837
Test_W_2Layers_input_size_10_node1_100_node2_70_node3_0_node4_0,0.19437065006184687
Test_W_2Layers_input_size_15_node1_60_node2_30_node3_0_node4_0,0.1943906582416144
Test_W_2Layers_input_size_15_node1_70_node2_60_node3_0_node4_0,0.1943964360827073
Train_W_2Layers_input_size_35_node1_90_node2_80_node3_0_node4_0,0.19439809370690786
Train_W_2Layers_input_size_5_node1_60_node2_80_node3_0_node4_0,0.19441395061137892
Train_W_2Layers_input_size_10_node1_70_node2_10_node3_0_node4_0,0.1944304672442008
Train_W_2Layers_input_size_95_node1_40_node2_50_node3_0_node4_0,0.19445401347452784
Train_W_2Layers_input_size_70_node1_20_node2_80_node3_0_node4_0,0.19445477978073908
Test_W_2Layers_input_size_10_node1_20_node2_90_node3_0_node4_0,0.19445644648632163
Train_W_1Layers_input_size_15_node1_50_node2_0_node3_0_node4_0,0.1944658238336234
Train_W_1Layers_input_size_5_node1_100_node2_0_node3_0_node4_0,0.19447232736665263
Train_W_2Layers_input_size_95_node1_80_node2_40_node3_0_node4_0,0.19447506663947406
Train_W_2Layers_input_size_35_node1_50_node2_50_node3_0_node4_0,0.19447861039671768
Test_W_2Layers_input_size_30_node1_50_node2_100_node3_0_node4_0,0.19448085155039851
Train_W_2Layers_input_size_40_node1_90_node2_60_node3_0_node4_0,0.19448292986214216
Train_W_2Layers_input_size_90_node1_50_node2_90_node3_0_node4_0,0.19448685656564374
Train_W_2Layers_input_size_70_node1_80_node2_30_node3_0_node4_0,0.19448859003635482
Train_W_2Layers_input_size_45_node1_80_node2_80_node3_0_node4_0,0.19449065868836418
Test_W_2Layers_input_size_25_node1_80_node2_80_node3_0_node4_0,0.1944967687449953
Train_W_2Layers_input_size_45_node1_10_node2_100_node3_0_node4_0,0.19450079093456032
Train_W_2Layers_input_size_30_node1_100_node2_40_node3_0_node4_0,0.1945019018103529
Train_W_2Layers_input_size_55_node1_10_node2_10_node3_0_node4_0,0.19450565575746417
Train_W_2Layers_input_size_45_node1_40_node2_90_node3_0_node4_0,0.19451580637407728
Train_W_2Layers_input_size_75_node1_50_node2_70_node3_0_node4_0,0.1945218773387887
Test_W_2Layers_input_size_5_node1_40_node2_90_node3_0_node4_0,0.19452782363631713
Train_W_2Layers_input_size_35_node1_80_node2_50_node3_0_node4_0,0.194532840982695
Train_W_2Layers_input_size_45_node1_80_node2_50_node3_0_node4_0,0.19454145826035926
Train_W_2Layers_input_size_55_node1_50_node2_40_node3_0_node4_0,0.19454689652358023
Train_W_2Layers_input_size_60_node1_20_node2_70_node3_0_node4_0,0.19454915603894835
Train_W_2Layers_input_size_35_node1_80_node2_40_node3_0_node4_0,0.19455608760880025
Train_W_2Layers_input_size_5_node1_40_node2_40_node3_0_node4_0,0.1945570545623142
Train_W_2Layers_input_size_70_node1_60_node2_100_node3_0_node4_0,0.1945691171428276
Train_W_2Layers_input_size_35_node1_40_node2_30_node3_0_node4_0,0.19457502370513416
Train_W_2Layers_input_size_65_node1_100_node2_80_node3_0_node4_0,0.19457744563103666
Train_W_2Layers_input_size_5_node1_50_node2_80_node3_0_node4_0,0.1945850175448385
Test_W_1Layers_input_size_5_node1_80_node2_0_node3_0_node4_0,0.1945864725438294
Train_W_2Layers_input_size_70_node1_50_node2_20_node3_0_node4_0,0.19458807111570411
Train_W_2Layers_input_size_75_node1_80_node2_50_node3_0_node4_0,0.19461306264868142
Train_W_2Layers_input_size_90_node1_90_node2_100_node3_0_node4_0,0.1946253897296137
Train_W_2Layers_input_size_25_node1_20_node2_20_node3_0_node4_0,0.19462601180539416
Train_W_2Layers_input_size_20_node1_80_node2_10_node3_0_node4_0,0.19463538098320052
Train_W_2Layers_input_size_15_node1_10_node2_70_node3_0_node4_0,0.19464005104844498
Train_W_2Layers_input_size_95_node1_10_node2_70_node3_0_node4_0,0.19464069221668748
Train_W_2Layers_input_size_65_node1_70_node2_80_node3_0_node4_0,0.19464673057816714
Train_W_2Layers_input_size_100_node1_60_node2_90_node3_0_node4_0,0.19465274004513017
Train_W_2Layers_input_size_30_node1_70_node2_30_node3_0_node4_0,0.19466035687359304
Test_W_2Layers_input_size_5_node1_20_node2_10_node3_0_node4_0,0.19466433740908673
Train_W_2Layers_input_size_35_node1_30_node2_100_node3_0_node4_0,0.19466626066750436
Train_W_2Layers_input_size_50_node1_30_node2_100_node3_0_node4_0,0.19467082474202732
Test_W_2Layers_input_size_5_node1_100_node2_60_node3_0_node4_0,0.19467668994693246
Train_W_2Layers_input_size_40_node1_40_node2_10_node3_0_node4_0,0.1946893861229218
Train_W_2Layers_input_size_55_node1_30_node2_90_node3_0_node4_0,0.19471197312778382
Train_W_2Layers_input_size_40_node1_90_node2_40_node3_0_node4_0,0.19471583781653556
Train_W_1Layers_input_size_5_node1_40_node2_0_node3_0_node4_0,0.19471665092197624
Train_W_2Layers_input_size_30_node1_50_node2_30_node3_0_node4_0,0.1947176075122653
Train_W_2Layers_input_size_75_node1_80_node2_80_node3_0_node4_0,0.19471901369145866
Train_W_2Layers_input_size_50_node1_40_node2_40_node3_0_node4_0,0.19472092684412265
Test_W_2Layers_input_size_15_node1_80_node2_30_node3_0_node4_0,0.1947345096875692
Train_W_2Layers_input_size_75_node1_70_node2_100_node3_0_node4_0,0.1947355809701232
Train_W_2Layers_input_size_65_node1_50_node2_100_node3_0_node4_0,0.19473595400462917
Train_W_2Layers_input_size_25_node1_40_node2_30_node3_0_node4_0,0.19473858435586186
Train_W_2Layers_input_size_90_node1_30_node2_50_node3_0_node4_0,0.1947385939207106
Test_W_2Layers_input_size_5_node1_50_node2_10_node3_0_node4_0,0.1947448970538692
Train_W_2Layers_input_size_80_node1_60_node2_70_node3_0_node4_0,0.19474673343668544
Test_W_2Layers_input_size_10_node1_80_node2_80_node3_0_node4_0,0.1947483880792882
Train_W_2Layers_input_size_70_node1_90_node2_60_node3_0_node4_0,0.19477189587575172
Train_W_1Layers_input_size_25_node1_90_node2_0_node3_0_node4_0,0.19477339729442397
Train_W_2Layers_input_size_10_node1_90_node2_60_node3_0_node4_0,0.19477845612946884
Train_W_2Layers_input_size_75_node1_80_node2_100_node3_0_node4_0,0.19478302713774134
Train_W_2Layers_input_size_15_node1_50_node2_40_node3_0_node4_0,0.19478464322169373
Test_W_2Layers_input_size_5_node1_80_node2_40_node3_0_node4_0,0.19478490141137886
Test_W_2Layers_input_size_20_node1_70_node2_100_node3_0_node4_0,0.1947868712917841
Train_W_1Layers_input_size_50_node1_50_node2_0_node3_0_node4_0,0.19478897502555867
Train_W_2Layers_input_size_65_node1_30_node2_80_node3_0_node4_0,0.19478929058366523
Train_W_2Layers_input_size_10_node1_20_node2_70_node3_0_node4_0,0.19479837461301136
Train_W_2Layers_input_size_80_node1_10_node2_30_node3_0_node4_0,0.1947995124773587
Test_W_2Layers_input_size_5_node1_20_node2_60_node3_0_node4_0,0.19480086069457883
Test_W_2Layers_input_size_10_node1_60_node2_30_node3_0_node4_0,0.19480087025636977
Train_W_2Layers_input_size_35_node1_70_node2_100_node3_0_node4_0,0.19481079514228367
Train_W_2Layers_input_size_10_node1_10_node2_70_node3_0_node4_0,0.19481995465576604
Train_W_2Layers_input_size_100_node1_90_node2_10_node3_0_node4_0,0.19482122624520265
Train_W_2Layers_input_size_10_node1_90_node2_50_node3_0_node4_0,0.19482234485461197
Train_W_2Layers_input_size_75_node1_30_node2_60_node3_0_node4_0,0.19482640812535193
Train_W_2Layers_input_size_35_node1_50_node2_40_node3_0_node4_0,0.19482836802564812
Train_W_2Layers_input_size_10_node1_70_node2_60_node3_0_node4_0,0.19483169503076558
Train_W_2Layers_input_size_85_node1_20_node2_20_node3_0_node4_0,0.19483174283214924
Train_W_2Layers_input_size_55_node1_70_node2_40_node3_0_node4_0,0.1948494476580457
Train_W_2Layers_input_size_75_node1_50_node2_10_node3_0_node4_0,0.19485698988409675
Train_W_2Layers_input_size_45_node1_90_node2_30_node3_0_node4_0,0.19486031640053048
Train_W_2Layers_input_size_80_node1_90_node2_90_node3_0_node4_0,0.19486132007968174
Train_W_2Layers_input_size_70_node1_60_node2_90_node3_0_node4_0,0.194861453903178
Test_W_2Layers_input_size_10_node1_100_node2_10_node3_0_node4_0,0.19486436932082118
Train_W_2Layers_input_size_40_node1_10_node2_90_node3_0_node4_0,0.19487161466167316
Train_W_2Layers_input_size_35_node1_20_node2_70_node3_0_node4_0,0.19487347852505693
Train_W_2Layers_input_size_85_node1_70_node2_90_node3_0_node4_0,0.19487851564614073
Test_W_2Layers_input_size_30_node1_70_node2_90_node3_0_node4_0,0.19490688166929598
Train_W_2Layers_input_size_65_node1_70_node2_50_node3_0_node4_0,0.19491774720922234
Train_W_2Layers_input_size_70_node1_20_node2_90_node3_0_node4_0,0.1949358073207239
Train_W_2Layers_input_size_80_node1_30_node2_40_node3_0_node4_0,0.19496898960857584
Train_W_2Layers_input_size_50_node1_30_node2_70_node3_0_node4_0,0.19496962969508597
Train_W_2Layers_input_size_75_node1_20_node2_10_node3_0_node4_0,0.19496998317479539
Train_W_2Layers_input_size_40_node1_100_node2_30_node3_0_node4_0,0.1949721135929868
Train_W_2Layers_input_size_5_node1_100_node2_80_node3_0_node4_0,0.19497375676959164
Test_W_2Layers_input_size_10_node1_50_node2_40_node3_0_node4_0,0.19498002364161227
Train_W_2Layers_input_size_80_node1_100_node2_10_node3_0_node4_0,0.19498064458595135
Train_W_2Layers_input_size_55_node1_90_node2_40_node3_0_node4_0,0.19498079743348537
Train_W_2Layers_input_size_45_node1_80_node2_100_node3_0_node4_0,0.19498102670456174
Train_W_2Layers_input_size_40_node1_70_node2_40_node3_0_node4_0,0.19498522995985193
Test_W_2Layers_input_size_5_node1_30_node2_40_node3_0_node4_0,0.19498961462278788
Train_W_2Layers_input_size_75_node1_100_node2_60_node3_0_node4_0,0.19500981718807026
Train_W_2Layers_input_size_10_node1_70_node2_20_node3_0_node4_0,0.1950137237310663
Train_W_2Layers_input_size_35_node1_90_node2_10_node3_0_node4_0,0.19501737231423938
Test_W_2Layers_input_size_5_node1_80_node2_80_node3_0_node4_0,0.1950438177261384
Train_W_2Layers_input_size_25_node1_90_node2_90_node3_0_node4_0,0.19504965261583898
Train_W_2Layers_input_size_100_node1_20_node2_50_node3_0_node4_0,0.1950514670304127
Train_W_1Layers_input_size_25_node1_60_node2_0_node3_0_node4_0,0.19505237423137028
Train_W_2Layers_input_size_5_node1_10_node2_70_node3_0_node4_0,0.1950552581474405
Train_W_2Layers_input_size_30_node1_20_node2_90_node3_0_node4_0,0.19505533454198848
Train_W_1Layers_input_size_15_node1_20_node2_0_node3_0_node4_0,0.19506087306699968
Train_W_2Layers_input_size_45_node1_70_node2_30_node3_0_node4_0,0.19506175157720596
Train_W_2Layers_input_size_55_node1_70_node2_50_node3_0_node4_0,0.19507532023780386
Train_W_2Layers_input_size_75_node1_40_node2_80_node3_0_node4_0,0.19508163158731529
Train_W_2Layers_input_size_10_node1_60_node2_50_node3_0_node4_0,0.19508322610170475
Train_W_2Layers_input_size_30_node1_50_node2_60_node3_0_node4_0,0.19509944739661858
Train_W_2Layers_input_size_35_node1_20_node2_20_node3_0_node4_0,0.195105080138222
Train_W_2Layers_input_size_60_node1_30_node2_60_node3_0_node4_0,0.19511174374796192
Train_W_2Layers_input_size_75_node1_60_node2_40_node3_0_node4_0,0.19511626876294
Train_W_2Layers_input_size_90_node1_40_node2_90_node3_0_node4_0,0.19511938084313699
Train_W_2Layers_input_size_30_node1_60_node2_40_node3_0_node4_0,0.1951240584163198
Train_W_2Layers_input_size_45_node1_30_node2_10_node3_0_node4_0,0.1951303490981402
Train_W_2Layers_input_size_60_node1_80_node2_10_node3_0_node4_0,0.19514747323487822
Train_W_2Layers_input_size_60_node1_90_node2_80_node3_0_node4_0,0.1951660656350353
Train_W_2Layers_input_size_40_node1_60_node2_80_node3_0_node4_0,0.19517121927225867
Train_W_2Layers_input_size_35_node1_90_node2_20_node3_0_node4_0,0.19517633459981784
Train_W_2Layers_input_size_85_node1_100_node2_80_node3_0_node4_0,0.1951797511058637
Train_W_2Layers_input_size_55_node1_60_node2_60_node3_0_node4_0,0.19518485666684438
Train_W_2Layers_input_size_70_node1_20_node2_100_node3_0_node4_0,0.19518875016377954
Train_W_1Layers_input_size_10_node1_10_node2_0_node3_0_node4_0,0.19520479093375262
Train_W_2Layers_input_size_65_node1_40_node2_50_node3_0_node4_0,0.19520796839565605
Train_W_2Layers_input_size_10_node1_30_node2_90_node3_0_node4_0,0.19521126030614225
Train_W_2Layers_input_size_10_node1_10_node2_50_node3_0_node4_0,0.19521293963619563
Train_W_2Layers_input_size_55_node1_70_node2_30_node3_0_node4_0,0.19522571542989564
Train_W_2Layers_input_size_55_node1_30_node2_60_node3_0_node4_0,0.195226574116439
Train_W_2Layers_input_size_70_node1_60_node2_10_node3_0_node4_0,0.19524170546185776
Test_W_2Layers_input_size_25_node1_90_node2_60_node3_0_node4_0,0.19524641826436218
Train_W_2Layers_input_size_60_node1_10_node2_50_node3_0_node4_0,0.19524795419363633
Train_W_2Layers_input_size_55_node1_10_node2_100_node3_0_node4_0,0.19525895338374227
Train_W_2Layers_input_size_75_node1_80_node2_60_node3_0_node4_0,0.19527960500270017
Train_W_2Layers_input_size_30_node1_60_node2_60_node3_0_node4_0,0.19529042119164233
Train_W_2Layers_input_size_35_node1_10_node2_70_node3_0_node4_0,0.19529491345383176
Train_W_2Layers_input_size_60_node1_100_node2_50_node3_0_node4_0,0.19530872341319475
Train_W_2Layers_input_size_30_node1_60_node2_30_node3_0_node4_0,0.19531417845958476
Train_W_2Layers_input_size_50_node1_20_node2_90_node3_0_node4_0,0.19531657214688017
Train_W_2Layers_input_size_5_node1_10_node2_30_node3_0_node4_0,0.19532640407662544
Train_W_2Layers_input_size_50_node1_40_node2_20_node3_0_node4_0,0.1953270048477526
Train_W_2Layers_input_size_65_node1_10_node2_80_node3_0_node4_0,0.19533326992225378
Train_W_2Layers_input_size_5_node1_30_node2_60_node3_0_node4_0,0.19533853357380565
Train_W_2Layers_input_size_80_node1_80_node2_30_node3_0_node4_0,0.19534166118363666
Train_W_2Layers_input_size_60_node1_100_node2_100_node3_0_node4_0,0.19534503665757252
Train_W_2Layers_input_size_5_node1_60_node2_40_node3_0_node4_0,0.19534678158309385
Train_W_2Layers_input_size_50_node1_40_node2_50_node3_0_node4_0,0.19534988999103703
Train_W_2Layers_input_size_100_node1_40_node2_80_node3_0_node4_0,0.1953597488472968
Train_W_2Layers_input_size_40_node1_50_node2_100_node3_0_node4_0,0.19536520246893918
Test_W_2Layers_input_size_15_node1_40_node2_40_node3_0_node4_0,0.1953662798272346
Train_W_2Layers_input_size_50_node1_50_node2_70_node3_0_node4_0,0.19537319194044947
Train_W_2Layers_input_size_65_node1_90_node2_80_node3_0_node4_0,0.19537972247102348
Train_W_2Layers_input_size_90_node1_40_node2_40_node3_0_node4_0,0.19538059001413452
Test_W_2Layers_input_size_20_node1_20_node2_20_node3_0_node4_0,0.1953886932527699
Train_W_2Layers_input_size_40_node1_10_node2_10_node3_0_node4_0,0.1953892842993789
Train_W_2Layers_input_size_15_node1_60_node2_50_node3_0_node4_0,0.19540296366893162
Train_W_2Layers_input_size_100_node1_40_node2_90_node3_0_node4_0,0.1954159462684361
Train_W_2Layers_input_size_15_node1_20_node2_40_node3_0_node4_0,0.19542263740359722
Test_W_2Layers_input_size_5_node1_60_node2_10_node3_0_node4_0,0.1954226945917992
Train_W_2Layers_input_size_40_node1_20_node2_10_node3_0_node4_0,0.1954239336653994
Train_W_2Layers_input_size_25_node1_90_node2_70_node3_0_node4_0,0.19542824176785026
Train_W_2Layers_input_size_60_node1_90_node2_30_node3_0_node4_0,0.19544661685526502
Train_W_2Layers_input_size_60_node1_20_node2_20_node3_0_node4_0,0.1954550604291769
Train_W_2Layers_input_size_50_node1_10_node2_40_node3_0_node4_0,0.19546144528237064
Train_W_2Layers_input_size_65_node1_40_node2_20_node3_0_node4_0,0.1954637799900439
Train_W_2Layers_input_size_95_node1_50_node2_20_node3_0_node4_0,0.19546385622492635
Test_W_2Layers_input_size_25_node1_60_node2_50_node3_0_node4_0,0.19547017408747186
Train_W_2Layers_input_size_70_node1_90_node2_40_node3_0_node4_0,0.19548971719297337
Train_W_2Layers_input_size_100_node1_10_node2_80_node3_0_node4_0,0.19549319491774553
Train_W_2Layers_input_size_55_node1_100_node2_50_node3_0_node4_0,0.19549338547621914
Train_W_2Layers_input_size_20_node1_100_node2_90_node3_0_node4_0,0.19549713944027725
Train_W_2Layers_input_size_15_node1_100_node2_10_node3_0_node4_0,0.19549727282853688
Test_W_2Layers_input_size_5_node1_70_node2_10_node3_0_node4_0,0.19549728235626623
Train_W_2Layers_input_size_65_node1_50_node2_60_node3_0_node4_0,0.19549774921443547
Train_W_2Layers_input_size_50_node1_10_node2_60_node3_0_node4_0,0.19551854709114388
Train_W_2Layers_input_size_60_node1_10_node2_100_node3_0_node4_0,0.1955188709984333
Train_W_2Layers_input_size_45_node1_60_node2_20_node3_0_node4_0,0.19552224341303895
Train_W_2Layers_input_size_100_node1_10_node2_70_node3_0_node4_0,0.1955300549974668
Train_W_2Layers_input_size_45_node1_50_node2_20_node3_0_node4_0,0.19553275087428923
Train_W_2Layers_input_size_90_node1_80_node2_80_node3_0_node4_0,0.19553581822250102
Train_W_2Layers_input_size_90_node1_70_node2_90_node3_0_node4_0,0.1955396190002733
Train_W_2Layers_input_size_50_node1_70_node2_20_node3_0_node4_0,0.1955483538411299
Train_W_2Layers_input_size_55_node1_40_node2_100_node3_0_node4_0,0.19556309835794114
Train_W_2Layers_input_size_75_node1_30_node2_20_node3_0_node4_0,0.19556406033235735
Train_W_2Layers_input_size_70_node1_30_node2_50_node3_0_node4_0,0.1955734036198703
Test_W_2Layers_input_size_25_node1_10_node2_90_node3_0_node4_0,0.19557448935521912
Train_W_1Layers_input_size_30_node1_50_node2_0_node3_0_node4_0,0.19557451792712058
Train_W_2Layers_input_size_10_node1_30_node2_30_node3_0_node4_0,0.19558182267297883
Train_W_2Layers_input_size_30_node1_30_node2_70_node3_0_node4_0,0.19558769865254483
Train_W_2Layers_input_size_20_node1_70_node2_20_node3_0_node4_0,0.19560346864238615
Train_W_2Layers_input_size_25_node1_10_node2_30_node3_0_node4_0,0.1956070586133728
Train_W_2Layers_input_size_70_node1_10_node2_50_node3_0_node4_0,0.19560926779353963
Train_W_2Layers_input_size_75_node1_90_node2_60_node3_0_node4_0,0.19561804713364225
Test_W_2Layers_input_size_5_node1_40_node2_70_node3_0_node4_0,0.19562019905926722
Train_W_2Layers_input_size_30_node1_10_node2_10_node3_0_node4_0,0.19562055136341983
Train_W_2Layers_input_size_35_node1_10_node2_90_node3_0_node4_0,0.1956291112071685
Train_W_2Layers_input_size_45_node1_80_node2_20_node3_0_node4_0,0.19563251980597077
Train_W_2Layers_input_size_10_node1_30_node2_80_node3_0_node4_0,0.19563404318288088
Test_W_2Layers_input_size_30_node1_60_node2_90_node3_0_node4_0,0.19563754690475735
Train_W_2Layers_input_size_35_node1_60_node2_80_node3_0_node4_0,0.19566481285690057
Train_W_2Layers_input_size_70_node1_50_node2_60_node3_0_node4_0,0.1956669737876673
Train_W_2Layers_input_size_40_node1_10_node2_100_node3_0_node4_0,0.1956677639017691
Train_W_1Layers_input_size_5_node1_10_node2_0_node3_0_node4_0,0.1956782254732408
Train_W_2Layers_input_size_5_node1_10_node2_90_node3_0_node4_0,0.1956817284040242
Train_W_2Layers_input_size_100_node1_100_node2_90_node3_0_node4_0,0.1956982522536786
Train_W_2Layers_input_size_45_node1_90_node2_80_node3_0_node4_0,0.19571638309851067
Train_W_2Layers_input_size_90_node1_20_node2_50_node3_0_node4_0,0.1957249863343789
Train_W_2Layers_input_size_50_node1_60_node2_100_node3_0_node4_0,0.19572775565838804
Train_W_2Layers_input_size_40_node1_60_node2_70_node3_0_node4_0,0.19573376048410246
Test_W_2Layers_input_size_5_node1_20_node2_20_node3_0_node4_0,0.1957419537763812
Train_W_2Layers_input_size_5_node1_100_node2_50_node3_0_node4_0,0.19575166918723755
Train_W_2Layers_input_size_40_node1_20_node2_50_node3_0_node4_0,0.19575446667940286
Train_W_2Layers_input_size_50_node1_50_node2_30_node3_0_node4_0,0.19576288746044684
Train_W_2Layers_input_size_30_node1_100_node2_100_node3_0_node4_0,0.19577135545124372
Train_W_2Layers_input_size_40_node1_30_node2_40_node3_0_node4_0,0.19577288726214173
Train_W_2Layers_input_size_35_node1_20_node2_90_node3_0_node4_0,0.19578812860337932
Train_W_2Layers_input_size_10_node1_40_node2_40_node3_0_node4_0,0.1957885567138101
Train_W_2Layers_input_size_35_node1_60_node2_20_node3_0_node4_0,0.1958099420169154
Test_W_2Layers_input_size_5_node1_50_node2_40_node3_0_node4_0,0.19581001811702628
Train_W_2Layers_input_size_80_node1_50_node2_80_node3_0_node4_0,0.19582912782116907
Train_W_2Layers_input_size_15_node1_70_node2_50_node3_0_node4_0,0.19584705633583663
Train_W_2Layers_input_size_80_node1_60_node2_80_node3_0_node4_0,0.19586364231702852
Test_W_2Layers_input_size_15_node1_10_node2_90_node3_0_node4_0,0.1958669517369297
Train_W_2Layers_input_size_100_node1_100_node2_30_node3_0_node4_0,0.19586926259180965
Train_W_2Layers_input_size_60_node1_10_node2_60_node3_0_node4_0,0.1958767465313945
Train_W_2Layers_input_size_100_node1_20_node2_80_node3_0_node4_0,0.19588064529387925
Train_W_2Layers_input_size_100_node1_80_node2_70_node3_0_node4_0,0.19588170079915496
Train_W_2Layers_input_size_45_node1_70_node2_70_node3_0_node4_0,0.19589096237631884
Test_W_2Layers_input_size_25_node1_30_node2_90_node3_0_node4_0,0.19589293064276758
Train_W_2Layers_input_size_65_node1_60_node2_70_node3_0_node4_0,0.19589671498356204
Test_W_2Layers_input_size_5_node1_30_node2_70_node3_0_node4_0,0.19590655582907338
Test_W_2Layers_input_size_10_node1_30_node2_90_node3_0_node4_0,0.19591142377473209
Train_W_2Layers_input_size_90_node1_40_node2_100_node3_0_node4_0,0.19591667189314801
Train_W_2Layers_input_size_25_node1_40_node2_10_node3_0_node4_0,0.19592175825057584
Train_W_2Layers_input_size_90_node1_80_node2_30_node3_0_node4_0,0.19592590329654527
Train_W_2Layers_input_size_90_node1_90_node2_70_node3_0_node4_0,0.19592682546227855
Test_W_2Layers_input_size_15_node1_100_node2_70_node3_0_node4_0,0.19592693003750009
Train_W_2Layers_input_size_70_node1_80_node2_60_node3_0_node4_0,0.1959573495505451
Test_W_2Layers_input_size_10_node1_60_node2_20_node3_0_node4_0,0.1959610661110549
Train_W_2Layers_input_size_75_node1_60_node2_70_node3_0_node4_0,0.195966892699594
Train_W_2Layers_input_size_75_node1_30_node2_50_node3_0_node4_0,0.19596928791902418
Train_W_2Layers_input_size_100_node1_50_node2_50_node3_0_node4_0,0.19597003879527852
Test_W_2Layers_input_size_5_node1_100_node2_90_node3_0_node4_0,0.19597749987768306
Train_W_2Layers_input_size_80_node1_10_node2_100_node3_0_node4_0,0.1959786974262378
Test_W_2Layers_input_size_25_node1_60_node2_100_node3_0_node4_0,0.1959843904339671
Train_W_2Layers_input_size_30_node1_50_node2_50_node3_0_node4_0,0.19599933973208464
Train_W_2Layers_input_size_55_node1_80_node2_50_node3_0_node4_0,0.19599996695043811
Train_W_2Layers_input_size_80_node1_50_node2_60_node3_0_node4_0,0.19600418636719305
Test_W_2Layers_input_size_30_node1_30_node2_80_node3_0_node4_0,0.19601016371878036
Test_W_2Layers_input_size_10_node1_100_node2_30_node3_0_node4_0,0.19601830744817908
Train_W_2Layers_input_size_70_node1_30_node2_100_node3_0_node4_0,0.1960190676390252
Train_W_2Layers_input_size_25_node1_20_node2_100_node3_0_node4_0,0.19604707861601153
Train_W_2Layers_input_size_75_node1_10_node2_30_node3_0_node4_0,0.19607110519665413
Test_W_2Layers_input_size_5_node1_30_node2_90_node3_0_node4_0,0.19607656753156158
Train_W_2Layers_input_size_5_node1_50_node2_90_node3_0_node4_0,0.19607759348357798
Test_W_2Layers_input_size_20_node1_80_node2_40_node3_0_node4_0,0.19609160479097898
Train_W_2Layers_input_size_95_node1_70_node2_100_node3_0_node4_0,0.1960929156281855
Train_W_2Layers_input_size_90_node1_100_node2_30_node3_0_node4_0,0.19609339056703978
Train_W_2Layers_input_size_30_node1_60_node2_70_node3_0_node4_0,0.19609860532000595
Train_W_2Layers_input_size_25_node1_20_node2_60_node3_0_node4_0,0.19609905174960812
Train_W_2Layers_input_size_50_node1_90_node2_30_node3_0_node4_0,0.19610701132383207
Train_W_2Layers_input_size_70_node1_100_node2_60_node3_0_node4_0,0.19610841703845802
Train_W_2Layers_input_size_40_node1_90_node2_30_node3_0_node4_0,0.1961127955849831
Test_W_2Layers_input_size_30_node1_70_node2_100_node3_0_node4_0,0.19611463815451224
Train_W_2Layers_input_size_65_node1_20_node2_90_node3_0_node4_0,0.1961181902757796
Train_W_2Layers_input_size_30_node1_90_node2_90_node3_0_node4_0,0.19611942495526977
Train_W_2Layers_input_size_70_node1_30_node2_10_node3_0_node4_0,0.19612069761676273
Train_W_2Layers_input_size_35_node1_90_node2_30_node3_0_node4_0,0.19612647197710753
Train_W_1Layers_input_size_65_node1_90_node2_0_node3_0_node4_0,0.19613277799221968
Train_W_2Layers_input_size_60_node1_60_node2_10_node3_0_node4_0,0.19613576947968808
Train_W_2Layers_input_size_35_node1_50_node2_90_node3_0_node4_0,0.19613668116203556
Train_W_2Layers_input_size_95_node1_50_node2_10_node3_0_node4_0,0.19613732693446775
Test_W_2Layers_input_size_20_node1_70_node2_90_node3_0_node4_0,0.19614808632996256
Train_W_2Layers_input_size_65_node1_50_node2_10_node3_0_node4_0,0.19615157137388928
Train_W_2Layers_input_size_95_node1_10_node2_100_node3_0_node4_0,0.19615770566046797
Train_W_2Layers_input_size_10_node1_60_node2_70_node3_0_node4_0,0.19616674531210157
Test_W_2Layers_input_size_35_node1_40_node2_100_node3_0_node4_0,0.19616779927798053
Train_W_2Layers_input_size_80_node1_100_node2_50_node3_0_node4_0,0.19619162119449673
Train_W_2Layers_input_size_65_node1_90_node2_40_node3_0_node4_0,0.19619847574973764
Train_W_2Layers_input_size_90_node1_90_node2_40_node3_0_node4_0,0.19619854220547225
Test_W_2Layers_input_size_25_node1_70_node2_90_node3_0_node4_0,0.1961999092898757
Train_W_2Layers_input_size_30_node1_30_node2_60_node3_0_node4_0,0.19620195040511096
Train_W_1Layers_input_size_90_node1_20_node2_0_node3_0_node4_0,0.19620648825034376
Train_W_2Layers_input_size_60_node1_40_node2_70_node3_0_node4_0,0.19621390236997832
Train_W_2Layers_input_size_80_node1_30_node2_90_node3_0_node4_0,0.19621710146183988
Train_W_2Layers_input_size_60_node1_20_node2_90_node3_0_node4_0,0.19622161997157203
Test_W_2Layers_input_size_5_node1_30_node2_60_node3_0_node4_0,0.19622217053917568
Train_W_2Layers_input_size_95_node1_90_node2_80_node3_0_node4_0,0.1962244297486844
Train_W_2Layers_input_size_90_node1_10_node2_70_node3_0_node4_0,0.19623558302789296
Train_W_2Layers_input_size_95_node1_20_node2_60_node3_0_node4_0,0.1962465743203246
Train_W_1Layers_input_size_60_node1_50_node2_0_node3_0_node4_0,0.1962496589852061
Train_W_1Layers_input_size_60_node1_90_node2_0_node3_0_node4_0,0.19626399017690527
Train_W_2Layers_input_size_45_node1_90_node2_70_node3_0_node4_0,0.19626429387295571
Test_W_1Layers_input_size_5_node1_90_node2_0_node3_0_node4_0,0.19627225623610264
Train_W_2Layers_input_size_10_node1_20_node2_20_node3_0_node4_0,0.19627740929776508
Test_W_2Layers_input_size_15_node1_40_node2_70_node3_0_node4_0,0.19627967736121774
Train_W_2Layers_input_size_95_node1_40_node2_100_node3_0_node4_0,0.196280332152904
Test_W_2Layers_input_size_20_node1_90_node2_80_node3_0_node4_0,0.1962881040786954
Train_W_1Layers_input_size_80_node1_20_node2_0_node3_0_node4_0,0.19629439541229046
Train_W_2Layers_input_size_30_node1_10_node2_30_node3_0_node4_0,0.1963058388596136
Train_W_2Layers_input_size_10_node1_100_node2_40_node3_0_node4_0,0.1963069205440058
Train_W_2Layers_input_size_20_node1_10_node2_90_node3_0_node4_0,0.19631319229832186
Train_W_2Layers_input_size_60_node1_80_node2_60_node3_0_node4_0,0.19632744295280316
Train_W_2Layers_input_size_45_node1_70_node2_90_node3_0_node4_0,0.19633998494998606
Train_W_2Layers_input_size_90_node1_80_node2_40_node3_0_node4_0,0.19634625564814837
Train_W_2Layers_input_size_20_node1_10_node2_10_node3_0_node4_0,0.19635353168381503
Train_W_2Layers_input_size_10_node1_90_node2_20_node3_0_node4_0,0.19636152837159462
Test_W_2Layers_input_size_15_node1_60_node2_60_node3_0_node4_0,0.19637117518786226
Test_W_2Layers_input_size_25_node1_90_node2_100_node3_0_node4_0,0.19638737546108168
Train_W_1Layers_input_size_15_node1_30_node2_0_node3_0_node4_0,0.1963953612866739
Train_W_2Layers_input_size_60_node1_40_node2_30_node3_0_node4_0,0.19639567426372462
Train_W_2Layers_input_size_50_node1_40_node2_60_node3_0_node4_0,0.19640499695747665
Test_W_2Layers_input_size_60_node1_60_node2_60_node3_0_node4_0,0.19640580306992403
Test_W_2Layers_input_size_60_node1_20_node2_10_node3_0_node4_0,0.19640962494626393
Train_W_2Layers_input_size_40_node1_10_node2_30_node3_0_node4_0,0.19642447550175474
Train_W_2Layers_input_size_100_node1_30_node2_60_node3_0_node4_0,0.1964251961898018
Train_W_2Layers_input_size_75_node1_40_node2_40_node3_0_node4_0,0.19644364869631936
Train_W_2Layers_input_size_5_node1_80_node2_50_node3_0_node4_0,0.19644582950495942
Train_W_2Layers_input_size_100_node1_100_node2_60_node3_0_node4_0,0.19644763102427143
Train_W_2Layers_input_size_65_node1_40_node2_60_node3_0_node4_0,0.1964608574627899
Train_W_2Layers_input_size_40_node1_70_node2_10_node3_0_node4_0,0.19646479203788272
Train_W_2Layers_input_size_5_node1_70_node2_100_node3_0_node4_0,0.19646575907801073
Train_W_2Layers_input_size_30_node1_100_node2_30_node3_0_node4_0,0.19646695365042072
Train_W_2Layers_input_size_15_node1_60_node2_70_node3_0_node4_0,0.19647923077926854
Test_W_2Layers_input_size_5_node1_50_node2_80_node3_0_node4_0,0.19648248243084024
Train_W_2Layers_input_size_80_node1_20_node2_50_node3_0_node4_0,0.19648568662960242
Train_W_2Layers_input_size_65_node1_20_node2_70_node3_0_node4_0,0.19648846419157479
Test_W_2Layers_input_size_45_node1_80_node2_10_node3_0_node4_0,0.1964907203392944
Train_W_2Layers_input_size_60_node1_80_node2_40_node3_0_node4_0,0.19650744156784825
Train_W_2Layers_input_size_95_node1_10_node2_60_node3_0_node4_0,0.1965238959910459
Test_W_2Layers_input_size_35_node1_100_node2_90_node3_0_node4_0,0.19652710899239983
Train_W_2Layers_input_size_65_node1_30_node2_100_node3_0_node4_0,0.1965284453580262
Train_W_2Layers_input_size_5_node1_30_node2_90_node3_0_node4_0,0.19653326946754995
Train_W_2Layers_input_size_30_node1_20_node2_30_node3_0_node4_0,0.19653803659501823
Test_W_2Layers_input_size_5_node1_60_node2_90_node3_0_node4_0,0.19655510442736474
Train_W_1Layers_input_size_5_node1_20_node2_0_node3_0_node4_0,0.19655531290921346
Test_W_2Layers_input_size_30_node1_80_node2_50_node3_0_node4_0,0.19656483650335016
Train_W_2Layers_input_size_60_node1_70_node2_40_node3_0_node4_0,0.1965679161738654
Test_W_2Layers_input_size_30_node1_80_node2_10_node3_0_node4_0,0.19656818149706767
Train_W_1Layers_input_size_20_node1_10_node2_0_node3_0_node4_0,0.1965777613199313
Train_W_2Layers_input_size_70_node1_10_node2_70_node3_0_node4_0,0.19657937212461182
Test_W_2Layers_input_size_5_node1_60_node2_20_node3_0_node4_0,0.19658964306287896
Train_W_2Layers_input_size_15_node1_40_node2_60_node3_0_node4_0,0.19659734591444208
Test_W_2Layers_input_size_25_node1_100_node2_90_node3_0_node4_0,0.19660267993860317
Train_W_2Layers_input_size_65_node1_50_node2_80_node3_0_node4_0,0.19662062317790094
Test_W_2Layers_input_size_5_node1_60_node2_80_node3_0_node4_0,0.1966237019746427
Train_W_2Layers_input_size_20_node1_40_node2_30_node3_0_node4_0,0.19662620286943425
Train_W_2Layers_input_size_65_node1_50_node2_50_node3_0_node4_0,0.1966348136616027
Train_W_1Layers_input_size_45_node1_80_node2_0_node3_0_node4_0,0.1966370112951335
Train_W_2Layers_input_size_65_node1_70_node2_60_node3_0_node4_0,0.19663720074515
Test_W_2Layers_input_size_10_node1_80_node2_50_node3_0_node4_0,0.19663809115778277
Train_W_2Layers_input_size_95_node1_30_node2_50_node3_0_node4_0,0.19664318727165978
Test_W_2Layers_input_size_45_node1_100_node2_20_node3_0_node4_0,0.19664759179899927
Test_W_2Layers_input_size_15_node1_70_node2_30_node3_0_node4_0,0.19664792331857026
Train_W_2Layers_input_size_60_node1_30_node2_90_node3_0_node4_0,0.19665164577138322
Train_W_2Layers_input_size_10_node1_40_node2_30_node3_0_node4_0,0.19665525449424762
Train_W_2Layers_input_size_70_node1_40_node2_80_node3_0_node4_0,0.19665872107904733
Train_W_2Layers_input_size_15_node1_80_node2_20_node3_0_node4_0,0.19666190346375378
Train_W_2Layers_input_size_90_node1_50_node2_20_node3_0_node4_0,0.1966711282998537
Train_W_2Layers_input_size_50_node1_50_node2_100_node3_0_node4_0,0.19667451883928525
Train_W_2Layers_input_size_15_node1_60_node2_20_node3_0_node4_0,0.19667948142289973
Train_W_2Layers_input_size_15_node1_90_node2_60_node3_0_node4_0,0.1966825592982961
Train_W_2Layers_input_size_60_node1_10_node2_90_node3_0_node4_0,0.19673566163794895
Test_W_2Layers_input_size_35_node1_20_node2_80_node3_0_node4_0,0.19675663159886791
Train_W_2Layers_input_size_15_node1_100_node2_20_node3_0_node4_0,0.19676767898186667
Test_W_2Layers_input_size_15_node1_10_node2_40_node3_0_node4_0,0.19676857827023422
Train_W_2Layers_input_size_90_node1_60_node2_50_node3_0_node4_0,0.19677493943480165
Train_W_2Layers_input_size_80_node1_100_node2_100_node3_0_node4_0,0.19678019292013488
Test_W_2Layers_input_size_25_node1_70_node2_70_node3_0_node4_0,0.19678141398042143
Test_W_2Layers_input_size_25_node1_30_node2_50_node3_0_node4_0,0.1967915229327035
Test_W_2Layers_input_size_5_node1_80_node2_10_node3_0_node4_0,0.19679851749366234
Train_W_2Layers_input_size_70_node1_20_node2_20_node3_0_node4_0,0.1967995207526557
Train_W_1Layers_input_size_5_node1_50_node2_0_node3_0_node4_0,0.19680172601152282
Test_W_2Layers_input_size_55_node1_60_node2_20_node3_0_node4_0,0.1968063919928203
Train_W_2Layers_input_size_60_node1_20_node2_30_node3_0_node4_0,0.19681190963322226
Train_W_2Layers_input_size_75_node1_50_node2_40_node3_0_node4_0,0.19681557220103585
Train_W_2Layers_input_size_70_node1_10_node2_90_node3_0_node4_0,0.19682093816568497
Test_W_2Layers_input_size_25_node1_30_node2_30_node3_0_node4_0,0.19683038266522332
Train_W_2Layers_input_size_40_node1_40_node2_90_node3_0_node4_0,0.19684193689250434
Train_W_2Layers_input_size_50_node1_10_node2_30_node3_0_node4_0,0.19684355499795694
Train_W_2Layers_input_size_10_node1_100_node2_100_node3_0_node4_0,0.19684724536414042
Train_W_2Layers_input_size_65_node1_10_node2_30_node3_0_node4_0,0.19685373645576262
Train_W_2Layers_input_size_95_node1_100_node2_40_node3_0_node4_0,0.19685555316610237
Train_W_2Layers_input_size_95_node1_30_node2_70_node3_0_node4_0,0.1968627819932457
Test_W_2Layers_input_size_5_node1_80_node2_90_node3_0_node4_0,0.1968723947867334
Test_W_2Layers_input_size_55_node1_40_node2_90_node3_0_node4_0,0.1968910891906822
Train_W_2Layers_input_size_15_node1_30_node2_40_node3_0_node4_0,0.19689408807711264
Train_W_2Layers_input_size_85_node1_50_node2_80_node3_0_node4_0,0.19689789101566774
Train_W_2Layers_input_size_50_node1_30_node2_30_node3_0_node4_0,0.1969152965631846
Train_W_2Layers_input_size_30_node1_50_node2_10_node3_0_node4_0,0.1969193071886388
Train_W_2Layers_input_size_95_node1_70_node2_90_node3_0_node4_0,0.19695347932316867
Test_W_2Layers_input_size_25_node1_90_node2_50_node3_0_node4_0,0.19695676097365988
Train_W_2Layers_input_size_65_node1_80_node2_10_node3_0_node4_0,0.196958453792161
Train_W_2Layers_input_size_45_node1_40_node2_10_node3_0_node4_0,0.19696062890072083
Train_W_2Layers_input_size_70_node1_10_node2_60_node3_0_node4_0,0.19696481828125978
Train_W_2Layers_input_size_100_node1_30_node2_100_node3_0_node4_0,0.19696525329083658
Test_W_2Layers_input_size_25_node1_80_node2_100_node3_0_node4_0,0.19697105017457864
Train_W_1Layers_input_size_35_node1_80_node2_0_node3_0_node4_0,0.19697320623136647
Train_W_2Layers_input_size_80_node1_70_node2_80_node3_0_node4_0,0.19697519205226607
Test_W_2Layers_input_size_15_node1_50_node2_50_node3_0_node4_0,0.19699134265204873
Train_W_2Layers_input_size_75_node1_10_node2_60_node3_0_node4_0,0.19700558207077878
Train_W_2Layers_input_size_10_node1_40_node2_70_node3_0_node4_0,0.1970078417511031
Test_W_2Layers_input_size_10_node1_10_node2_70_node3_0_node4_0,0.19701777836411458
Train_W_2Layers_input_size_10_node1_90_node2_70_node3_0_node4_0,0.19702440564567272
Test_W_2Layers_input_size_10_node1_90_node2_10_node3_0_node4_0,0.19702870711425885
Train_W_2Layers_input_size_10_node1_30_node2_10_node3_0_node4_0,0.197035929588754
Train_W_2Layers_input_size_35_node1_30_node2_10_node3_0_node4_0,0.19706907016751976
Train_W_2Layers_input_size_10_node1_80_node2_40_node3_0_node4_0,0.19707715123751918
Train_W_2Layers_input_size_100_node1_90_node2_20_node3_0_node4_0,0.19707783173355015
Train_W_2Layers_input_size_50_node1_90_node2_50_node3_0_node4_0,0.19708035521915215
Train_W_2Layers_input_size_100_node1_30_node2_80_node3_0_node4_0,0.19708603530635185
Train_W_2Layers_input_size_70_node1_10_node2_30_node3_0_node4_0,0.19709152621673
Train_W_2Layers_input_size_30_node1_50_node2_40_node3_0_node4_0,0.19711149445133996
Train_W_2Layers_input_size_65_node1_90_node2_70_node3_0_node4_0,0.19711157004895224
Train_W_2Layers_input_size_10_node1_80_node2_20_node3_0_node4_0,0.19711788234729588
Test_W_2Layers_input_size_30_node1_70_node2_60_node3_0_node4_0,0.19712518659593728
Train_W_2Layers_input_size_60_node1_90_node2_40_node3_0_node4_0,0.19712603700833117
Test_W_2Layers_input_size_45_node1_30_node2_90_node3_0_node4_0,0.19713109216183944
Train_W_2Layers_input_size_95_node1_10_node2_50_node3_0_node4_0,0.1971790293613751
Train_W_2Layers_input_size_60_node1_10_node2_70_node3_0_node4_0,0.1971803707550942
Train_W_2Layers_input_size_20_node1_70_node2_30_node3_0_node4_0,0.19718241116747934
Train_W_2Layers_input_size_5_node1_100_node2_40_node3_0_node4_0,0.19720809399753955
Train_W_1Layers_input_size_30_node1_30_node2_0_node3_0_node4_0,0.19721963554090427
Test_W_2Layers_input_size_30_node1_70_node2_20_node3_0_node4_0,0.19721972998609977
Train_W_2Layers_input_size_40_node1_30_node2_60_node3_0_node4_0,0.19724880751127258
Train_W_2Layers_input_size_65_node1_60_node2_10_node3_0_node4_0,0.19725342514535715
Test_W_2Layers_input_size_25_node1_60_node2_80_node3_0_node4_0,0.19726170639829405
Test_W_2Layers_input_size_10_node1_70_node2_70_node3_0_node4_0,0.19726483184352844
Test_W_2Layers_input_size_35_node1_50_node2_60_node3_0_node4_0,0.19726531340319509
Test_W_2Layers_input_size_5_node1_50_node2_70_node3_0_node4_0,0.19727315982743016
Test_W_2Layers_input_size_20_node1_60_node2_30_node3_0_node4_0,0.19727681383184467
Test_W_2Layers_input_size_30_node1_60_node2_20_node3_0_node4_0,0.19727730480402408
Train_W_2Layers_input_size_75_node1_60_node2_60_node3_0_node4_0,0.1972997560339839
Test_W_2Layers_input_size_15_node1_100_node2_40_node3_0_node4_0,0.19730357003447793
Train_W_2Layers_input_size_60_node1_70_node2_50_node3_0_node4_0,0.19730511827106537
Test_W_2Layers_input_size_15_node1_100_node2_50_node3_0_node4_0,0.19730702522870133
Train_W_2Layers_input_size_70_node1_70_node2_100_node3_0_node4_0,0.19731202854478377
Test_W_2Layers_input_size_25_node1_80_node2_90_node3_0_node4_0,0.1973173149295943
Train_W_2Layers_input_size_5_node1_50_node2_20_node3_0_node4_0,0.19732860466293695
Train_W_2Layers_input_size_65_node1_60_node2_60_node3_0_node4_0,0.19732973737644685
Train_W_2Layers_input_size_55_node1_10_node2_60_node3_0_node4_0,0.19733865726813266
Train_W_1Layers_input_size_35_node1_60_node2_0_node3_0_node4_0,0.19734141338593042
Train_W_2Layers_input_size_100_node1_70_node2_50_node3_0_node4_0,0.1973536927443593
Train_W_2Layers_input_size_95_node1_50_node2_50_node3_0_node4_0,0.19737781507007784
Train_W_1Layers_input_size_65_node1_70_node2_0_node3_0_node4_0,0.19738214658394218
Test_W_2Layers_input_size_40_node1_50_node2_90_node3_0_node4_0,0.19738741221788025
Train_W_2Layers_input_size_95_node1_100_node2_90_node3_0_node4_0,0.19739686735850304
Train_W_2Layers_input_size_20_node1_20_node2_30_node3_0_node4_0,0.19739801855228145
Train_W_2Layers_input_size_5_node1_70_node2_20_node3_0_node4_0,0.19740849222006165
Test_W_2Layers_input_size_10_node1_20_node2_100_node3_0_node4_0,0.19742215433165122
Train_W_2Layers_input_size_90_node1_30_node2_10_node3_0_node4_0,0.19742569236249938
Test_W_2Layers_input_size_5_node1_70_node2_100_node3_0_node4_0,0.19742931524038382
Train_W_2Layers_input_size_40_node1_30_node2_30_node3_0_node4_0,0.1974328059712906
Train_W_2Layers_input_size_20_node1_40_node2_40_node3_0_node4_0,0.1974388627146867
Test_W_2Layers_input_size_15_node1_20_node2_50_node3_0_node4_0,0.1974478248445711
Train_W_2Layers_input_size_45_node1_40_node2_50_node3_0_node4_0,0.19745931464338662
Train_W_2Layers_input_size_45_node1_50_node2_10_node3_0_node4_0,0.19746842676707654
Train_W_2Layers_input_size_20_node1_90_node2_10_node3_0_node4_0,0.1974694360551177
Test_W_2Layers_input_size_45_node1_60_node2_80_node3_0_node4_0,0.19747140745332875
Train_W_2Layers_input_size_45_node1_100_node2_40_node3_0_node4_0,0.19747255821256532
Train_W_2Layers_input_size_55_node1_40_node2_40_node3_0_node4_0,0.1974783779332035
Train_W_2Layers_input_size_60_node1_50_node2_30_node3_0_node4_0,0.1975155559582224
Train_W_2Layers_input_size_30_node1_40_node2_20_node3_0_node4_0,0.1975342649300061
Test_W_2Layers_input_size_10_node1_50_node2_30_node3_0_node4_0,0.19753770665975845
Train_W_2Layers_input_size_55_node1_10_node2_70_node3_0_node4_0,0.19754970981235764
Train_W_2Layers_input_size_55_node1_30_node2_30_node3_0_node4_0,0.1975743832880614
Test_W_2Layers_input_size_15_node1_90_node2_40_node3_0_node4_0,0.1975790781591675
Train_W_2Layers_input_size_90_node1_40_node2_10_node3_0_node4_0,0.19758489474233748
Train_W_2Layers_input_size_80_node1_90_node2_10_node3_0_node4_0,0.19759341662305044
Train_W_2Layers_input_size_65_node1_100_node2_100_node3_0_node4_0,0.1975976302933155
Train_W_2Layers_input_size_40_node1_80_node2_40_node3_0_node4_0,0.19759779996943075
Train_W_2Layers_input_size_10_node1_70_node2_90_node3_0_node4_0,0.1976089134376814
Train_W_2Layers_input_size_15_node1_20_node2_90_node3_0_node4_0,0.19761307022320837
Test_W_2Layers_input_size_40_node1_40_node2_30_node3_0_node4_0,0.1976205541018941
Train_W_2Layers_input_size_85_node1_90_node2_80_node3_0_node4_0,0.197624390186766
Test_W_2Layers_input_size_5_node1_100_node2_10_node3_0_node4_0,0.1976271234696232
Test_W_1Layers_input_size_5_node1_100_node2_0_node3_0_node4_0,0.1976276512716133
Train_W_2Layers_input_size_95_node1_100_node2_70_node3_0_node4_0,0.1976300923374821
Test_W_2Layers_input_size_10_node1_10_node2_90_node3_0_node4_0,0.19763431465050652
Train_W_2Layers_input_size_55_node1_40_node2_80_node3_0_node4_0,0.19763743420330118
Train_W_2Layers_input_size_80_node1_60_node2_100_node3_0_node4_0,0.1976382352889733
Train_W_2Layers_input_size_5_node1_70_node2_70_node3_0_node4_0,0.1976395358682082
Train_W_2Layers_input_size_70_node1_20_node2_70_node3_0_node4_0,0.1976661581639455
Train_W_2Layers_input_size_75_node1_20_node2_40_node3_0_node4_0,0.19767437501212487
Train_W_2Layers_input_size_100_node1_20_node2_30_node3_0_node4_0,0.19767920884695306
Test_W_2Layers_input_size_40_node1_90_node2_100_node3_0_node4_0,0.19768099912615272
Train_W_2Layers_input_size_35_node1_40_node2_70_node3_0_node4_0,0.19769598972255062
Train_W_2Layers_input_size_65_node1_60_node2_20_node3_0_node4_0,0.19770065344119778
Train_W_2Layers_input_size_65_node1_90_node2_50_node3_0_node4_0,0.19771956157321813
Train_W_2Layers_input_size_5_node1_60_node2_50_node3_0_node4_0,0.19773659335986654
Train_W_2Layers_input_size_45_node1_70_node2_60_node3_0_node4_0,0.19773940986906088
Test_W_2Layers_input_size_10_node1_60_node2_40_node3_0_node4_0,0.19774213214249692
Test_W_2Layers_input_size_20_node1_50_node2_80_node3_0_node4_0,0.19774608832082133
Test_W_2Layers_input_size_25_node1_40_node2_100_node3_0_node4_0,0.19778516545897568
Train_W_2Layers_input_size_75_node1_30_node2_80_node3_0_node4_0,0.1977950253534625
Train_W_2Layers_input_size_30_node1_80_node2_40_node3_0_node4_0,0.19779632490174853
Train_W_2Layers_input_size_30_node1_60_node2_100_node3_0_node4_0,0.19780357584777855
Train_W_1Layers_input_size_25_node1_70_node2_0_node3_0_node4_0,0.1978086607682511
Train_W_2Layers_input_size_35_node1_30_node2_50_node3_0_node4_0,0.1978146683391792
Train_W_2Layers_input_size_60_node1_100_node2_40_node3_0_node4_0,0.19781471541973553
Train_W_2Layers_input_size_20_node1_60_node2_20_node3_0_node4_0,0.1978161184151722
Train_W_2Layers_input_size_35_node1_70_node2_60_node3_0_node4_0,0.19781727658511564
Train_W_2Layers_input_size_25_node1_50_node2_80_node3_0_node4_0,0.19781918802149281
Train_W_2Layers_input_size_50_node1_30_node2_20_node3_0_node4_0,0.1978214384081363
Train_W_2Layers_input_size_15_node1_30_node2_30_node3_0_node4_0,0.19783430937454216
Train_W_2Layers_input_size_95_node1_20_node2_10_node3_0_node4_0,0.19783760465924197
Train_W_2Layers_input_size_65_node1_80_node2_80_node3_0_node4_0,0.19783898866244842
Train_W_2Layers_input_size_95_node1_60_node2_80_node3_0_node4_0,0.19784172839534445
Train_W_1Layers_input_size_70_node1_60_node2_0_node3_0_node4_0,0.19784684999357358
Train_W_2Layers_input_size_20_node1_20_node2_10_node3_0_node4_0,0.19784900592082325
Train_W_2Layers_input_size_35_node1_10_node2_100_node3_0_node4_0,0.1978502109703605
Train_W_2Layers_input_size_95_node1_90_node2_30_node3_0_node4_0,0.19786091487730847
Test_W_2Layers_input_size_25_node1_40_node2_60_node3_0_node4_0,0.19786435092518423
Test_W_2Layers_input_size_5_node1_100_node2_80_node3_0_node4_0,0.1978675798144224
Test_W_2Layers_input_size_15_node1_50_node2_100_node3_0_node4_0,0.19788741326389528
Train_W_2Layers_input_size_90_node1_70_node2_30_node3_0_node4_0,0.19792178528005872
Train_W_2Layers_input_size_30_node1_10_node2_40_node3_0_node4_0,0.1979357695562608
Test_W_2Layers_input_size_45_node1_100_node2_70_node3_0_node4_0,0.19793746341226792
Train_W_2Layers_input_size_80_node1_100_node2_90_node3_0_node4_0,0.1979397218643962
Test_W_1Layers_input_size_65_node1_100_node2_0_node3_0_node4_0,0.19794097341218728
Test_W_2Layers_input_size_5_node1_50_node2_60_node3_0_node4_0,0.19794608303271952
Train_W_2Layers_input_size_85_node1_100_node2_40_node3_0_node4_0,0.19795436353730356
Train_W_2Layers_input_size_70_node1_80_node2_20_node3_0_node4_0,0.197955012789496
Train_W_2Layers_input_size_65_node1_80_node2_40_node3_0_node4_0,0.19796336819289212
Train_W_2Layers_input_size_75_node1_20_node2_70_node3_0_node4_0,0.19797113990695991
Test_W_2Layers_input_size_35_node1_50_node2_100_node3_0_node4_0,0.19797768823306536
Train_W_2Layers_input_size_10_node1_90_node2_80_node3_0_node4_0,0.1979880277495254
Train_W_2Layers_input_size_60_node1_100_node2_30_node3_0_node4_0,0.19799051141099067
Train_W_2Layers_input_size_15_node1_100_node2_30_node3_0_node4_0,0.19800698369526828
Train_W_2Layers_input_size_50_node1_100_node2_30_node3_0_node4_0,0.1980142739604384
Train_W_2Layers_input_size_100_node1_40_node2_60_node3_0_node4_0,0.1980383158231821
Train_W_2Layers_input_size_75_node1_100_node2_90_node3_0_node4_0,0.1980392751796796
Test_W_1Layers_input_size_10_node1_70_node2_0_node3_0_node4_0,0.19804790917903387
Train_W_2Layers_input_size_95_node1_100_node2_30_node3_0_node4_0,0.19805255520592074
Train_W_2Layers_input_size_50_node1_30_node2_80_node3_0_node4_0,0.19805985319813274
Train_W_2Layers_input_size_100_node1_70_node2_90_node3_0_node4_0,0.19806081245030863
Train_W_2Layers_input_size_20_node1_100_node2_70_node3_0_node4_0,0.19807550159452464
Train_W_2Layers_input_size_100_node1_90_node2_50_node3_0_node4_0,0.1980795733603588
Train_W_2Layers_input_size_50_node1_30_node2_90_node3_0_node4_0,0.1980915530820585
Test_W_2Layers_input_size_30_node1_10_node2_90_node3_0_node4_0,0.19810337223875613
Train_W_2Layers_input_size_15_node1_70_node2_10_node3_0_node4_0,0.19810338164114583
Test_W_2Layers_input_size_10_node1_50_node2_100_node3_0_node4_0,0.19810636217618577
Test_W_2Layers_input_size_35_node1_90_node2_70_node3_0_node4_0,0.19811196583674587
Test_W_1Layers_input_size_10_node1_40_node2_0_node3_0_node4_0,0.198121320588035
Test_W_2Layers_input_size_10_node1_70_node2_100_node3_0_node4_0,0.19812230774707898
Test_W_2Layers_input_size_5_node1_40_node2_50_node3_0_node4_0,0.19812233595155082
Train_W_2Layers_input_size_80_node1_100_node2_30_node3_0_node4_0,0.19813146458798253
Test_W_2Layers_input_size_45_node1_10_node2_100_node3_0_node4_0,0.19813161500483398
Test_W_2Layers_input_size_10_node1_90_node2_20_node3_0_node4_0,0.1981333917952503
Train_W_2Layers_input_size_75_node1_70_node2_60_node3_0_node4_0,0.19813500875469103
Train_W_2Layers_input_size_15_node1_40_node2_20_node3_0_node4_0,0.19813543179422738
Test_W_2Layers_input_size_35_node1_10_node2_40_node3_0_node4_0,0.19814124144581657
Train_W_2Layers_input_size_30_node1_40_node2_60_node3_0_node4_0,0.19814140125583157
Train_W_1Layers_input_size_5_node1_30_node2_0_node3_0_node4_0,0.19814204049460263
Train_W_2Layers_input_size_75_node1_30_node2_70_node3_0_node4_0,0.198146139094192
Train_W_2Layers_input_size_45_node1_10_node2_60_node3_0_node4_0,0.19814706032738444
Test_W_2Layers_input_size_15_node1_60_node2_40_node3_0_node4_0,0.19814974879976377
Test_W_2Layers_input_size_5_node1_80_node2_30_node3_0_node4_0,0.1981600135406117
Test_W_2Layers_input_size_10_node1_10_node2_80_node3_0_node4_0,0.19816090651032497
Train_W_2Layers_input_size_15_node1_50_node2_20_node3_0_node4_0,0.19816979838919982
Train_W_2Layers_input_size_100_node1_20_node2_100_node3_0_node4_0,0.1981721857813349
Test_W_2Layers_input_size_75_node1_50_node2_10_node3_0_node4_0,0.1981911523080034
Train_W_1Layers_input_size_25_node1_30_node2_0_node3_0_node4_0,0.19819991126065717
Test_W_2Layers_input_size_15_node1_100_node2_80_node3_0_node4_0,0.19822810268634405
Train_W_2Layers_input_size_80_node1_40_node2_30_node3_0_node4_0,0.19823082764498137
Test_W_2Layers_input_size_10_node1_90_node2_70_node3_0_node4_0,0.19823177667350525
Train_W_2Layers_input_size_95_node1_40_node2_60_node3_0_node4_0,0.1982459833693125
Train_W_2Layers_input_size_65_node1_10_node2_40_node3_0_node4_0,0.19825128243165052
Test_W_2Layers_input_size_45_node1_40_node2_80_node3_0_node4_0,0.19825277629065255
Train_W_2Layers_input_size_95_node1_40_node2_70_node3_0_node4_0,0.19826219016199378
Train_W_2Layers_input_size_80_node1_40_node2_60_node3_0_node4_0,0.19826711300653715
Test_W_2Layers_input_size_15_node1_60_node2_50_node3_0_node4_0,0.1982726557577294
Train_W_2Layers_input_size_85_node1_90_node2_40_node3_0_node4_0,0.19827430915858868
Train_W_2Layers_input_size_65_node1_40_node2_10_node3_0_node4_0,0.19827883715172293
Test_W_2Layers_input_size_30_node1_20_node2_20_node3_0_node4_0,0.19829848857100207
Train_W_2Layers_input_size_50_node1_50_node2_80_node3_0_node4_0,0.19830408680247041
Train_W_2Layers_input_size_90_node1_20_node2_80_node3_0_node4_0,0.1983048382309055
Train_W_2Layers_input_size_80_node1_20_node2_60_node3_0_node4_0,0.1983084074770886
Train_W_2Layers_input_size_85_node1_90_node2_10_node3_0_node4_0,0.19831489770487554
Train_W_2Layers_input_size_35_node1_50_node2_20_node3_0_node4_0,0.19831574301558139
Test_W_2Layers_input_size_55_node1_100_node2_20_node3_0_node4_0,0.19833615147935252
Test_W_2Layers_input_size_20_node1_30_node2_70_node3_0_node4_0,0.1983394290350631
Train_W_2Layers_input_size_75_node1_10_node2_80_node3_0_node4_0,0.19836600434928228
Train_W_2Layers_input_size_35_node1_20_node2_30_node3_0_node4_0,0.19837038001369703
Test_W_2Layers_input_size_10_node1_80_node2_40_node3_0_node4_0,0.19837412648228006
Test_W_2Layers_input_size_15_node1_70_node2_50_node3_0_node4_0,0.19838052066748113
Train_W_2Layers_input_size_55_node1_20_node2_90_node3_0_node4_0,0.19838111218961776
Test_W_2Layers_input_size_10_node1_30_node2_80_node3_0_node4_0,0.1983917498977663
Train_W_2Layers_input_size_80_node1_90_node2_40_node3_0_node4_0,0.19839512042062682
Test_W_2Layers_input_size_30_node1_90_node2_80_node3_0_node4_0,0.19840278134037978
Test_W_2Layers_input_size_30_node1_20_node2_50_node3_0_node4_0,0.19840291277514738
Test_W_2Layers_input_size_30_node1_90_node2_70_node3_0_node4_0,0.19841318319418508
Train_W_2Layers_input_size_35_node1_100_node2_40_node3_0_node4_0,0.19841664722842534
Train_W_2Layers_input_size_65_node1_60_node2_90_node3_0_node4_0,0.19842153807894666
Train_W_2Layers_input_size_80_node1_80_node2_80_node3_0_node4_0,0.19842165072667464
Test_W_2Layers_input_size_30_node1_20_node2_70_node3_0_node4_0,0.19842755525555467
Train_W_2Layers_input_size_20_node1_60_node2_90_node3_0_node4_0,0.19843069988523998
Train_W_2Layers_input_size_95_node1_40_node2_80_node3_0_node4_0,0.1984411284347773
Train_W_2Layers_input_size_95_node1_80_node2_10_node3_0_node4_0,0.19844407573828324
Train_W_2Layers_input_size_90_node1_70_node2_50_node3_0_node4_0,0.19844446996027384
Train_W_2Layers_input_size_10_node1_50_node2_20_node3_0_node4_0,0.19844583095874627
Train_W_2Layers_input_size_95_node1_60_node2_20_node3_0_node4_0,0.1984549916435427
Test_W_2Layers_input_size_55_node1_30_node2_50_node3_0_node4_0,0.19845634318419147
Train_W_2Layers_input_size_90_node1_80_node2_10_node3_0_node4_0,0.1984704399553492
Test_W_2Layers_input_size_35_node1_60_node2_50_node3_0_node4_0,0.19848132625719753
Test_W_2Layers_input_size_30_node1_80_node2_80_node3_0_node4_0,0.19848309991705212
Train_W_2Layers_input_size_100_node1_70_node2_70_node3_0_node4_0,0.1984848641767392
Train_W_2Layers_input_size_75_node1_70_node2_40_node3_0_node4_0,0.19849929673360972
Test_W_2Layers_input_size_35_node1_80_node2_70_node3_0_node4_0,0.19850246837724342
Test_W_2Layers_input_size_25_node1_40_node2_90_node3_0_node4_0,0.1985033879567494
Train_W_2Layers_input_size_60_node1_80_node2_70_node3_0_node4_0,0.19850913054056338
Test_W_2Layers_input_size_5_node1_10_node2_80_node3_0_node4_0,0.1985408994160171
Train_W_2Layers_input_size_85_node1_70_node2_50_node3_0_node4_0,0.19854242862229643
Test_W_1Layers_input_size_5_node1_30_node2_0_node3_0_node4_0,0.19855802022511132
Test_W_2Layers_input_size_15_node1_70_node2_40_node3_0_node4_0,0.19855990576918017
Train_W_2Layers_input_size_50_node1_20_node2_30_node3_0_node4_0,0.1985691549946768
Test_W_2Layers_input_size_25_node1_30_node2_70_node3_0_node4_0,0.19857315097708234
Test_W_2Layers_input_size_5_node1_70_node2_60_node3_0_node4_0,0.1985823151682665
Test_W_2Layers_input_size_35_node1_50_node2_80_node3_0_node4_0,0.19858409730576473
Train_W_2Layers_input_size_30_node1_80_node2_70_node3_0_node4_0,0.19858545734730607
Train_W_2Layers_input_size_90_node1_80_node2_90_node3_0_node4_0,0.19859586839123822
Train_W_2Layers_input_size_30_node1_10_node2_20_node3_0_node4_0,0.19859809121910196
Test_W_2Layers_input_size_25_node1_100_node2_80_node3_0_node4_0,0.19860451570829196
Test_W_2Layers_input_size_15_node1_90_node2_80_node3_0_node4_0,0.19860674781793347
Train_W_2Layers_input_size_20_node1_10_node2_100_node3_0_node4_0,0.19861411922869637
Train_W_2Layers_input_size_40_node1_70_node2_50_node3_0_node4_0,0.19861521647637104
Test_W_2Layers_input_size_35_node1_100_node2_60_node3_0_node4_0,0.19861555408982068
Train_W_2Layers_input_size_20_node1_70_node2_50_node3_0_node4_0,0.1986198961227567
Train_W_2Layers_input_size_60_node1_60_node2_80_node3_0_node4_0,0.1986215278773341
Train_W_2Layers_input_size_30_node1_20_node2_10_node3_0_node4_0,0.1986330716891928
Train_W_2Layers_input_size_75_node1_50_node2_90_node3_0_node4_0,0.19864900311076594
Train_W_1Layers_input_size_55_node1_60_node2_0_node3_0_node4_0,0.1986583607015294
Train_W_2Layers_input_size_30_node1_100_node2_50_node3_0_node4_0,0.19866896481319501
Train_W_2Layers_input_size_100_node1_80_node2_10_node3_0_node4_0,0.19866972423713858
Train_W_2Layers_input_size_35_node1_100_node2_10_node3_0_node4_0,0.1986704649070774
Test_W_2Layers_input_size_45_node1_20_node2_100_node3_0_node4_0,0.19867323067547957
Train_W_2Layers_input_size_40_node1_40_node2_50_node3_0_node4_0,0.1986853433499762
Train_W_2Layers_input_size_60_node1_60_node2_40_node3_0_node4_0,0.19869742716324398
Train_W_2Layers_input_size_95_node1_50_node2_80_node3_0_node4_0,0.19870771985516908
Test_W_2Layers_input_size_45_node1_40_node2_100_node3_0_node4_0,0.19871101002947753
Test_W_2Layers_input_size_30_node1_30_node2_90_node3_0_node4_0,0.1987167184932533
Test_W_2Layers_input_size_10_node1_30_node2_100_node3_0_node4_0,0.1987176089613229
Train_W_2Layers_input_size_75_node1_20_node2_60_node3_0_node4_0,0.19872835987668588
Test_W_2Layers_input_size_30_node1_40_node2_50_node3_0_node4_0,0.19872901597300396
Test_W_2Layers_input_size_40_node1_80_node2_50_node3_0_node4_0,0.19872963457611995
Train_W_2Layers_input_size_65_node1_10_node2_50_node3_0_node4_0,0.19873567054182895
Train_W_2Layers_input_size_90_node1_100_node2_70_node3_0_node4_0,0.19874180004610395
Train_W_2Layers_input_size_35_node1_60_node2_100_node3_0_node4_0,0.19874710463268264
Train_W_2Layers_input_size_45_node1_50_node2_90_node3_0_node4_0,0.19874952257746809
Train_W_2Layers_input_size_40_node1_20_node2_20_node3_0_node4_0,0.1987559796579392
Test_W_2Layers_input_size_30_node1_100_node2_90_node3_0_node4_0,0.198761986709905
Train_W_2Layers_input_size_20_node1_90_node2_70_node3_0_node4_0,0.19876598818667618
Train_W_2Layers_input_size_45_node1_20_node2_30_node3_0_node4_0,0.1987711421949626
Train_W_2Layers_input_size_90_node1_90_node2_60_node3_0_node4_0,0.198776670891647
Train_W_2Layers_input_size_20_node1_30_node2_30_node3_0_node4_0,0.1987790884767891
Train_W_2Layers_input_size_5_node1_10_node2_80_node3_0_node4_0,0.19879011716467304
Test_W_2Layers_input_size_10_node1_50_node2_80_node3_0_node4_0,0.19879530802604417
Train_W_2Layers_input_size_5_node1_40_node2_30_node3_0_node4_0,0.19880120145705235
Test_W_2Layers_input_size_35_node1_100_node2_80_node3_0_node4_0,0.198803318926961
Train_W_2Layers_input_size_70_node1_50_node2_90_node3_0_node4_0,0.19880589546390984
Train_W_2Layers_input_size_20_node1_100_node2_20_node3_0_node4_0,0.198817859527051
Train_W_1Layers_input_size_45_node1_20_node2_0_node3_0_node4_0,0.19881945218280056
Test_W_2Layers_input_size_50_node1_40_node2_70_node3_0_node4_0,0.19882334945129831
Train_W_2Layers_input_size_90_node1_20_node2_70_node3_0_node4_0,0.1988244736491685
Test_W_2Layers_input_size_10_node1_70_node2_40_node3_0_node4_0,0.19882576646886108
Test_W_2Layers_input_size_65_node1_70_node2_10_node3_0_node4_0,0.19883189319569755
Train_W_2Layers_input_size_65_node1_50_node2_70_node3_0_node4_0,0.19883831949835531
Test_W_2Layers_input_size_95_node1_40_node2_40_node3_0_node4_0,0.1988430594660549
Train_W_2Layers_input_size_100_node1_10_node2_40_node3_0_node4_0,0.19884454887921493
Train_W_1Layers_input_size_15_node1_70_node2_0_node3_0_node4_0,0.19888052559015146
Train_W_2Layers_input_size_70_node1_50_node2_50_node3_0_node4_0,0.19888827083086555
Test_W_2Layers_input_size_25_node1_20_node2_50_node3_0_node4_0,0.1988885330586459
Train_W_2Layers_input_size_60_node1_60_node2_50_node3_0_node4_0,0.19889358087603268
Test_W_2Layers_input_size_55_node1_20_node2_50_node3_0_node4_0,0.19891053086533947
Train_W_1Layers_input_size_95_node1_80_node2_0_node3_0_node4_0,0.19891054022957522
Train_W_1Layers_input_size_25_node1_50_node2_0_node3_0_node4_0,0.1989151192880456
Train_W_2Layers_input_size_45_node1_100_node2_80_node3_0_node4_0,0.19891961396685012
Train_W_2Layers_input_size_5_node1_40_node2_100_node3_0_node4_0,0.19893014797236352
Test_W_2Layers_input_size_40_node1_80_node2_60_node3_0_node4_0,0.19893163673348666
Train_W_2Layers_input_size_15_node1_10_node2_60_node3_0_node4_0,0.19893433332904065
Train_W_2Layers_input_size_45_node1_70_node2_80_node3_0_node4_0,0.19893663664213104
Test_W_2Layers_input_size_10_node1_40_node2_70_node3_0_node4_0,0.1989402039158676
Test_W_2Layers_input_size_15_node1_90_node2_90_node3_0_node4_0,0.198946963770957
Train_W_2Layers_input_size_30_node1_50_node2_80_node3_0_node4_0,0.1989472914589262
Train_W_1Layers_input_size_25_node1_10_node2_0_node3_0_node4_0,0.19896715770412027
Train_W_2Layers_input_size_65_node1_20_node2_100_node3_0_node4_0,0.1989690112865201
Test_W_1Layers_input_size_5_node1_60_node2_0_node3_0_node4_0,0.19897895293380233
Test_W_2Layers_input_size_20_node1_60_node2_80_node3_0_node4_0,0.19898025411076298
Test_W_2Layers_input_size_80_node1_70_node2_20_node3_0_node4_0,0.19898194843635397
Test_W_2Layers_input_size_25_node1_90_node2_90_node3_0_node4_0,0.1989851685513031
Train_W_2Layers_input_size_30_node1_100_node2_60_node3_0_node4_0,0.19899043856886325
Train_W_2Layers_input_size_90_node1_90_node2_90_node3_0_node4_0,0.19899261954773118
Test_W_2Layers_input_size_40_node1_20_node2_100_node3_0_node4_0,0.1989984603347833
Train_W_2Layers_input_size_95_node1_30_node2_90_node3_0_node4_0,0.19899978946430244
Test_W_2Layers_input_size_40_node1_70_node2_40_node3_0_node4_0,0.19900610738816074
Train_W_2Layers_input_size_90_node1_60_node2_70_node3_0_node4_0,0.19900705271951621
Test_W_2Layers_input_size_10_node1_70_node2_10_node3_0_node4_0,0.19902544366875505
Train_W_2Layers_input_size_15_node1_30_node2_90_node3_0_node4_0,0.19903598143155135
Test_W_2Layers_input_size_25_node1_10_node2_10_node3_0_node4_0,0.1990402675022759
Train_W_1Layers_input_size_100_node1_80_node2_0_node3_0_node4_0,0.1990497283491472
Train_W_2Layers_input_size_80_node1_30_node2_70_node3_0_node4_0,0.1990512817192063
Train_W_2Layers_input_size_65_node1_100_node2_90_node3_0_node4_0,0.1990593571766633
Test_W_2Layers_input_size_75_node1_50_node2_100_node3_0_node4_0,0.19906813406943455
Train_W_2Layers_input_size_85_node1_20_node2_30_node3_0_node4_0,0.1990701832029642
Train_W_2Layers_input_size_5_node1_30_node2_10_node3_0_node4_0,0.19907362644833584
Train_W_2Layers_input_size_80_node1_100_node2_60_node3_0_node4_0,0.1990762181997243
Train_W_2Layers_input_size_90_node1_60_node2_40_node3_0_node4_0,0.19907677022905473
Test_W_2Layers_input_size_25_node1_90_node2_70_node3_0_node4_0,0.19908002623532003
Test_W_2Layers_input_size_10_node1_10_node2_30_node3_0_node4_0,0.19908671585120669
Test_W_2Layers_input_size_55_node1_80_node2_90_node3_0_node4_0,0.19909269421282094
Test_W_2Layers_input_size_35_node1_30_node2_30_node3_0_node4_0,0.1990955476711141
Train_W_2Layers_input_size_20_node1_80_node2_90_node3_0_node4_0,0.19909711939460853
Train_W_2Layers_input_size_40_node1_90_node2_50_node3_0_node4_0,0.1990994021137779
Test_W_2Layers_input_size_35_node1_60_node2_70_node3_0_node4_0,0.19910565139137362
Train_W_2Layers_input_size_80_node1_50_node2_20_node3_0_node4_0,0.19912394904633393
Train_W_2Layers_input_size_65_node1_40_node2_40_node3_0_node4_0,0.19912465996422862
Test_W_2Layers_input_size_25_node1_20_node2_80_node3_0_node4_0,0.1991285886752453
Test_W_2Layers_input_size_40_node1_40_node2_10_node3_0_node4_0,0.19912958019482355
Train_W_2Layers_input_size_30_node1_40_node2_30_node3_0_node4_0,0.199132928875396
Train_W_2Layers_input_size_15_node1_80_node2_90_node3_0_node4_0,0.19913565080610343
Train_W_2Layers_input_size_25_node1_80_node2_40_node3_0_node4_0,0.19913934546351772
Train_W_2Layers_input_size_15_node1_20_node2_100_node3_0_node4_0,0.19915996881086914
Train_W_2Layers_input_size_5_node1_90_node2_50_node3_0_node4_0,0.19916084794465608
Train_W_2Layers_input_size_100_node1_80_node2_60_node3_0_node4_0,0.19916610396144763
Test_W_2Layers_input_size_30_node1_40_node2_100_node3_0_node4_0,0.1991672636333069
Train_W_2Layers_input_size_95_node1_80_node2_70_node3_0_node4_0,0.19917760685942903
Test_W_2Layers_input_size_35_node1_90_node2_20_node3_0_node4_0,0.19918965145848738
Test_W_2Layers_input_size_40_node1_90_node2_80_node3_0_node4_0,0.19919502827649915
Test_W_2Layers_input_size_15_node1_100_node2_10_node3_0_node4_0,0.1991951685393744
Train_W_2Layers_input_size_5_node1_20_node2_50_node3_0_node4_0,0.19919805793263148
Test_W_2Layers_input_size_25_node1_100_node2_10_node3_0_node4_0,0.1992010501403733
Train_W_2Layers_input_size_90_node1_40_node2_50_node3_0_node4_0,0.19920359348161543
Test_W_2Layers_input_size_10_node1_30_node2_50_node3_0_node4_0,0.1992139628714054
Train_W_2Layers_input_size_40_node1_60_node2_10_node3_0_node4_0,0.19921905854145167
Train_W_1Layers_input_size_50_node1_60_node2_0_node3_0_node4_0,0.1992217231977412
Test_W_2Layers_input_size_35_node1_100_node2_100_node3_0_node4_0,0.19924518933346058
Test_W_2Layers_input_size_20_node1_40_node2_80_node3_0_node4_0,0.19924826496869363
Test_W_2Layers_input_size_70_node1_30_node2_90_node3_0_node4_0,0.19925046182193626
Test_W_2Layers_input_size_15_node1_50_node2_40_node3_0_node4_0,0.1992579870292409
Test_W_2Layers_input_size_15_node1_30_node2_40_node3_0_node4_0,0.19926205332733318
Train_W_2Layers_input_size_60_node1_20_node2_40_node3_0_node4_0,0.1992690079069172
Train_W_1Layers_input_size_55_node1_100_node2_0_node3_0_node4_0,0.19928032727481773
Train_W_2Layers_input_size_80_node1_40_node2_10_node3_0_node4_0,0.19928033662167666
Train_W_2Layers_input_size_15_node1_40_node2_10_node3_0_node4_0,0.1992832715136985
Train_W_2Layers_input_size_55_node1_10_node2_40_node3_0_node4_0,0.1992837295025038
Test_W_2Layers_input_size_65_node1_30_node2_90_node3_0_node4_0,0.19928535582159326
Train_W_2Layers_input_size_95_node1_10_node2_90_node3_0_node4_0,0.19929448726334764
Train_W_2Layers_input_size_65_node1_20_node2_60_node3_0_node4_0,0.19930419772343166
Test_W_2Layers_input_size_85_node1_70_node2_10_node3_0_node4_0,0.1993099546159313
Train_W_2Layers_input_size_55_node1_20_node2_60_node3_0_node4_0,0.19931891671991603
Test_W_2Layers_input_size_55_node1_30_node2_80_node3_0_node4_0,0.19932171087014094
Train_W_2Layers_input_size_55_node1_50_node2_90_node3_0_node4_0,0.1993359426729776
Train_W_2Layers_input_size_65_node1_90_node2_20_node3_0_node4_0,0.19933714807775574
Test_W_2Layers_input_size_15_node1_70_node2_100_node3_0_node4_0,0.19933853101379395
Train_W_2Layers_input_size_80_node1_10_node2_40_node3_0_node4_0,0.1993389982197468
Test_W_2Layers_input_size_75_node1_60_node2_10_node3_0_node4_0,0.19935667648839078
Test_W_2Layers_input_size_25_node1_10_node2_80_node3_0_node4_0,0.19936053522548078
Train_W_2Layers_input_size_25_node1_10_node2_70_node3_0_node4_0,0.19937400751853424
Train_W_2Layers_input_size_85_node1_40_node2_90_node3_0_node4_0,0.19938723601339975
Train_W_2Layers_input_size_75_node1_30_node2_30_node3_0_node4_0,0.1993969699808755
Test_W_2Layers_input_size_70_node1_100_node2_80_node3_0_node4_0,0.199402182409172
Train_W_1Layers_input_size_80_node1_40_node2_0_node3_0_node4_0,0.19940509682581795
Test_W_2Layers_input_size_30_node1_60_node2_50_node3_0_node4_0,0.19940718920124392
Train_W_2Layers_input_size_60_node1_10_node2_40_node3_0_node4_0,0.19940789910934664
Train_W_2Layers_input_size_75_node1_10_node2_70_node3_0_node4_0,0.19940859967407562
Train_W_2Layers_input_size_25_node1_90_node2_80_node3_0_node4_0,0.1994096832093426
Train_W_2Layers_input_size_80_node1_70_node2_70_node3_0_node4_0,0.1994169035138473
Train_W_2Layers_input_size_20_node1_10_node2_40_node3_0_node4_0,0.19941767877032834
Test_W_2Layers_input_size_25_node1_50_node2_20_node3_0_node4_0,0.19941893972322727
Test_W_2Layers_input_size_45_node1_100_node2_10_node3_0_node4_0,0.19942618771266665
Test_W_2Layers_input_size_5_node1_70_node2_90_node3_0_node4_0,0.19942781287001993
Test_W_2Layers_input_size_10_node1_10_node2_50_node3_0_node4_0,0.19943223995563295
Test_W_1Layers_input_size_15_node1_20_node2_0_node3_0_node4_0,0.1994370125053614
Train_W_2Layers_input_size_40_node1_70_node2_30_node3_0_node4_0,0.19945050764925357
Test_W_2Layers_input_size_5_node1_90_node2_20_node3_0_node4_0,0.19947221003487825
Test_W_2Layers_input_size_35_node1_40_node2_80_node3_0_node4_0,0.19947325587334258
Train_W_2Layers_input_size_90_node1_80_node2_50_node3_0_node4_0,0.19948180913212463
Train_W_2Layers_input_size_25_node1_50_node2_30_node3_0_node4_0,0.19948446094137298
Test_W_2Layers_input_size_20_node1_30_node2_40_node3_0_node4_0,0.19948644043797423
Train_W_2Layers_input_size_80_node1_100_node2_40_node3_0_node4_0,0.19948878406185735
Test_W_2Layers_input_size_45_node1_100_node2_60_node3_0_node4_0,0.19948991384680195
Train_W_2Layers_input_size_60_node1_10_node2_30_node3_0_node4_0,0.19949275228653093
Train_W_2Layers_input_size_20_node1_40_node2_60_node3_0_node4_0,0.19949728997141852
Train_W_2Layers_input_size_65_node1_20_node2_80_node3_0_node4_0,0.199499745506827
Train_W_2Layers_input_size_45_node1_40_node2_60_node3_0_node4_0,0.1995023317224674
Train_W_2Layers_input_size_85_node1_100_node2_50_node3_0_node4_0,0.1995043110417534
Train_W_2Layers_input_size_5_node1_70_node2_30_node3_0_node4_0,0.19950577684573836
Test_W_2Layers_input_size_35_node1_80_node2_50_node3_0_node4_0,0.19954000077442044
Train_W_2Layers_input_size_75_node1_90_node2_40_node3_0_node4_0,0.19954197972005536
Train_W_2Layers_input_size_40_node1_50_node2_60_node3_0_node4_0,0.19954371594864745
Test_W_2Layers_input_size_40_node1_80_node2_70_node3_0_node4_0,0.19955238753089818
Train_W_1Layers_input_size_60_node1_60_node2_0_node3_0_node4_0,0.19955390898601916
Train_W_1Layers_input_size_40_node1_20_node2_0_node3_0_node4_0,0.19955612114240232
Train_W_1Layers_input_size_30_node1_20_node2_0_node3_0_node4_0,0.19955655050324678
Test_W_2Layers_input_size_15_node1_90_node2_60_node3_0_node4_0,0.19955781991251426
Train_W_2Layers_input_size_40_node1_100_node2_60_node3_0_node4_0,0.19957102689019715
Train_W_1Layers_input_size_55_node1_40_node2_0_node3_0_node4_0,0.19959353740591826
Train_W_2Layers_input_size_70_node1_50_node2_70_node3_0_node4_0,0.19959395735410207
Train_W_2Layers_input_size_50_node1_70_node2_50_node3_0_node4_0,0.1996006484093053
Test_W_2Layers_input_size_30_node1_70_node2_10_node3_0_node4_0,0.1996034199522487
Test_W_2Layers_input_size_5_node1_40_node2_100_node3_0_node4_0,0.19960411983074433
Train_W_1Layers_input_size_20_node1_100_node2_0_node3_0_node4_0,0.19961130510804231
Train_W_2Layers_input_size_5_node1_10_node2_60_node3_0_node4_0,0.19962727042825745
Train_W_2Layers_input_size_55_node1_10_node2_30_node3_0_node4_0,0.1996394091889548
Train_W_2Layers_input_size_30_node1_80_node2_60_node3_0_node4_0,0.19964016492136322
Test_W_2Layers_input_size_40_node1_70_node2_20_node3_0_node4_0,0.19964634129381556
Test_W_2Layers_input_size_10_node1_80_node2_30_node3_0_node4_0,0.1996513139744784
Train_W_2Layers_input_size_100_node1_90_node2_90_node3_0_node4_0,0.1996596543652788
Train_W_2Layers_input_size_30_node1_70_node2_80_node3_0_node4_0,0.19965997155447243
Test_W_2Layers_input_size_75_node1_90_node2_90_node3_0_node4_0,0.19966262099746537
Train_W_2Layers_input_size_95_node1_70_node2_10_node3_0_node4_0,0.19966739736925082
Train_W_2Layers_input_size_80_node1_70_node2_40_node3_0_node4_0,0.1996681156809051
Train_W_2Layers_input_size_45_node1_40_node2_40_node3_0_node4_0,0.1996763527583996
Test_W_2Layers_input_size_35_node1_60_node2_10_node3_0_node4_0,0.19969133348023935
Test_W_2Layers_input_size_5_node1_40_node2_80_node3_0_node4_0,0.19971157339289033
Train_W_2Layers_input_size_60_node1_50_node2_80_node3_0_node4_0,0.199715285375463
Train_W_2Layers_input_size_100_node1_30_node2_50_node3_0_node4_0,0.19972460233434133
Train_W_2Layers_input_size_90_node1_80_node2_60_node3_0_node4_0,0.19972593595756025
Test_W_2Layers_input_size_25_node1_40_node2_80_node3_0_node4_0,0.1997453051314933
Train_W_2Layers_input_size_45_node1_100_node2_50_node3_0_node4_0,0.19974648009076648
Train_W_2Layers_input_size_95_node1_50_node2_100_node3_0_node4_0,0.19975441554742904
Test_W_2Layers_input_size_35_node1_90_node2_100_node3_0_node4_0,0.19976058838738073
Train_W_2Layers_input_size_15_node1_30_node2_10_node3_0_node4_0,0.1997622108242309
Test_W_2Layers_input_size_20_node1_80_node2_10_node3_0_node4_0,0.19976697549076272
Train_W_2Layers_input_size_95_node1_20_node2_90_node3_0_node4_0,0.1997942372681447
Test_W_2Layers_input_size_70_node1_90_node2_50_node3_0_node4_0,0.19979880539634348
Train_W_2Layers_input_size_75_node1_90_node2_70_node3_0_node4_0,0.19980457600490706
Test_W_2Layers_input_size_5_node1_70_node2_20_node3_0_node4_0,0.19981050492186467
Test_W_2Layers_input_size_15_node1_80_node2_20_node3_0_node4_0,0.1998207962090533
Train_W_2Layers_input_size_70_node1_90_node2_20_node3_0_node4_0,0.1998296981178099
Train_W_1Layers_input_size_100_node1_10_node2_0_node3_0_node4_0,0.19983038788266697
Train_W_2Layers_input_size_65_node1_90_node2_60_node3_0_node4_0,0.1998340417324689
Test_W_2Layers_input_size_50_node1_70_node2_60_node3_0_node4_0,0.19984263547298736
Test_W_2Layers_input_size_35_node1_100_node2_70_node3_0_node4_0,0.19984883354885458
Test_W_1Layers_input_size_15_node1_100_node2_0_node3_0_node4_0,0.19985043662891788
Train_W_2Layers_input_size_15_node1_30_node2_60_node3_0_node4_0,0.19985167621108113
Test_W_2Layers_input_size_25_node1_90_node2_30_node3_0_node4_0,0.19985312082720919
Test_W_2Layers_input_size_35_node1_70_node2_100_node3_0_node4_0,0.1998565878633129
Test_W_2Layers_input_size_5_node1_20_node2_50_node3_0_node4_0,0.19985684882058574
Test_W_2Layers_input_size_70_node1_30_node2_50_node3_0_node4_0,0.1998632514869342
Train_W_2Layers_input_size_90_node1_10_node2_30_node3_0_node4_0,0.19987139664957154
Test_W_2Layers_input_size_45_node1_10_node2_80_node3_0_node4_0,0.19987753791999002
Test_W_2Layers_input_size_35_node1_50_node2_50_node3_0_node4_0,0.19988665162753852
Test_W_2Layers_input_size_25_node1_90_node2_20_node3_0_node4_0,0.19989913803683318
Train_W_2Layers_input_size_5_node1_90_node2_40_node3_0_node4_0,0.19990914523765396
Train_W_1Layers_input_size_20_node1_20_node2_0_node3_0_node4_0,0.19991198704227434
Test_W_2Layers_input_size_35_node1_20_node2_10_node3_0_node4_0,0.19991885379358404
Test_W_2Layers_input_size_35_node1_90_node2_10_node3_0_node4_0,0.19991928237539808
Test_W_2Layers_input_size_30_node1_20_node2_100_node3_0_node4_0,0.19995174943516822
Train_W_2Layers_input_size_25_node1_80_node2_20_node3_0_node4_0,0.19996380329407246
Test_W_2Layers_input_size_70_node1_80_node2_30_node3_0_node4_0,0.1999664393966772
Test_W_2Layers_input_size_50_node1_60_node2_20_node3_0_node4_0,0.19997463624281858
Test_W_2Layers_input_size_60_node1_30_node2_80_node3_0_node4_0,0.19997472938686678
Test_W_2Layers_input_size_65_node1_70_node2_90_node3_0_node4_0,0.19998693088209935
Test_W_2Layers_input_size_10_node1_20_node2_50_node3_0_node4_0,0.1999982096174689
Train_W_2Layers_input_size_45_node1_60_node2_100_node3_0_node4_0,0.20000140405698505
Test_W_2Layers_input_size_5_node1_70_node2_40_node3_0_node4_0,0.20000164619900795
Train_W_2Layers_input_size_10_node1_60_node2_10_node3_0_node4_0,0.20000660073295565
Train_W_2Layers_input_size_50_node1_80_node2_30_node3_0_node4_0,0.20001236534636224
Train_W_2Layers_input_size_40_node1_20_node2_60_node3_0_node4_0,0.20001278441517212
Test_W_2Layers_input_size_10_node1_30_node2_70_node3_0_node4_0,0.20002247862855518
Test_W_2Layers_input_size_45_node1_50_node2_100_node3_0_node4_0,0.20002408962905555
Train_W_2Layers_input_size_50_node1_70_node2_100_node3_0_node4_0,0.20002822416055432
Train_W_2Layers_input_size_55_node1_50_node2_100_node3_0_node4_0,0.20002953713578664
Test_W_2Layers_input_size_50_node1_90_node2_70_node3_0_node4_0,0.20003895119513299
Test_W_2Layers_input_size_55_node1_70_node2_80_node3_0_node4_0,0.20004839274438432
Train_W_1Layers_input_size_70_node1_10_node2_0_node3_0_node4_0,0.20004956592352066
Train_W_2Layers_input_size_70_node1_30_node2_60_node3_0_node4_0,0.20005130705765173
Train_W_2Layers_input_size_60_node1_70_node2_30_node3_0_node4_0,0.20006343871065935
Test_W_2Layers_input_size_5_node1_40_node2_10_node3_0_node4_0,0.20006689279197215
Train_W_2Layers_input_size_20_node1_100_node2_80_node3_0_node4_0,0.20006791690165446
Train_W_2Layers_input_size_30_node1_80_node2_100_node3_0_node4_0,0.20006824275363583
Train_W_2Layers_input_size_100_node1_70_node2_30_node3_0_node4_0,0.20007570927363252
Train_W_2Layers_input_size_25_node1_80_node2_70_node3_0_node4_0,0.20008293347164502
Test_W_2Layers_input_size_10_node1_30_node2_20_node3_0_node4_0,0.20008740191716717
Test_W_2Layers_input_size_80_node1_40_node2_20_node3_0_node4_0,0.20009567758709162
Train_W_2Layers_input_size_80_node1_90_node2_80_node3_0_node4_0,0.20009586376245586
Train_W_2Layers_input_size_55_node1_70_node2_20_node3_0_node4_0,0.20010182128265178
Test_W_2Layers_input_size_70_node1_90_node2_40_node3_0_node4_0,0.2001157462942904
Test_W_2Layers_input_size_5_node1_10_node2_20_node3_0_node4_0,0.20012395563990845
Train_W_2Layers_input_size_20_node1_10_node2_30_node3_0_node4_0,0.20012593811846985
Train_W_2Layers_input_size_100_node1_20_node2_20_node3_0_node4_0,0.20012679439421668
Test_W_2Layers_input_size_30_node1_100_node2_100_node3_0_node4_0,0.20013215534170664
Test_W_2Layers_input_size_25_node1_40_node2_20_node3_0_node4_0,0.20013897731203126
Train_W_2Layers_input_size_85_node1_80_node2_10_node3_0_node4_0,0.200144300707156
Train_W_2Layers_input_size_55_node1_60_node2_50_node3_0_node4_0,0.20017248814427654
Test_W_2Layers_input_size_100_node1_20_node2_70_node3_0_node4_0,0.20018295622119356
Train_W_1Layers_input_size_95_node1_90_node2_0_node3_0_node4_0,0.20018755269712385
Train_W_2Layers_input_size_20_node1_60_node2_10_node3_0_node4_0,0.20019862474632263
Train_W_1Layers_input_size_60_node1_100_node2_0_node3_0_node4_0,0.20021461765900603
Test_W_2Layers_input_size_50_node1_10_node2_100_node3_0_node4_0,0.20021744582476497
Test_W_2Layers_input_size_55_node1_40_node2_30_node3_0_node4_0,0.20022618125555647
Test_W_2Layers_input_size_5_node1_90_node2_50_node3_0_node4_0,0.20022704640527642
Test_W_2Layers_input_size_10_node1_40_node2_20_node3_0_node4_0,0.20022933484780428
Test_W_2Layers_input_size_30_node1_30_node2_100_node3_0_node4_0,0.20023633024977905
Train_W_2Layers_input_size_40_node1_20_node2_70_node3_0_node4_0,0.20023952089053487
Train_W_2Layers_input_size_100_node1_80_node2_20_node3_0_node4_0,0.20024316727486094
Test_W_2Layers_input_size_45_node1_80_node2_20_node3_0_node4_0,0.20024893437981883
Train_W_2Layers_input_size_100_node1_30_node2_40_node3_0_node4_0,0.20026690435793335
Test_W_2Layers_input_size_25_node1_70_node2_40_node3_0_node4_0,0.20026716478054504
Train_W_2Layers_input_size_65_node1_40_node2_100_node3_0_node4_0,0.20027951586409015
Train_W_2Layers_input_size_100_node1_100_node2_80_node3_0_node4_0,0.20029079672288083
Train_W_2Layers_input_size_55_node1_20_node2_40_node3_0_node4_0,0.20029618117919568
Test_W_2Layers_input_size_95_node1_100_node2_100_node3_0_node4_0,0.20029845023315085
Test_W_2Layers_input_size_25_node1_10_node2_60_node3_0_node4_0,0.20029982653204215
Test_W_2Layers_input_size_55_node1_10_node2_50_node3_0_node4_0,0.2003055269125621
Test_W_2Layers_input_size_35_node1_90_node2_30_node3_0_node4_0,0.2003108551802926
Train_W_2Layers_input_size_35_node1_40_node2_20_node3_0_node4_0,0.2003157276780247
Test_W_2Layers_input_size_15_node1_60_node2_20_node3_0_node4_0,0.20032898696679458
Test_W_2Layers_input_size_20_node1_60_node2_10_node3_0_node4_0,0.20033447267112628
Train_W_2Layers_input_size_45_node1_20_node2_20_node3_0_node4_0,0.20034452320747598
Test_W_2Layers_input_size_45_node1_20_node2_90_node3_0_node4_0,0.2003556330656504
Train_W_2Layers_input_size_65_node1_20_node2_20_node3_0_node4_0,0.2003663239793074
Test_W_2Layers_input_size_50_node1_50_node2_70_node3_0_node4_0,0.20036824828318622
Test_W_2Layers_input_size_40_node1_50_node2_70_node3_0_node4_0,0.20036852716627307
Train_W_1Layers_input_size_45_node1_60_node2_0_node3_0_node4_0,0.2003843484977544
Test_W_2Layers_input_size_95_node1_60_node2_10_node3_0_node4_0,0.20039114329250599
Test_W_2Layers_input_size_20_node1_40_node2_10_node3_0_node4_0,0.20039263049455042
Train_W_2Layers_input_size_90_node1_10_node2_90_node3_0_node4_0,0.20039294652356296
Train_W_2Layers_input_size_70_node1_60_node2_50_node3_0_node4_0,0.20040350532407017
Train_W_2Layers_input_size_75_node1_70_node2_80_node3_0_node4_0,0.20040401651948256
Train_W_2Layers_input_size_35_node1_60_node2_30_node3_0_node4_0,0.20040471360203438
Train_W_2Layers_input_size_40_node1_80_node2_30_node3_0_node4_0,0.20040714872471896
Test_W_2Layers_input_size_40_node1_30_node2_100_node3_0_node4_0,0.20041101511827084
Train_W_2Layers_input_size_60_node1_100_node2_80_node3_0_node4_0,0.20041416580208835
Test_W_2Layers_input_size_40_node1_90_node2_70_node3_0_node4_0,0.20041501155243865
Train_W_2Layers_input_size_55_node1_80_node2_100_node3_0_node4_0,0.20041821793618733
Test_W_2Layers_input_size_10_node1_30_node2_30_node3_0_node4_0,0.20043036455372018
Test_W_2Layers_input_size_15_node1_50_node2_20_node3_0_node4_0,0.200431433272133
Train_W_2Layers_input_size_100_node1_60_node2_100_node3_0_node4_0,0.20043220460449032
Train_W_2Layers_input_size_75_node1_80_node2_30_node3_0_node4_0,0.20044274275167642
Train_W_2Layers_input_size_95_node1_60_node2_90_node3_0_node4_0,0.20044444330023056
Train_W_1Layers_input_size_95_node1_30_node2_0_node3_0_node4_0,0.2004457535491122
Test_W_2Layers_input_size_25_node1_70_node2_20_node3_0_node4_0,0.20044868066992969
Train_W_2Layers_input_size_50_node1_20_node2_80_node3_0_node4_0,0.2004551108931922
Test_W_2Layers_input_size_70_node1_100_node2_100_node3_0_node4_0,0.20047698325883836
Test_W_2Layers_input_size_10_node1_100_node2_20_node3_0_node4_0,0.20048080185114292
Train_W_2Layers_input_size_95_node1_70_node2_60_node3_0_node4_0,0.20048454604499447
Train_W_2Layers_input_size_40_node1_80_node2_20_node3_0_node4_0,0.2004846389521414
Train_W_2Layers_input_size_10_node1_40_node2_10_node3_0_node4_0,0.20048946077396537
Test_W_2Layers_input_size_70_node1_20_node2_80_node3_0_node4_0,0.20050997312456653
Test_W_2Layers_input_size_50_node1_80_node2_50_node3_0_node4_0,0.20052336819190122
Test_W_2Layers_input_size_30_node1_80_node2_90_node3_0_node4_0,0.20052413917062342
Test_W_2Layers_input_size_5_node1_60_node2_50_node3_0_node4_0,0.2005328705299959
Test_W_2Layers_input_size_15_node1_30_node2_80_node3_0_node4_0,0.20053657659845794
Train_W_2Layers_input_size_5_node1_40_node2_20_node3_0_node4_0,0.20053970673325464
Test_W_2Layers_input_size_20_node1_70_node2_30_node3_0_node4_0,0.20055844007967297
Test_W_2Layers_input_size_75_node1_40_node2_80_node3_0_node4_0,0.20056055757147223
Train_W_2Layers_input_size_10_node1_10_node2_60_node3_0_node4_0,0.20057016958869714
Test_W_2Layers_input_size_50_node1_90_node2_20_node3_0_node4_0,0.2005774224098062
Test_W_2Layers_input_size_65_node1_90_node2_100_node3_0_node4_0,0.20058544571174575
Test_W_2Layers_input_size_25_node1_20_node2_60_node3_0_node4_0,0.20058843579542615
Train_W_2Layers_input_size_45_node1_10_node2_10_node3_0_node4_0,0.20060446262710846
Test_W_2Layers_input_size_60_node1_50_node2_70_node3_0_node4_0,0.20060495474014786
Train_W_2Layers_input_size_75_node1_50_node2_20_node3_0_node4_0,0.2006050197361194
Train_W_2Layers_input_size_80_node1_80_node2_40_node3_0_node4_0,0.20061474103931481
Test_W_2Layers_input_size_30_node1_80_node2_30_node3_0_node4_0,0.2006162358684097
Test_W_2Layers_input_size_35_node1_30_node2_60_node3_0_node4_0,0.20063736654653513
Test_W_2Layers_input_size_85_node1_70_node2_90_node3_0_node4_0,0.20064698416741256
Test_W_2Layers_input_size_90_node1_30_node2_100_node3_0_node4_0,0.2006497041252126
Train_W_2Layers_input_size_50_node1_100_node2_40_node3_0_node4_0,0.20065130080681434
Test_W_1Layers_input_size_5_node1_10_node2_0_node3_0_node4_0,0.2006606764133624
Test_W_2Layers_input_size_45_node1_60_node2_20_node3_0_node4_0,0.20067069204769333
Test_W_2Layers_input_size_10_node1_20_node2_20_node3_0_node4_0,0.20068636889986893
Test_W_2Layers_input_size_55_node1_100_node2_30_node3_0_node4_0,0.20070059674112037
Test_W_2Layers_input_size_55_node1_60_node2_30_node3_0_node4_0,0.20070412338204524
Train_W_2Layers_input_size_45_node1_70_node2_50_node3_0_node4_0,0.2007055897039801
Train_W_2Layers_input_size_25_node1_40_node2_40_node3_0_node4_0,0.20070713953893676
Train_W_2Layers_input_size_95_node1_100_node2_60_node3_0_node4_0,0.2007086151191814
Test_W_2Layers_input_size_35_node1_30_node2_70_node3_0_node4_0,0.20071505557512825
Test_W_2Layers_input_size_20_node1_90_node2_40_node3_0_node4_0,0.20071596501767386
Train_W_2Layers_input_size_100_node1_70_node2_10_node3_0_node4_0,0.20072129166983604
Train_W_2Layers_input_size_10_node1_10_node2_20_node3_0_node4_0,0.20072171853828155
Train_W_2Layers_input_size_90_node1_10_node2_100_node3_0_node4_0,0.20072309193494728
Test_W_1Layers_input_size_10_node1_90_node2_0_node3_0_node4_0,0.20072654394453246
Test_W_2Layers_input_size_55_node1_90_node2_50_node3_0_node4_0,0.20072833488310493
Train_W_2Layers_input_size_80_node1_30_node2_50_node3_0_node4_0,0.200728984442369
Test_W_2Layers_input_size_55_node1_50_node2_20_node3_0_node4_0,0.20075297954445567
Train_W_2Layers_input_size_90_node1_30_node2_80_node3_0_node4_0,0.2007538609804429
Test_W_2Layers_input_size_70_node1_70_node2_70_node3_0_node4_0,0.20075845366323364
Test_W_2Layers_input_size_40_node1_70_node2_70_node3_0_node4_0,0.20076132983531778
Train_W_1Layers_input_size_10_node1_30_node2_0_node3_0_node4_0,0.2007644935770193
Train_W_2Layers_input_size_85_node1_80_node2_20_node3_0_node4_0,0.2007661914002496
Test_W_2Layers_input_size_20_node1_20_node2_10_node3_0_node4_0,0.20076853864041339
Train_W_2Layers_input_size_55_node1_80_node2_70_node3_0_node4_0,0.2007730474911715
Test_W_2Layers_input_size_30_node1_80_node2_70_node3_0_node4_0,0.2007882154124843
Test_W_1Layers_input_size_20_node1_40_node2_0_node3_0_node4_0,0.20078842877568184
Test_W_2Layers_input_size_60_node1_90_node2_100_node3_0_node4_0,0.20080917030682244
Train_W_2Layers_input_size_60_node1_70_node2_10_node3_0_node4_0,0.200811748934213
Train_W_2Layers_input_size_95_node1_20_node2_80_node3_0_node4_0,0.20081211068145027
Train_W_2Layers_input_size_80_node1_80_node2_100_node3_0_node4_0,0.20081563536401356
Train_W_2Layers_input_size_75_node1_100_node2_80_node3_0_node4_0,0.20081889100268235
Test_W_2Layers_input_size_15_node1_40_node2_30_node3_0_node4_0,0.20082197036162727
Test_W_1Layers_input_size_50_node1_50_node2_0_node3_0_node4_0,0.20082334307268782
Train_W_2Layers_input_size_95_node1_80_node2_20_node3_0_node4_0,0.2008238995744988
Train_W_1Layers_input_size_45_node1_90_node2_0_node3_0_node4_0,0.20082519807272733
Test_W_2Layers_input_size_45_node1_30_node2_60_node3_0_node4_0,0.20082746114957234
Train_W_2Layers_input_size_100_node1_20_node2_40_node3_0_node4_0,0.20083626279204717
Train_W_2Layers_input_size_45_node1_10_node2_20_node3_0_node4_0,0.20084002818197721
Train_W_2Layers_input_size_5_node1_90_node2_10_node3_0_node4_0,0.2008465107938299
Train_W_2Layers_input_size_25_node1_10_node2_50_node3_0_node4_0,0.20084996068221436
Test_W_2Layers_input_size_100_node1_10_node2_100_node3_0_node4_0,0.2008530302911456
Train_W_2Layers_input_size_85_node1_10_node2_80_node3_0_node4_0,0.20086184935972706
Test_W_2Layers_input_size_70_node1_60_node2_10_node3_0_node4_0,0.20086234084216859
Test_W_2Layers_input_size_35_node1_40_node2_90_node3_0_node4_0,0.2008658739164003
Train_W_2Layers_input_size_50_node1_30_node2_40_node3_0_node4_0,0.20088256476542818
Test_W_2Layers_input_size_60_node1_40_node2_60_node3_0_node4_0,0.20088958378047475
Test_W_2Layers_input_size_50_node1_80_node2_80_node3_0_node4_0,0.20088980630798456
Train_W_2Layers_input_size_90_node1_60_node2_100_node3_0_node4_0,0.20089128054651104
Train_W_2Layers_input_size_75_node1_90_node2_100_node3_0_node4_0,0.20089222627873746
Test_W_1Layers_input_size_10_node1_10_node2_0_node3_0_node4_0,0.20089268059949839
Test_W_2Layers_input_size_50_node1_70_node2_80_node3_0_node4_0,0.20089800256618628
Train_W_1Layers_input_size_90_node1_80_node2_0_node3_0_node4_0,0.2008988277365499
Test_W_2Layers_input_size_65_node1_10_node2_80_node3_0_node4_0,0.20089936548619874
Train_W_1Layers_input_size_70_node1_40_node2_0_node3_0_node4_0,0.20090238798330537
Train_W_2Layers_input_size_95_node1_10_node2_30_node3_0_node4_0,0.2009057812847699
Train_W_2Layers_input_size_15_node1_10_node2_50_node3_0_node4_0,0.2009081176229547
Train_W_2Layers_input_size_45_node1_20_node2_70_node3_0_node4_0,0.20091104727847428
Train_W_2Layers_input_size_75_node1_10_node2_40_node3_0_node4_0,0.20091345772250033
Train_W_2Layers_input_size_15_node1_80_node2_80_node3_0_node4_0,0.20091623896813435
Test_W_2Layers_input_size_60_node1_30_node2_20_node3_0_node4_0,0.2009189274689844
Train_W_2Layers_input_size_5_node1_20_node2_90_node3_0_node4_0,0.20094961091322106
Test_W_2Layers_input_size_20_node1_100_node2_70_node3_0_node4_0,0.20095754520462875
Train_W_1Layers_input_size_50_node1_70_node2_0_node3_0_node4_0,0.20096990020059785
Test_W_2Layers_input_size_70_node1_50_node2_60_node3_0_node4_0,0.20097081775814568
Train_W_2Layers_input_size_35_node1_60_node2_40_node3_0_node4_0,0.20097172604330954
Test_W_2Layers_input_size_35_node1_10_node2_90_node3_0_node4_0,0.20097275481032295
Train_W_2Layers_input_size_75_node1_40_node2_10_node3_0_node4_0,0.2009760079037917
Train_W_2Layers_input_size_80_node1_100_node2_70_node3_0_node4_0,0.2009831070645331
Train_W_2Layers_input_size_15_node1_40_node2_80_node3_0_node4_0,0.20098563712256914
Train_W_2Layers_input_size_100_node1_50_node2_80_node3_0_node4_0,0.2009859614866807
Test_W_2Layers_input_size_80_node1_80_node2_90_node3_0_node4_0,0.2009866936208939
Train_W_2Layers_input_size_90_node1_30_node2_90_node3_0_node4_0,0.20098833396255092
Train_W_2Layers_input_size_60_node1_70_node2_20_node3_0_node4_0,0.20100341150427645
Test_W_2Layers_input_size_75_node1_80_node2_80_node3_0_node4_0,0.2010126780246857
Test_W_2Layers_input_size_25_node1_30_node2_10_node3_0_node4_0,0.20103589804844285
Test_W_2Layers_input_size_50_node1_50_node2_30_node3_0_node4_0,0.20104068811866968
Train_W_2Layers_input_size_55_node1_60_node2_90_node3_0_node4_0,0.20104111430894414
Train_W_2Layers_input_size_75_node1_60_node2_20_node3_0_node4_0,0.20105107393309987
Test_W_2Layers_input_size_5_node1_10_node2_90_node3_0_node4_0,0.20105126848828647
Train_W_2Layers_input_size_95_node1_90_node2_50_node3_0_node4_0,0.201058911578784
Train_W_2Layers_input_size_65_node1_10_node2_60_node3_0_node4_0,0.2010670824160149
Test_W_2Layers_input_size_10_node1_60_node2_50_node3_0_node4_0,0.2010729092615071
Test_W_2Layers_input_size_25_node1_70_node2_50_node3_0_node4_0,0.2010747526957466
Test_W_2Layers_input_size_35_node1_100_node2_30_node3_0_node4_0,0.20107768918674263
Test_W_2Layers_input_size_45_node1_50_node2_80_node3_0_node4_0,0.20108676702650713
Test_W_2Layers_input_size_55_node1_70_node2_100_node3_0_node4_0,0.20110294864900458
Train_W_2Layers_input_size_75_node1_10_node2_20_node3_0_node4_0,0.2011030690568845
Test_W_2Layers_input_size_80_node1_100_node2_10_node3_0_node4_0,0.20111104360289375
Train_W_2Layers_input_size_90_node1_80_node2_70_node3_0_node4_0,0.20111443338381824
Test_W_2Layers_input_size_75_node1_50_node2_70_node3_0_node4_0,0.20111854550037592
Train_W_2Layers_input_size_65_node1_70_node2_20_node3_0_node4_0,0.20111986988037622
Train_W_2Layers_input_size_20_node1_90_node2_30_node3_0_node4_0,0.20112008289172995
Test_W_2Layers_input_size_45_node1_80_node2_80_node3_0_node4_0,0.20112467647298868
Train_W_2Layers_input_size_50_node1_90_node2_60_node3_0_node4_0,0.20112963112548593
Test_W_2Layers_input_size_65_node1_90_node2_30_node3_0_node4_0,0.20113711380855398
Train_W_2Layers_input_size_90_node1_100_node2_40_node3_0_node4_0,0.20113802134276962
Train_W_2Layers_input_size_55_node1_40_node2_50_node3_0_node4_0,0.2011414291897974
Test_W_2Layers_input_size_20_node1_90_node2_70_node3_0_node4_0,0.20115264319184503
Test_W_2Layers_input_size_40_node1_40_node2_70_node3_0_node4_0,0.20116237506842427
Test_W_2Layers_input_size_25_node1_100_node2_60_node3_0_node4_0,0.20116371767856817
Test_W_2Layers_input_size_5_node1_100_node2_30_node3_0_node4_0,0.20116498620543677
Test_W_2Layers_input_size_50_node1_40_node2_50_node3_0_node4_0,0.20117297681488222
Test_W_2Layers_input_size_45_node1_40_node2_90_node3_0_node4_0,0.20117308792193037
Test_W_2Layers_input_size_50_node1_30_node2_100_node3_0_node4_0,0.2011788746625283
Test_W_2Layers_input_size_100_node1_70_node2_10_node3_0_node4_0,0.20117953202573183
Train_W_2Layers_input_size_10_node1_100_node2_60_node3_0_node4_0,0.20121873846763486
Test_W_2Layers_input_size_55_node1_50_node2_40_node3_0_node4_0,0.20123992620749895
Test_W_2Layers_input_size_25_node1_60_node2_70_node3_0_node4_0,0.20124451705322968
Test_W_2Layers_input_size_15_node1_50_node2_30_node3_0_node4_0,0.20124605348224148
Test_W_2Layers_input_size_50_node1_10_node2_40_node3_0_node4_0,0.2012543277837871
Test_W_2Layers_input_size_30_node1_30_node2_30_node3_0_node4_0,0.20126300895595292
Test_W_2Layers_input_size_65_node1_60_node2_80_node3_0_node4_0,0.20126369380861037
Train_W_2Layers_input_size_90_node1_70_node2_10_node3_0_node4_0,0.20126409176246243
Train_W_2Layers_input_size_70_node1_30_node2_80_node3_0_node4_0,0.20126592419097675
Train_W_2Layers_input_size_75_node1_50_node2_30_node3_0_node4_0,0.20126791393031868
Train_W_2Layers_input_size_50_node1_30_node2_60_node3_0_node4_0,0.20126960750691295
Test_W_2Layers_input_size_35_node1_90_node2_40_node3_0_node4_0,0.20127249488332952
Train_W_2Layers_input_size_20_node1_40_node2_20_node3_0_node4_0,0.20127900058287185
Test_W_2Layers_input_size_60_node1_40_node2_90_node3_0_node4_0,0.20128327590676184
Test_W_1Layers_input_size_15_node1_70_node2_0_node3_0_node4_0,0.2013014681528289
Train_W_2Layers_input_size_65_node1_80_node2_30_node3_0_node4_0,0.20130846330929564
Train_W_2Layers_input_size_35_node1_40_node2_50_node3_0_node4_0,0.20131086899476547
Test_W_2Layers_input_size_40_node1_80_node2_100_node3_0_node4_0,0.20131765102249827
Test_W_2Layers_input_size_15_node1_20_node2_90_node3_0_node4_0,0.20132235112050528
Train_W_2Layers_input_size_50_node1_60_node2_40_node3_0_node4_0,0.2013224528930673
Test_W_2Layers_input_size_5_node1_10_node2_70_node3_0_node4_0,0.20132978963404294
Train_W_2Layers_input_size_5_node1_90_node2_90_node3_0_node4_0,0.20133188051000625
Test_W_2Layers_input_size_50_node1_20_node2_10_node3_0_node4_0,0.20133351803929286
Test_W_2Layers_input_size_45_node1_70_node2_70_node3_0_node4_0,0.20134060459442077
Test_W_2Layers_input_size_20_node1_50_node2_40_node3_0_node4_0,0.20134793142310467
Test_W_1Layers_input_size_5_node1_40_node2_0_node3_0_node4_0,0.2013495780726555
Train_W_2Layers_input_size_65_node1_20_node2_40_node3_0_node4_0,0.20137302749112898
Train_W_2Layers_input_size_35_node1_10_node2_10_node3_0_node4_0,0.2013763758637816
Test_W_2Layers_input_size_45_node1_40_node2_10_node3_0_node4_0,0.20138011265592146
Train_W_2Layers_input_size_50_node1_90_node2_80_node3_0_node4_0,0.2013836921417847
Test_W_2Layers_input_size_55_node1_90_node2_60_node3_0_node4_0,0.20138380313257742
Test_W_2Layers_input_size_70_node1_60_node2_90_node3_0_node4_0,0.20140171809458038
Test_W_2Layers_input_size_45_node1_60_node2_70_node3_0_node4_0,0.2014158676609305
Test_W_2Layers_input_size_15_node1_30_node2_90_node3_0_node4_0,0.20141793914801215
Train_W_2Layers_input_size_70_node1_90_node2_30_node3_0_node4_0,0.2014195944728212
Train_W_2Layers_input_size_10_node1_50_node2_50_node3_0_node4_0,0.20142362638023842
Train_W_2Layers_input_size_65_node1_100_node2_70_node3_0_node4_0,0.20142454187090864
Test_W_2Layers_input_size_50_node1_30_node2_30_node3_0_node4_0,0.20143536099095072
Test_W_2Layers_input_size_70_node1_70_node2_80_node3_0_node4_0,0.20143672952199854
Test_W_2Layers_input_size_45_node1_80_node2_50_node3_0_node4_0,0.20144014156229867
Train_W_2Layers_input_size_15_node1_30_node2_70_node3_0_node4_0,0.20144112170411127
Test_W_2Layers_input_size_65_node1_100_node2_80_node3_0_node4_0,0.20146982110106962
Train_W_2Layers_input_size_50_node1_60_node2_60_node3_0_node4_0,0.20147056996745497
Train_W_2Layers_input_size_10_node1_80_node2_90_node3_0_node4_0,0.20147112468150138
Train_W_2Layers_input_size_5_node1_20_node2_70_node3_0_node4_0,0.20147728190485362
Train_W_2Layers_input_size_75_node1_100_node2_10_node3_0_node4_0,0.20148133114737599
Train_W_2Layers_input_size_15_node1_10_node2_100_node3_0_node4_0,0.20148949409895325
Test_W_2Layers_input_size_65_node1_40_node2_20_node3_0_node4_0,0.20151210458015212
Train_W_2Layers_input_size_100_node1_30_node2_30_node3_0_node4_0,0.20151359275259872
Test_W_2Layers_input_size_65_node1_30_node2_80_node3_0_node4_0,0.20151613463663967
Test_W_2Layers_input_size_55_node1_90_node2_20_node3_0_node4_0,0.20154471244985597
Test_W_2Layers_input_size_25_node1_100_node2_40_node3_0_node4_0,0.20154608948017225
Test_W_2Layers_input_size_35_node1_40_node2_30_node3_0_node4_0,0.20154886199589206
Train_W_2Layers_input_size_25_node1_80_node2_60_node3_0_node4_0,0.20155595946234972
Train_W_2Layers_input_size_20_node1_70_node2_10_node3_0_node4_0,0.20155658787181494
Test_W_2Layers_input_size_50_node1_50_node2_10_node3_0_node4_0,0.20156179989833636
Train_W_1Layers_input_size_75_node1_30_node2_0_node3_0_node4_0,0.20156273324346724
Test_W_1Layers_input_size_20_node1_70_node2_0_node3_0_node4_0,0.2015658012385936
Train_W_2Layers_input_size_70_node1_30_node2_40_node3_0_node4_0,0.20156637417226794
Train_W_2Layers_input_size_5_node1_60_node2_70_node3_0_node4_0,0.20157286114639603
Test_W_2Layers_input_size_30_node1_60_node2_60_node3_0_node4_0,0.20158470719007152
Test_W_2Layers_input_size_45_node1_90_node2_90_node3_0_node4_0,0.2015956193491053
Test_W_2Layers_input_size_10_node1_10_node2_100_node3_0_node4_0,0.20160325104158386
Test_W_2Layers_input_size_35_node1_90_node2_90_node3_0_node4_0,0.20160739014378812
Train_W_2Layers_input_size_60_node1_10_node2_10_node3_0_node4_0,0.20160936727422532
Test_W_2Layers_input_size_10_node1_50_node2_50_node3_0_node4_0,0.20161073462412074
Test_W_2Layers_input_size_55_node1_60_node2_80_node3_0_node4_0,0.20161213891976595
Test_W_2Layers_input_size_25_node1_50_node2_40_node3_0_node4_0,0.20161421762891665
Train_W_2Layers_input_size_45_node1_60_node2_40_node3_0_node4_0,0.2016240288468047
Test_W_2Layers_input_size_75_node1_100_node2_50_node3_0_node4_0,0.20162666171950622
Test_W_2Layers_input_size_5_node1_30_node2_30_node3_0_node4_0,0.20163515134503823
Test_W_2Layers_input_size_100_node1_30_node2_80_node3_0_node4_0,0.20163638919311283
Test_W_2Layers_input_size_45_node1_50_node2_10_node3_0_node4_0,0.20164624551819688
Test_W_2Layers_input_size_60_node1_30_node2_100_node3_0_node4_0,0.20165333955710762
Train_W_2Layers_input_size_100_node1_100_node2_10_node3_0_node4_0,0.20165568570776762
Test_W_2Layers_input_size_30_node1_70_node2_50_node3_0_node4_0,0.20165743144783027
Train_W_2Layers_input_size_10_node1_100_node2_90_node3_0_node4_0,0.20165808725103876
Test_W_2Layers_input_size_25_node1_20_node2_70_node3_0_node4_0,0.20166376771071473
Train_W_2Layers_input_size_75_node1_80_node2_20_node3_0_node4_0,0.2016665478448544
Test_W_2Layers_input_size_40_node1_60_node2_100_node3_0_node4_0,0.20166786862604968
Test_W_2Layers_input_size_50_node1_30_node2_70_node3_0_node4_0,0.2016702515520587
Test_W_2Layers_input_size_30_node1_10_node2_40_node3_0_node4_0,0.2016719048058853
Test_W_2Layers_input_size_10_node1_100_node2_80_node3_0_node4_0,0.2016727637536408
Train_W_2Layers_input_size_100_node1_40_node2_70_node3_0_node4_0,0.2016842991598865
Train_W_2Layers_input_size_5_node1_80_node2_20_node3_0_node4_0,0.2016848994632072
Test_W_2Layers_input_size_75_node1_80_node2_100_node3_0_node4_0,0.20168501028824024
Test_W_2Layers_input_size_70_node1_80_node2_40_node3_0_node4_0,0.2016865618323088
Test_W_2Layers_input_size_40_node1_90_node2_60_node3_0_node4_0,0.2017068416321894
Train_W_2Layers_input_size_40_node1_10_node2_20_node3_0_node4_0,0.2017130932358264
Test_W_2Layers_input_size_40_node1_40_node2_40_node3_0_node4_0,0.20171556796778276
Test_W_2Layers_input_size_10_node1_90_node2_60_node3_0_node4_0,0.20171770101462125
Test_W_2Layers_input_size_15_node1_80_node2_80_node3_0_node4_0,0.2017309974214521
Test_W_2Layers_input_size_30_node1_50_node2_30_node3_0_node4_0,0.2017325209121057
Test_W_2Layers_input_size_65_node1_50_node2_50_node3_0_node4_0,0.20174141232803586
Test_W_2Layers_input_size_65_node1_90_node2_90_node3_0_node4_0,0.20174190166769124
Test_W_2Layers_input_size_55_node1_80_node2_60_node3_0_node4_0,0.20176957974087964
Test_W_2Layers_input_size_30_node1_60_node2_40_node3_0_node4_0,0.20177419546106587
Test_W_2Layers_input_size_60_node1_20_node2_90_node3_0_node4_0,0.2017802326636968
Test_W_2Layers_input_size_90_node1_80_node2_40_node3_0_node4_0,0.2017817465516258
Train_W_2Layers_input_size_25_node1_20_node2_10_node3_0_node4_0,0.20178236502696303
Train_W_2Layers_input_size_35_node1_70_node2_30_node3_0_node4_0,0.20178329735187375
Test_W_2Layers_input_size_50_node1_10_node2_20_node3_0_node4_0,0.20178727583847633
Test_W_2Layers_input_size_50_node1_70_node2_20_node3_0_node4_0,0.20179071887377442
Train_W_2Layers_input_size_45_node1_70_node2_10_node3_0_node4_0,0.20180530266141727
Train_W_2Layers_input_size_60_node1_50_node2_60_node3_0_node4_0,0.20181194808851413
Test_W_2Layers_input_size_55_node1_60_node2_100_node3_0_node4_0,0.20182921594612993
Train_W_2Layers_input_size_40_node1_50_node2_20_node3_0_node4_0,0.20183305509800348
Test_W_2Layers_input_size_75_node1_40_node2_90_node3_0_node4_0,0.2018398841780647
Test_W_2Layers_input_size_60_node1_50_node2_100_node3_0_node4_0,0.2018400410596214
Train_W_2Layers_input_size_5_node1_60_node2_30_node3_0_node4_0,0.201847405127259
Test_W_2Layers_input_size_90_node1_80_node2_100_node3_0_node4_0,0.2018563929860992
Train_W_2Layers_input_size_40_node1_80_node2_80_node3_0_node4_0,0.20185685436435752
Test_W_2Layers_input_size_10_node1_80_node2_90_node3_0_node4_0,0.20185729728649338
Test_W_2Layers_input_size_60_node1_60_node2_20_node3_0_node4_0,0.201861818727698
Train_W_2Layers_input_size_5_node1_70_node2_80_node3_0_node4_0,0.20186430086358584
Test_W_2Layers_input_size_15_node1_100_node2_30_node3_0_node4_0,0.2018684899753793
Test_W_2Layers_input_size_55_node1_80_node2_50_node3_0_node4_0,0.2018784733671293
Test_W_2Layers_input_size_35_node1_90_node2_80_node3_0_node4_0,0.2018848949552454
Test_W_2Layers_input_size_60_node1_10_node2_70_node3_0_node4_0,0.20188554079332022
Test_W_2Layers_input_size_90_node1_80_node2_30_node3_0_node4_0,0.20188600210496588
Test_W_2Layers_input_size_95_node1_30_node2_50_node3_0_node4_0,0.201888659239523
Test_W_2Layers_input_size_25_node1_80_node2_30_node3_0_node4_0,0.2018908273616025
Train_W_2Layers_input_size_80_node1_80_node2_10_node3_0_node4_0,0.20189464689024308
Test_W_2Layers_input_size_75_node1_50_node2_80_node3_0_node4_0,0.20189598463077274
Test_W_2Layers_input_size_55_node1_70_node2_60_node3_0_node4_0,0.20189777442148074
Test_W_2Layers_input_size_20_node1_40_node2_60_node3_0_node4_0,0.20191590207753227
Test_W_2Layers_input_size_60_node1_100_node2_90_node3_0_node4_0,0.20191879866158405
Train_W_1Layers_input_size_25_node1_40_node2_0_node3_0_node4_0,0.2019248499897254
Train_W_2Layers_input_size_25_node1_50_node2_60_node3_0_node4_0,0.20192796782886216
Test_W_2Layers_input_size_40_node1_90_node2_40_node3_0_node4_0,0.2019292223304358
Test_W_2Layers_input_size_35_node1_20_node2_100_node3_0_node4_0,0.20193154682745781
Test_W_2Layers_input_size_65_node1_90_node2_80_node3_0_node4_0,0.20194885979876193
Test_W_2Layers_input_size_60_node1_70_node2_70_node3_0_node4_0,0.20198475388964787
Train_W_2Layers_input_size_65_node1_30_node2_60_node3_0_node4_0,0.20198498443230645
Test_W_2Layers_input_size_30_node1_40_node2_20_node3_0_node4_0,0.20199421514416654
Test_W_2Layers_input_size_50_node1_100_node2_80_node3_0_node4_0,0.20200036564406737
Train_W_2Layers_input_size_40_node1_90_node2_20_node3_0_node4_0,0.20200197931242939
Test_W_2Layers_input_size_100_node1_90_node2_10_node3_0_node4_0,0.20200722595075396
Test_W_2Layers_input_size_65_node1_30_node2_10_node3_0_node4_0,0.20201158728803192
Test_W_2Layers_input_size_50_node1_90_node2_50_node3_0_node4_0,0.20201232492561938
Test_W_2Layers_input_size_30_node1_50_node2_10_node3_0_node4_0,0.2020124355710252
Train_W_2Layers_input_size_60_node1_20_node2_60_node3_0_node4_0,0.2020160868354196
Test_W_2Layers_input_size_5_node1_40_node2_40_node3_0_node4_0,0.2020167322540801
Test_W_2Layers_input_size_60_node1_80_node2_30_node3_0_node4_0,0.20201741455156477
Train_W_2Layers_input_size_90_node1_90_node2_20_node3_0_node4_0,0.20205041102674592
Train_W_2Layers_input_size_40_node1_40_node2_80_node3_0_node4_0,0.20206089243380648
Test_W_2Layers_input_size_45_node1_50_node2_50_node3_0_node4_0,0.2020708202309224
Train_W_2Layers_input_size_30_node1_90_node2_20_node3_0_node4_0,0.20207903310945866
Test_W_2Layers_input_size_75_node1_20_node2_10_node3_0_node4_0,0.20208456347933348
Test_W_2Layers_input_size_20_node1_30_node2_30_node3_0_node4_0,0.20208651750717077
Test_W_2Layers_input_size_20_node1_10_node2_50_node3_0_node4_0,0.20208661889489202
Train_W_2Layers_input_size_40_node1_100_node2_70_node3_0_node4_0,0.20209370669223928
Test_W_2Layers_input_size_25_node1_40_node2_10_node3_0_node4_0,0.20209644404547913
Test_W_2Layers_input_size_95_node1_10_node2_70_node3_0_node4_0,0.20209752238657555
Test_W_2Layers_input_size_20_node1_70_node2_20_node3_0_node4_0,0.20211396407147345
Test_W_2Layers_input_size_35_node1_20_node2_20_node3_0_node4_0,0.20211578879484887
Test_W_2Layers_input_size_100_node1_60_node2_90_node3_0_node4_0,0.2021171342873917
Test_W_2Layers_input_size_10_node1_30_node2_10_node3_0_node4_0,0.2021186272206891
Train_W_2Layers_input_size_70_node1_40_node2_40_node3_0_node4_0,0.20212498588715305
Train_W_2Layers_input_size_80_node1_70_node2_90_node3_0_node4_0,0.20212676443487
Test_W_2Layers_input_size_40_node1_20_node2_90_node3_0_node4_0,0.2021280177026184
Train_W_2Layers_input_size_60_node1_70_node2_80_node3_0_node4_0,0.20212926174747758
Test_W_2Layers_input_size_90_node1_50_node2_90_node3_0_node4_0,0.2021331044154687
Train_W_2Layers_input_size_75_node1_10_node2_50_node3_0_node4_0,0.20214980120360143
Test_W_2Layers_input_size_100_node1_20_node2_80_node3_0_node4_0,0.20216834850200063
Test_W_2Layers_input_size_45_node1_10_node2_50_node3_0_node4_0,0.20217500963499957
Train_W_2Layers_input_size_95_node1_60_node2_40_node3_0_node4_0,0.20217801306163208
Test_W_2Layers_input_size_35_node1_10_node2_30_node3_0_node4_0,0.2021833841090644
Train_W_2Layers_input_size_65_node1_10_node2_100_node3_0_node4_0,0.2021855214330213
Train_W_2Layers_input_size_80_node1_60_node2_30_node3_0_node4_0,0.20218656244900757
Train_W_2Layers_input_size_55_node1_60_node2_10_node3_0_node4_0,0.2021895564916582
Test_W_2Layers_input_size_15_node1_100_node2_20_node3_0_node4_0,0.2022004728562649
Test_W_2Layers_input_size_25_node1_40_node2_40_node3_0_node4_0,0.20220566828609293
Test_W_2Layers_input_size_30_node1_20_node2_90_node3_0_node4_0,0.20220700396899888
Test_W_2Layers_input_size_45_node1_30_node2_10_node3_0_node4_0,0.20221539554044995
Train_W_2Layers_input_size_50_node1_20_node2_70_node3_0_node4_0,0.20222004713969718
Test_W_2Layers_input_size_45_node1_90_node2_70_node3_0_node4_0,0.2022219261712296
Train_W_2Layers_input_size_70_node1_90_node2_70_node3_0_node4_0,0.2022338723506014
Test_W_2Layers_input_size_35_node1_80_node2_40_node3_0_node4_0,0.20223438812965527
Test_W_2Layers_input_size_60_node1_90_node2_30_node3_0_node4_0,0.2022349775898204
Test_W_2Layers_input_size_25_node1_60_node2_20_node3_0_node4_0,0.2022504042567161
Test_W_2Layers_input_size_50_node1_30_node2_80_node3_0_node4_0,0.20225639961689562
Test_W_2Layers_input_size_50_node1_90_node2_30_node3_0_node4_0,0.20227140105285665
Train_W_2Layers_input_size_5_node1_50_node2_30_node3_0_node4_0,0.20228038848889152
Test_W_2Layers_input_size_30_node1_100_node2_50_node3_0_node4_0,0.20228512146579214
Test_W_2Layers_input_size_35_node1_60_node2_100_node3_0_node4_0,0.20228981750073952
Train_W_2Layers_input_size_45_node1_20_node2_60_node3_0_node4_0,0.20229160380698058
Test_W_2Layers_input_size_70_node1_60_node2_100_node3_0_node4_0,0.20229314149095673
Test_W_2Layers_input_size_60_node1_10_node2_50_node3_0_node4_0,0.2022950474662492
Test_W_2Layers_input_size_65_node1_50_node2_90_node3_0_node4_0,0.20230432848061575
Test_W_2Layers_input_size_90_node1_70_node2_60_node3_0_node4_0,0.20230513870769357
Test_W_2Layers_input_size_35_node1_50_node2_10_node3_0_node4_0,0.20231495324616344
Test_W_2Layers_input_size_90_node1_90_node2_100_node3_0_node4_0,0.20231613169531368
Test_W_2Layers_input_size_60_node1_90_node2_60_node3_0_node4_0,0.20231673012389484
Test_W_2Layers_input_size_75_node1_100_node2_70_node3_0_node4_0,0.20231681298309734
Test_W_2Layers_input_size_65_node1_20_node2_90_node3_0_node4_0,0.20231715362612887
Train_W_2Layers_input_size_20_node1_10_node2_70_node3_0_node4_0,0.20232200542542553
Train_W_2Layers_input_size_80_node1_70_node2_100_node3_0_node4_0,0.20232261304294588
Test_W_2Layers_input_size_90_node1_50_node2_80_node3_0_node4_0,0.20232283399431905
Test_W_2Layers_input_size_60_node1_20_node2_70_node3_0_node4_0,0.20233523450334795
Test_W_2Layers_input_size_90_node1_90_node2_70_node3_0_node4_0,0.202336293160444
Train_W_2Layers_input_size_100_node1_30_node2_20_node3_0_node4_0,0.2023516384634349
Train_W_2Layers_input_size_30_node1_10_node2_60_node3_0_node4_0,0.20235238406638761
Train_W_2Layers_input_size_60_node1_40_node2_80_node3_0_node4_0,0.20235866175020628
Test_W_1Layers_input_size_60_node1_50_node2_0_node3_0_node4_0,0.20236785700882085
Test_W_2Layers_input_size_10_node1_60_node2_10_node3_0_node4_0,0.2023853075219356
Train_W_2Layers_input_size_10_node1_60_node2_60_node3_0_node4_0,0.20238588733910584
Test_W_2Layers_input_size_15_node1_10_node2_60_node3_0_node4_0,0.20239361807598566
Test_W_2Layers_input_size_100_node1_50_node2_50_node3_0_node4_0,0.20241041300457505
Train_W_2Layers_input_size_25_node1_30_node2_40_node3_0_node4_0,0.2024118485612174
Train_W_2Layers_input_size_70_node1_100_node2_30_node3_0_node4_0,0.20243501850949785
Test_W_2Layers_input_size_10_node1_100_node2_50_node3_0_node4_0,0.202440437943921
Test_W_2Layers_input_size_60_node1_60_node2_10_node3_0_node4_0,0.20244679570327304
Test_W_2Layers_input_size_30_node1_60_node2_100_node3_0_node4_0,0.2024491050570184
Test_W_2Layers_input_size_50_node1_60_node2_100_node3_0_node4_0,0.20245096356161896
Test_W_2Layers_input_size_5_node1_10_node2_30_node3_0_node4_0,0.20245394449376547
Test_W_2Layers_input_size_80_node1_30_node2_60_node3_0_node4_0,0.20245560974847965
Test_W_2Layers_input_size_25_node1_90_node2_80_node3_0_node4_0,0.20245776259891476
Train_W_2Layers_input_size_50_node1_30_node2_50_node3_0_node4_0,0.20245951062302617
Test_W_2Layers_input_size_60_node1_10_node2_80_node3_0_node4_0,0.2024671925500881
Train_W_2Layers_input_size_25_node1_40_node2_70_node3_0_node4_0,0.20247725681345294
Test_W_1Layers_input_size_15_node1_50_node2_0_node3_0_node4_0,0.20247905986446962
Test_W_2Layers_input_size_30_node1_100_node2_40_node3_0_node4_0,0.20248735737188306
Test_W_2Layers_input_size_5_node1_60_node2_40_node3_0_node4_0,0.20249039296037522
Test_W_2Layers_input_size_75_node1_100_node2_60_node3_0_node4_0,0.20249794493915788
Train_W_2Layers_input_size_20_node1_30_node2_20_node3_0_node4_0,0.20249997776231526
Test_W_2Layers_input_size_40_node1_50_node2_50_node3_0_node4_0,0.20250286599179748
Test_W_2Layers_input_size_40_node1_30_node2_40_node3_0_node4_0,0.2025059473377063
Train_W_2Layers_input_size_25_node1_10_node2_40_node3_0_node4_0,0.2025147496108802
Train_W_2Layers_input_size_90_node1_10_node2_60_node3_0_node4_0,0.20253127698363985
Test_W_2Layers_input_size_70_node1_40_node2_20_node3_0_node4_0,0.20256787704868637
Test_W_2Layers_input_size_25_node1_10_node2_30_node3_0_node4_0,0.20257584910028265
Test_W_2Layers_input_size_95_node1_90_node2_80_node3_0_node4_0,0.2025880594314898
Train_W_2Layers_input_size_90_node1_70_node2_40_node3_0_node4_0,0.20259277602654038
Train_W_2Layers_input_size_65_node1_20_node2_30_node3_0_node4_0,0.20259879803020908
Train_W_2Layers_input_size_95_node1_10_node2_20_node3_0_node4_0,0.20260160210824216
Train_W_2Layers_input_size_20_node1_100_node2_50_node3_0_node4_0,0.20260809271047686
Test_W_2Layers_input_size_15_node1_60_node2_10_node3_0_node4_0,0.20261200903560564
Test_W_2Layers_input_size_25_node1_100_node2_100_node3_0_node4_0,0.20261239514806806
Train_W_2Layers_input_size_40_node1_50_node2_10_node3_0_node4_0,0.20261439005073564
Train_W_2Layers_input_size_75_node1_60_node2_30_node3_0_node4_0,0.2026261292413759
Test_W_2Layers_input_size_100_node1_40_node2_80_node3_0_node4_0,0.20262882263241877
Test_W_1Layers_input_size_25_node1_90_node2_0_node3_0_node4_0,0.20263776664003338
Test_W_2Layers_input_size_100_node1_50_node2_100_node3_0_node4_0,0.20265028574923633
Train_W_2Layers_input_size_45_node1_20_node2_40_node3_0_node4_0,0.2026693202989916
Test_W_2Layers_input_size_35_node1_30_node2_50_node3_0_node4_0,0.20267754568593033
Test_W_2Layers_input_size_70_node1_20_node2_90_node3_0_node4_0,0.20268123091860787
Test_W_2Layers_input_size_65_node1_60_node2_100_node3_0_node4_0,0.2026834732717862
Test_W_2Layers_input_size_10_node1_20_node2_70_node3_0_node4_0,0.2026885184757359
Train_W_1Layers_input_size_40_node1_80_node2_0_node3_0_node4_0,0.2026984798575763
Train_W_2Layers_input_size_70_node1_70_node2_30_node3_0_node4_0,0.20271276862345494
Train_W_2Layers_input_size_65_node1_30_node2_50_node3_0_node4_0,0.2027165910421506
Train_W_2Layers_input_size_55_node1_100_node2_70_node3_0_node4_0,0.202722682872979
Test_W_2Layers_input_size_35_node1_70_node2_60_node3_0_node4_0,0.20272584356978537
Test_W_2Layers_input_size_70_node1_40_node2_80_node3_0_node4_0,0.2027311449767482
Train_W_2Layers_input_size_50_node1_10_node2_90_node3_0_node4_0,0.20273516917578466
Train_W_2Layers_input_size_100_node1_30_node2_90_node3_0_node4_0,0.20273979047477125
Test_W_2Layers_input_size_90_node1_40_node2_100_node3_0_node4_0,0.20274777414073752
Train_W_2Layers_input_size_25_node1_20_node2_30_node3_0_node4_0,0.20275429681053722
Test_W_2Layers_input_size_80_node1_50_node2_80_node3_0_node4_0,0.2027576591189212
Test_W_2Layers_input_size_30_node1_70_node2_30_node3_0_node4_0,0.20276092032105353
Test_W_2Layers_input_size_80_node1_10_node2_100_node3_0_node4_0,0.2027643100783783
Test_W_2Layers_input_size_45_node1_90_node2_30_node3_0_node4_0,0.20276735070678795
Test_W_2Layers_input_size_25_node1_80_node2_70_node3_0_node4_0,0.20277083221625505
Test_W_2Layers_input_size_95_node1_80_node2_80_node3_0_node4_0,0.20278727442151517
Test_W_2Layers_input_size_10_node1_90_node2_50_node3_0_node4_0,0.20278782553379482
Train_W_2Layers_input_size_85_node1_100_node2_10_node3_0_node4_0,0.20279238133794092
Test_W_2Layers_input_size_35_node1_80_node2_100_node3_0_node4_0,0.20279412647773987
Test_W_2Layers_input_size_100_node1_80_node2_70_node3_0_node4_0,0.20279617470161046
Train_W_1Layers_input_size_35_node1_100_node2_0_node3_0_node4_0,0.2027963400281955
Test_W_2Layers_input_size_95_node1_40_node2_30_node3_0_node4_0,0.20280827074093696
Train_W_1Layers_input_size_35_node1_40_node2_0_node3_0_node4_0,0.20281448839385524
Test_W_2Layers_input_size_40_node1_30_node2_30_node3_0_node4_0,0.20282496704965045
Train_W_2Layers_input_size_20_node1_10_node2_60_node3_0_node4_0,0.20282673027594045
Train_W_2Layers_input_size_70_node1_90_node2_10_node3_0_node4_0,0.20283258921987737
Train_W_2Layers_input_size_70_node1_80_node2_100_node3_0_node4_0,0.2028426904499342
Test_W_2Layers_input_size_55_node1_70_node2_40_node3_0_node4_0,0.2028440586687771
Train_W_2Layers_input_size_95_node1_30_node2_40_node3_0_node4_0,0.2028556284725626
Test_W_2Layers_input_size_70_node1_100_node2_60_node3_0_node4_0,0.20286515010971662
Test_W_2Layers_input_size_35_node1_80_node2_30_node3_0_node4_0,0.20286964908848268
Test_W_2Layers_input_size_45_node1_10_node2_60_node3_0_node4_0,0.20287069577535866
Test_W_2Layers_input_size_95_node1_40_node2_50_node3_0_node4_0,0.2028763147389088
Test_W_2Layers_input_size_50_node1_50_node2_100_node3_0_node4_0,0.2028779857078513
Test_W_2Layers_input_size_45_node1_50_node2_20_node3_0_node4_0,0.20287894054106786
Test_W_2Layers_input_size_10_node1_40_node2_40_node3_0_node4_0,0.2028914998520008
Test_W_2Layers_input_size_25_node1_40_node2_30_node3_0_node4_0,0.20289616349173797
Train_W_2Layers_input_size_30_node1_10_node2_50_node3_0_node4_0,0.20289650316209765
Test_W_2Layers_input_size_70_node1_60_node2_60_node3_0_node4_0,0.20290267221130348
Train_W_1Layers_input_size_90_node1_50_node2_0_node3_0_node4_0,0.20290522423336133
Test_W_2Layers_input_size_5_node1_50_node2_30_node3_0_node4_0,0.20290527931262023
Train_W_2Layers_input_size_95_node1_70_node2_70_node3_0_node4_0,0.20290582092453643
Train_W_2Layers_input_size_85_node1_10_node2_30_node3_0_node4_0,0.20291175102145476
Test_W_2Layers_input_size_60_node1_60_node2_50_node3_0_node4_0,0.20291365118612556
Test_W_2Layers_input_size_80_node1_50_node2_70_node3_0_node4_0,0.20291852544021977
Train_W_2Layers_input_size_50_node1_80_node2_40_node3_0_node4_0,0.20292025113676856
Train_W_2Layers_input_size_55_node1_60_node2_40_node3_0_node4_0,0.2029214352498467
Train_W_1Layers_input_size_40_node1_50_node2_0_node3_0_node4_0,0.20292339957723357
Test_W_2Layers_input_size_10_node1_70_node2_60_node3_0_node4_0,0.2029237300229629
Test_W_2Layers_input_size_65_node1_70_node2_50_node3_0_node4_0,0.20292875089603643
Train_W_2Layers_input_size_75_node1_70_node2_20_node3_0_node4_0,0.20293439578779926
Test_W_2Layers_input_size_65_node1_60_node2_70_node3_0_node4_0,0.2029547895192482
Train_W_2Layers_input_size_45_node1_100_node2_30_node3_0_node4_0,0.20295842383049917
Test_W_2Layers_input_size_20_node1_40_node2_100_node3_0_node4_0,0.2029691244801744
Test_W_2Layers_input_size_75_node1_60_node2_60_node3_0_node4_0,0.20297707159589973
Train_W_2Layers_input_size_90_node1_30_node2_60_node3_0_node4_0,0.2029871381075767
Train_W_2Layers_input_size_60_node1_50_node2_10_node3_0_node4_0,0.20300177357631746
Train_W_2Layers_input_size_25_node1_50_node2_90_node3_0_node4_0,0.20300454456193978
Test_W_2Layers_input_size_50_node1_10_node2_60_node3_0_node4_0,0.20301817872836933
Test_W_2Layers_input_size_70_node1_50_node2_20_node3_0_node4_0,0.2030184998450746
Train_W_2Layers_input_size_35_node1_90_node2_60_node3_0_node4_0,0.20303057346463202
Test_W_2Layers_input_size_75_node1_60_node2_40_node3_0_node4_0,0.20303583939297182
Train_W_2Layers_input_size_100_node1_70_node2_40_node3_0_node4_0,0.20303989424820082
Test_W_2Layers_input_size_95_node1_80_node2_40_node3_0_node4_0,0.2030402611994294
Test_W_2Layers_input_size_90_node1_90_node2_40_node3_0_node4_0,0.20304376555025402
Test_W_2Layers_input_size_80_node1_80_node2_30_node3_0_node4_0,0.20305135198738114
Test_W_2Layers_input_size_90_node1_80_node2_10_node3_0_node4_0,0.2030634786899848
Train_W_2Layers_input_size_45_node1_20_node2_10_node3_0_node4_0,0.20306376304421517
Test_W_2Layers_input_size_45_node1_80_node2_90_node3_0_node4_0,0.20306454272312668
Train_W_1Layers_input_size_70_node1_20_node2_0_node3_0_node4_0,0.20307208252238385
Test_W_2Layers_input_size_70_node1_20_node2_70_node3_0_node4_0,0.20308176827704907
Test_W_2Layers_input_size_50_node1_40_node2_20_node3_0_node4_0,0.20308203426190044
Train_W_2Layers_input_size_95_node1_20_node2_20_node3_0_node4_0,0.20308228190265581
Train_W_2Layers_input_size_65_node1_20_node2_10_node3_0_node4_0,0.2030861707400982
Test_W_2Layers_input_size_60_node1_100_node2_40_node3_0_node4_0,0.20309083908103345
Train_W_2Layers_input_size_20_node1_40_node2_70_node3_0_node4_0,0.20310787899048321
Test_W_2Layers_input_size_40_node1_40_node2_90_node3_0_node4_0,0.20311019916896908
Test_W_2Layers_input_size_65_node1_40_node2_60_node3_0_node4_0,0.20312733832260518
Test_W_2Layers_input_size_50_node1_30_node2_90_node3_0_node4_0,0.20312802605942512
Test_W_2Layers_input_size_50_node1_40_node2_40_node3_0_node4_0,0.20312918145204076
Train_W_2Layers_input_size_95_node1_30_node2_80_node3_0_node4_0,0.20313016261362574
Test_W_2Layers_input_size_35_node1_50_node2_40_node3_0_node4_0,0.2031367738686012
Train_W_2Layers_input_size_20_node1_30_node2_50_node3_0_node4_0,0.2031561020734853
Test_W_2Layers_input_size_60_node1_20_node2_20_node3_0_node4_0,0.20315731231735612
Train_W_1Layers_input_size_95_node1_70_node2_0_node3_0_node4_0,0.20316494952336242
Test_W_2Layers_input_size_45_node1_100_node2_40_node3_0_node4_0,0.203170798713892
Train_W_2Layers_input_size_70_node1_20_node2_60_node3_0_node4_0,0.20317153214282924
Train_W_2Layers_input_size_85_node1_10_node2_20_node3_0_node4_0,0.20318048893012905
Train_W_2Layers_input_size_90_node1_50_node2_10_node3_0_node4_0,0.2031823132427025
Train_W_2Layers_input_size_45_node1_20_node2_80_node3_0_node4_0,0.20318687853605194
Train_W_2Layers_input_size_65_node1_10_node2_20_node3_0_node4_0,0.20318738272882678
Train_W_2Layers_input_size_80_node1_60_node2_90_node3_0_node4_0,0.20319287376549286
Test_W_2Layers_input_size_55_node1_40_node2_100_node3_0_node4_0,0.20320081213045874
Test_W_2Layers_input_size_30_node1_10_node2_10_node3_0_node4_0,0.20320128878915483
Test_W_1Layers_input_size_90_node1_20_node2_0_node3_0_node4_0,0.20321017093608457
Test_W_2Layers_input_size_90_node1_80_node2_80_node3_0_node4_0,0.2032285939659393
Test_W_2Layers_input_size_75_node1_70_node2_100_node3_0_node4_0,0.20323691586167023
Test_W_2Layers_input_size_90_node1_40_node2_90_node3_0_node4_0,0.20325006706159265
Train_W_2Layers_input_size_75_node1_100_node2_30_node3_0_node4_0,0.20325219316871138
Test_W_2Layers_input_size_60_node1_90_node2_20_node3_0_node4_0,0.203261183056859
Test_W_2Layers_input_size_70_node1_70_node2_90_node3_0_node4_0,0.20326226438256847
Train_W_1Layers_input_size_25_node1_100_node2_0_node3_0_node4_0,0.20326671791765177
Test_W_2Layers_input_size_65_node1_90_node2_50_node3_0_node4_0,0.20327042912235194
Test_W_2Layers_input_size_60_node1_80_node2_10_node3_0_node4_0,0.20327117135516112
Train_W_2Layers_input_size_95_node1_20_node2_40_node3_0_node4_0,0.2032712904786929
Train_W_2Layers_input_size_15_node1_30_node2_20_node3_0_node4_0,0.2032753589635637
Test_W_2Layers_input_size_40_node1_30_node2_60_node3_0_node4_0,0.20328169977312815
Test_W_2Layers_input_size_65_node1_80_node2_10_node3_0_node4_0,0.20328350485182264
Train_W_2Layers_input_size_90_node1_20_node2_100_node3_0_node4_0,0.20328492508013787
Test_W_2Layers_input_size_55_node1_50_node2_70_node3_0_node4_0,0.20328770136876873
Test_W_2Layers_input_size_70_node1_20_node2_20_node3_0_node4_0,0.20329703785006764
Test_W_2Layers_input_size_70_node1_30_node2_10_node3_0_node4_0,0.20330234268619396
Train_W_2Layers_input_size_75_node1_80_node2_40_node3_0_node4_0,0.2033045690269581
Test_W_2Layers_input_size_15_node1_10_node2_70_node3_0_node4_0,0.20330555850391646
Train_W_2Layers_input_size_55_node1_30_node2_20_node3_0_node4_0,0.20330843528920073
Test_W_2Layers_input_size_70_node1_90_node2_60_node3_0_node4_0,0.20331573701047095
Test_W_2Layers_input_size_10_node1_40_node2_60_node3_0_node4_0,0.20331995118445284
Test_W_2Layers_input_size_40_node1_20_node2_10_node3_0_node4_0,0.2033304679159297
Test_W_1Layers_input_size_70_node1_60_node2_0_node3_0_node4_0,0.20334923728092139
Test_W_2Layers_input_size_35_node1_20_node2_90_node3_0_node4_0,0.20335178369868173
Test_W_1Layers_input_size_5_node1_20_node2_0_node3_0_node4_0,0.2033575633990872
Train_W_2Layers_input_size_95_node1_30_node2_100_node3_0_node4_0,0.20336262851652173
Test_W_2Layers_input_size_40_node1_10_node2_90_node3_0_node4_0,0.20336460690064356
Test_W_1Layers_input_size_25_node1_60_node2_0_node3_0_node4_0,0.20336604488072768
Test_W_2Layers_input_size_5_node1_80_node2_50_node3_0_node4_0,0.2033737749943243
Train_W_1Layers_input_size_45_node1_40_node2_0_node3_0_node4_0,0.20338199020768719
Test_W_2Layers_input_size_25_node1_20_node2_20_node3_0_node4_0,0.2033892251821014
Test_W_2Layers_input_size_35_node1_60_node2_20_node3_0_node4_0,0.2033969086263013
Test_W_2Layers_input_size_85_node1_20_node2_20_node3_0_node4_0,0.2034016339377095
Train_W_1Layers_input_size_70_node1_30_node2_0_node3_0_node4_0,0.20340172551242763
Train_W_2Layers_input_size_75_node1_70_node2_90_node3_0_node4_0,0.20340429874515145
Train_W_2Layers_input_size_15_node1_20_node2_10_node3_0_node4_0,0.20343314236487373
Train_W_2Layers_input_size_75_node1_20_node2_80_node3_0_node4_0,0.2034351109072894
Test_W_2Layers_input_size_90_node1_30_node2_50_node3_0_node4_0,0.20345081278462127
Train_W_2Layers_input_size_60_node1_60_node2_100_node3_0_node4_0,0.20345659882685455
Test_W_2Layers_input_size_70_node1_30_node2_100_node3_0_node4_0,0.2034571481261092
Test_W_2Layers_input_size_75_node1_50_node2_40_node3_0_node4_0,0.2034653508185533
Train_W_2Layers_input_size_95_node1_80_node2_30_node3_0_node4_0,0.20348818112539444
Train_W_2Layers_input_size_30_node1_30_node2_10_node3_0_node4_0,0.20348945346890293
Train_W_2Layers_input_size_55_node1_90_node2_30_node3_0_node4_0,0.20350659729306525
Test_W_2Layers_input_size_30_node1_50_node2_60_node3_0_node4_0,0.20351482544959754
Train_W_2Layers_input_size_60_node1_40_node2_20_node3_0_node4_0,0.20352322716160468
Train_W_2Layers_input_size_85_node1_80_node2_30_node3_0_node4_0,0.20352350172150413
Train_W_2Layers_input_size_90_node1_100_node2_50_node3_0_node4_0,0.20352891047600458
Test_W_2Layers_input_size_75_node1_10_node2_60_node3_0_node4_0,0.20353031068851918
Train_W_2Layers_input_size_90_node1_40_node2_70_node3_0_node4_0,0.20354689286497588
Train_W_2Layers_input_size_75_node1_70_node2_70_node3_0_node4_0,0.203547231449428
Train_W_2Layers_input_size_65_node1_50_node2_40_node3_0_node4_0,0.20355829461532104
Test_W_2Layers_input_size_5_node1_100_node2_50_node3_0_node4_0,0.2035619730534115
Test_W_2Layers_input_size_75_node1_80_node2_50_node3_0_node4_0,0.2035657337758752
Test_W_1Layers_input_size_65_node1_90_node2_0_node3_0_node4_0,0.20356739908576918
Train_W_2Layers_input_size_10_node1_40_node2_60_node3_0_node4_0,0.20358253265125295
Test_W_2Layers_input_size_55_node1_10_node2_10_node3_0_node4_0,0.20358815026651655
Test_W_1Layers_input_size_30_node1_50_node2_0_node3_0_node4_0,0.2035907943347095
Test_W_2Layers_input_size_45_node1_60_node2_10_node3_0_node4_0,0.20359159029315024
Train_W_2Layers_input_size_10_node1_70_node2_50_node3_0_node4_0,0.20359383176859036
Test_W_2Layers_input_size_30_node1_50_node2_80_node3_0_node4_0,0.20359788465949072
Test_W_2Layers_input_size_45_node1_80_node2_100_node3_0_node4_0,0.20361701358146223
Test_W_2Layers_input_size_65_node1_40_node2_50_node3_0_node4_0,0.20361890716464706
Test_W_2Layers_input_size_30_node1_60_node2_30_node3_0_node4_0,0.20362763388565386
Test_W_2Layers_input_size_60_node1_90_node2_70_node3_0_node4_0,0.20363856462805996
Test_W_2Layers_input_size_75_node1_90_node2_60_node3_0_node4_0,0.20364637586191275
Test_W_2Layers_input_size_60_node1_60_node2_40_node3_0_node4_0,0.20365431484176932
Train_W_2Layers_input_size_50_node1_90_node2_100_node3_0_node4_0,0.2036607536027514
Test_W_2Layers_input_size_95_node1_80_node2_20_node3_0_node4_0,0.20367552357088134
Test_W_2Layers_input_size_80_node1_10_node2_30_node3_0_node4_0,0.20368755824523355
Train_W_2Layers_input_size_90_node1_100_node2_80_node3_0_node4_0,0.20368779600519313
Train_W_2Layers_input_size_40_node1_10_node2_60_node3_0_node4_0,0.20371750467162333
Train_W_2Layers_input_size_70_node1_70_node2_60_node3_0_node4_0,0.20371759610435192
Train_W_2Layers_input_size_40_node1_10_node2_70_node3_0_node4_0,0.20372494716145056
Train_W_2Layers_input_size_5_node1_30_node2_80_node3_0_node4_0,0.20373064313399633
Train_W_2Layers_input_size_10_node1_20_node2_30_node3_0_node4_0,0.20373253566105623
Test_W_2Layers_input_size_15_node1_30_node2_30_node3_0_node4_0,0.20373380647853961
Test_W_2Layers_input_size_65_node1_40_node2_100_node3_0_node4_0,0.20373963019539215
Test_W_2Layers_input_size_25_node1_10_node2_70_node3_0_node4_0,0.2037478215153786
Test_W_2Layers_input_size_65_node1_50_node2_100_node3_0_node4_0,0.2037604643907776
Train_W_2Layers_input_size_70_node1_30_node2_70_node3_0_node4_0,0.20376051009750845
Test_W_2Layers_input_size_35_node1_30_node2_100_node3_0_node4_0,0.20376533667057906
Train_W_2Layers_input_size_100_node1_90_node2_30_node3_0_node4_0,0.20376612280612322
Test_W_2Layers_input_size_45_node1_50_node2_90_node3_0_node4_0,0.20377456900132526
Test_W_2Layers_input_size_20_node1_90_node2_30_node3_0_node4_0,0.2037857112276268
Test_W_2Layers_input_size_30_node1_10_node2_20_node3_0_node4_0,0.2037925479935244
Train_W_2Layers_input_size_20_node1_10_node2_20_node3_0_node4_0,0.2037979496075938
Train_W_2Layers_input_size_5_node1_10_node2_50_node3_0_node4_0,0.2037994850656632
Train_W_2Layers_input_size_30_node1_90_node2_30_node3_0_node4_0,0.20380048127929437
Test_W_2Layers_input_size_100_node1_100_node2_30_node3_0_node4_0,0.2038168678377164
Test_W_2Layers_input_size_15_node1_20_node2_40_node3_0_node4_0,0.20382777015535253
Test_W_1Layers_input_size_15_node1_30_node2_0_node3_0_node4_0,0.20383075836691286
Test_W_2Layers_input_size_50_node1_20_node2_90_node3_0_node4_0,0.20383302462659195
Test_W_2Layers_input_size_80_node1_50_node2_100_node3_0_node4_0,0.2038408466841725
Test_W_2Layers_input_size_5_node1_50_node2_90_node3_0_node4_0,0.20385152842517326
Test_W_2Layers_input_size_75_node1_40_node2_40_node3_0_node4_0,0.20385313657722254
Test_W_2Layers_input_size_40_node1_90_node2_30_node3_0_node4_0,0.20385457111124247
Train_W_2Layers_input_size_45_node1_50_node2_70_node3_0_node4_0,0.2038552381204378
Test_W_2Layers_input_size_35_node1_100_node2_40_node3_0_node4_0,0.20385695588749606
Test_W_2Layers_input_size_95_node1_100_node2_90_node3_0_node4_0,0.20386453033662805
Test_W_2Layers_input_size_30_node1_50_node2_40_node3_0_node4_0,0.20387119086815947
Train_W_2Layers_input_size_65_node1_40_node2_90_node3_0_node4_0,0.20387161114131422
Test_W_2Layers_input_size_65_node1_60_node2_90_node3_0_node4_0,0.2038811401457637
Test_W_2Layers_input_size_20_node1_40_node2_30_node3_0_node4_0,0.20388382609340125
Train_W_2Layers_input_size_5_node1_30_node2_20_node3_0_node4_0,0.20388762655749476
Train_W_2Layers_input_size_55_node1_30_node2_10_node3_0_node4_0,0.20389891790310546
Train_W_2Layers_input_size_80_node1_40_node2_100_node3_0_node4_0,0.2039032022387273
Test_W_2Layers_input_size_95_node1_50_node2_100_node3_0_node4_0,0.20390566865977
Test_W_2Layers_input_size_95_node1_40_node2_60_node3_0_node4_0,0.2039058513564382
Train_W_2Layers_input_size_50_node1_100_node2_60_node3_0_node4_0,0.20390886582783097
Test_W_2Layers_input_size_100_node1_70_node2_50_node3_0_node4_0,0.20391014468101912
Test_W_2Layers_input_size_25_node1_40_node2_70_node3_0_node4_0,0.20391505905649715
Train_W_2Layers_input_size_80_node1_30_node2_20_node3_0_node4_0,0.2039285866791283
Train_W_2Layers_input_size_50_node1_50_node2_20_node3_0_node4_0,0.2039436751765541
Train_W_2Layers_input_size_35_node1_70_node2_70_node3_0_node4_0,0.20394689914778102
Test_W_2Layers_input_size_80_node1_50_node2_60_node3_0_node4_0,0.20395845205389926
Train_W_1Layers_input_size_15_node1_10_node2_0_node3_0_node4_0,0.20396070776236888
Test_W_2Layers_input_size_20_node1_20_node2_30_node3_0_node4_0,0.20397002256956995
Test_W_2Layers_input_size_10_node1_70_node2_20_node3_0_node4_0,0.20397136496259652
Test_W_1Layers_input_size_10_node1_30_node2_0_node3_0_node4_0,0.20397397666793207
Test_W_2Layers_input_size_40_node1_100_node2_60_node3_0_node4_0,0.20397835074287435
Test_W_2Layers_input_size_40_node1_10_node2_10_node3_0_node4_0,0.2039872264480136
Train_W_2Layers_input_size_90_node1_60_node2_80_node3_0_node4_0,0.2039897192463499
Test_W_2Layers_input_size_80_node1_30_node2_90_node3_0_node4_0,0.20400914011550925
Test_W_2Layers_input_size_15_node1_30_node2_20_node3_0_node4_0,0.20402446915279696
Test_W_2Layers_input_size_100_node1_10_node2_70_node3_0_node4_0,0.204029837239008
Test_W_2Layers_input_size_30_node1_20_node2_10_node3_0_node4_0,0.20403044889973185
Test_W_2Layers_input_size_60_node1_80_node2_70_node3_0_node4_0,0.2040311609800556
Test_W_2Layers_input_size_55_node1_70_node2_50_node3_0_node4_0,0.20403200086647397
Train_W_2Layers_input_size_5_node1_60_node2_60_node3_0_node4_0,0.2040346300537798
Test_W_2Layers_input_size_55_node1_100_node2_60_node3_0_node4_0,0.20404040866931655
Test_W_2Layers_input_size_30_node1_100_node2_30_node3_0_node4_0,0.2040497746085203
Train_W_2Layers_input_size_100_node1_90_node2_100_node3_0_node4_0,0.2040525587473212
Test_W_2Layers_input_size_65_node1_60_node2_60_node3_0_node4_0,0.20406320202284628
Test_W_2Layers_input_size_55_node1_30_node2_90_node3_0_node4_0,0.20408341906639074
Train_W_2Layers_input_size_95_node1_60_node2_100_node3_0_node4_0,0.2040939238364572
Test_W_2Layers_input_size_30_node1_30_node2_70_node3_0_node4_0,0.20409954562856197
Train_W_2Layers_input_size_15_node1_90_node2_10_node3_0_node4_0,0.2041015990042768
Test_W_2Layers_input_size_95_node1_80_node2_10_node3_0_node4_0,0.20410307742200007
Train_W_2Layers_input_size_60_node1_40_node2_100_node3_0_node4_0,0.20410935601499577
Train_W_2Layers_input_size_20_node1_80_node2_50_node3_0_node4_0,0.2041115553020412
Train_W_2Layers_input_size_55_node1_90_node2_80_node3_0_node4_0,0.20411772413012053
Test_W_2Layers_input_size_90_node1_70_node2_90_node3_0_node4_0,0.20411831727684163
Train_W_2Layers_input_size_100_node1_30_node2_10_node3_0_node4_0,0.20411857278566725
Test_W_2Layers_input_size_75_node1_80_node2_60_node3_0_node4_0,0.20412627440158124
Train_W_2Layers_input_size_55_node1_90_node2_70_node3_0_node4_0,0.20412861037930485
Test_W_2Layers_input_size_80_node1_60_node2_70_node3_0_node4_0,0.20413307238745512
Train_W_2Layers_input_size_65_node1_100_node2_50_node3_0_node4_0,0.2041342038423228
Test_W_2Layers_input_size_60_node1_70_node2_10_node3_0_node4_0,0.20415238838158087
Test_W_2Layers_input_size_45_node1_70_node2_30_node3_0_node4_0,0.20416899301864386
Test_W_2Layers_input_size_75_node1_30_node2_60_node3_0_node4_0,0.20416971373879286
Test_W_2Layers_input_size_80_node1_30_node2_40_node3_0_node4_0,0.2041774772844072
Train_W_2Layers_input_size_95_node1_70_node2_40_node3_0_node4_0,0.20419165343213327
Test_W_2Layers_input_size_60_node1_90_node2_80_node3_0_node4_0,0.20420376714660476
Test_W_2Layers_input_size_95_node1_10_node2_60_node3_0_node4_0,0.20420610223786453
Test_W_2Layers_input_size_55_node1_50_node2_90_node3_0_node4_0,0.20420684106977258
Test_W_2Layers_input_size_40_node1_10_node2_100_node3_0_node4_0,0.2042114290648677
Train_W_2Layers_input_size_80_node1_60_node2_40_node3_0_node4_0,0.20423541630726155
Train_W_2Layers_input_size_30_node1_90_node2_40_node3_0_node4_0,0.20423657455526506
Test_W_2Layers_input_size_65_node1_70_node2_80_node3_0_node4_0,0.20424353302507786
Test_W_2Layers_input_size_90_node1_40_node2_40_node3_0_node4_0,0.20424754566529654
Train_W_2Layers_input_size_15_node1_20_node2_30_node3_0_node4_0,0.20426320332781392
Test_W_2Layers_input_size_75_node1_30_node2_50_node3_0_node4_0,0.20427588725188545
Test_W_2Layers_input_size_15_node1_40_node2_10_node3_0_node4_0,0.2042816863969329
Train_W_2Layers_input_size_70_node1_20_node2_10_node3_0_node4_0,0.20428270761297507
Train_W_2Layers_input_size_25_node1_30_node2_20_node3_0_node4_0,0.20428294468025476
Test_W_2Layers_input_size_70_node1_20_node2_100_node3_0_node4_0,0.2042857347591049
Train_W_2Layers_input_size_10_node1_10_node2_40_node3_0_node4_0,0.2042870659597688
Train_W_2Layers_input_size_60_node1_80_node2_90_node3_0_node4_0,0.20429295596271482
Test_W_2Layers_input_size_100_node1_40_node2_60_node3_0_node4_0,0.20430063277047147
Train_W_2Layers_input_size_10_node1_90_node2_40_node3_0_node4_0,0.20430969504399862
Test_W_2Layers_input_size_70_node1_10_node2_30_node3_0_node4_0,0.20432276807849806
Train_W_2Layers_input_size_30_node1_20_node2_80_node3_0_node4_0,0.20432718026675786
Train_W_1Layers_input_size_30_node1_60_node2_0_node3_0_node4_0,0.20433477374784445
Test_W_2Layers_input_size_5_node1_40_node2_60_node3_0_node4_0,0.20433676095080847
Test_W_2Layers_input_size_40_node1_70_node2_30_node3_0_node4_0,0.2043397326035863
Test_W_2Layers_input_size_20_node1_10_node2_70_node3_0_node4_0,0.20434374335476108
Test_W_2Layers_input_size_35_node1_10_node2_70_node3_0_node4_0,0.20434985048376333
Train_W_2Layers_input_size_55_node1_80_node2_20_node3_0_node4_0,0.20435101719809137
Test_W_2Layers_input_size_60_node1_10_node2_60_node3_0_node4_0,0.20435355113282863
Test_W_1Layers_input_size_30_node1_30_node2_0_node3_0_node4_0,0.20435428943164316
Train_W_2Layers_input_size_45_node1_70_node2_20_node3_0_node4_0,0.20435564752990376
Test_W_2Layers_input_size_75_node1_100_node2_90_node3_0_node4_0,0.20436090665748297
Test_W_2Layers_input_size_45_node1_60_node2_100_node3_0_node4_0,0.20436388707351422
Train_W_2Layers_input_size_25_node1_70_node2_10_node3_0_node4_0,0.20437199868906136
Test_W_2Layers_input_size_25_node1_50_node2_60_node3_0_node4_0,0.20438342731786246
Test_W_2Layers_input_size_30_node1_90_node2_20_node3_0_node4_0,0.2043841563953034
Train_W_2Layers_input_size_80_node1_80_node2_50_node3_0_node4_0,0.20438925986457063
Test_W_2Layers_input_size_5_node1_90_node2_60_node3_0_node4_0,0.2043934701307869
Train_W_1Layers_input_size_25_node1_80_node2_0_node3_0_node4_0,0.20439672345891807
Train_W_2Layers_input_size_85_node1_10_node2_60_node3_0_node4_0,0.20440164436105349
Test_W_2Layers_input_size_60_node1_100_node2_50_node3_0_node4_0,0.20440538052244359
Train_W_1Layers_input_size_75_node1_60_node2_0_node3_0_node4_0,0.20441019186870932
Test_W_2Layers_input_size_5_node1_80_node2_20_node3_0_node4_0,0.20441633346057186
Test_W_2Layers_input_size_80_node1_100_node2_100_node3_0_node4_0,0.204448514572246
Test_W_2Layers_input_size_100_node1_100_node2_90_node3_0_node4_0,0.20445073754239848
Test_W_2Layers_input_size_90_node1_20_node2_50_node3_0_node4_0,0.20445103818814556
Train_W_2Layers_input_size_20_node1_80_node2_60_node3_0_node4_0,0.20446688068251928
Test_W_2Layers_input_size_80_node1_100_node2_60_node3_0_node4_0,0.20446862064015248
Test_W_2Layers_input_size_20_node1_10_node2_30_node3_0_node4_0,0.20447585360375334
Test_W_2Layers_input_size_55_node1_30_node2_60_node3_0_node4_0,0.204479752374731
Test_W_2Layers_input_size_50_node1_60_node2_40_node3_0_node4_0,0.20448217540521887
Train_W_2Layers_input_size_45_node1_60_node2_10_node3_0_node4_0,0.20448610138239062
Test_W_2Layers_input_size_70_node1_10_node2_70_node3_0_node4_0,0.20449317888167134
Test_W_2Layers_input_size_50_node1_70_node2_50_node3_0_node4_0,0.20449496415811744
Test_W_2Layers_input_size_65_node1_80_node2_40_node3_0_node4_0,0.20449929976460018
Test_W_2Layers_input_size_65_node1_10_node2_60_node3_0_node4_0,0.20450311611524863
Test_W_2Layers_input_size_90_node1_40_node2_10_node3_0_node4_0,0.2045063312670838
Train_W_2Layers_input_size_95_node1_20_node2_100_node3_0_node4_0,0.20452112213599583
Test_W_2Layers_input_size_10_node1_80_node2_70_node3_0_node4_0,0.20452495629380435
Train_W_2Layers_input_size_20_node1_30_node2_80_node3_0_node4_0,0.2045275153947665
Train_W_2Layers_input_size_55_node1_50_node2_50_node3_0_node4_0,0.20453118550858382
Test_W_2Layers_input_size_10_node1_10_node2_20_node3_0_node4_0,0.20453238761591308
Train_W_2Layers_input_size_90_node1_90_node2_80_node3_0_node4_0,0.20454048344262182
Test_W_1Layers_input_size_80_node1_40_node2_0_node3_0_node4_0,0.2045495259838258
Train_W_2Layers_input_size_15_node1_80_node2_40_node3_0_node4_0,0.20455298626644697
Test_W_2Layers_input_size_90_node1_30_node2_10_node3_0_node4_0,0.20455735706609163
Train_W_2Layers_input_size_70_node1_60_node2_20_node3_0_node4_0,0.20456304807149564
Test_W_2Layers_input_size_40_node1_60_node2_70_node3_0_node4_0,0.20456318465367984
Test_W_2Layers_input_size_70_node1_10_node2_50_node3_0_node4_0,0.20456681770630497
Test_W_2Layers_input_size_90_node1_50_node2_20_node3_0_node4_0,0.20457507605958578
Test_W_2Layers_input_size_15_node1_90_node2_10_node3_0_node4_0,0.20458712154935407
Train_W_2Layers_input_size_90_node1_40_node2_60_node3_0_node4_0,0.2046022161052148
Test_W_2Layers_input_size_35_node1_60_node2_40_node3_0_node4_0,0.20460913482978188
Train_W_2Layers_input_size_65_node1_30_node2_30_node3_0_node4_0,0.20461110116143827
Test_W_2Layers_input_size_30_node1_50_node2_50_node3_0_node4_0,0.20461590767038107
Test_W_2Layers_input_size_100_node1_30_node2_60_node3_0_node4_0,0.20462275310941927
Test_W_2Layers_input_size_95_node1_100_node2_40_node3_0_node4_0,0.20463122766417208
Test_W_2Layers_input_size_20_node1_100_node2_90_node3_0_node4_0,0.20464193186328458
Test_W_2Layers_input_size_10_node1_80_node2_20_node3_0_node4_0,0.2046486308050872
Test_W_2Layers_input_size_95_node1_40_node2_80_node3_0_node4_0,0.20465360936028013
Train_W_2Layers_input_size_95_node1_70_node2_50_node3_0_node4_0,0.2046552203110709
Test_W_2Layers_input_size_65_node1_100_node2_100_node3_0_node4_0,0.20466518608070544
Test_W_2Layers_input_size_55_node1_90_node2_40_node3_0_node4_0,0.20467384088965454
Test_W_2Layers_input_size_40_node1_60_node2_80_node3_0_node4_0,0.20467405930281146
Test_W_1Layers_input_size_65_node1_70_node2_0_node3_0_node4_0,0.20467571559499945
Test_W_2Layers_input_size_50_node1_40_node2_60_node3_0_node4_0,0.20468424255749332
Test_W_2Layers_input_size_10_node1_80_node2_100_node3_0_node4_0,0.20469034862720087
Test_W_2Layers_input_size_40_node1_70_node2_10_node3_0_node4_0,0.20469417051555325
Train_W_1Layers_input_size_30_node1_90_node2_0_node3_0_node4_0,0.20469848370384147
Test_W_2Layers_input_size_55_node1_60_node2_60_node3_0_node4_0,0.20469898417339122
Test_W_2Layers_input_size_95_node1_20_node2_10_node3_0_node4_0,0.2047060361142279
Test_W_2Layers_input_size_60_node1_80_node2_40_node3_0_node4_0,0.20470770124673912
Test_W_2Layers_input_size_90_node1_60_node2_50_node3_0_node4_0,0.2047188836710014
Train_W_2Layers_input_size_80_node1_50_node2_40_node3_0_node4_0,0.20472405158258894
Test_W_2Layers_input_size_30_node1_20_node2_30_node3_0_node4_0,0.20472616238219232
Test_W_2Layers_input_size_95_node1_100_node2_30_node3_0_node4_0,0.20474075541859885
Test_W_2Layers_input_size_55_node1_10_node2_100_node3_0_node4_0,0.20475011661314294
Train_W_2Layers_input_size_85_node1_30_node2_70_node3_0_node4_0,0.20475100813315883
Test_W_2Layers_input_size_10_node1_60_node2_70_node3_0_node4_0,0.20475359169985186
Train_W_2Layers_input_size_45_node1_10_node2_90_node3_0_node4_0,0.20476106930423804
Test_W_2Layers_input_size_15_node1_70_node2_10_node3_0_node4_0,0.20476139678431995
Train_W_2Layers_input_size_20_node1_40_node2_90_node3_0_node4_0,0.20476211541933068
Test_W_1Layers_input_size_95_node1_80_node2_0_node3_0_node4_0,0.2047699565640345
Test_W_2Layers_input_size_5_node1_30_node2_20_node3_0_node4_0,0.20478974002043102
Test_W_2Layers_input_size_30_node1_30_node2_60_node3_0_node4_0,0.204791559092887
Test_W_2Layers_input_size_75_node1_60_node2_70_node3_0_node4_0,0.20479557009055893
Train_W_2Layers_input_size_5_node1_50_node2_100_node3_0_node4_0,0.20479570651766973
Test_W_2Layers_input_size_10_node1_90_node2_40_node3_0_node4_0,0.2047987351761258
Test_W_2Layers_input_size_70_node1_10_node2_10_node3_0_node4_0,0.2048070023671608
Train_W_2Layers_input_size_25_node1_40_node2_50_node3_0_node4_0,0.20480889404272531
Train_W_2Layers_input_size_90_node1_20_node2_10_node3_0_node4_0,0.20481987996697204
Test_W_2Layers_input_size_10_node1_70_node2_50_node3_0_node4_0,0.2048234266213248
Test_W_2Layers_input_size_60_node1_10_node2_100_node3_0_node4_0,0.20483637593524798
Test_W_2Layers_input_size_75_node1_20_node2_60_node3_0_node4_0,0.20484262295899572
Test_W_2Layers_input_size_80_node1_100_node2_30_node3_0_node4_0,0.20485396168422876
Train_W_2Layers_input_size_20_node1_100_node2_100_node3_0_node4_0,0.20487463710245388
Test_W_2Layers_input_size_55_node1_100_node2_50_node3_0_node4_0,0.20488616496962556
Train_W_2Layers_input_size_10_node1_20_node2_40_node3_0_node4_0,0.2048888741061104
Test_W_2Layers_input_size_60_node1_70_node2_50_node3_0_node4_0,0.204892546837971
Test_W_2Layers_input_size_5_node1_50_node2_20_node3_0_node4_0,0.20489368318969095
Test_W_2Layers_input_size_55_node1_30_node2_30_node3_0_node4_0,0.20489399227626853
Test_W_2Layers_input_size_100_node1_10_node2_40_node3_0_node4_0,0.20489505589416382
Test_W_2Layers_input_size_10_node1_100_node2_40_node3_0_node4_0,0.20489878305859915
Test_W_2Layers_input_size_80_node1_80_node2_80_node3_0_node4_0,0.2049004011722964
Train_W_2Layers_input_size_85_node1_60_node2_100_node3_0_node4_0,0.2049095460016645
Test_W_2Layers_input_size_45_node1_90_node2_80_node3_0_node4_0,0.20493784148201466
Test_W_2Layers_input_size_60_node1_50_node2_30_node3_0_node4_0,0.20493895031624365
Test_W_2Layers_input_size_55_node1_70_node2_30_node3_0_node4_0,0.20493967741739924
Train_W_1Layers_input_size_20_node1_30_node2_0_node3_0_node4_0,0.20494329470730788
Train_W_2Layers_input_size_35_node1_80_node2_80_node3_0_node4_0,0.2049449033810533
Train_W_2Layers_input_size_85_node1_10_node2_10_node3_0_node4_0,0.20495860840579339
Train_W_2Layers_input_size_80_node1_30_node2_10_node3_0_node4_0,0.20496719629972843
Test_W_2Layers_input_size_45_node1_40_node2_60_node3_0_node4_0,0.20496777790069956
Train_W_1Layers_input_size_40_node1_10_node2_0_node3_0_node4_0,0.20497860991719666
Test_W_2Layers_input_size_100_node1_40_node2_90_node3_0_node4_0,0.20497882800561
Test_W_2Layers_input_size_100_node1_20_node2_100_node3_0_node4_0,0.20498186304527805
Train_W_1Layers_input_size_95_node1_10_node2_0_node3_0_node4_0,0.20498294438088902
Train_W_2Layers_input_size_75_node1_90_node2_10_node3_0_node4_0,0.2049848707797771
Test_W_2Layers_input_size_30_node1_90_node2_90_node3_0_node4_0,0.20499169481131682
Train_W_2Layers_input_size_25_node1_20_node2_40_node3_0_node4_0,0.20499633793060443
Test_W_2Layers_input_size_50_node1_20_node2_80_node3_0_node4_0,0.20500192588971483
Train_W_1Layers_input_size_70_node1_70_node2_0_node3_0_node4_0,0.2050081769545241
Train_W_2Layers_input_size_30_node1_10_node2_80_node3_0_node4_0,0.2050110571048354
Train_W_2Layers_input_size_90_node1_100_node2_10_node3_0_node4_0,0.2050202151688046
Test_W_2Layers_input_size_100_node1_20_node2_30_node3_0_node4_0,0.20502188683474223
Train_W_2Layers_input_size_55_node1_50_node2_30_node3_0_node4_0,0.20502397639799716
Test_W_2Layers_input_size_75_node1_50_node2_20_node3_0_node4_0,0.2050391205525766
Train_W_2Layers_input_size_10_node1_70_node2_30_node3_0_node4_0,0.20504745072343064
Train_W_2Layers_input_size_45_node1_60_node2_30_node3_0_node4_0,0.20505233784172833
Test_W_2Layers_input_size_60_node1_50_node2_80_node3_0_node4_0,0.20507807958693228
Train_W_2Layers_input_size_95_node1_10_node2_40_node3_0_node4_0,0.205086726053707
Test_W_2Layers_input_size_60_node1_40_node2_70_node3_0_node4_0,0.205089096502462
Test_W_2Layers_input_size_90_node1_100_node2_30_node3_0_node4_0,0.20508976857873298
Test_W_2Layers_input_size_70_node1_10_node2_90_node3_0_node4_0,0.20508990481014108
Test_W_2Layers_input_size_40_node1_100_node2_30_node3_0_node4_0,0.20509039524246095
Test_W_2Layers_input_size_40_node1_50_node2_100_node3_0_node4_0,0.2050931016812067
Test_W_1Layers_input_size_45_node1_60_node2_0_node3_0_node4_0,0.2050946001973651
Test_W_2Layers_input_size_80_node1_20_node2_60_node3_0_node4_0,0.20509747913404897
Test_W_2Layers_input_size_60_node1_30_node2_90_node3_0_node4_0,0.20510061231574764
Test_W_2Layers_input_size_70_node1_50_node2_50_node3_0_node4_0,0.20510717821953575
Test_W_2Layers_input_size_80_node1_80_node2_40_node3_0_node4_0,0.20511012962924918
Train_W_2Layers_input_size_55_node1_20_node2_20_node3_0_node4_0,0.20511335342825285
Test_W_2Layers_input_size_65_node1_80_node2_80_node3_0_node4_0,0.2051219620854537
Train_W_2Layers_input_size_45_node1_30_node2_30_node3_0_node4_0,0.20512483155756792
Test_W_2Layers_input_size_25_node1_50_node2_90_node3_0_node4_0,0.20513380293929007
Test_W_2Layers_input_size_35_node1_60_node2_80_node3_0_node4_0,0.20514683253687782
Test_W_2Layers_input_size_5_node1_30_node2_80_node3_0_node4_0,0.205171118950651
Train_W_2Layers_input_size_35_node1_30_node2_20_node3_0_node4_0,0.20517489557016066
Test_W_2Layers_input_size_80_node1_60_node2_100_node3_0_node4_0,0.2051778913967702
Train_W_2Layers_input_size_5_node1_90_node2_60_node3_0_node4_0,0.2051887395544197
Test_W_2Layers_input_size_15_node1_40_node2_60_node3_0_node4_0,0.20519578374129205
Train_W_2Layers_input_size_70_node1_40_node2_50_node3_0_node4_0,0.20519794415221154
Train_W_2Layers_input_size_90_node1_100_node2_60_node3_0_node4_0,0.20521739590347532
Test_W_2Layers_input_size_55_node1_10_node2_30_node3_0_node4_0,0.20522337719594816
Test_W_2Layers_input_size_35_node1_40_node2_50_node3_0_node4_0,0.2052271891578593
Test_W_2Layers_input_size_85_node1_50_node2_80_node3_0_node4_0,0.2052272345379318
Test_W_2Layers_input_size_35_node1_20_node2_70_node3_0_node4_0,0.2052319267832653
Test_W_2Layers_input_size_95_node1_70_node2_10_node3_0_node4_0,0.20523408681372254
Test_W_1Layers_input_size_20_node1_10_node2_0_node3_0_node4_0,0.20523878797789954
Test_W_2Layers_input_size_95_node1_70_node2_100_node3_0_node4_0,0.2052443784113491
Train_W_1Layers_input_size_40_node1_30_node2_0_node3_0_node4_0,0.20524818090812916
Test_W_2Layers_input_size_80_node1_20_node2_50_node3_0_node4_0,0.20524976904225337
Train_W_2Layers_input_size_80_node1_10_node2_10_node3_0_node4_0,0.20525551344764717
Test_W_1Layers_input_size_5_node1_50_node2_0_node3_0_node4_0,0.20526685658802873
Test_W_2Layers_input_size_40_node1_20_node2_50_node3_0_node4_0,0.2052680271644341
Test_W_2Layers_input_size_45_node1_70_node2_10_node3_0_node4_0,0.20527925165510041
Test_W_2Layers_input_size_30_node1_10_node2_30_node3_0_node4_0,0.20527954201373208
Test_W_2Layers_input_size_50_node1_90_node2_80_node3_0_node4_0,0.20528623829572176
Train_W_2Layers_input_size_90_node1_90_node2_30_node3_0_node4_0,0.20528743598166757
Train_W_1Layers_input_size_55_node1_50_node2_0_node3_0_node4_0,0.2053009548308823
Train_W_1Layers_input_size_35_node1_50_node2_0_node3_0_node4_0,0.20530929252290617
Train_W_2Layers_input_size_55_node1_100_node2_40_node3_0_node4_0,0.20530985501006707
Train_W_2Layers_input_size_50_node1_20_node2_60_node3_0_node4_0,0.20531643236653307
Test_W_2Layers_input_size_100_node1_90_node2_20_node3_0_node4_0,0.20532331795258346
Test_W_2Layers_input_size_40_node1_10_node2_30_node3_0_node4_0,0.20532383504260943
Train_W_2Layers_input_size_30_node1_60_node2_80_node3_0_node4_0,0.205326329756894
Train_W_2Layers_input_size_5_node1_20_node2_30_node3_0_node4_0,0.2053279898590579
Train_W_2Layers_input_size_50_node1_70_node2_90_node3_0_node4_0,0.2053437465539426
Test_W_2Layers_input_size_95_node1_50_node2_10_node3_0_node4_0,0.20534745650370712
Train_W_2Layers_input_size_95_node1_30_node2_10_node3_0_node4_0,0.2053721273253839
Test_W_2Layers_input_size_100_node1_30_node2_100_node3_0_node4_0,0.2053731340496532
Train_W_2Layers_input_size_55_node1_50_node2_60_node3_0_node4_0,0.20538291987799004
Test_W_1Layers_input_size_45_node1_90_node2_0_node3_0_node4_0,0.2053874543947563
Test_W_2Layers_input_size_60_node1_100_node2_100_node3_0_node4_0,0.20540798543385264
Test_W_2Layers_input_size_15_node1_60_node2_70_node3_0_node4_0,0.20541425134491048
Test_W_2Layers_input_size_60_node1_30_node2_60_node3_0_node4_0,0.20541877610249992
Train_W_2Layers_input_size_55_node1_10_node2_90_node3_0_node4_0,0.20541953777533933
Train_W_2Layers_input_size_40_node1_30_node2_10_node3_0_node4_0,0.205426764459264
Test_W_2Layers_input_size_20_node1_40_node2_90_node3_0_node4_0,0.20542793412447694
Train_W_2Layers_input_size_60_node1_20_node2_80_node3_0_node4_0,0.2054318601613432
Train_W_2Layers_input_size_40_node1_30_node2_50_node3_0_node4_0,0.205433963688332
Test_W_2Layers_input_size_90_node1_60_node2_40_node3_0_node4_0,0.20543491570855293
Test_W_2Layers_input_size_25_node1_20_node2_100_node3_0_node4_0,0.20543695573702753
Train_W_2Layers_input_size_35_node1_50_node2_70_node3_0_node4_0,0.20544066400357422
Test_W_2Layers_input_size_5_node1_40_node2_30_node3_0_node4_0,0.2054648340961664
Test_W_2Layers_input_size_75_node1_10_node2_30_node3_0_node4_0,0.20546691915472384
Test_W_2Layers_input_size_65_node1_50_node2_80_node3_0_node4_0,0.2054691945640483
Test_W_1Layers_input_size_30_node1_20_node2_0_node3_0_node4_0,0.2054692489559947
Test_W_2Layers_input_size_40_node1_50_node2_60_node3_0_node4_0,0.20547340083207175
Train_W_2Layers_input_size_55_node1_30_node2_100_node3_0_node4_0,0.2055033861273447
Test_W_2Layers_input_size_90_node1_10_node2_70_node3_0_node4_0,0.20552226519162403
Test_W_2Layers_input_size_80_node1_60_node2_80_node3_0_node4_0,0.205529569827499
Test_W_2Layers_input_size_60_node1_100_node2_30_node3_0_node4_0,0.20553082047113513
Train_W_2Layers_input_size_45_node1_100_node2_90_node3_0_node4_0,0.2055337023601066
Test_W_1Layers_input_size_35_node1_80_node2_0_node3_0_node4_0,0.2055355057857943
Test_W_2Layers_input_size_95_node1_10_node2_100_node3_0_node4_0,0.20553990100322866
Test_W_2Layers_input_size_20_node1_10_node2_90_node3_0_node4_0,0.20554136907553522
Test_W_2Layers_input_size_75_node1_90_node2_70_node3_0_node4_0,0.20554451361488332
Test_W_2Layers_input_size_90_node1_90_node2_90_node3_0_node4_0,0.20554500296250228
Test_W_1Layers_input_size_70_node1_40_node2_0_node3_0_node4_0,0.20555334887863042
Test_W_2Layers_input_size_30_node1_60_node2_70_node3_0_node4_0,0.2055541100528156
Test_W_1Layers_input_size_95_node1_90_node2_0_node3_0_node4_0,0.20556068865510668
Test_W_2Layers_input_size_75_node1_30_node2_20_node3_0_node4_0,0.205562147517727
Test_W_2Layers_input_size_65_node1_50_node2_60_node3_0_node4_0,0.20556456685092753
Train_W_2Layers_input_size_45_node1_60_node2_90_node3_0_node4_0,0.2055706286506395
Test_W_2Layers_input_size_65_node1_100_node2_90_node3_0_node4_0,0.20557264015005836
Test_W_2Layers_input_size_25_node1_20_node2_30_node3_0_node4_0,0.2055740808064646
Test_W_2Layers_input_size_100_node1_20_node2_50_node3_0_node4_0,0.20557690772554188
Train_W_2Layers_input_size_10_node1_60_node2_90_node3_0_node4_0,0.2055996394533677
Train_W_2Layers_input_size_60_node1_60_node2_90_node3_0_node4_0,0.20560990369450338
Test_W_2Layers_input_size_45_node1_70_node2_90_node3_0_node4_0,0.20562775844822417
Test_W_2Layers_input_size_75_node1_30_node2_80_node3_0_node4_0,0.20563742346467406
Train_W_1Layers_input_size_70_node1_100_node2_0_node3_0_node4_0,0.20565074721774954
Test_W_1Layers_input_size_45_node1_80_node2_0_node3_0_node4_0,0.20565251338806176
Train_W_2Layers_input_size_10_node1_80_node2_100_node3_0_node4_0,0.20565700573239648
Test_W_2Layers_input_size_100_node1_10_node2_80_node3_0_node4_0,0.20565782086500337
Test_W_2Layers_input_size_95_node1_20_node2_60_node3_0_node4_0,0.20565925186776543
Train_W_2Layers_input_size_70_node1_10_node2_10_node3_0_node4_0,0.20567901317888565
Test_W_2Layers_input_size_100_node1_30_node2_40_node3_0_node4_0,0.20568380378826162
Test_W_2Layers_input_size_45_node1_70_node2_50_node3_0_node4_0,0.205695829627935
Train_W_2Layers_input_size_35_node1_70_node2_40_node3_0_node4_0,0.20570034819169217
Test_W_2Layers_input_size_55_node1_70_node2_20_node3_0_node4_0,0.20570267534913128
Test_W_2Layers_input_size_55_node1_60_node2_10_node3_0_node4_0,0.2057082893948981
Train_W_2Layers_input_size_55_node1_90_node2_90_node3_0_node4_0,0.2057187021386689
Test_W_2Layers_input_size_80_node1_90_node2_10_node3_0_node4_0,0.20572210653882242
Test_W_1Layers_input_size_25_node1_70_node2_0_node3_0_node4_0,0.20572250492239233
Test_W_2Layers_input_size_15_node1_80_node2_40_node3_0_node4_0,0.20573589559407263
Train_W_2Layers_input_size_75_node1_40_node2_50_node3_0_node4_0,0.20574247743706728
Train_W_1Layers_input_size_100_node1_60_node2_0_node3_0_node4_0,0.2057519741131667
Test_W_2Layers_input_size_35_node1_30_node2_10_node3_0_node4_0,0.20577388993572
Test_W_2Layers_input_size_95_node1_70_node2_90_node3_0_node4_0,0.20577948393530937
Train_W_2Layers_input_size_50_node1_10_node2_50_node3_0_node4_0,0.2057803076343784
Test_W_1Layers_input_size_60_node1_90_node2_0_node3_0_node4_0,0.2057846252118262
Train_W_2Layers_input_size_25_node1_90_node2_40_node3_0_node4_0,0.20578652600336703
Test_W_1Layers_input_size_25_node1_30_node2_0_node3_0_node4_0,0.20579933326011232
Test_W_2Layers_input_size_50_node1_20_node2_30_node3_0_node4_0,0.20579998491547144
Test_W_2Layers_input_size_20_node1_80_node2_60_node3_0_node4_0,0.20580091714107837
Train_W_2Layers_input_size_70_node1_40_node2_100_node3_0_node4_0,0.20581709013070892
Train_W_2Layers_input_size_40_node1_50_node2_40_node3_0_node4_0,0.20581974176431622
Train_W_2Layers_input_size_40_node1_90_node2_10_node3_0_node4_0,0.20583318945523174
Test_W_2Layers_input_size_10_node1_100_node2_100_node3_0_node4_0,0.20584296246127937
Test_W_2Layers_input_size_35_node1_50_node2_90_node3_0_node4_0,0.2058515406064249
Test_W_2Layers_input_size_85_node1_100_node2_80_node3_0_node4_0,0.20585685200022807
Test_W_2Layers_input_size_45_node1_40_node2_50_node3_0_node4_0,0.20585756681107784
Test_W_2Layers_input_size_75_node1_20_node2_40_node3_0_node4_0,0.2058647871663232
Train_W_2Layers_input_size_100_node1_10_node2_50_node3_0_node4_0,0.2058700167893034
Test_W_2Layers_input_size_10_node1_40_node2_30_node3_0_node4_0,0.20587369916038217
Test_W_2Layers_input_size_10_node1_90_node2_80_node3_0_node4_0,0.2058778519273662
Train_W_2Layers_input_size_30_node1_50_node2_20_node3_0_node4_0,0.20588067467540427
Train_W_2Layers_input_size_25_node1_60_node2_40_node3_0_node4_0,0.20588329834881267
Train_W_2Layers_input_size_45_node1_40_node2_30_node3_0_node4_0,0.205886121022179
Test_W_2Layers_input_size_5_node1_70_node2_70_node3_0_node4_0,0.20589665142363714
Train_W_1Layers_input_size_10_node1_50_node2_0_node3_0_node4_0,0.2059199719936271
Test_W_2Layers_input_size_90_node1_40_node2_50_node3_0_node4_0,0.20592217907910987
Test_W_1Layers_input_size_35_node1_60_node2_0_node3_0_node4_0,0.2059260595122119
Train_W_2Layers_input_size_60_node1_70_node2_90_node3_0_node4_0,0.20593244533384666
Test_W_2Layers_input_size_5_node1_100_node2_40_node3_0_node4_0,0.20593701297430356
Test_W_2Layers_input_size_80_node1_70_node2_80_node3_0_node4_0,0.20594041376556155
Test_W_2Layers_input_size_65_node1_70_node2_60_node3_0_node4_0,0.2059587553629512
Test_W_2Layers_input_size_100_node1_100_node2_80_node3_0_node4_0,0.20598692480333716
Test_W_2Layers_input_size_95_node1_60_node2_80_node3_0_node4_0,0.2059982186270514
Test_W_2Layers_input_size_55_node1_60_node2_90_node3_0_node4_0,0.2060394914275682
Train_W_2Layers_input_size_95_node1_50_node2_60_node3_0_node4_0,0.2060480613908655
Test_W_2Layers_input_size_20_node1_10_node2_20_node3_0_node4_0,0.2060536389075622
Train_W_1Layers_input_size_30_node1_40_node2_0_node3_0_node4_0,0.20605577224518237
Test_W_2Layers_input_size_35_node1_60_node2_30_node3_0_node4_0,0.20605601631206144
Test_W_2Layers_input_size_80_node1_90_node2_40_node3_0_node4_0,0.2060628862241412
Test_W_2Layers_input_size_95_node1_30_node2_70_node3_0_node4_0,0.2060673334661518
Train_W_2Layers_input_size_65_node1_10_node2_90_node3_0_node4_0,0.20607543226196962
Test_W_2Layers_input_size_45_node1_60_node2_40_node3_0_node4_0,0.2060754864939045
Test_W_2Layers_input_size_90_node1_80_node2_90_node3_0_node4_0,0.20609169216444548
Train_W_2Layers_input_size_35_node1_70_node2_10_node3_0_node4_0,0.20609400586509294
Test_W_2Layers_input_size_85_node1_90_node2_10_node3_0_node4_0,0.2061056101280705
Test_W_2Layers_input_size_10_node1_70_node2_90_node3_0_node4_0,0.2061216326976947
Train_W_1Layers_input_size_40_node1_40_node2_0_node3_0_node4_0,0.2061352143067311
Train_W_2Layers_input_size_10_node1_80_node2_70_node3_0_node4_0,0.206147972794261
Test_W_2Layers_input_size_80_node1_40_node2_10_node3_0_node4_0,0.20616273623409995
Train_W_2Layers_input_size_95_node1_10_node2_80_node3_0_node4_0,0.20616322411430993
Train_W_2Layers_input_size_15_node1_20_node2_20_node3_0_node4_0,0.20617313506047436
Test_W_2Layers_input_size_5_node1_30_node2_10_node3_0_node4_0,0.20617847430619665
Test_W_1Layers_input_size_80_node1_20_node2_0_node3_0_node4_0,0.20618758051796388
Train_W_2Layers_input_size_30_node1_70_node2_70_node3_0_node4_0,0.20619312716018226
Test_W_2Layers_input_size_95_node1_40_node2_100_node3_0_node4_0,0.20619820392341642
Train_W_2Layers_input_size_95_node1_30_node2_30_node3_0_node4_0,0.20620204302969375
Test_W_2Layers_input_size_70_node1_70_node2_100_node3_0_node4_0,0.20620572850447547
Train_W_2Layers_input_size_40_node1_60_node2_40_node3_0_node4_0,0.2062183652083126
Train_W_2Layers_input_size_75_node1_60_node2_50_node3_0_node4_0,0.20623494801361134
Test_W_2Layers_input_size_70_node1_100_node2_30_node3_0_node4_0,0.2062440517319174
Train_W_2Layers_input_size_50_node1_100_node2_90_node3_0_node4_0,0.20624568638481108
Test_W_2Layers_input_size_65_node1_60_node2_20_node3_0_node4_0,0.2062480073890377
Test_W_2Layers_input_size_65_node1_50_node2_10_node3_0_node4_0,0.20625043673902568
Test_W_2Layers_input_size_60_node1_20_node2_60_node3_0_node4_0,0.20627117084450775
Test_W_2Layers_input_size_80_node1_90_node2_90_node3_0_node4_0,0.20628078765539937
Test_W_2Layers_input_size_35_node1_20_node2_30_node3_0_node4_0,0.20628968167767373
Train_W_1Layers_input_size_80_node1_10_node2_0_node3_0_node4_0,0.2063029452483032
Test_W_2Layers_input_size_20_node1_60_node2_20_node3_0_node4_0,0.20631181123047096
Train_W_2Layers_input_size_75_node1_20_node2_90_node3_0_node4_0,0.20631338214887907
Train_W_1Layers_input_size_15_node1_60_node2_0_node3_0_node4_0,0.20631641561264508
Train_W_2Layers_input_size_80_node1_10_node2_20_node3_0_node4_0,0.2063314829606908
Test_W_2Layers_input_size_60_node1_90_node2_40_node3_0_node4_0,0.20633596954975195
Test_W_2Layers_input_size_75_node1_70_node2_40_node3_0_node4_0,0.20633784720796677
Train_W_2Layers_input_size_95_node1_50_node2_40_node3_0_node4_0,0.20633947209070777
Test_W_2Layers_input_size_60_node1_80_node2_60_node3_0_node4_0,0.20634276695254164
Test_W_2Layers_input_size_50_node1_10_node2_30_node3_0_node4_0,0.20634789419453844
Test_W_2Layers_input_size_70_node1_30_node2_80_node3_0_node4_0,0.20636080200378953
Train_W_2Layers_input_size_60_node1_50_node2_50_node3_0_node4_0,0.20636411457709106
Test_W_2Layers_input_size_85_node1_80_node2_10_node3_0_node4_0,0.206370920078561
Test_W_2Layers_input_size_60_node1_100_node2_80_node3_0_node4_0,0.2063733028536167
Train_W_2Layers_input_size_85_node1_20_node2_100_node3_0_node4_0,0.20637660620079942
Test_W_2Layers_input_size_90_node1_20_node2_80_node3_0_node4_0,0.2063830322329148
Test_W_2Layers_input_size_75_node1_10_node2_80_node3_0_node4_0,0.20639722836145796
Test_W_2Layers_input_size_65_node1_60_node2_10_node3_0_node4_0,0.2063978330064098
Train_W_2Layers_input_size_25_node1_50_node2_100_node3_0_node4_0,0.2064123349299926
Train_W_2Layers_input_size_15_node1_80_node2_50_node3_0_node4_0,0.20641570081883978
Train_W_2Layers_input_size_90_node1_20_node2_40_node3_0_node4_0,0.20641819136077894
Train_W_2Layers_input_size_85_node1_20_node2_80_node3_0_node4_0,0.20643147374364812
Test_W_2Layers_input_size_80_node1_100_node2_50_node3_0_node4_0,0.20644249061525322
Train_W_2Layers_input_size_15_node1_80_node2_10_node3_0_node4_0,0.20645147691543933
Test_W_2Layers_input_size_70_node1_80_node2_60_node3_0_node4_0,0.2064552030476816
Test_W_2Layers_input_size_60_node1_20_node2_30_node3_0_node4_0,0.2064642880325554
Train_W_2Layers_input_size_10_node1_10_node2_10_node3_0_node4_0,0.2064652713882713
Train_W_2Layers_input_size_5_node1_40_node2_60_node3_0_node4_0,0.20646545182000425
Test_W_2Layers_input_size_75_node1_60_node2_30_node3_0_node4_0,0.20646700352639846
Test_W_2Layers_input_size_20_node1_100_node2_100_node3_0_node4_0,0.20647613309763402
Test_W_2Layers_input_size_25_node1_80_node2_20_node3_0_node4_0,0.20647982270111515
Test_W_2Layers_input_size_20_node1_10_node2_10_node3_0_node4_0,0.20648694011178875
Train_W_2Layers_input_size_20_node1_60_node2_50_node3_0_node4_0,0.20649176609985956
Test_W_2Layers_input_size_5_node1_30_node2_100_node3_0_node4_0,0.20650043455406075
Test_W_2Layers_input_size_45_node1_20_node2_60_node3_0_node4_0,0.2065060088724306
Train_W_2Layers_input_size_55_node1_100_node2_100_node3_0_node4_0,0.20652731256689838
Test_W_2Layers_input_size_50_node1_30_node2_20_node3_0_node4_0,0.20653312966288934
Train_W_2Layers_input_size_90_node1_50_node2_30_node3_0_node4_0,0.2065350325843072
Test_W_2Layers_input_size_95_node1_50_node2_20_node3_0_node4_0,0.20653816199514896
Test_W_2Layers_input_size_65_node1_10_node2_50_node3_0_node4_0,0.20655081443224363
Test_W_2Layers_input_size_15_node1_80_node2_50_node3_0_node4_0,0.20656066169440168
Test_W_1Layers_input_size_25_node1_50_node2_0_node3_0_node4_0,0.20656496296105356
Train_W_2Layers_input_size_75_node1_60_node2_80_node3_0_node4_0,0.2065896506796471
Train_W_2Layers_input_size_60_node1_30_node2_70_node3_0_node4_0,0.2065975486840056
Test_W_2Layers_input_size_50_node1_80_node2_30_node3_0_node4_0,0.2066185364338226
Test_W_2Layers_input_size_15_node1_40_node2_20_node3_0_node4_0,0.20665759429771297
Test_W_2Layers_input_size_30_node1_80_node2_40_node3_0_node4_0,0.2066644892766932
Train_W_2Layers_input_size_30_node1_50_node2_70_node3_0_node4_0,0.20666485880501959
Test_W_2Layers_input_size_5_node1_10_node2_60_node3_0_node4_0,0.2066686531918044
Test_W_2Layers_input_size_70_node1_80_node2_20_node3_0_node4_0,0.20667238442108782
Test_W_2Layers_input_size_20_node1_90_node2_10_node3_0_node4_0,0.2066754666901226
Test_W_2Layers_input_size_65_node1_20_node2_70_node3_0_node4_0,0.20667658422660506
Test_W_2Layers_input_size_80_node1_30_node2_50_node3_0_node4_0,0.20667905360030744
Test_W_2Layers_input_size_75_node1_70_node2_20_node3_0_node4_0,0.20668256835140975
Test_W_2Layers_input_size_100_node1_70_node2_90_node3_0_node4_0,0.20668652462794032
Train_W_2Layers_input_size_30_node1_100_node2_20_node3_0_node4_0,0.20669440090746782
Test_W_2Layers_input_size_95_node1_60_node2_90_node3_0_node4_0,0.2066944189306466
Test_W_2Layers_input_size_35_node1_50_node2_70_node3_0_node4_0,0.20669585176832914
Test_W_2Layers_input_size_55_node1_10_node2_70_node3_0_node4_0,0.20670067287879051
Train_W_2Layers_input_size_75_node1_30_node2_100_node3_0_node4_0,0.2067173881947245
Train_W_2Layers_input_size_40_node1_50_node2_80_node3_0_node4_0,0.20672359639640575
Test_W_2Layers_input_size_30_node1_40_node2_60_node3_0_node4_0,0.2067282726980733
Test_W_2Layers_input_size_75_node1_30_node2_30_node3_0_node4_0,0.20672927281822495
Test_W_2Layers_input_size_10_node1_10_node2_40_node3_0_node4_0,0.20675524721728963
Test_W_2Layers_input_size_60_node1_40_node2_30_node3_0_node4_0,0.20676209389660713
Train_W_2Layers_input_size_35_node1_50_node2_30_node3_0_node4_0,0.20676689544566476
Test_W_2Layers_input_size_100_node1_30_node2_50_node3_0_node4_0,0.20678202004683477
Test_W_2Layers_input_size_100_node1_30_node2_90_node3_0_node4_0,0.2067862086180758
Train_W_2Layers_input_size_90_node1_40_node2_80_node3_0_node4_0,0.20680501560837822
Train_W_2Layers_input_size_20_node1_90_node2_50_node3_0_node4_0,0.20680646569321667
Train_W_1Layers_input_size_15_node1_90_node2_0_node3_0_node4_0,0.20680719523516047
Test_W_2Layers_input_size_60_node1_70_node2_40_node3_0_node4_0,0.2068075555018378
Train_W_1Layers_input_size_60_node1_10_node2_0_node3_0_node4_0,0.2068113112445743
Test_W_2Layers_input_size_60_node1_10_node2_30_node3_0_node4_0,0.20682855796437236
Train_W_2Layers_input_size_75_node1_30_node2_90_node3_0_node4_0,0.2068299088216366
Test_W_2Layers_input_size_65_node1_30_node2_100_node3_0_node4_0,0.20684994550175878
Test_W_2Layers_input_size_95_node1_10_node2_50_node3_0_node4_0,0.2068621826811179
Test_W_2Layers_input_size_45_node1_100_node2_30_node3_0_node4_0,0.20686233575383234
Test_W_2Layers_input_size_55_node1_40_node2_40_node3_0_node4_0,0.206863911495779
Train_W_2Layers_input_size_100_node1_50_node2_90_node3_0_node4_0,0.2068733656954101
Test_W_2Layers_input_size_60_node1_10_node2_90_node3_0_node4_0,0.20687805661885067
Test_W_2Layers_input_size_65_node1_80_node2_30_node3_0_node4_0,0.20688675390372555
Test_W_2Layers_input_size_55_node1_60_node2_50_node3_0_node4_0,0.20688812238730878
Train_W_2Layers_input_size_75_node1_40_node2_30_node3_0_node4_0,0.20689572090779926
Train_W_2Layers_input_size_25_node1_50_node2_50_node3_0_node4_0,0.2068998531613905
Test_W_2Layers_input_size_80_node1_100_node2_70_node3_0_node4_0,0.20691057502928753
Test_W_2Layers_input_size_65_node1_20_node2_60_node3_0_node4_0,0.20691347370924526
Test_W_2Layers_input_size_85_node1_20_node2_30_node3_0_node4_0,0.20691372576645292
Test_W_1Layers_input_size_100_node1_10_node2_0_node3_0_node4_0,0.20691588624420917
Train_W_2Layers_input_size_55_node1_60_node2_70_node3_0_node4_0,0.2069290826727941
Train_W_2Layers_input_size_70_node1_20_node2_50_node3_0_node4_0,0.20694234126542035
Test_W_2Layers_input_size_85_node1_90_node2_80_node3_0_node4_0,0.2069455545235274
Train_W_2Layers_input_size_25_node1_70_node2_80_node3_0_node4_0,0.20695365495279097
Train_W_2Layers_input_size_25_node1_60_node2_90_node3_0_node4_0,0.2069543659753339
Train_W_2Layers_input_size_35_node1_70_node2_20_node3_0_node4_0,0.20696742495493226
Test_W_2Layers_input_size_25_node1_50_node2_80_node3_0_node4_0,0.20696781194175665
Train_W_2Layers_input_size_50_node1_70_node2_30_node3_0_node4_0,0.20697239273081872
Test_W_2Layers_input_size_15_node1_30_node2_60_node3_0_node4_0,0.2069726627152224
Test_W_2Layers_input_size_20_node1_100_node2_20_node3_0_node4_0,0.20697871927277953
Test_W_1Layers_input_size_25_node1_10_node2_0_node3_0_node4_0,0.20699396337469766
Test_W_2Layers_input_size_100_node1_70_node2_30_node3_0_node4_0,0.20700159400289353
Test_W_1Layers_input_size_60_node1_60_node2_0_node3_0_node4_0,0.2070158556846838
Test_W_2Layers_input_size_65_node1_50_node2_40_node3_0_node4_0,0.2070215960716955
Test_W_2Layers_input_size_70_node1_90_node2_70_node3_0_node4_0,0.20702465514709528
Train_W_2Layers_input_size_95_node1_70_node2_30_node3_0_node4_0,0.2070270843806537
Test_W_2Layers_input_size_90_node1_100_node2_70_node3_0_node4_0,0.20702820001910688
Train_W_2Layers_input_size_70_node1_30_node2_20_node3_0_node4_0,0.2070315109107335
Test_W_2Layers_input_size_70_node1_10_node2_60_node3_0_node4_0,0.207034686797784
Test_W_2Layers_input_size_20_node1_40_node2_40_node3_0_node4_0,0.2070478576620716
Test_W_2Layers_input_size_85_node1_10_node2_80_node3_0_node4_0,0.207050736427932
Test_W_2Layers_input_size_80_node1_100_node2_90_node3_0_node4_0,0.20705618798111258
Test_W_2Layers_input_size_10_node1_50_node2_20_node3_0_node4_0,0.20705650283541033
Test_W_2Layers_input_size_40_node1_10_node2_60_node3_0_node4_0,0.20706209816621662
Test_W_2Layers_input_size_25_node1_60_node2_40_node3_0_node4_0,0.20706416714092415
Test_W_2Layers_input_size_35_node1_10_node2_100_node3_0_node4_0,0.20706583130123082
Train_W_2Layers_input_size_80_node1_30_node2_80_node3_0_node4_0,0.2070812668751617
Test_W_2Layers_input_size_40_node1_10_node2_70_node3_0_node4_0,0.20711528224283868
Train_W_2Layers_input_size_35_node1_60_node2_60_node3_0_node4_0,0.20713413129418412
Train_W_1Layers_input_size_40_node1_70_node2_0_node3_0_node4_0,0.20713465285613997
Train_W_2Layers_input_size_30_node1_10_node2_100_node3_0_node4_0,0.20713689196064985
Train_W_2Layers_input_size_25_node1_60_node2_60_node3_0_node4_0,0.20714012917738894
Test_W_2Layers_input_size_90_node1_10_node2_100_node3_0_node4_0,0.2071514950044113
Test_W_1Layers_input_size_40_node1_20_node2_0_node3_0_node4_0,0.20716095406218957
Train_W_2Layers_input_size_95_node1_50_node2_30_node3_0_node4_0,0.20716884826835977
Test_W_2Layers_input_size_95_node1_100_node2_70_node3_0_node4_0,0.2071731548895552
Test_W_2Layers_input_size_65_node1_10_node2_30_node3_0_node4_0,0.2071793404435321
Train_W_2Layers_input_size_90_node1_20_node2_60_node3_0_node4_0,0.20718249608379502
Test_W_2Layers_input_size_50_node1_100_node2_60_node3_0_node4_0,0.20719904667481268
Train_W_2Layers_input_size_80_node1_90_node2_30_node3_0_node4_0,0.20720389203492795
Train_W_2Layers_input_size_90_node1_60_node2_60_node3_0_node4_0,0.20721040927011475
Train_W_2Layers_input_size_40_node1_30_node2_90_node3_0_node4_0,0.20721360938228625
Test_W_2Layers_input_size_75_node1_40_node2_10_node3_0_node4_0,0.2072153172870949
Train_W_2Layers_input_size_35_node1_70_node2_90_node3_0_node4_0,0.20722571722464067
Test_W_2Layers_input_size_30_node1_90_node2_40_node3_0_node4_0,0.2072282160082688
Train_W_2Layers_input_size_95_node1_30_node2_60_node3_0_node4_0,0.20722877328683925
Test_W_2Layers_input_size_25_node1_40_node2_50_node3_0_node4_0,0.20723158662190383
Test_W_2Layers_input_size_80_node1_80_node2_100_node3_0_node4_0,0.20726078732363085
Test_W_2Layers_input_size_65_node1_70_node2_20_node3_0_node4_0,0.20727778097511013
Test_W_2Layers_input_size_90_node1_70_node2_50_node3_0_node4_0,0.20727874249914693
Test_W_2Layers_input_size_85_node1_100_node2_10_node3_0_node4_0,0.20728070147824357
Test_W_2Layers_input_size_65_node1_90_node2_70_node3_0_node4_0,0.20728524839506487
Train_W_2Layers_input_size_90_node1_10_node2_20_node3_0_node4_0,0.2072932906222989
Test_W_2Layers_input_size_80_node1_40_node2_30_node3_0_node4_0,0.20729500685609356
Test_W_2Layers_input_size_90_node1_30_node2_90_node3_0_node4_0,0.20729807088214702
Test_W_2Layers_input_size_65_node1_30_node2_50_node3_0_node4_0,0.20731598689033798
Test_W_2Layers_input_size_100_node1_10_node2_50_node3_0_node4_0,0.20736914178105378
Test_W_2Layers_input_size_100_node1_100_node2_60_node3_0_node4_0,0.20738277641521694
Train_W_2Layers_input_size_100_node1_70_node2_80_node3_0_node4_0,0.20738944969398904
Test_W_2Layers_input_size_60_node1_70_node2_20_node3_0_node4_0,0.20739515279705825
Test_W_2Layers_input_size_60_node1_10_node2_40_node3_0_node4_0,0.20739714660081848
Train_W_2Layers_input_size_60_node1_100_node2_10_node3_0_node4_0,0.20740443010840787
Test_W_2Layers_input_size_100_node1_90_node2_50_node3_0_node4_0,0.20741410213928294
Test_W_2Layers_input_size_70_node1_90_node2_20_node3_0_node4_0,0.20742541703470418
Test_W_2Layers_input_size_70_node1_80_node2_100_node3_0_node4_0,0.20743310362745004
Test_W_2Layers_input_size_50_node1_100_node2_30_node3_0_node4_0,0.20743318444291675
Train_W_2Layers_input_size_15_node1_10_node2_30_node3_0_node4_0,0.20744530640636832
Test_W_2Layers_input_size_90_node1_80_node2_70_node3_0_node4_0,0.20749519654252382
Test_W_2Layers_input_size_95_node1_50_node2_50_node3_0_node4_0,0.20749526835699889
Test_W_2Layers_input_size_20_node1_90_node2_50_node3_0_node4_0,0.2074953940322704
Train_W_2Layers_input_size_80_node1_40_node2_50_node3_0_node4_0,0.2075139931332477
Test_W_2Layers_input_size_30_node1_60_node2_80_node3_0_node4_0,0.20753143276418512
Test_W_2Layers_input_size_55_node1_40_node2_80_node3_0_node4_0,0.20754091040493838
Train_W_2Layers_input_size_75_node1_80_node2_10_node3_0_node4_0,0.2075474888537547
Train_W_2Layers_input_size_40_node1_20_node2_30_node3_0_node4_0,0.20755297223087843
Test_W_2Layers_input_size_45_node1_20_node2_80_node3_0_node4_0,0.20755560168766643
Test_W_2Layers_input_size_40_node1_80_node2_40_node3_0_node4_0,0.20756090537116
Test_W_2Layers_input_size_75_node1_30_node2_70_node3_0_node4_0,0.20756130919937624
Train_W_2Layers_input_size_25_node1_80_node2_10_node3_0_node4_0,0.20756864976200814
Train_W_2Layers_input_size_65_node1_30_node2_40_node3_0_node4_0,0.2075922580512059
Test_W_2Layers_input_size_80_node1_60_node2_90_node3_0_node4_0,0.20759249133903235
Train_W_2Layers_input_size_85_node1_60_node2_20_node3_0_node4_0,0.20761178154066284
Train_W_2Layers_input_size_5_node1_20_node2_40_node3_0_node4_0,0.20762448517829138
Test_W_2Layers_input_size_25_node1_80_node2_40_node3_0_node4_0,0.20762746360231255
Test_W_2Layers_input_size_50_node1_70_node2_90_node3_0_node4_0,0.20762982298619367
Test_W_2Layers_input_size_45_node1_40_node2_40_node3_0_node4_0,0.2076324604406206
Test_W_2Layers_input_size_75_node1_80_node2_20_node3_0_node4_0,0.20765372032938206
Test_W_2Layers_input_size_90_node1_20_node2_100_node3_0_node4_0,0.20766391892118038
Train_W_2Layers_input_size_35_node1_100_node2_50_node3_0_node4_0,0.20768761503438551
Test_W_2Layers_input_size_65_node1_90_node2_40_node3_0_node4_0,0.20769602731148007
Train_W_2Layers_input_size_65_node1_60_node2_40_node3_0_node4_0,0.2076991033575818
Train_W_2Layers_input_size_85_node1_40_node2_80_node3_0_node4_0,0.20771530789788403
Test_W_2Layers_input_size_30_node1_70_node2_70_node3_0_node4_0,0.2077185181659055
Test_W_2Layers_input_size_90_node1_70_node2_30_node3_0_node4_0,0.2077232796731943
Train_W_2Layers_input_size_70_node1_20_node2_30_node3_0_node4_0,0.20773464049357837
Test_W_2Layers_input_size_25_node1_50_node2_30_node3_0_node4_0,0.20774139213115664
Test_W_2Layers_input_size_80_node1_40_node2_60_node3_0_node4_0,0.20776298155260886
Train_W_2Layers_input_size_95_node1_60_node2_70_node3_0_node4_0,0.20778511555300727
Test_W_2Layers_input_size_80_node1_60_node2_30_node3_0_node4_0,0.20778724007786745
Test_W_2Layers_input_size_85_node1_100_node2_40_node3_0_node4_0,0.20778796617631998
Test_W_2Layers_input_size_20_node1_60_node2_90_node3_0_node4_0,0.207794276851076
Train_W_1Layers_input_size_35_node1_90_node2_0_node3_0_node4_0,0.20780776706841542
Test_W_2Layers_input_size_95_node1_30_node2_40_node3_0_node4_0,0.207818298689171
Test_W_2Layers_input_size_30_node1_30_node2_10_node3_0_node4_0,0.20781840624339576
Test_W_2Layers_input_size_45_node1_70_node2_60_node3_0_node4_0,0.2078191411957752
Train_W_2Layers_input_size_30_node1_30_node2_50_node3_0_node4_0,0.2078276198486907
Test_W_2Layers_input_size_70_node1_50_node2_90_node3_0_node4_0,0.20783242366765556
Train_W_1Layers_input_size_100_node1_40_node2_0_node3_0_node4_0,0.20783394724376142
Test_W_2Layers_input_size_25_node1_20_node2_10_node3_0_node4_0,0.2078376934010464
Test_W_2Layers_input_size_35_node1_40_node2_70_node3_0_node4_0,0.2078528207369127
Test_W_2Layers_input_size_95_node1_90_node2_30_node3_0_node4_0,0.20786320670033714
Train_W_1Layers_input_size_85_node1_60_node2_0_node3_0_node4_0,0.20788232841981544
Test_W_2Layers_input_size_20_node1_10_node2_100_node3_0_node4_0,0.20788679945851044
Test_W_2Layers_input_size_40_node1_70_node2_50_node3_0_node4_0,0.20789681638653493
Train_W_2Layers_input_size_90_node1_10_node2_40_node3_0_node4_0,0.20791611418781253
Train_W_2Layers_input_size_95_node1_20_node2_50_node3_0_node4_0,0.20792088908690387
Test_W_2Layers_input_size_60_node1_80_node2_90_node3_0_node4_0,0.2079221074300883
Test_W_2Layers_input_size_90_node1_60_node2_70_node3_0_node4_0,0.20792246576496035
Test_W_2Layers_input_size_30_node1_40_node2_30_node3_0_node4_0,0.20794734165393877
Test_W_2Layers_input_size_35_node1_100_node2_10_node3_0_node4_0,0.2079544267515506
Test_W_1Layers_input_size_25_node1_40_node2_0_node3_0_node4_0,0.20795556428582027
Test_W_1Layers_input_size_60_node1_100_node2_0_node3_0_node4_0,0.20795597630457188
Test_W_2Layers_input_size_90_node1_40_node2_60_node3_0_node4_0,0.20796552416265013
Test_W_2Layers_input_size_10_node1_70_node2_80_node3_0_node4_0,0.20797577911294757
Test_W_2Layers_input_size_55_node1_10_node2_60_node3_0_node4_0,0.20798058846567347
Test_W_2Layers_input_size_95_node1_30_node2_90_node3_0_node4_0,0.20798299757821098
Test_W_2Layers_input_size_95_node1_40_node2_70_node3_0_node4_0,0.20798725151919742
Train_W_1Layers_input_size_60_node1_30_node2_0_node3_0_node4_0,0.20799789046859216
Train_W_2Layers_input_size_80_node1_20_node2_70_node3_0_node4_0,0.20805859729318574
Test_W_1Layers_input_size_90_node1_80_node2_0_node3_0_node4_0,0.20806158740759362
Test_W_2Layers_input_size_20_node1_80_node2_90_node3_0_node4_0,0.208067621220191
Test_W_2Layers_input_size_50_node1_80_node2_40_node3_0_node4_0,0.20809934509518915
Test_W_2Layers_input_size_85_node1_70_node2_50_node3_0_node4_0,0.20810287166068667
Test_W_2Layers_input_size_5_node1_70_node2_30_node3_0_node4_0,0.20810853731210344
Train_W_2Layers_input_size_15_node1_90_node2_50_node3_0_node4_0,0.20812272314023333
Test_W_2Layers_input_size_100_node1_70_node2_70_node3_0_node4_0,0.20812274103972112
Test_W_2Layers_input_size_95_node1_50_node2_80_node3_0_node4_0,0.20812277683869204
Train_W_2Layers_input_size_55_node1_40_node2_20_node3_0_node4_0,0.2081282898067244
Test_W_1Layers_input_size_55_node1_40_node2_0_node3_0_node4_0,0.208144067185851
Train_W_1Layers_input_size_60_node1_20_node2_0_node3_0_node4_0,0.20814900687947757
Test_W_2Layers_input_size_80_node1_50_node2_20_node3_0_node4_0,0.20815282790265002
Test_W_2Layers_input_size_15_node1_20_node2_20_node3_0_node4_0,0.20815825059264673
Test_W_2Layers_input_size_55_node1_90_node2_70_node3_0_node4_0,0.20816889869825964
Test_W_2Layers_input_size_100_node1_20_node2_20_node3_0_node4_0,0.20818007414935047
Test_W_2Layers_input_size_15_node1_80_node2_90_node3_0_node4_0,0.20818242727035716
Test_W_2Layers_input_size_45_node1_100_node2_80_node3_0_node4_0,0.20818299988893582
Test_W_2Layers_input_size_75_node1_100_node2_80_node3_0_node4_0,0.20818348303463646
Train_W_2Layers_input_size_80_node1_20_node2_80_node3_0_node4_0,0.20818577348788553
Train_W_2Layers_input_size_70_node1_40_node2_70_node3_0_node4_0,0.2081980126703362
Test_W_2Layers_input_size_30_node1_70_node2_80_node3_0_node4_0,0.20820858717404106
Test_W_2Layers_input_size_75_node1_60_node2_20_node3_0_node4_0,0.20820872136479954
Test_W_2Layers_input_size_95_node1_20_node2_80_node3_0_node4_0,0.20822143331049964
Test_W_2Layers_input_size_90_node1_10_node2_60_node3_0_node4_0,0.20823223919595013
Train_W_2Layers_input_size_45_node1_80_node2_60_node3_0_node4_0,0.20824459192608474
Test_W_2Layers_input_size_75_node1_70_node2_60_node3_0_node4_0,0.20824875108016938
Test_W_1Layers_input_size_70_node1_10_node2_0_node3_0_node4_0,0.20824909096435856
Train_W_2Layers_input_size_90_node1_20_node2_20_node3_0_node4_0,0.2082804563096557
Test_W_2Layers_input_size_90_node1_80_node2_60_node3_0_node4_0,0.20828094817223397
Test_W_2Layers_input_size_95_node1_70_node2_70_node3_0_node4_0,0.20828540171143403
Test_W_2Layers_input_size_75_node1_70_node2_90_node3_0_node4_0,0.20830069325977726
Test_W_2Layers_input_size_20_node1_70_node2_50_node3_0_node4_0,0.20831269320923376
Train_W_2Layers_input_size_50_node1_80_node2_60_node3_0_node4_0,0.20831409703296896
Train_W_2Layers_input_size_50_node1_50_node2_50_node3_0_node4_0,0.20834420096344447
Test_W_2Layers_input_size_80_node1_70_node2_40_node3_0_node4_0,0.2083523364142282
Train_W_2Layers_input_size_35_node1_80_node2_10_node3_0_node4_0,0.20835330191916798
Train_W_1Layers_input_size_5_node1_70_node2_0_node3_0_node4_0,0.20836469990319978
Test_W_2Layers_input_size_40_node1_90_node2_50_node3_0_node4_0,0.20836561171498752
Train_W_2Layers_input_size_45_node1_60_node2_60_node3_0_node4_0,0.20839156985921403
Test_W_2Layers_input_size_65_node1_20_node2_100_node3_0_node4_0,0.2083957886460486
Train_W_2Layers_input_size_100_node1_40_node2_30_node3_0_node4_0,0.2084043957788942
Test_W_2Layers_input_size_60_node1_40_node2_80_node3_0_node4_0,0.2084116262107693
Test_W_2Layers_input_size_55_node1_10_node2_90_node3_0_node4_0,0.20841771244908788
Train_W_2Layers_input_size_40_node1_30_node2_20_node3_0_node4_0,0.2084193389907592
Test_W_2Layers_input_size_25_node1_90_node2_40_node3_0_node4_0,0.2084328334348878
Test_W_2Layers_input_size_70_node1_50_node2_70_node3_0_node4_0,0.20843530881093145
Train_W_2Layers_input_size_40_node1_80_node2_10_node3_0_node4_0,0.20843874033054163
Train_W_2Layers_input_size_10_node1_50_node2_10_node3_0_node4_0,0.20844774780074696
Train_W_2Layers_input_size_100_node1_30_node2_70_node3_0_node4_0,0.20844889157863616
Train_W_1Layers_input_size_85_node1_50_node2_0_node3_0_node4_0,0.2084829250349027
Train_W_2Layers_input_size_65_node1_30_node2_70_node3_0_node4_0,0.20848978645021937
Test_W_2Layers_input_size_30_node1_80_node2_60_node3_0_node4_0,0.2084978179502999
Train_W_2Layers_input_size_100_node1_60_node2_50_node3_0_node4_0,0.20850092683501495
Train_W_1Layers_input_size_95_node1_50_node2_0_node3_0_node4_0,0.2085311735065308
Train_W_2Layers_input_size_50_node1_50_node2_90_node3_0_node4_0,0.20853496966309437
Test_W_2Layers_input_size_5_node1_90_node2_40_node3_0_node4_0,0.20855069841312757
Train_W_2Layers_input_size_60_node1_20_node2_100_node3_0_node4_0,0.20856561328129264
Test_W_2Layers_input_size_55_node1_30_node2_10_node3_0_node4_0,0.20856654207612677
Test_W_2Layers_input_size_40_node1_40_node2_50_node3_0_node4_0,0.20856846216771827
Test_W_2Layers_input_size_30_node1_100_node2_60_node3_0_node4_0,0.20857592803028935
Test_W_2Layers_input_size_25_node1_70_node2_80_node3_0_node4_0,0.2085984222374615
Train_W_2Layers_input_size_20_node1_100_node2_10_node3_0_node4_0,0.20860362797468857
Test_W_2Layers_input_size_95_node1_10_node2_30_node3_0_node4_0,0.208607253162644
Test_W_2Layers_input_size_20_node1_70_node2_10_node3_0_node4_0,0.20860911037738866
Test_W_2Layers_input_size_5_node1_90_node2_10_node3_0_node4_0,0.20861498549591762
Test_W_2Layers_input_size_85_node1_90_node2_40_node3_0_node4_0,0.2086200747505667
Test_W_1Layers_input_size_100_node1_80_node2_0_node3_0_node4_0,0.20862536030115977
Test_W_2Layers_input_size_95_node1_10_node2_90_node3_0_node4_0,0.20862908331975957
Train_W_2Layers_input_size_50_node1_80_node2_10_node3_0_node4_0,0.20863513643120024
Test_W_2Layers_input_size_50_node1_50_node2_80_node3_0_node4_0,0.20863861822989996
Test_W_2Layers_input_size_85_node1_40_node2_90_node3_0_node4_0,0.2086467422009113
Train_W_2Layers_input_size_75_node1_80_node2_70_node3_0_node4_0,0.20865503546701386
Test_W_2Layers_input_size_45_node1_100_node2_90_node3_0_node4_0,0.20865526756659794
Train_W_2Layers_input_size_80_node1_50_node2_50_node3_0_node4_0,0.20865688332962465
Train_W_2Layers_input_size_55_node1_80_node2_40_node3_0_node4_0,0.20867599480381446
Test_W_2Layers_input_size_75_node1_10_node2_70_node3_0_node4_0,0.20868173415280866
Train_W_2Layers_input_size_5_node1_10_node2_40_node3_0_node4_0,0.20868691996070793
Train_W_2Layers_input_size_100_node1_70_node2_60_node3_0_node4_0,0.2086879553217232
Train_W_2Layers_input_size_50_node1_20_node2_100_node3_0_node4_0,0.20869552401173974
Test_W_2Layers_input_size_75_node1_10_node2_40_node3_0_node4_0,0.20869861210122578
Test_W_1Layers_input_size_35_node1_50_node2_0_node3_0_node4_0,0.20871221343130056
Train_W_2Layers_input_size_75_node1_70_node2_10_node3_0_node4_0,0.2087411534696277
Test_W_2Layers_input_size_50_node1_100_node2_90_node3_0_node4_0,0.20874930021888258
Test_W_2Layers_input_size_90_node1_100_node2_10_node3_0_node4_0,0.20879362438560217
Test_W_2Layers_input_size_90_node1_80_node2_50_node3_0_node4_0,0.20880870030887203
Train_W_2Layers_input_size_70_node1_60_node2_30_node3_0_node4_0,0.208818191337723
Test_W_2Layers_input_size_95_node1_20_node2_90_node3_0_node4_0,0.20882850253052843
Test_W_1Layers_input_size_55_node1_60_node2_0_node3_0_node4_0,0.20882863632293677
Test_W_2Layers_input_size_45_node1_70_node2_80_node3_0_node4_0,0.20883025966399532
Test_W_2Layers_input_size_40_node1_30_node2_10_node3_0_node4_0,0.2088339433526671
Test_W_2Layers_input_size_95_node1_80_node2_70_node3_0_node4_0,0.208846206981083
Test_W_2Layers_input_size_40_node1_80_node2_30_node3_0_node4_0,0.20884869529489197
Train_W_2Layers_input_size_5_node1_30_node2_100_node3_0_node4_0,0.20885071089653032
Test_W_2Layers_input_size_10_node1_40_node2_90_node3_0_node4_0,0.20885132627545527
Test_W_1Layers_input_size_20_node1_30_node2_0_node3_0_node4_0,0.2088598878810941
Train_W_2Layers_input_size_40_node1_20_node2_80_node3_0_node4_0,0.20889339962441328
Test_W_2Layers_input_size_5_node1_40_node2_20_node3_0_node4_0,0.20894323817585775
Test_W_2Layers_input_size_40_node1_20_node2_60_node3_0_node4_0,0.2089456094456943
Test_W_2Layers_input_size_65_node1_50_node2_70_node3_0_node4_0,0.20894832834979477
Test_W_2Layers_input_size_45_node1_20_node2_20_node3_0_node4_0,0.20895081544748018
Test_W_2Layers_input_size_35_node1_50_node2_20_node3_0_node4_0,0.20895210801343975
Train_W_2Layers_input_size_60_node1_80_node2_20_node3_0_node4_0,0.20895892728079007
Test_W_2Layers_input_size_90_node1_20_node2_70_node3_0_node4_0,0.20896742208294802
Test_W_2Layers_input_size_15_node1_20_node2_100_node3_0_node4_0,0.20897751199736972
Test_W_2Layers_input_size_55_node1_30_node2_100_node3_0_node4_0,0.20899196860519526
Test_W_2Layers_input_size_65_node1_40_node2_10_node3_0_node4_0,0.20899277073047712
Test_W_2Layers_input_size_100_node1_80_node2_60_node3_0_node4_0,0.20899742299640342
Test_W_2Layers_input_size_15_node1_20_node2_10_node3_0_node4_0,0.20899934804166745
Train_W_2Layers_input_size_30_node1_30_node2_20_node3_0_node4_0,0.2090013087176913
Train_W_2Layers_input_size_75_node1_100_node2_20_node3_0_node4_0,0.20900171867489853
Test_W_2Layers_input_size_50_node1_10_node2_90_node3_0_node4_0,0.20900312678265986
Test_W_2Layers_input_size_40_node1_60_node2_10_node3_0_node4_0,0.20900544390136394
Test_W_1Layers_input_size_20_node1_100_node2_0_node3_0_node4_0,0.20901573694509443
Test_W_2Layers_input_size_40_node1_30_node2_90_node3_0_node4_0,0.2090183747344459
Train_W_2Layers_input_size_100_node1_90_node2_80_node3_0_node4_0,0.2090187935695575
Test_W_2Layers_input_size_90_node1_100_node2_50_node3_0_node4_0,0.20902021047360644
Test_W_2Layers_input_size_80_node1_10_node2_40_node3_0_node4_0,0.20902385517008054
Test_W_2Layers_input_size_40_node1_80_node2_20_node3_0_node4_0,0.20903822837800323
Test_W_2Layers_input_size_35_node1_40_node2_20_node3_0_node4_0,0.20903846896265837
Test_W_2Layers_input_size_95_node1_20_node2_20_node3_0_node4_0,0.20907893670761746
Test_W_2Layers_input_size_45_node1_100_node2_50_node3_0_node4_0,0.2090791059749959
Test_W_2Layers_input_size_30_node1_10_node2_100_node3_0_node4_0,0.2090823576638223
Train_W_2Layers_input_size_30_node1_50_node2_90_node3_0_node4_0,0.20909372481421662
Test_W_2Layers_input_size_25_node1_10_node2_40_node3_0_node4_0,0.20911456892330996
Test_W_2Layers_input_size_55_node1_10_node2_40_node3_0_node4_0,0.20911548637267996
Train_W_1Layers_input_size_65_node1_10_node2_0_node3_0_node4_0,0.20911560216697456
Train_W_2Layers_input_size_60_node1_70_node2_100_node3_0_node4_0,0.2091210533335155
Test_W_2Layers_input_size_40_node1_20_node2_20_node3_0_node4_0,0.2091475144121865
Train_W_2Layers_input_size_50_node1_10_node2_10_node3_0_node4_0,0.20915303599226287
Test_W_2Layers_input_size_95_node1_70_node2_60_node3_0_node4_0,0.20915310723750483
Train_W_2Layers_input_size_75_node1_30_node2_10_node3_0_node4_0,0.20916754280403305
Test_W_1Layers_input_size_20_node1_20_node2_0_node3_0_node4_0,0.2091748537133755
Train_W_2Layers_input_size_65_node1_50_node2_20_node3_0_node4_0,0.2091788518979776
Test_W_2Layers_input_size_100_node1_90_node2_30_node3_0_node4_0,0.20918026771785503
Train_W_2Layers_input_size_85_node1_40_node2_20_node3_0_node4_0,0.2091806060884824
Test_W_2Layers_input_size_80_node1_60_node2_40_node3_0_node4_0,0.20918633159268976
Test_W_2Layers_input_size_90_node1_30_node2_60_node3_0_node4_0,0.20919700750315387
Test_W_2Layers_input_size_60_node1_20_node2_40_node3_0_node4_0,0.20920312431393
Test_W_2Layers_input_size_45_node1_30_node2_30_node3_0_node4_0,0.20921408426553664
Test_W_2Layers_input_size_90_node1_90_node2_60_node3_0_node4_0,0.20922987769450263
Test_W_2Layers_input_size_80_node1_70_node2_70_node3_0_node4_0,0.20923123975513838
Train_W_1Layers_input_size_55_node1_10_node2_0_node3_0_node4_0,0.20923306472444403
Test_W_2Layers_input_size_45_node1_60_node2_90_node3_0_node4_0,0.2092408006370955
Test_W_2Layers_input_size_55_node1_20_node2_90_node3_0_node4_0,0.20924930179928386
Test_W_2Layers_input_size_95_node1_60_node2_20_node3_0_node4_0,0.2092757288611938
Test_W_1Layers_input_size_15_node1_90_node2_0_node3_0_node4_0,0.20928974657781013
Test_W_1Layers_input_size_70_node1_30_node2_0_node3_0_node4_0,0.20929451683740777
Test_W_2Layers_input_size_80_node1_30_node2_70_node3_0_node4_0,0.2092983703445949
Test_W_2Layers_input_size_75_node1_20_node2_90_node3_0_node4_0,0.2092988331166677
Test_W_2Layers_input_size_100_node1_50_node2_80_node3_0_node4_0,0.20931247553365342
Train_W_2Layers_input_size_30_node1_70_node2_40_node3_0_node4_0,0.20932356323581477
Train_W_2Layers_input_size_30_node1_20_node2_40_node3_0_node4_0,0.209330806409475
Test_W_2Layers_input_size_100_node1_80_node2_10_node3_0_node4_0,0.20935394017504685
Train_W_2Layers_input_size_60_node1_30_node2_50_node3_0_node4_0,0.20939270129746043
Train_W_2Layers_input_size_10_node1_90_node2_90_node3_0_node4_0,0.20939276356569628
Train_W_2Layers_input_size_10_node1_50_node2_70_node3_0_node4_0,0.20939288810211237
Test_W_2Layers_input_size_55_node1_60_node2_40_node3_0_node4_0,0.20939816304086994
Test_W_2Layers_input_size_85_node1_100_node2_50_node3_0_node4_0,0.20940572385119857
Train_W_2Layers_input_size_75_node1_20_node2_20_node3_0_node4_0,0.20940912167940168
Test_W_2Layers_input_size_80_node1_20_node2_70_node3_0_node4_0,0.20942209874099701
Test_W_2Layers_input_size_65_node1_10_node2_40_node3_0_node4_0,0.20942544293909499
Test_W_2Layers_input_size_50_node1_70_node2_100_node3_0_node4_0,0.20943808103530323
Train_W_1Layers_input_size_100_node1_70_node2_0_node3_0_node4_0,0.2094430079963893
Test_W_2Layers_input_size_45_node1_20_node2_70_node3_0_node4_0,0.20944540918090368
Train_W_2Layers_input_size_90_node1_100_node2_90_node3_0_node4_0,0.2094547646446606
Train_W_2Layers_input_size_90_node1_70_node2_100_node3_0_node4_0,0.20947896952329742
Train_W_2Layers_input_size_45_node1_20_node2_50_node3_0_node4_0,0.2094816903964972
Test_W_2Layers_input_size_75_node1_50_node2_90_node3_0_node4_0,0.20948213498026227
Test_W_2Layers_input_size_60_node1_40_node2_100_node3_0_node4_0,0.209484900270095
Train_W_2Layers_input_size_10_node1_70_node2_80_node3_0_node4_0,0.2094952675591018
Train_W_2Layers_input_size_55_node1_10_node2_20_node3_0_node4_0,0.20950716352449383
Train_W_2Layers_input_size_80_node1_20_node2_10_node3_0_node4_0,0.2095362960071287
Test_W_2Layers_input_size_55_node1_50_node2_60_node3_0_node4_0,0.20953810054096997
Test_W_1Layers_input_size_55_node1_100_node2_0_node3_0_node4_0,0.2095478251996526
Test_W_1Layers_input_size_50_node1_60_node2_0_node3_0_node4_0,0.20954804742149621
Test_W_2Layers_input_size_90_node1_90_node2_20_node3_0_node4_0,0.20954856297526578
Train_W_2Layers_input_size_100_node1_100_node2_20_node3_0_node4_0,0.2095683575029723
Test_W_2Layers_input_size_60_node1_60_node2_80_node3_0_node4_0,0.2095756277670611
Test_W_2Layers_input_size_60_node1_70_node2_30_node3_0_node4_0,0.20958633717102695
Train_W_2Layers_input_size_50_node1_10_node2_70_node3_0_node4_0,0.20960410202110555
Test_W_1Layers_input_size_45_node1_20_node2_0_node3_0_node4_0,0.20964932050069443
Test_W_2Layers_input_size_30_node1_80_node2_100_node3_0_node4_0,0.20965152386376043
Test_W_2Layers_input_size_30_node1_20_node2_80_node3_0_node4_0,0.20965724539197095
Test_W_2Layers_input_size_75_node1_90_node2_40_node3_0_node4_0,0.20967737611188633
Test_W_2Layers_input_size_100_node1_20_node2_40_node3_0_node4_0,0.20968919068293052
Test_W_2Layers_input_size_85_node1_10_node2_30_node3_0_node4_0,0.2097057921394405
Train_W_2Layers_input_size_50_node1_60_node2_80_node3_0_node4_0,0.20970652935930484
Test_W_2Layers_input_size_15_node1_30_node2_10_node3_0_node4_0,0.20971451426141993
Test_W_2Layers_input_size_75_node1_20_node2_70_node3_0_node4_0,0.2097166014771445
Test_W_1Layers_input_size_10_node1_50_node2_0_node3_0_node4_0,0.2097302256005111
Test_W_2Layers_input_size_30_node1_50_node2_20_node3_0_node4_0,0.20973108707008659
Test_W_2Layers_input_size_35_node1_70_node2_40_node3_0_node4_0,0.20974231249449285
Train_W_2Layers_input_size_5_node1_20_node2_100_node3_0_node4_0,0.20974446159741553
Test_W_2Layers_input_size_75_node1_40_node2_50_node3_0_node4_0,0.20977267319188153
Test_W_2Layers_input_size_65_node1_90_node2_60_node3_0_node4_0,0.20977778763558322
Train_W_2Layers_input_size_15_node1_30_node2_50_node3_0_node4_0,0.20978311504851604
Test_W_1Layers_input_size_15_node1_60_node2_0_node3_0_node4_0,0.20978447351716614
Test_W_2Layers_input_size_100_node1_90_node2_90_node3_0_node4_0,0.20982431801803642
Train_W_2Layers_input_size_45_node1_10_node2_70_node3_0_node4_0,0.20982740724880997
Test_W_2Layers_input_size_65_node1_90_node2_20_node3_0_node4_0,0.20982843698229411
Test_W_2Layers_input_size_20_node1_10_node2_40_node3_0_node4_0,0.2098336299577767
Test_W_2Layers_input_size_65_node1_20_node2_10_node3_0_node4_0,0.20985329996108845
Test_W_2Layers_input_size_90_node1_100_node2_60_node3_0_node4_0,0.20985607811169535
Train_W_2Layers_input_size_20_node1_20_node2_80_node3_0_node4_0,0.20986362242460144
Train_W_2Layers_input_size_60_node1_40_node2_10_node3_0_node4_0,0.209883777723395
Test_W_2Layers_input_size_20_node1_100_node2_80_node3_0_node4_0,0.2098869725732184
Train_W_2Layers_input_size_25_node1_70_node2_30_node3_0_node4_0,0.20990175699500033
Train_W_2Layers_input_size_40_node1_100_node2_100_node3_0_node4_0,0.20990890035507886
Train_W_2Layers_input_size_85_node1_90_node2_20_node3_0_node4_0,0.20994092269246978
Test_W_2Layers_input_size_35_node1_60_node2_60_node3_0_node4_0,0.20995112551450829
Test_W_2Layers_input_size_90_node1_50_node2_10_node3_0_node4_0,0.2099595624302038
Test_W_2Layers_input_size_5_node1_100_node2_70_node3_0_node4_0,0.20996537314764102
Train_W_2Layers_input_size_40_node1_40_node2_20_node3_0_node4_0,0.20997943353136087
Test_W_2Layers_input_size_40_node1_50_node2_80_node3_0_node4_0,0.20998247612770826
Test_W_1Layers_input_size_40_node1_50_node2_0_node3_0_node4_0,0.2099880467146428
Test_W_2Layers_input_size_10_node1_10_node2_60_node3_0_node4_0,0.21001069122585875
Train_W_2Layers_input_size_55_node1_30_node2_40_node3_0_node4_0,0.21004720290763632
Test_W_2Layers_input_size_65_node1_20_node2_80_node3_0_node4_0,0.21005028886041935
Test_W_2Layers_input_size_90_node1_10_node2_90_node3_0_node4_0,0.21005641629319932
Test_W_2Layers_input_size_60_node1_70_node2_90_node3_0_node4_0,0.21006650710263522
Train_W_2Layers_input_size_80_node1_20_node2_20_node3_0_node4_0,0.2100672962579803
Test_W_2Layers_input_size_15_node1_30_node2_50_node3_0_node4_0,0.21007175625999366
Test_W_2Layers_input_size_100_node1_80_node2_20_node3_0_node4_0,0.21008437320813012
Test_W_2Layers_input_size_5_node1_90_node2_90_node3_0_node4_0,0.21009700712986895
Train_W_2Layers_input_size_30_node1_40_node2_90_node3_0_node4_0,0.2100999505028673
Test_W_2Layers_input_size_55_node1_20_node2_60_node3_0_node4_0,0.210107743149746
Test_W_2Layers_input_size_70_node1_60_node2_50_node3_0_node4_0,0.21010972894301325
Test_W_2Layers_input_size_15_node1_40_node2_80_node3_0_node4_0,0.21011463128978322
Train_W_2Layers_input_size_35_node1_90_node2_50_node3_0_node4_0,0.21011495042593303
Test_W_2Layers_input_size_70_node1_30_node2_60_node3_0_node4_0,0.2101169006918719
Train_W_2Layers_input_size_70_node1_90_node2_90_node3_0_node4_0,0.21012944401518385
Test_W_2Layers_input_size_20_node1_40_node2_20_node3_0_node4_0,0.21013220965074203
Train_W_2Layers_input_size_90_node1_10_node2_80_node3_0_node4_0,0.2101840940273802
Train_W_2Layers_input_size_10_node1_40_node2_90_node3_0_node4_0,0.21019033276171556
Test_W_2Layers_input_size_55_node1_80_node2_20_node3_0_node4_0,0.21021631368101718
Test_W_2Layers_input_size_15_node1_40_node2_100_node3_0_node4_0,0.2102778770577633
Test_W_2Layers_input_size_65_node1_100_node2_70_node3_0_node4_0,0.210278948875169
Train_W_2Layers_input_size_15_node1_10_node2_10_node3_0_node4_0,0.21030481256432873
Test_W_1Layers_input_size_30_node1_40_node2_0_node3_0_node4_0,0.21030587538762024
Train_W_2Layers_input_size_90_node1_40_node2_30_node3_0_node4_0,0.21031011777041592
Test_W_1Layers_input_size_15_node1_10_node2_0_node3_0_node4_0,0.21032189679798718
Train_W_1Layers_input_size_55_node1_90_node2_0_node3_0_node4_0,0.21032561635385388
Train_W_2Layers_input_size_30_node1_90_node2_10_node3_0_node4_0,0.2103354374364185
Test_W_2Layers_input_size_55_node1_40_node2_50_node3_0_node4_0,0.21033752734612043
Train_W_2Layers_input_size_65_node1_100_node2_30_node3_0_node4_0,0.2103452314948918
Train_W_2Layers_input_size_55_node1_70_node2_10_node3_0_node4_0,0.21034881781272385
Test_W_2Layers_input_size_70_node1_20_node2_10_node3_0_node4_0,0.21035387397424113
Test_W_2Layers_input_size_45_node1_20_node2_30_node3_0_node4_0,0.21035792058688285
Train_W_2Layers_input_size_40_node1_70_node2_80_node3_0_node4_0,0.21037563798958409
Test_W_2Layers_input_size_70_node1_20_node2_60_node3_0_node4_0,0.21038882988901583
Train_W_2Layers_input_size_55_node1_20_node2_100_node3_0_node4_0,0.21041139585830426
Test_W_2Layers_input_size_45_node1_10_node2_20_node3_0_node4_0,0.2104264620981116
Train_W_2Layers_input_size_25_node1_100_node2_20_node3_0_node4_0,0.2104468378697933
Test_W_2Layers_input_size_65_node1_40_node2_40_node3_0_node4_0,0.21045072338159376
Train_W_2Layers_input_size_20_node1_70_node2_40_node3_0_node4_0,0.21046146790863743
Test_W_2Layers_input_size_25_node1_10_node2_50_node3_0_node4_0,0.21046314945713213
Test_W_2Layers_input_size_80_node1_100_node2_40_node3_0_node4_0,0.21047899960409275
Train_W_1Layers_input_size_50_node1_10_node2_0_node3_0_node4_0,0.21050167093893657
Train_W_2Layers_input_size_15_node1_40_node2_100_node3_0_node4_0,0.2105054581057985
Train_W_2Layers_input_size_75_node1_40_node2_100_node3_0_node4_0,0.21051209433202625
Train_W_2Layers_input_size_30_node1_40_node2_40_node3_0_node4_0,0.21051926122138487
Test_W_2Layers_input_size_5_node1_20_node2_90_node3_0_node4_0,0.21052304807180952
Train_W_2Layers_input_size_45_node1_10_node2_30_node3_0_node4_0,0.2105408488952344
Test_W_2Layers_input_size_45_node1_20_node2_40_node3_0_node4_0,0.21054962489043288
Test_W_2Layers_input_size_60_node1_60_node2_90_node3_0_node4_0,0.21058162055723556
Train_W_2Layers_input_size_55_node1_20_node2_80_node3_0_node4_0,0.21059318096968768
Test_W_2Layers_input_size_100_node1_60_node2_100_node3_0_node4_0,0.2105944369211922
Test_W_2Layers_input_size_15_node1_10_node2_100_node3_0_node4_0,0.21061661826698896
Test_W_2Layers_input_size_65_node1_30_node2_60_node3_0_node4_0,0.21061790945360304
Train_W_1Layers_input_size_20_node1_60_node2_0_node3_0_node4_0,0.21062859239259676
Train_W_2Layers_input_size_10_node1_30_node2_40_node3_0_node4_0,0.21063526011133965
Test_W_2Layers_input_size_20_node1_70_node2_40_node3_0_node4_0,0.21064862144294388
Test_W_2Layers_input_size_95_node1_90_node2_50_node3_0_node4_0,0.21065180469276812
Test_W_2Layers_input_size_5_node1_70_node2_80_node3_0_node4_0,0.21067639367674812
Test_W_2Layers_input_size_70_node1_40_node2_100_node3_0_node4_0,0.21070736234065401
Train_W_1Layers_input_size_45_node1_10_node2_0_node3_0_node4_0,0.21071806726312556
Test_W_2Layers_input_size_80_node1_80_node2_10_node3_0_node4_0,0.2107216649143096
Train_W_2Layers_input_size_90_node1_60_node2_90_node3_0_node4_0,0.2107377519397077
Train_W_2Layers_input_size_100_node1_20_node2_60_node3_0_node4_0,0.2107455740330409
Test_W_2Layers_input_size_90_node1_60_node2_80_node3_0_node4_0,0.21074950706632442
Test_W_2Layers_input_size_5_node1_60_node2_30_node3_0_node4_0,0.21075245900263753
Test_W_2Layers_input_size_5_node1_20_node2_70_node3_0_node4_0,0.21077368697955473
Train_W_2Layers_input_size_100_node1_100_node2_100_node3_0_node4_0,0.21079097179618275
Train_W_2Layers_input_size_70_node1_10_node2_80_node3_0_node4_0,0.21080715072623982
Test_W_2Layers_input_size_90_node1_100_node2_40_node3_0_node4_0,0.2108276398993209
Test_W_2Layers_input_size_45_node1_60_node2_60_node3_0_node4_0,0.21083778214252863
Test_W_2Layers_input_size_15_node1_10_node2_50_node3_0_node4_0,0.21084719066885435
Train_W_2Layers_input_size_15_node1_30_node2_100_node3_0_node4_0,0.21084726134164183
Test_W_2Layers_input_size_90_node1_70_node2_10_node3_0_node4_0,0.21085279141381422
Test_W_1Layers_input_size_100_node1_60_node2_0_node3_0_node4_0,0.21086994608231174
Test_W_2Layers_input_size_50_node1_90_node2_60_node3_0_node4_0,0.21086997258174991
Train_W_2Layers_input_size_80_node1_50_node2_10_node3_0_node4_0,0.21088134936625472
Test_W_2Layers_input_size_70_node1_30_node2_40_node3_0_node4_0,0.21089949971988012
Train_W_2Layers_input_size_100_node1_10_node2_90_node3_0_node4_0,0.21090943538325044
Test_W_2Layers_input_size_70_node1_90_node2_30_node3_0_node4_0,0.21092028900856905
Test_W_2Layers_input_size_55_node1_20_node2_40_node3_0_node4_0,0.2109332260829136
Train_W_1Layers_input_size_100_node1_30_node2_0_node3_0_node4_0,0.21094089964493587
Test_W_2Layers_input_size_85_node1_10_node2_20_node3_0_node4_0,0.21094114688970303
Test_W_2Layers_input_size_35_node1_100_node2_50_node3_0_node4_0,0.21095750855104994
Test_W_2Layers_input_size_55_node1_20_node2_80_node3_0_node4_0,0.210968589257716
Test_W_2Layers_input_size_10_node1_100_node2_90_node3_0_node4_0,0.21097145866855518
Test_W_2Layers_input_size_85_node1_10_node2_10_node3_0_node4_0,0.21097656170895002
Train_W_2Layers_input_size_75_node1_40_node2_20_node3_0_node4_0,0.2110132681790209
Train_W_2Layers_input_size_40_node1_30_node2_70_node3_0_node4_0,0.2110154484730801
Test_W_2Layers_input_size_20_node1_100_node2_10_node3_0_node4_0,0.2110298625629854
Train_W_1Layers_input_size_85_node1_80_node2_0_node3_0_node4_0,0.2110560843255395
Test_W_2Layers_input_size_90_node1_60_node2_100_node3_0_node4_0,0.21106336511892695
Test_W_2Layers_input_size_10_node1_40_node2_10_node3_0_node4_0,0.21107890546319655
Test_W_1Layers_input_size_50_node1_70_node2_0_node3_0_node4_0,0.2110852412888579
Test_W_2Layers_input_size_50_node1_60_node2_60_node3_0_node4_0,0.21108883268218342
Test_W_2Layers_input_size_15_node1_30_node2_70_node3_0_node4_0,0.21109284755816013
Test_W_2Layers_input_size_55_node1_50_node2_100_node3_0_node4_0,0.21109612116974902
Test_W_2Layers_input_size_15_node1_50_node2_90_node3_0_node4_0,0.21110489172795127
Train_W_2Layers_input_size_30_node1_100_node2_10_node3_0_node4_0,0.21112163771735126
Train_W_1Layers_input_size_90_node1_100_node2_0_node3_0_node4_0,0.21112866040292608
Test_W_2Layers_input_size_95_node1_20_node2_40_node3_0_node4_0,0.21113737667771892
Train_W_2Layers_input_size_100_node1_50_node2_40_node3_0_node4_0,0.21114006735787974
Test_W_2Layers_input_size_55_node1_80_node2_70_node3_0_node4_0,0.21114065842073146
Train_W_1Layers_input_size_75_node1_20_node2_0_node3_0_node4_0,0.21114364899695937
Test_W_2Layers_input_size_25_node1_80_node2_60_node3_0_node4_0,0.2111470453227231
Train_W_2Layers_input_size_15_node1_90_node2_100_node3_0_node4_0,0.2111492330568835
Test_W_2Layers_input_size_80_node1_90_node2_80_node3_0_node4_0,0.21114972705823423
Train_W_1Layers_input_size_55_node1_80_node2_0_node3_0_node4_0,0.21115531095742238
Test_W_2Layers_input_size_10_node1_100_node2_60_node3_0_node4_0,0.21122224450469407
Train_W_2Layers_input_size_15_node1_80_node2_60_node3_0_node4_0,0.21122787939592985
Test_W_1Layers_input_size_95_node1_30_node2_0_node3_0_node4_0,0.21123391976185057
Test_W_2Layers_input_size_55_node1_80_node2_100_node3_0_node4_0,0.211240533103095
Train_W_2Layers_input_size_35_node1_10_node2_80_node3_0_node4_0,0.21127624156868313
Test_W_2Layers_input_size_90_node1_20_node2_10_node3_0_node4_0,0.21128587741182506
Train_W_2Layers_input_size_100_node1_80_node2_80_node3_0_node4_0,0.21129428747751203
Train_W_2Layers_input_size_40_node1_10_node2_50_node3_0_node4_0,0.21129841304773014
Test_W_2Layers_input_size_25_node1_70_node2_30_node3_0_node4_0,0.21130723691364178
Test_W_2Layers_input_size_50_node1_50_node2_50_node3_0_node4_0,0.2113123494745422
Train_W_2Layers_input_size_50_node1_60_node2_10_node3_0_node4_0,0.21131609566908977
Test_W_2Layers_input_size_45_node1_20_node2_50_node3_0_node4_0,0.21133558362395527
Train_W_2Layers_input_size_70_node1_80_node2_70_node3_0_node4_0,0.21134739363114402
Test_W_2Layers_input_size_95_node1_10_node2_80_node3_0_node4_0,0.2113530428116876
Train_W_2Layers_input_size_35_node1_40_node2_10_node3_0_node4_0,0.21136006662122087
Train_W_2Layers_input_size_55_node1_80_node2_80_node3_0_node4_0,0.21140640733858218
Test_W_2Layers_input_size_70_node1_60_node2_30_node3_0_node4_0,0.211412354498875
Test_W_2Layers_input_size_40_node1_30_node2_50_node3_0_node4_0,0.21141288312724915
Test_W_2Layers_input_size_5_node1_60_node2_70_node3_0_node4_0,0.21142392234777946
Train_W_2Layers_input_size_25_node1_80_node2_50_node3_0_node4_0,0.21144360297593928
Train_W_1Layers_input_size_80_node1_90_node2_0_node3_0_node4_0,0.21146386312354434
Test_W_2Layers_input_size_95_node1_30_node2_100_node3_0_node4_0,0.21146491131315054
Test_W_2Layers_input_size_55_node1_60_node2_70_node3_0_node4_0,0.21147960303749497
Test_W_2Layers_input_size_10_node1_60_node2_60_node3_0_node4_0,0.21150049382799183
Test_W_2Layers_input_size_90_node1_10_node2_30_node3_0_node4_0,0.21152650755171576
Train_W_2Layers_input_size_40_node1_10_node2_40_node3_0_node4_0,0.21154506040956125
Train_W_1Layers_input_size_30_node1_80_node2_0_node3_0_node4_0,0.21154912826055988
Test_W_2Layers_input_size_60_node1_50_node2_60_node3_0_node4_0,0.21155762471000855
Test_W_2Layers_input_size_90_node1_30_node2_80_node3_0_node4_0,0.21162017096796656
Train_W_2Layers_input_size_70_node1_100_node2_10_node3_0_node4_0,0.2116210863564934
Test_W_2Layers_input_size_95_node1_100_node2_60_node3_0_node4_0,0.21166073472303976
Train_W_2Layers_input_size_85_node1_80_node2_40_node3_0_node4_0,0.2116734329513217
Test_W_2Layers_input_size_80_node1_50_node2_50_node3_0_node4_0,0.2116735209474739
Train_W_2Layers_input_size_100_node1_50_node2_60_node3_0_node4_0,0.21167659199026906
Train_W_2Layers_input_size_30_node1_10_node2_70_node3_0_node4_0,0.211681079680417
Test_W_2Layers_input_size_15_node1_80_node2_60_node3_0_node4_0,0.21170882205278577
Test_W_1Layers_input_size_75_node1_30_node2_0_node3_0_node4_0,0.2117163531319052
Test_W_2Layers_input_size_35_node1_70_node2_20_node3_0_node4_0,0.21171920361065572
Test_W_2Layers_input_size_40_node1_100_node2_70_node3_0_node4_0,0.21173328828339233
Train_W_2Layers_input_size_100_node1_10_node2_20_node3_0_node4_0,0.21173897994965696
Test_W_2Layers_input_size_85_node1_80_node2_20_node3_0_node4_0,0.21176976683692564
Test_W_2Layers_input_size_75_node1_80_node2_30_node3_0_node4_0,0.2117701098655981
Test_W_2Layers_input_size_20_node1_30_node2_60_node3_0_node4_0,0.21178512342236638
Test_W_2Layers_input_size_30_node1_40_node2_40_node3_0_node4_0,0.21179200098219092
Test_W_2Layers_input_size_20_node1_30_node2_20_node3_0_node4_0,0.21180843762137566
Test_W_2Layers_input_size_50_node1_30_node2_40_node3_0_node4_0,0.2118249257451016
Test_W_2Layers_input_size_45_node1_20_node2_10_node3_0_node4_0,0.2118296828798298
Test_W_2Layers_input_size_50_node1_70_node2_30_node3_0_node4_0,0.21183275165866924
Test_W_2Layers_input_size_75_node1_90_node2_100_node3_0_node4_0,0.21184726840241813
Test_W_2Layers_input_size_80_node1_20_node2_10_node3_0_node4_0,0.2118501171196818
Test_W_2Layers_input_size_10_node1_50_node2_60_node3_0_node4_0,0.21185546275733452
Train_W_2Layers_input_size_65_node1_20_node2_50_node3_0_node4_0,0.21186455354847109
Test_W_2Layers_input_size_50_node1_30_node2_60_node3_0_node4_0,0.21187873405215632
Train_W_1Layers_input_size_35_node1_10_node2_0_node3_0_node4_0,0.21190337404640583
Train_W_2Layers_input_size_25_node1_30_node2_80_node3_0_node4_0,0.2119739377566434
Train_W_1Layers_input_size_95_node1_20_node2_0_node3_0_node4_0,0.21197751409337925
Train_W_2Layers_input_size_100_node1_100_node2_50_node3_0_node4_0,0.21198148577746997
Test_W_2Layers_input_size_100_node1_70_node2_60_node3_0_node4_0,0.21198656450401807
Test_W_2Layers_input_size_65_node1_10_node2_20_node3_0_node4_0,0.21202143572622748
Test_W_2Layers_input_size_50_node1_20_node2_70_node3_0_node4_0,0.21206289769221667
Train_W_2Layers_input_size_100_node1_20_node2_90_node3_0_node4_0,0.2120678866365888
Test_W_1Layers_input_size_45_node1_40_node2_0_node3_0_node4_0,0.2120725592738199
Test_W_2Layers_input_size_65_node1_20_node2_30_node3_0_node4_0,0.21207456180111728
Train_W_2Layers_input_size_40_node1_20_node2_40_node3_0_node4_0,0.21207497460044628
Test_W_2Layers_input_size_95_node1_70_node2_30_node3_0_node4_0,0.21207958560216641
Train_W_2Layers_input_size_70_node1_50_node2_80_node3_0_node4_0,0.2120873230769335
Test_W_2Layers_input_size_100_node1_30_node2_20_node3_0_node4_0,0.21209820424656917
Train_W_2Layers_input_size_90_node1_60_node2_20_node3_0_node4_0,0.21210748661106907
Train_W_2Layers_input_size_20_node1_30_node2_60_node3_0_node4_0,0.21212821019743983
Test_W_2Layers_input_size_70_node1_30_node2_20_node3_0_node4_0,0.21213343468038412
Test_W_2Layers_input_size_75_node1_70_node2_80_node3_0_node4_0,0.21215010826198882
Test_W_2Layers_input_size_15_node1_100_node2_90_node3_0_node4_0,0.21215470885108814
Train_W_1Layers_input_size_30_node1_70_node2_0_node3_0_node4_0,0.2121640677568851
Train_W_2Layers_input_size_60_node1_50_node2_90_node3_0_node4_0,0.2121646998632186
Test_W_1Layers_input_size_70_node1_20_node2_0_node3_0_node4_0,0.2121664996001037
Test_W_2Layers_input_size_65_node1_30_node2_40_node3_0_node4_0,0.21217827213654805
Test_W_2Layers_input_size_95_node1_30_node2_30_node3_0_node4_0,0.21218535641302372
Test_W_2Layers_input_size_35_node1_70_node2_30_node3_0_node4_0,0.21219222100052418
Test_W_2Layers_input_size_60_node1_40_node2_20_node3_0_node4_0,0.21221849223618236
Test_W_2Layers_input_size_20_node1_30_node2_50_node3_0_node4_0,0.21224590108786717
Train_W_2Layers_input_size_100_node1_10_node2_30_node3_0_node4_0,0.21226481227276903
Train_W_2Layers_input_size_85_node1_20_node2_40_node3_0_node4_0,0.21226687441146821
Test_W_2Layers_input_size_40_node1_20_node2_70_node3_0_node4_0,0.21227067395924773
Test_W_2Layers_input_size_95_node1_60_node2_70_node3_0_node4_0,0.21229421559944592
Test_W_2Layers_input_size_100_node1_30_node2_30_node3_0_node4_0,0.2123090780413066
Test_W_2Layers_input_size_85_node1_10_node2_60_node3_0_node4_0,0.21230957811718396
Test_W_1Layers_input_size_75_node1_60_node2_0_node3_0_node4_0,0.21231728966447594
Test_W_1Layers_input_size_35_node1_100_node2_0_node3_0_node4_0,0.21232876434948555
Test_W_2Layers_input_size_40_node1_90_node2_20_node3_0_node4_0,0.21232953632437865
Test_W_1Layers_input_size_95_node1_70_node2_0_node3_0_node4_0,0.21233095745263803
Test_W_2Layers_input_size_75_node1_80_node2_40_node3_0_node4_0,0.2123326856019647
Test_W_2Layers_input_size_60_node1_30_node2_70_node3_0_node4_0,0.2123869002416994
Test_W_2Layers_input_size_25_node1_30_node2_40_node3_0_node4_0,0.21242736142906515
Test_W_2Layers_input_size_40_node1_80_node2_80_node3_0_node4_0,0.21243956667205413
Test_W_2Layers_input_size_95_node1_50_node2_40_node3_0_node4_0,0.21244159204324628
Test_W_2Layers_input_size_80_node1_30_node2_80_node3_0_node4_0,0.21244529202214632
Train_W_2Layers_input_size_45_node1_10_node2_40_node3_0_node4_0,0.21244643181308984
Test_W_2Layers_input_size_70_node1_20_node2_50_node3_0_node4_0,0.21245220081498384
Train_W_2Layers_input_size_15_node1_50_node2_90_node3_0_node4_0,0.21246952441411446
Test_W_2Layers_input_size_20_node1_100_node2_50_node3_0_node4_0,0.212497479409808
Test_W_2Layers_input_size_35_node1_90_node2_60_node3_0_node4_0,0.21249931138992934
Test_W_2Layers_input_size_70_node1_70_node2_30_node3_0_node4_0,0.21250389565375088
Test_W_2Layers_input_size_15_node1_20_node2_30_node3_0_node4_0,0.21251045194334206
Train_W_1Layers_input_size_10_node1_80_node2_0_node3_0_node4_0,0.21251073242180746
Train_W_2Layers_input_size_5_node1_100_node2_70_node3_0_node4_0,0.21252951487161179
Train_W_2Layers_input_size_95_node1_90_node2_10_node3_0_node4_0,0.21252954116412512
Test_W_2Layers_input_size_75_node1_100_node2_10_node3_0_node4_0,0.21254628007072626
Train_W_2Layers_input_size_45_node1_30_node2_100_node3_0_node4_0,0.21257243745002435
Train_W_1Layers_input_size_50_node1_30_node2_0_node3_0_node4_0,0.21259285286631802
Test_W_2Layers_input_size_95_node1_70_node2_40_node3_0_node4_0,0.21262926279400102
Test_W_2Layers_input_size_50_node1_100_node2_40_node3_0_node4_0,0.21264964647712176
Test_W_2Layers_input_size_80_node1_40_node2_50_node3_0_node4_0,0.21265055743410574
Train_W_2Layers_input_size_90_node1_50_node2_60_node3_0_node4_0,0.212661725099197
Test_W_2Layers_input_size_100_node1_70_node2_80_node3_0_node4_0,0.21268298145766343
Test_W_2Layers_input_size_85_node1_80_node2_30_node3_0_node4_0,0.21271272102903105
Test_W_2Layers_input_size_30_node1_30_node2_50_node3_0_node4_0,0.21271378057780013
Test_W_2Layers_input_size_20_node1_10_node2_60_node3_0_node4_0,0.21273145937734056
Train_W_2Layers_input_size_40_node1_10_node2_80_node3_0_node4_0,0.21273716811617027
Train_W_2Layers_input_size_45_node1_30_node2_20_node3_0_node4_0,0.2127434808223107
Test_W_2Layers_input_size_25_node1_60_node2_10_node3_0_node4_0,0.21276808195340663
Test_W_2Layers_input_size_100_node1_30_node2_70_node3_0_node4_0,0.21276880856278332
Test_W_2Layers_input_size_50_node1_60_node2_80_node3_0_node4_0,0.21277457757808618
Train_W_1Layers_input_size_90_node1_30_node2_0_node3_0_node4_0,0.2127834277664141
Train_W_2Layers_input_size_100_node1_70_node2_20_node3_0_node4_0,0.21279463222460945
Test_W_2Layers_input_size_35_node1_40_node2_10_node3_0_node4_0,0.21280835688194857
Train_W_1Layers_input_size_80_node1_30_node2_0_node3_0_node4_0,0.21288947883787382
Test_W_2Layers_input_size_75_node1_80_node2_70_node3_0_node4_0,0.21290890151500033
Test_W_2Layers_input_size_40_node1_40_node2_80_node3_0_node4_0,0.21292553186779054
Train_W_2Layers_input_size_100_node1_60_node2_70_node3_0_node4_0,0.21292562809435311
Test_W_1Layers_input_size_30_node1_90_node2_0_node3_0_node4_0,0.21294166233147485
Test_W_2Layers_input_size_85_node1_20_node2_100_node3_0_node4_0,0.21295752917681324
Test_W_2Layers_input_size_30_node1_20_node2_40_node3_0_node4_0,0.2129592172556071
Train_W_2Layers_input_size_25_node1_100_node2_70_node3_0_node4_0,0.21295931346694877
Test_W_2Layers_input_size_95_node1_60_node2_40_node3_0_node4_0,0.21296066042116818
Test_W_2Layers_input_size_25_node1_30_node2_80_node3_0_node4_0,0.2129706748461202
Test_W_2Layers_input_size_75_node1_10_node2_50_node3_0_node4_0,0.2129729575443318
Train_W_2Layers_input_size_25_node1_60_node2_10_node3_0_node4_0,0.21297408576544766
Train_W_2Layers_input_size_90_node1_10_node2_50_node3_0_node4_0,0.21297449682126796
Test_W_2Layers_input_size_75_node1_70_node2_70_node3_0_node4_0,0.2129808899490291
Test_W_2Layers_input_size_90_node1_50_node2_30_node3_0_node4_0,0.2129899589406035
Test_W_2Layers_input_size_55_node1_100_node2_100_node3_0_node4_0,0.2130121444214089
Test_W_2Layers_input_size_60_node1_70_node2_100_node3_0_node4_0,0.21302328438658388
Test_W_2Layers_input_size_60_node1_70_node2_80_node3_0_node4_0,0.21302701798082993
Train_W_1Layers_input_size_45_node1_50_node2_0_node3_0_node4_0,0.2130418467863791
Train_W_1Layers_input_size_70_node1_50_node2_0_node3_0_node4_0,0.2130475646939111
Test_W_2Layers_input_size_60_node1_50_node2_10_node3_0_node4_0,0.21306194621411678
Test_W_2Layers_input_size_90_node1_90_node2_30_node3_0_node4_0,0.21308802281101466
Test_W_1Layers_input_size_90_node1_50_node2_0_node3_0_node4_0,0.21308955251562603
Train_W_2Layers_input_size_65_node1_10_node2_10_node3_0_node4_0,0.21310705155505122
Train_W_2Layers_input_size_80_node1_10_node2_90_node3_0_node4_0,0.213123841240605
Test_W_1Layers_input_size_35_node1_40_node2_0_node3_0_node4_0,0.21313078921389533
Test_W_2Layers_input_size_65_node1_10_node2_100_node3_0_node4_0,0.21313439857477523
Train_W_1Layers_input_size_40_node1_90_node2_0_node3_0_node4_0,0.21314805766079042
Test_W_2Layers_input_size_90_node1_40_node2_80_node3_0_node4_0,0.21316689754849633
Train_W_2Layers_input_size_75_node1_40_node2_70_node3_0_node4_0,0.21318848796963363
Test_W_2Layers_input_size_35_node1_10_node2_10_node3_0_node4_0,0.21319496204856667
Train_W_2Layers_input_size_90_node1_50_node2_40_node3_0_node4_0,0.21319721613517092
Test_W_2Layers_input_size_30_node1_10_node2_50_node3_0_node4_0,0.21320161066184964
Test_W_2Layers_input_size_75_node1_60_node2_50_node3_0_node4_0,0.21320445875601246
Test_W_2Layers_input_size_35_node1_80_node2_10_node3_0_node4_0,0.21320872208966937
Test_W_2Layers_input_size_60_node1_30_node2_50_node3_0_node4_0,0.21321424332951702
Test_W_2Layers_input_size_70_node1_60_node2_20_node3_0_node4_0,0.21321779886240727
Test_W_2Layers_input_size_60_node1_10_node2_10_node3_0_node4_0,0.21322487480796354
Test_W_2Layers_input_size_30_node1_10_node2_60_node3_0_node4_0,0.21323142640003975
Train_W_2Layers_input_size_15_node1_100_node2_90_node3_0_node4_0,0.21323286772328232
Train_W_2Layers_input_size_75_node1_50_node2_50_node3_0_node4_0,0.21324182991463245
Train_W_2Layers_input_size_35_node1_20_node2_50_node3_0_node4_0,0.21324759486788594
Test_W_2Layers_input_size_65_node1_20_node2_20_node3_0_node4_0,0.2132678670492129
Test_W_2Layers_input_size_90_node1_10_node2_20_node3_0_node4_0,0.21327010289779755
Test_W_2Layers_input_size_80_node1_70_node2_100_node3_0_node4_0,0.21329110650283795
Test_W_2Layers_input_size_85_node1_20_node2_80_node3_0_node4_0,0.21329303646007977
Test_W_1Layers_input_size_25_node1_80_node2_0_node3_0_node4_0,0.21331779250769745
Test_W_2Layers_input_size_95_node1_50_node2_30_node3_0_node4_0,0.21332164319022737
Test_W_2Layers_input_size_55_node1_100_node2_70_node3_0_node4_0,0.21333107313961794
Test_W_2Layers_input_size_40_node1_30_node2_70_node3_0_node4_0,0.21334168133445852
Test_W_2Layers_input_size_45_node1_10_node2_10_node3_0_node4_0,0.21335860969855977
Test_W_2Layers_input_size_50_node1_10_node2_10_node3_0_node4_0,0.21337670645900192
Test_W_2Layers_input_size_40_node1_50_node2_20_node3_0_node4_0,0.2133842048598196
Train_W_2Layers_input_size_85_node1_70_node2_20_node3_0_node4_0,0.21338438817016048
Test_W_2Layers_input_size_55_node1_20_node2_20_node3_0_node4_0,0.21340770221606556
Test_W_2Layers_input_size_85_node1_90_node2_20_node3_0_node4_0,0.21341102759872702
Test_W_2Layers_input_size_40_node1_10_node2_20_node3_0_node4_0,0.21344866801599371
Test_W_2Layers_input_size_5_node1_10_node2_50_node3_0_node4_0,0.21346454080445024
Test_W_2Layers_input_size_70_node1_40_node2_40_node3_0_node4_0,0.2134711722961244
Train_W_2Layers_input_size_95_node1_50_node2_90_node3_0_node4_0,0.21347721026462793
Test_W_2Layers_input_size_50_node1_30_node2_50_node3_0_node4_0,0.21348177352925063
Test_W_2Layers_input_size_75_node1_100_node2_30_node3_0_node4_0,0.21349193800326974
Test_W_2Layers_input_size_80_node1_10_node2_10_node3_0_node4_0,0.21349199907589994
Test_W_2Layers_input_size_95_node1_30_node2_80_node3_0_node4_0,0.21349212122110792
Test_W_2Layers_input_size_80_node1_70_node2_90_node3_0_node4_0,0.21349565467723017
Train_W_2Layers_input_size_95_node1_40_node2_10_node3_0_node4_0,0.213498603541522
Test_W_1Layers_input_size_30_node1_60_node2_0_node3_0_node4_0,0.21350289589840893
Test_W_2Layers_input_size_95_node1_80_node2_30_node3_0_node4_0,0.21350391662911422
Test_W_2Layers_input_size_100_node1_100_node2_10_node3_0_node4_0,0.21352076234300515
Test_W_1Layers_input_size_100_node1_70_node2_0_node3_0_node4_0,0.21354971362668385
Train_W_2Layers_input_size_10_node1_50_node2_60_node3_0_node4_0,0.21355327229635337
Test_W_2Layers_input_size_25_node1_100_node2_70_node3_0_node4_0,0.21356052028574588
Test_W_2Layers_input_size_45_node1_70_node2_20_node3_0_node4_0,0.21358656217456584
Train_W_1Layers_input_size_80_node1_50_node2_0_node3_0_node4_0,0.2135911579853833
Test_W_2Layers_input_size_90_node1_90_node2_80_node3_0_node4_0,0.21360061091724553
Train_W_2Layers_input_size_80_node1_40_node2_90_node3_0_node4_0,0.21360215439129665
Test_W_1Layers_input_size_25_node1_100_node2_0_node3_0_node4_0,0.21361271424509068
Train_W_2Layers_input_size_40_node1_80_node2_90_node3_0_node4_0,0.2136140745186078
Test_W_2Layers_input_size_65_node1_40_node2_90_node3_0_node4_0,0.2136191057114123
Test_W_2Layers_input_size_80_node1_80_node2_50_node3_0_node4_0,0.21363561974719672
Test_W_1Layers_input_size_40_node1_70_node2_0_node3_0_node4_0,0.21364469581988113
Test_W_1Layers_input_size_60_node1_20_node2_0_node3_0_node4_0,0.21365473920883046
Test_W_2Layers_input_size_10_node1_20_node2_30_node3_0_node4_0,0.21367145098935306
Test_W_2Layers_input_size_70_node1_40_node2_70_node3_0_node4_0,0.21376820891046694
Test_W_2Layers_input_size_30_node1_90_node2_30_node3_0_node4_0,0.2137720689060927
Train_W_1Layers_input_size_15_node1_80_node2_0_node3_0_node4_0,0.21377497039190682
Train_W_1Layers_input_size_80_node1_80_node2_0_node3_0_node4_0,0.2137999668473476
Test_W_2Layers_input_size_70_node1_90_node2_10_node3_0_node4_0,0.2138330005512215
Test_W_2Layers_input_size_5_node1_60_node2_60_node3_0_node4_0,0.21384239924058732
Test_W_2Layers_input_size_95_node1_20_node2_100_node3_0_node4_0,0.21384343577139853
Test_W_2Layers_input_size_20_node1_80_node2_50_node3_0_node4_0,0.21386205762868354
Test_W_2Layers_input_size_40_node1_90_node2_10_node3_0_node4_0,0.2138643221031782
Train_W_2Layers_input_size_80_node1_80_node2_70_node3_0_node4_0,0.21389128492628212
Train_W_2Layers_input_size_100_node1_50_node2_10_node3_0_node4_0,0.2139042774246025
Train_W_2Layers_input_size_80_node1_60_node2_20_node3_0_node4_0,0.21391196631295512
Train_W_2Layers_input_size_85_node1_40_node2_10_node3_0_node4_0,0.21392950256225987
Test_W_2Layers_input_size_55_node1_50_node2_50_node3_0_node4_0,0.21396397007633683
Train_W_2Layers_input_size_100_node1_60_node2_30_node3_0_node4_0,0.2139762617692182
Test_W_2Layers_input_size_20_node1_40_node2_70_node3_0_node4_0,0.21397832482410392
Train_W_1Layers_input_size_50_node1_100_node2_0_node3_0_node4_0,0.21398006578321593
Test_W_1Layers_input_size_55_node1_50_node2_0_node3_0_node4_0,0.21399618639177234
Test_W_2Layers_input_size_40_node1_20_node2_40_node3_0_node4_0,0.2139968653108392
Train_W_2Layers_input_size_55_node1_90_node2_10_node3_0_node4_0,0.214004820689157
Train_W_1Layers_input_size_50_node1_20_node2_0_node3_0_node4_0,0.21400662235849158
Train_W_2Layers_input_size_90_node1_100_node2_20_node3_0_node4_0,0.21402225359683058
Test_W_2Layers_input_size_45_node1_40_node2_30_node3_0_node4_0,0.21402637880006178
Test_W_2Layers_input_size_65_node1_20_node2_40_node3_0_node4_0,0.21404628135330947
Test_W_1Layers_input_size_40_node1_80_node2_0_node3_0_node4_0,0.21411104104382747
Test_W_2Layers_input_size_85_node1_40_node2_20_node3_0_node4_0,0.21412235871003726
Test_W_2Layers_input_size_95_node1_10_node2_20_node3_0_node4_0,0.21412714309310257
Test_W_1Layers_input_size_35_node1_90_node2_0_node3_0_node4_0,0.21413284071893202
Train_W_2Layers_input_size_100_node1_90_node2_40_node3_0_node4_0,0.2141465491944007
Test_W_2Layers_input_size_75_node1_70_node2_10_node3_0_node4_0,0.2141645097964091
Test_W_2Layers_input_size_35_node1_70_node2_70_node3_0_node4_0,0.21422109541384646
Test_W_2Layers_input_size_25_node1_100_node2_20_node3_0_node4_0,0.21422154755160328
Train_W_1Layers_input_size_95_node1_40_node2_0_node3_0_node4_0,0.2142254863266951
Test_W_2Layers_input_size_75_node1_50_node2_30_node3_0_node4_0,0.21422589498133285
Test_W_2Layers_input_size_25_node1_20_node2_40_node3_0_node4_0,0.2142320681799645
Test_W_2Layers_input_size_100_node1_70_node2_40_node3_0_node4_0,0.2142658871960863
Train_W_2Layers_input_size_60_node1_10_node2_20_node3_0_node4_0,0.21427417160633339
Test_W_2Layers_input_size_55_node1_50_node2_30_node3_0_node4_0,0.21428076065672963
Test_W_2Layers_input_size_100_node1_30_node2_10_node3_0_node4_0,0.2142903657036556
Test_W_1Layers_input_size_60_node1_10_node2_0_node3_0_node4_0,0.21430875751512815
Test_W_2Layers_input_size_25_node1_10_node2_20_node3_0_node4_0,0.2143101046793507
Test_W_2Layers_input_size_5_node1_50_node2_100_node3_0_node4_0,0.21431658833192757
Test_W_1Layers_input_size_20_node1_60_node2_0_node3_0_node4_0,0.21431718801642463
Test_W_2Layers_input_size_30_node1_10_node2_80_node3_0_node4_0,0.2143198127027402
Test_W_2Layers_input_size_45_node1_10_node2_90_node3_0_node4_0,0.21433229255948863
Test_W_1Layers_input_size_10_node1_100_node2_0_node3_0_node4_0,0.2143382715091534
Test_W_2Layers_input_size_55_node1_80_node2_80_node3_0_node4_0,0.21435375690862857
Train_W_1Layers_input_size_65_node1_30_node2_0_node3_0_node4_0,0.2143664172598131
Test_W_2Layers_input_size_90_node1_20_node2_60_node3_0_node4_0,0.21437388104238508
Test_W_2Layers_input_size_75_node1_20_node2_80_node3_0_node4_0,0.21437795603635335
Test_W_2Layers_input_size_60_node1_60_node2_100_node3_0_node4_0,0.21441872777743862
Test_W_2Layers_input_size_90_node1_10_node2_40_node3_0_node4_0,0.21442114273643423
Test_W_2Layers_input_size_100_node1_10_node2_90_node3_0_node4_0,0.214425833586253
Test_W_2Layers_input_size_40_node1_50_node2_10_node3_0_node4_0,0.21445640846337527
Test_W_2Layers_input_size_90_node1_70_node2_40_node3_0_node4_0,0.21446470288428604
Test_W_2Layers_input_size_90_node1_10_node2_50_node3_0_node4_0,0.21447736537103454
Train_W_2Layers_input_size_75_node1_20_node2_30_node3_0_node4_0,0.21450096006834368
Train_W_2Layers_input_size_15_node1_40_node2_50_node3_0_node4_0,0.2145039211628378
Test_W_1Layers_input_size_40_node1_30_node2_0_node3_0_node4_0,0.2145092961830039
Train_W_2Layers_input_size_75_node1_10_node2_100_node3_0_node4_0,0.2145234321036599
Train_W_2Layers_input_size_45_node1_40_node2_70_node3_0_node4_0,0.21452717431983348
Test_W_2Layers_input_size_70_node1_70_node2_60_node3_0_node4_0,0.21456403730415657
Test_W_2Layers_input_size_100_node1_90_node2_100_node3_0_node4_0,0.21457199769649157
Train_W_2Layers_input_size_35_node1_20_node2_40_node3_0_node4_0,0.2145976217305873
Train_W_2Layers_input_size_25_node1_10_node2_20_node3_0_node4_0,0.21459943578233523
Test_W_2Layers_input_size_90_node1_40_node2_70_node3_0_node4_0,0.21463148728732426
Test_W_2Layers_input_size_55_node1_100_node2_40_node3_0_node4_0,0.2146323811545443
Test_W_2Layers_input_size_10_node1_20_node2_60_node3_0_node4_0,0.2146448428379731
Test_W_2Layers_input_size_90_node1_100_node2_90_node3_0_node4_0,0.21465142051005487
Test_W_2Layers_input_size_75_node1_10_node2_20_node3_0_node4_0,0.21467855344618778
Test_W_2Layers_input_size_80_node1_40_node2_100_node3_0_node4_0,0.2146861278429006
Test_W_1Layers_input_size_60_node1_30_node2_0_node3_0_node4_0,0.2146890082993476
Test_W_2Layers_input_size_50_node1_50_node2_20_node3_0_node4_0,0.21469873389235886
Test_W_2Layers_input_size_25_node1_70_node2_10_node3_0_node4_0,0.21472805549389842
Test_W_2Layers_input_size_20_node1_30_node2_80_node3_0_node4_0,0.21473843854484453
Test_W_2Layers_input_size_35_node1_90_node2_50_node3_0_node4_0,0.21474401586619332
Test_W_2Layers_input_size_85_node1_60_node2_20_node3_0_node4_0,0.2147809023399875
Test_W_2Layers_input_size_90_node1_70_node2_100_node3_0_node4_0,0.21479261830233476
Train_W_1Layers_input_size_10_node1_100_node2_0_node3_0_node4_0,0.2147976912631909
Test_W_1Layers_input_size_55_node1_10_node2_0_node3_0_node4_0,0.2147994515959658
Test_W_2Layers_input_size_10_node1_10_node2_10_node3_0_node4_0,0.2148144008357033
Train_W_2Layers_input_size_65_node1_80_node2_50_node3_0_node4_0,0.21485379802442037
Train_W_1Layers_input_size_60_node1_70_node2_0_node3_0_node4_0,0.21485584398388807
Test_W_2Layers_input_size_55_node1_90_node2_10_node3_0_node4_0,0.21486276195675932
Test_W_2Layers_input_size_45_node1_60_node2_30_node3_0_node4_0,0.21488467606965728
Test_W_2Layers_input_size_20_node1_20_node2_100_node3_0_node4_0,0.21489548493759408
Train_W_2Layers_input_size_85_node1_30_node2_60_node3_0_node4_0,0.2149078186913134
Test_W_2Layers_input_size_55_node1_90_node2_30_node3_0_node4_0,0.21492107907046967
Test_W_2Layers_input_size_100_node1_100_node2_100_node3_0_node4_0,0.21492854959044494
Test_W_2Layers_input_size_65_node1_100_node2_50_node3_0_node4_0,0.21495075162184712
Test_W_2Layers_input_size_50_node1_90_node2_100_node3_0_node4_0,0.2149524327127165
Train_W_1Layers_input_size_65_node1_20_node2_0_node3_0_node4_0,0.21497866122675607
Test_W_2Layers_input_size_100_node1_40_node2_70_node3_0_node4_0,0.21500406352904924
Test_W_1Layers_input_size_70_node1_70_node2_0_node3_0_node4_0,0.21501387882625533
Train_W_2Layers_input_size_75_node1_10_node2_10_node3_0_node4_0,0.21505006074281469
Train_W_1Layers_input_size_95_node1_100_node2_0_node3_0_node4_0,0.21505409694020564
Test_W_2Layers_input_size_55_node1_90_node2_80_node3_0_node4_0,0.21506542560457678
Test_W_2Layers_input_size_100_node1_100_node2_20_node3_0_node4_0,0.21507936042904716
Train_W_2Layers_input_size_50_node1_70_node2_40_node3_0_node4_0,0.21509247167690423
Test_W_2Layers_input_size_100_node1_50_node2_40_node3_0_node4_0,0.21510922762356657
Test_W_2Layers_input_size_80_node1_50_node2_40_node3_0_node4_0,0.21512404277650612
Test_W_2Layers_input_size_15_node1_50_node2_10_node3_0_node4_0,0.21512980058224504
Train_W_2Layers_input_size_15_node1_40_node2_90_node3_0_node4_0,0.21514659690949223
Train_W_2Layers_input_size_50_node1_100_node2_100_node3_0_node4_0,0.21515107282284196
Test_W_2Layers_input_size_100_node1_40_node2_30_node3_0_node4_0,0.2151522761956548
Test_W_2Layers_input_size_45_node1_50_node2_70_node3_0_node4_0,0.21519617305908306
Train_W_2Layers_input_size_35_node1_10_node2_60_node3_0_node4_0,0.21523770712265344
Train_W_2Layers_input_size_40_node1_50_node2_30_node3_0_node4_0,0.21526126174397836
Train_W_2Layers_input_size_80_node1_60_node2_60_node3_0_node4_0,0.2152843379273921
Test_W_2Layers_input_size_50_node1_80_node2_10_node3_0_node4_0,0.21531248112029283
Test_W_2Layers_input_size_35_node1_80_node2_80_node3_0_node4_0,0.2153280262131309
Test_W_2Layers_input_size_10_node1_20_node2_40_node3_0_node4_0,0.21533057802709032
Test_W_1Layers_input_size_80_node1_30_node2_0_node3_0_node4_0,0.21535754755436698
Test_W_2Layers_input_size_70_node1_30_node2_70_node3_0_node4_0,0.2153719045523972
Test_W_2Layers_input_size_90_node1_20_node2_20_node3_0_node4_0,0.21537764708364018
Test_W_2Layers_input_size_95_node1_60_node2_100_node3_0_node4_0,0.2154059510283593
Test_W_2Layers_input_size_100_node1_90_node2_80_node3_0_node4_0,0.21541431264925398
Train_W_1Layers_input_size_35_node1_30_node2_0_node3_0_node4_0,0.21542925380687342
Test_W_2Layers_input_size_50_node1_100_node2_10_node3_0_node4_0,0.21543100897901601
Train_W_2Layers_input_size_45_node1_40_node2_20_node3_0_node4_0,0.2154380986913912
Test_W_2Layers_input_size_5_node1_20_node2_30_node3_0_node4_0,0.2154663687609683
Test_W_2Layers_input_size_50_node1_20_node2_60_node3_0_node4_0,0.21546824465575512
Test_W_2Layers_input_size_80_node1_30_node2_10_node3_0_node4_0,0.21548794488699952
Train_W_2Layers_input_size_85_node1_30_node2_50_node3_0_node4_0,0.21549343366089388
Train_W_2Layers_input_size_20_node1_50_node2_10_node3_0_node4_0,0.21549484256770673
Test_W_2Layers_input_size_40_node1_10_node2_80_node3_0_node4_0,0.21558361105433435
Test_W_2Layers_input_size_40_node1_30_node2_20_node3_0_node4_0,0.2155944107997691
Test_W_1Layers_input_size_95_node1_20_node2_0_node3_0_node4_0,0.21559785796461123
Train_W_2Layers_input_size_55_node1_50_node2_80_node3_0_node4_0,0.215612665459384
Train_W_2Layers_input_size_70_node1_40_node2_60_node3_0_node4_0,0.21563733659919065
Test_W_2Layers_input_size_10_node1_50_node2_10_node3_0_node4_0,0.21567015796981928
Test_W_2Layers_input_size_75_node1_10_node2_100_node3_0_node4_0,0.21569848397915495
Test_W_2Layers_input_size_75_node1_90_node2_10_node3_0_node4_0,0.21574224380528345
Test_W_1Layers_input_size_40_node1_10_node2_0_node3_0_node4_0,0.21575634211117817
Test_W_2Layers_input_size_85_node1_40_node2_80_node3_0_node4_0,0.21576639080056736
Train_W_2Layers_input_size_60_node1_60_node2_70_node3_0_node4_0,0.21576892879757018
Train_W_2Layers_input_size_40_node1_60_node2_90_node3_0_node4_0,0.215806037120012
Test_W_2Layers_input_size_95_node1_70_node2_50_node3_0_node4_0,0.21582385099108028
Train_W_2Layers_input_size_15_node1_90_node2_70_node3_0_node4_0,0.2158299957450598
Test_W_2Layers_input_size_20_node1_60_node2_50_node3_0_node4_0,0.21586865535285488
Test_W_1Layers_input_size_95_node1_50_node2_0_node3_0_node4_0,0.21587262447421843
Test_W_2Layers_input_size_90_node1_100_node2_80_node3_0_node4_0,0.21587858664764129
Test_W_2Layers_input_size_40_node1_80_node2_90_node3_0_node4_0,0.2159390619086213
Test_W_2Layers_input_size_55_node1_30_node2_40_node3_0_node4_0,0.21596289365321544
Test_W_1Layers_input_size_95_node1_10_node2_0_node3_0_node4_0,0.21596530859458332
Test_W_2Layers_input_size_70_node1_40_node2_50_node3_0_node4_0,0.2159776502482854
Test_W_1Layers_input_size_40_node1_40_node2_0_node3_0_node4_0,0.21598366989057075
Test_W_2Layers_input_size_5_node1_20_node2_40_node3_0_node4_0,0.21598836992442833
Test_W_2Layers_input_size_45_node1_10_node2_40_node3_0_node4_0,0.21599014642435238
Test_W_2Layers_input_size_30_node1_90_node2_10_node3_0_node4_0,0.21599970132864507
Test_W_2Layers_input_size_85_node1_60_node2_100_node3_0_node4_0,0.2160213966357379
Test_W_2Layers_input_size_10_node1_70_node2_30_node3_0_node4_0,0.21603601128402342
Train_W_2Layers_input_size_45_node1_30_node2_40_node3_0_node4_0,0.21605364239042824
Test_W_2Layers_input_size_65_node1_60_node2_40_node3_0_node4_0,0.2160601944153478
Test_W_2Layers_input_size_25_node1_30_node2_20_node3_0_node4_0,0.2160630220699872
Test_W_2Layers_input_size_80_node1_40_node2_90_node3_0_node4_0,0.2160840300403367
Train_W_2Layers_input_size_65_node1_70_node2_100_node3_0_node4_0,0.21609553743893364
Test_W_2Layers_input_size_20_node1_50_node2_10_node3_0_node4_0,0.21613776046353803
Test_W_1Layers_input_size_80_node1_10_node2_0_node3_0_node4_0,0.21614729160751434
Test_W_2Layers_input_size_10_node1_60_node2_90_node3_0_node4_0,0.21617198789681152
Train_W_2Layers_input_size_20_node1_20_node2_100_node3_0_node4_0,0.21617752823298064
Test_W_1Layers_input_size_65_node1_10_node2_0_node3_0_node4_0,0.21620003277331093
Train_W_2Layers_input_size_20_node1_20_node2_50_node3_0_node4_0,0.21620835506892197
Test_W_2Layers_input_size_35_node1_30_node2_20_node3_0_node4_0,0.216210956797474
Train_W_2Layers_input_size_50_node1_100_node2_10_node3_0_node4_0,0.21622437846266127
Test_W_1Layers_input_size_85_node1_60_node2_0_node3_0_node4_0,0.21623874681883914
Test_W_2Layers_input_size_25_node1_80_node2_10_node3_0_node4_0,0.2162402283935932
Train_W_2Layers_input_size_90_node1_30_node2_20_node3_0_node4_0,0.21626013391652446
Train_W_2Layers_input_size_100_node1_60_node2_40_node3_0_node4_0,0.21627023671118778
Train_W_2Layers_input_size_35_node1_10_node2_20_node3_0_node4_0,0.21630158423784046
Test_W_2Layers_input_size_10_node1_40_node2_80_node3_0_node4_0,0.2163213893989359
Train_W_2Layers_input_size_50_node1_60_node2_30_node3_0_node4_0,0.21633377100890938
Test_W_2Layers_input_size_75_node1_40_node2_20_node3_0_node4_0,0.2163615796914953
Train_W_2Layers_input_size_15_node1_50_node2_10_node3_0_node4_0,0.21636593577430413
Train_W_2Layers_input_size_15_node1_50_node2_60_node3_0_node4_0,0.21636809656544842
Train_W_1Layers_input_size_55_node1_30_node2_0_node3_0_node4_0,0.21636858726003233
Test_W_2Layers_input_size_65_node1_30_node2_30_node3_0_node4_0,0.2164085277891957
Train_W_2Layers_input_size_45_node1_90_node2_60_node3_0_node4_0,0.21642101629950394
Test_W_2Layers_input_size_30_node1_100_node2_20_node3_0_node4_0,0.21642667935614254
Test_W_2Layers_input_size_55_node1_30_node2_20_node3_0_node4_0,0.21646891523244485
Test_W_2Layers_input_size_85_node1_30_node2_70_node3_0_node4_0,0.21647017151167725
Train_W_2Layers_input_size_50_node1_100_node2_20_node3_0_node4_0,0.21647651302911577
Test_W_2Layers_input_size_95_node1_50_node2_60_node3_0_node4_0,0.21648645085441182
Train_W_2Layers_input_size_80_node1_10_node2_50_node3_0_node4_0,0.2165048023664747
Test_W_2Layers_input_size_75_node1_30_node2_100_node3_0_node4_0,0.2165270406281114
Train_W_2Layers_input_size_40_node1_60_node2_60_node3_0_node4_0,0.21654495861797268
Test_W_2Layers_input_size_40_node1_60_node2_90_node3_0_node4_0,0.21656079368689746
Test_W_2Layers_input_size_85_node1_70_node2_20_node3_0_node4_0,0.21656600584630042
Test_W_1Layers_input_size_85_node1_50_node2_0_node3_0_node4_0,0.21658835822293296
Test_W_2Layers_input_size_85_node1_80_node2_40_node3_0_node4_0,0.21661618581516792
Train_W_2Layers_input_size_40_node1_100_node2_10_node3_0_node4_0,0.21662527458483885
Test_W_2Layers_input_size_95_node1_10_node2_40_node3_0_node4_0,0.2166398570930636
Train_W_2Layers_input_size_85_node1_40_node2_40_node3_0_node4_0,0.2166460044955051
Test_W_2Layers_input_size_40_node1_60_node2_40_node3_0_node4_0,0.21671062334606478
Train_W_2Layers_input_size_35_node1_100_node2_20_node3_0_node4_0,0.21671394961650592
Train_W_2Layers_input_size_20_node1_70_node2_60_node3_0_node4_0,0.2167258275092702
Train_W_2Layers_input_size_80_node1_20_node2_40_node3_0_node4_0,0.21676067531205517
Test_W_2Layers_input_size_15_node1_10_node2_10_node3_0_node4_0,0.21677461286461178
Test_W_2Layers_input_size_40_node1_50_node2_40_node3_0_node4_0,0.21679578385636958
Test_W_2Layers_input_size_60_node1_20_node2_80_node3_0_node4_0,0.21680387709023766
Train_W_2Layers_input_size_55_node1_20_node2_30_node3_0_node4_0,0.21682285462475623
Test_W_2Layers_input_size_15_node1_10_node2_30_node3_0_node4_0,0.21687251996537937
Test_W_2Layers_input_size_25_node1_50_node2_50_node3_0_node4_0,0.21687684860870768
Test_W_2Layers_input_size_90_node1_10_node2_80_node3_0_node4_0,0.216890091659542
Test_W_2Layers_input_size_40_node1_100_node2_10_node3_0_node4_0,0.2168952443790864
Train_W_2Layers_input_size_55_node1_70_node2_90_node3_0_node4_0,0.21690967992981625
Train_W_2Layers_input_size_15_node1_10_node2_20_node3_0_node4_0,0.21692614095299229
Test_W_2Layers_input_size_100_node1_50_node2_90_node3_0_node4_0,0.2169416820350522
Train_W_2Layers_input_size_25_node1_70_node2_60_node3_0_node4_0,0.21695668971395973
Train_W_2Layers_input_size_100_node1_90_node2_60_node3_0_node4_0,0.21698052128591622
Test_W_2Layers_input_size_40_node1_50_node2_30_node3_0_node4_0,0.2169851224695092
Test_W_2Layers_input_size_40_node1_20_node2_30_node3_0_node4_0,0.21698607531436445
Test_W_2Layers_input_size_65_node1_10_node2_90_node3_0_node4_0,0.21698868488605982
Train_W_2Layers_input_size_70_node1_50_node2_100_node3_0_node4_0,0.21698979222772272
Train_W_1Layers_input_size_70_node1_80_node2_0_node3_0_node4_0,0.2170061355901223
Train_W_2Layers_input_size_10_node1_20_node2_60_node3_0_node4_0,0.21701248719504462
Test_W_2Layers_input_size_15_node1_90_node2_50_node3_0_node4_0,0.21701481320926064
Test_W_2Layers_input_size_75_node1_30_node2_90_node3_0_node4_0,0.21701716494736556
Test_W_2Layers_input_size_50_node1_60_node2_10_node3_0_node4_0,0.2170299445676713
Test_W_2Layers_input_size_15_node1_80_node2_10_node3_0_node4_0,0.21710179339359567
Train_W_2Layers_input_size_85_node1_80_node2_100_node3_0_node4_0,0.21710268566949267
Test_W_2Layers_input_size_45_node1_30_node2_40_node3_0_node4_0,0.2171077904466676
Train_W_2Layers_input_size_60_node1_90_node2_90_node3_0_node4_0,0.2171132640071641
Test_W_2Layers_input_size_75_node1_60_node2_80_node3_0_node4_0,0.21711685863718552
Test_W_2Layers_input_size_25_node1_50_node2_100_node3_0_node4_0,0.21712848286863246
Test_W_2Layers_input_size_30_node1_50_node2_70_node3_0_node4_0,0.21715429415819087
Test_W_1Layers_input_size_95_node1_40_node2_0_node3_0_node4_0,0.21716351479567864
Train_W_2Layers_input_size_65_node1_40_node2_80_node3_0_node4_0,0.2171653502991138
Train_W_2Layers_input_size_70_node1_90_node2_100_node3_0_node4_0,0.2171690041055674
Train_W_2Layers_input_size_95_node1_80_node2_60_node3_0_node4_0,0.21718735797795105
Train_W_2Layers_input_size_65_node1_30_node2_20_node3_0_node4_0,0.21718953632525317
Test_W_2Layers_input_size_55_node1_90_node2_90_node3_0_node4_0,0.21719757200804093
Test_W_2Layers_input_size_100_node1_80_node2_80_node3_0_node4_0,0.2172112757204033
Test_W_2Layers_input_size_95_node1_20_node2_50_node3_0_node4_0,0.21721805007738387
Test_W_2Layers_input_size_75_node1_30_node2_10_node3_0_node4_0,0.21722476419995154
Test_W_2Layers_input_size_20_node1_50_node2_90_node3_0_node4_0,0.21723850906796655
Train_W_2Layers_input_size_95_node1_80_node2_100_node3_0_node4_0,0.2172856705905956
Test_W_2Layers_input_size_75_node1_100_node2_20_node3_0_node4_0,0.2172932569729649
Test_W_1Layers_input_size_100_node1_30_node2_0_node3_0_node4_0,0.21730729751075512
Train_W_1Layers_input_size_55_node1_70_node2_0_node3_0_node4_0,0.21733876970619806
Train_W_2Layers_input_size_5_node1_10_node2_100_node3_0_node4_0,0.21742472934254273
Train_W_2Layers_input_size_80_node1_60_node2_50_node3_0_node4_0,0.2174420251257575
Test_W_2Layers_input_size_35_node1_50_node2_30_node3_0_node4_0,0.2174606214835884
Train_W_1Layers_input_size_30_node1_10_node2_0_node3_0_node4_0,0.217485262848353
Train_W_2Layers_input_size_20_node1_30_node2_10_node3_0_node4_0,0.2175068014139278
Train_W_2Layers_input_size_95_node1_80_node2_50_node3_0_node4_0,0.21753773100286733
Test_W_2Layers_input_size_80_node1_30_node2_20_node3_0_node4_0,0.2175457795103284
Train_W_2Layers_input_size_95_node1_50_node2_70_node3_0_node4_0,0.21756786856456184
Train_W_2Layers_input_size_80_node1_20_node2_30_node3_0_node4_0,0.21760927521799275
Test_W_2Layers_input_size_30_node1_100_node2_10_node3_0_node4_0,0.21764321988571989
Train_W_2Layers_input_size_75_node1_90_node2_30_node3_0_node4_0,0.21766069513123695
Test_W_2Layers_input_size_75_node1_40_node2_30_node3_0_node4_0,0.21767727905689122
Test_W_2Layers_input_size_100_node1_50_node2_10_node3_0_node4_0,0.21769490558032478
Test_W_2Layers_input_size_50_node1_10_node2_50_node3_0_node4_0,0.2176972328592803
Train_W_2Layers_input_size_50_node1_10_node2_80_node3_0_node4_0,0.2177075513037792
Test_W_2Layers_input_size_90_node1_60_node2_60_node3_0_node4_0,0.21776380645940763
Test_W_2Layers_input_size_50_node1_100_node2_20_node3_0_node4_0,0.21776492696648705
Train_W_2Layers_input_size_55_node1_20_node2_70_node3_0_node4_0,0.21776928919104194
Train_W_2Layers_input_size_70_node1_70_node2_50_node3_0_node4_0,0.2177781758840673
Test_W_2Layers_input_size_40_node1_80_node2_10_node3_0_node4_0,0.21779233910338996
Train_W_1Layers_input_size_90_node1_60_node2_0_node3_0_node4_0,0.21779292921754048
Test_W_2Layers_input_size_35_node1_70_node2_90_node3_0_node4_0,0.21780787824272638
Test_W_1Layers_input_size_75_node1_20_node2_0_node3_0_node4_0,0.21780787824272638
Test_W_2Layers_input_size_80_node1_90_node2_30_node3_0_node4_0,0.21781857625731027
Test_W_2Layers_input_size_100_node1_10_node2_20_node3_0_node4_0,0.21782481866095876
Train_W_2Layers_input_size_80_node1_80_node2_20_node3_0_node4_0,0.21783265134178798
Test_W_1Layers_input_size_50_node1_30_node2_0_node3_0_node4_0,0.2178640561952779
Train_W_2Layers_input_size_30_node1_30_node2_40_node3_0_node4_0,0.21791776655611272
Test_W_2Layers_input_size_95_node1_30_node2_10_node3_0_node4_0,0.21792398047679706
Train_W_2Layers_input_size_85_node1_60_node2_60_node3_0_node4_0,0.21795668824980718
Test_W_2Layers_input_size_15_node1_80_node2_70_node3_0_node4_0,0.217971121867411
Train_W_2Layers_input_size_90_node1_30_node2_70_node3_0_node4_0,0.21799832864599683
Train_W_2Layers_input_size_90_node1_70_node2_80_node3_0_node4_0,0.21801345154892696
Test_W_2Layers_input_size_65_node1_30_node2_70_node3_0_node4_0,0.21801815908595956
Test_W_2Layers_input_size_65_node1_50_node2_20_node3_0_node4_0,0.21801885965446946
Train_W_2Layers_input_size_85_node1_80_node2_50_node3_0_node4_0,0.21804576149098864
Test_W_2Layers_input_size_25_node1_60_node2_90_node3_0_node4_0,0.21806555345080672
Train_W_2Layers_input_size_75_node1_30_node2_40_node3_0_node4_0,0.21808249947613584
Train_W_2Layers_input_size_45_node1_30_node2_50_node3_0_node4_0,0.21808330232974474
Test_W_2Layers_input_size_70_node1_40_node2_60_node3_0_node4_0,0.21808355855899775
Test_W_2Layers_input_size_45_node1_90_node2_60_node3_0_node4_0,0.2181074463440453
Train_W_2Layers_input_size_100_node1_80_node2_50_node3_0_node4_0,0.21813180970216633
Test_W_2Layers_input_size_60_node1_50_node2_50_node3_0_node4_0,0.21813470443135197
Test_W_2Layers_input_size_25_node1_60_node2_60_node3_0_node4_0,0.21817970014927188
Test_W_1Layers_input_size_40_node1_90_node2_0_node3_0_node4_0,0.21818717007706329
Train_W_2Layers_input_size_65_node1_90_node2_10_node3_0_node4_0,0.2181993860592977
Train_W_2Layers_input_size_90_node1_60_node2_30_node3_0_node4_0,0.21821604001087255
Train_W_1Layers_input_size_45_node1_70_node2_0_node3_0_node4_0,0.2182728126659207
Train_W_1Layers_input_size_50_node1_80_node2_0_node3_0_node4_0,0.21828286497355603
Train_W_2Layers_input_size_20_node1_50_node2_90_node3_0_node4_0,0.2182878312229461
Test_W_2Layers_input_size_25_node1_50_node2_10_node3_0_node4_0,0.2183158858501111
Train_W_1Layers_input_size_35_node1_70_node2_0_node3_0_node4_0,0.21832198605976938
Train_W_2Layers_input_size_25_node1_50_node2_10_node3_0_node4_0,0.21835803780461904
Test_W_2Layers_input_size_50_node1_80_node2_60_node3_0_node4_0,0.21835941969814765
Test_W_2Layers_input_size_80_node1_20_node2_20_node3_0_node4_0,0.21841098707724454
Test_W_2Layers_input_size_60_node1_60_node2_70_node3_0_node4_0,0.2184298505657972
Test_W_2Layers_input_size_70_node1_100_node2_10_node3_0_node4_0,0.2184519525448333
Test_W_2Layers_input_size_45_node1_80_node2_60_node3_0_node4_0,0.2184564118937144
Train_W_2Layers_input_size_20_node1_90_node2_20_node3_0_node4_0,0.21845749474289983
Train_W_2Layers_input_size_10_node1_40_node2_80_node3_0_node4_0,0.21846673711123082
Train_W_2Layers_input_size_95_node1_10_node2_10_node3_0_node4_0,0.2184854679076239
Test_W_2Layers_input_size_50_node1_10_node2_80_node3_0_node4_0,0.218517298905116
Train_W_2Layers_input_size_85_node1_40_node2_30_node3_0_node4_0,0.2185194298989507
Test_W_1Layers_input_size_100_node1_40_node2_0_node3_0_node4_0,0.21852438224835652
Test_W_1Layers_input_size_55_node1_80_node2_0_node3_0_node4_0,0.21854909969819453
Train_W_1Layers_input_size_75_node1_80_node2_0_node3_0_node4_0,0.21854953435936805
Test_W_2Layers_input_size_100_node1_100_node2_50_node3_0_node4_0,0.21856998802537575
Test_W_2Layers_input_size_50_node1_50_node2_90_node3_0_node4_0,0.21858612802563246
Test_W_1Layers_input_size_80_node1_90_node2_0_node3_0_node4_0,0.21859159865285263
Test_W_1Layers_input_size_70_node1_100_node2_0_node3_0_node4_0,0.2186261320226598
Train_W_2Layers_input_size_100_node1_90_node2_70_node3_0_node4_0,0.2186334077882526
Test_W_2Layers_input_size_25_node1_100_node2_30_node3_0_node4_0,0.2186786756722072
Test_W_2Layers_input_size_40_node1_20_node2_80_node3_0_node4_0,0.21869774603028866
Test_W_2Layers_input_size_35_node1_70_node2_10_node3_0_node4_0,0.21871018047307353
Train_W_2Layers_input_size_25_node1_10_node2_100_node3_0_node4_0,0.21871884158160204
Test_W_2Layers_input_size_100_node1_10_node2_30_node3_0_node4_0,0.21871971874455826
Test_W_2Layers_input_size_35_node1_100_node2_20_node3_0_node4_0,0.21878236292814934
Test_W_2Layers_input_size_95_node1_30_node2_60_node3_0_node4_0,0.21880113480860322
Train_W_2Layers_input_size_85_node1_10_node2_50_node3_0_node4_0,0.21884166125453247
Test_W_2Layers_input_size_85_node1_80_node2_100_node3_0_node4_0,0.21887304898334164
Test_W_2Layers_input_size_25_node1_10_node2_100_node3_0_node4_0,0.21891785040212156
Train_W_2Layers_input_size_75_node1_90_node2_50_node3_0_node4_0,0.2189611454733797
Train_W_2Layers_input_size_100_node1_60_node2_10_node3_0_node4_0,0.21897222947276543
Test_W_2Layers_input_size_80_node1_10_node2_20_node3_0_node4_0,0.2189777670090225
Test_W_2Layers_input_size_65_node1_80_node2_50_node3_0_node4_0,0.2190178270405482
Test_W_2Layers_input_size_85_node1_40_node2_10_node3_0_node4_0,0.21902361004915988
Test_W_2Layers_input_size_90_node1_40_node2_30_node3_0_node4_0,0.21903079607504658
Train_W_2Layers_input_size_80_node1_90_node2_70_node3_0_node4_0,0.2190704467926479
Train_W_2Layers_input_size_80_node1_40_node2_70_node3_0_node4_0,0.2191192711746606
Train_W_2Layers_input_size_50_node1_20_node2_40_node3_0_node4_0,0.21919651100860812
Train_W_2Layers_input_size_25_node1_100_node2_30_node3_0_node4_0,0.21921476310209576
Test_W_2Layers_input_size_5_node1_20_node2_100_node3_0_node4_0,0.2192176605246478
Train_W_2Layers_input_size_100_node1_80_node2_100_node3_0_node4_0,0.21922037098204386
Test_W_2Layers_input_size_75_node1_80_node2_10_node3_0_node4_0,0.21926272283642465
Train_W_2Layers_input_size_25_node1_90_node2_10_node3_0_node4_0,0.2192660868456428
Test_W_2Layers_input_size_60_node1_100_node2_10_node3_0_node4_0,0.21926683439623793
Test_W_2Layers_input_size_30_node1_50_node2_90_node3_0_node4_0,0.21930311302170785
Test_W_2Layers_input_size_65_node1_100_node2_30_node3_0_node4_0,0.21932866839407938
Test_W_1Layers_input_size_45_node1_50_node2_0_node3_0_node4_0,0.21933282117931183
Train_W_2Layers_input_size_15_node1_20_node2_80_node3_0_node4_0,0.21934470161734823
Test_W_2Layers_input_size_100_node1_60_node2_40_node3_0_node4_0,0.2193729012815501
Train_W_2Layers_input_size_75_node1_90_node2_80_node3_0_node4_0,0.21939521389398878
Test_W_2Layers_input_size_65_node1_30_node2_20_node3_0_node4_0,0.21942296564757016
Test_W_2Layers_input_size_25_node1_20_node2_90_node3_0_node4_0,0.21944401694627025
Test_W_2Layers_input_size_45_node1_10_node2_70_node3_0_node4_0,0.21945677406913994
Test_W_1Layers_input_size_5_node1_70_node2_0_node3_0_node4_0,0.2194959405081582
Test_W_2Layers_input_size_75_node1_90_node2_30_node3_0_node4_0,0.21950168546298907
Train_W_2Layers_input_size_20_node1_90_node2_100_node3_0_node4_0,0.21952899952070964
Train_W_2Layers_input_size_15_node1_80_node2_70_node3_0_node4_0,0.21956431014348834
Test_W_2Layers_input_size_10_node1_50_node2_70_node3_0_node4_0,0.21957916402085728
Test_W_2Layers_input_size_10_node1_90_node2_90_node3_0_node4_0,0.2196022869039668
Train_W_2Layers_input_size_25_node1_20_node2_90_node3_0_node4_0,0.21964721094555947
Train_W_2Layers_input_size_95_node1_100_node2_80_node3_0_node4_0,0.21964919529580104
Train_W_1Layers_input_size_35_node1_20_node2_0_node3_0_node4_0,0.21967739826760882
Train_W_2Layers_input_size_80_node1_60_node2_10_node3_0_node4_0,0.2197447536143853
Train_W_2Layers_input_size_80_node1_20_node2_90_node3_0_node4_0,0.2197608073357763
Test_W_2Layers_input_size_70_node1_90_node2_90_node3_0_node4_0,0.21977780910094383
Train_W_2Layers_input_size_100_node1_80_node2_90_node3_0_node4_0,0.21978207204918018
Test_W_2Layers_input_size_55_node1_20_node2_70_node3_0_node4_0,0.2198137237605873
Train_W_2Layers_input_size_100_node1_40_node2_20_node3_0_node4_0,0.21981608792235627
Test_W_2Layers_input_size_35_node1_20_node2_40_node3_0_node4_0,0.21981808769525654
Test_W_2Layers_input_size_30_node1_30_node2_20_node3_0_node4_0,0.21982149404619075
Test_W_1Layers_input_size_35_node1_10_node2_0_node3_0_node4_0,0.21982677293850134
Test_W_2Layers_input_size_30_node1_70_node2_40_node3_0_node4_0,0.21985620700597078
Train_W_2Layers_input_size_10_node1_40_node2_50_node3_0_node4_0,0.21987597154150015
Test_W_2Layers_input_size_80_node1_60_node2_20_node3_0_node4_0,0.21988787345869695
Train_W_1Layers_input_size_85_node1_90_node2_0_node3_0_node4_0,0.21989663218056918
Train_W_2Layers_input_size_80_node1_70_node2_30_node3_0_node4_0,0.21990467058443705
Test_W_2Layers_input_size_55_node1_20_node2_30_node3_0_node4_0,0.21990822805610327
Train_W_2Layers_input_size_10_node1_20_node2_10_node3_0_node4_0,0.21990837204779223
Train_W_2Layers_input_size_20_node1_30_node2_90_node3_0_node4_0,0.21993817629795537
Train_W_2Layers_input_size_90_node1_60_node2_10_node3_0_node4_0,0.21994729716666658
Train_W_2Layers_input_size_60_node1_30_node2_10_node3_0_node4_0,0.21995623135566497
Train_W_2Layers_input_size_45_node1_90_node2_10_node3_0_node4_0,0.21997666430255053
Train_W_1Layers_input_size_90_node1_10_node2_0_node3_0_node4_0,0.21997938234267048
Train_W_2Layers_input_size_100_node1_40_node2_10_node3_0_node4_0,0.21998793421245688
Train_W_2Layers_input_size_30_node1_40_node2_10_node3_0_node4_0,0.22008488578012925
Train_W_2Layers_input_size_60_node1_90_node2_10_node3_0_node4_0,0.22008539357774393
Train_W_2Layers_input_size_100_node1_40_node2_100_node3_0_node4_0,0.22013219902347597
Test_W_2Layers_input_size_40_node1_60_node2_60_node3_0_node4_0,0.22013301978592442
Train_W_2Layers_input_size_100_node1_50_node2_20_node3_0_node4_0,0.2201587749414924
Test_W_2Layers_input_size_100_node1_60_node2_50_node3_0_node4_0,0.22016320817942106
Train_W_1Layers_input_size_60_node1_40_node2_0_node3_0_node4_0,0.22016614388136216
Test_W_2Layers_input_size_45_node1_10_node2_30_node3_0_node4_0,0.2201849415982661
Test_W_2Layers_input_size_85_node1_30_node2_60_node3_0_node4_0,0.22021034388374705
Test_W_2Layers_input_size_85_node1_30_node2_50_node3_0_node4_0,0.22021673840301914
Test_W_2Layers_input_size_50_node1_20_node2_100_node3_0_node4_0,0.22024290663049106
Test_W_2Layers_input_size_25_node1_50_node2_70_node3_0_node4_0,0.22025039115279987
Train_W_2Layers_input_size_20_node1_30_node2_100_node3_0_node4_0,0.22025456038656382
Test_W_2Layers_input_size_45_node1_30_node2_50_node3_0_node4_0,0.22031653143528726
Test_W_2Layers_input_size_55_node1_80_node2_40_node3_0_node4_0,0.2203323236975307
Train_W_2Layers_input_size_70_node1_40_node2_30_node3_0_node4_0,0.22034074352032743
Test_W_2Layers_input_size_55_node1_70_node2_90_node3_0_node4_0,0.22035696514331798
Test_W_2Layers_input_size_65_node1_40_node2_80_node3_0_node4_0,0.22038140098798337
Train_W_2Layers_input_size_35_node1_40_node2_40_node3_0_node4_0,0.22038256734934256
Test_W_2Layers_input_size_95_node1_30_node2_20_node3_0_node4_0,0.22039265865292307
Test_W_2Layers_input_size_20_node1_30_node2_90_node3_0_node4_0,0.2203932249016604
Test_W_2Layers_input_size_100_node1_20_node2_10_node3_0_node4_0,0.22040195508985888
Test_W_2Layers_input_size_80_node1_60_node2_50_node3_0_node4_0,0.22041778348436677
Train_W_2Layers_input_size_100_node1_10_node2_60_node3_0_node4_0,0.22044790753390064
Train_W_2Layers_input_size_40_node1_40_node2_60_node3_0_node4_0,0.22046039534378128
Test_W_1Layers_input_size_90_node1_100_node2_0_node3_0_node4_0,0.22052630371464746
Test_W_2Layers_input_size_100_node1_60_node2_10_node3_0_node4_0,0.22053942052585168
Test_W_2Layers_input_size_20_node1_20_node2_80_node3_0_node4_0,0.2205655589146959
Train_W_2Layers_input_size_50_node1_90_node2_90_node3_0_node4_0,0.22056627672658294
Train_W_2Layers_input_size_95_node1_90_node2_40_node3_0_node4_0,0.22057641873662745
Test_W_2Layers_input_size_60_node1_90_node2_90_node3_0_node4_0,0.22057808228576295
Test_W_2Layers_input_size_30_node1_40_node2_90_node3_0_node4_0,0.2206086319371131
Train_W_1Layers_input_size_75_node1_90_node2_0_node3_0_node4_0,0.22066465396974033
Test_W_2Layers_input_size_100_node1_90_node2_60_node3_0_node4_0,0.2206675745596269
Test_W_2Layers_input_size_10_node1_30_node2_40_node3_0_node4_0,0.22067742493469242
Test_W_2Layers_input_size_90_node1_20_node2_40_node3_0_node4_0,0.22068262426985652
Test_W_2Layers_input_size_20_node1_100_node2_40_node3_0_node4_0,0.22068813576899768
Train_W_2Layers_input_size_55_node1_20_node2_10_node3_0_node4_0,0.22075286237280087
Test_W_1Layers_input_size_45_node1_10_node2_0_node3_0_node4_0,0.22076241363602322
Train_W_2Layers_input_size_65_node1_80_node2_70_node3_0_node4_0,0.22078870278837326
Test_W_2Layers_input_size_70_node1_20_node2_30_node3_0_node4_0,0.22079619411746584
Test_W_2Layers_input_size_5_node1_10_node2_40_node3_0_node4_0,0.22079988063542536
Test_W_2Layers_input_size_40_node1_70_node2_80_node3_0_node4_0,0.22083077916581592
Test_W_2Layers_input_size_40_node1_100_node2_100_node3_0_node4_0,0.2208612010949137
Test_W_1Layers_input_size_50_node1_10_node2_0_node3_0_node4_0,0.22089673723802628
Test_W_2Layers_input_size_20_node1_30_node2_100_node3_0_node4_0,0.22095674104552632
Train_W_2Layers_input_size_70_node1_80_node2_50_node3_0_node4_0,0.22097377723420708
Train_W_2Layers_input_size_100_node1_20_node2_10_node3_0_node4_0,0.22099818701939009
Train_W_2Layers_input_size_40_node1_100_node2_90_node3_0_node4_0,0.2210159953583857
Test_W_2Layers_input_size_95_node1_80_node2_50_node3_0_node4_0,0.22101792528149455
Train_W_2Layers_input_size_85_node1_30_node2_20_node3_0_node4_0,0.22102551839616896
Test_W_2Layers_input_size_60_node1_20_node2_100_node3_0_node4_0,0.22107239441464774
Train_W_2Layers_input_size_25_node1_50_node2_70_node3_0_node4_0,0.22112888016646934
Test_W_2Layers_input_size_55_node1_40_node2_20_node3_0_node4_0,0.2211319883594341
Test_W_2Layers_input_size_15_node1_90_node2_100_node3_0_node4_0,0.2211382298832747
Train_W_2Layers_input_size_60_node1_40_node2_40_node3_0_node4_0,0.22115287697820502
Train_W_2Layers_input_size_75_node1_60_node2_90_node3_0_node4_0,0.22117594481738867
Train_W_2Layers_input_size_75_node1_10_node2_90_node3_0_node4_0,0.2211784712691407
Test_W_2Layers_input_size_100_node1_60_node2_30_node3_0_node4_0,0.2212206419093137
Train_W_2Layers_input_size_20_node1_100_node2_40_node3_0_node4_0,0.22123136854119274
Test_W_2Layers_input_size_40_node1_40_node2_20_node3_0_node4_0,0.22130418474961275
Test_W_2Layers_input_size_25_node1_90_node2_10_node3_0_node4_0,0.22133964977158624
Test_W_2Layers_input_size_80_node1_20_node2_80_node3_0_node4_0,0.22139987006246084
Train_W_2Layers_input_size_40_node1_60_node2_30_node3_0_node4_0,0.22143706938399982
Test_W_1Layers_input_size_55_node1_90_node2_0_node3_0_node4_0,0.2214962877033514
Test_W_2Layers_input_size_80_node1_80_node2_20_node3_0_node4_0,0.22150393169252575
Test_W_2Layers_input_size_40_node1_30_node2_80_node3_0_node4_0,0.22155039541701663
Test_W_2Layers_input_size_25_node1_80_node2_50_node3_0_node4_0,0.22156310692073194
Test_W_2Layers_input_size_70_node1_80_node2_70_node3_0_node4_0,0.22157132865576173
Train_W_2Layers_input_size_100_node1_60_node2_20_node3_0_node4_0,0.22157147997317922
Test_W_2Layers_input_size_85_node1_60_node2_60_node3_0_node4_0,0.22157290907702526
Train_W_2Layers_input_size_60_node1_90_node2_50_node3_0_node4_0,0.22159710997128318
Test_W_2Layers_input_size_40_node1_100_node2_90_node3_0_node4_0,0.22160571708530127
Train_W_2Layers_input_size_60_node1_80_node2_80_node3_0_node4_0,0.2216130211024613
Train_W_2Layers_input_size_90_node1_90_node2_10_node3_0_node4_0,0.22163458714078407
Train_W_2Layers_input_size_80_node1_30_node2_30_node3_0_node4_0,0.22164285664717348
Train_W_2Layers_input_size_85_node1_70_node2_30_node3_0_node4_0,0.2217094972708129
Test_W_1Layers_input_size_85_node1_80_node2_0_node3_0_node4_0,0.22172821454849082
Test_W_2Layers_input_size_50_node1_10_node2_70_node3_0_node4_0,0.2218016234477785
Train_W_2Layers_input_size_30_node1_40_node2_70_node3_0_node4_0,0.22180245482818642
Test_W_1Layers_input_size_30_node1_70_node2_0_node3_0_node4_0,0.22184129949297168
Test_W_2Layers_input_size_95_node1_50_node2_90_node3_0_node4_0,0.22186913146733542
Test_W_2Layers_input_size_15_node1_30_node2_100_node3_0_node4_0,0.2218873316064638
Train_W_2Layers_input_size_95_node1_90_node2_60_node3_0_node4_0,0.2219165679113355
Test_W_2Layers_input_size_40_node1_10_node2_50_node3_0_node4_0,0.22198771615721608
Test_W_1Layers_input_size_10_node1_80_node2_0_node3_0_node4_0,0.22199789391304767
Test_W_2Layers_input_size_55_node1_20_node2_100_node3_0_node4_0,0.2220016359878951
Train_W_2Layers_input_size_40_node1_30_node2_80_node3_0_node4_0,0.22201719932204694
Test_W_1Layers_input_size_90_node1_30_node2_0_node3_0_node4_0,0.22203861704878614
Train_W_2Layers_input_size_50_node1_40_node2_100_node3_0_node4_0,0.2220443633258722
Test_W_2Layers_input_size_100_node1_20_node2_90_node3_0_node4_0,0.2221095165449477
Train_W_2Layers_input_size_15_node1_20_node2_70_node3_0_node4_0,0.22212173483879344
Test_W_2Layers_input_size_35_node1_10_node2_80_node3_0_node4_0,0.2221218857812544
Train_W_2Layers_input_size_70_node1_10_node2_20_node3_0_node4_0,0.22212556706840764
Test_W_1Layers_input_size_30_node1_80_node2_0_node3_0_node4_0,0.222141960214623
Test_W_2Layers_input_size_100_node1_80_node2_90_node3_0_node4_0,0.2221547217140104
Test_W_2Layers_input_size_90_node1_60_node2_20_node3_0_node4_0,0.22219369760285046
Train_W_2Layers_input_size_85_node1_40_node2_60_node3_0_node4_0,0.22222032034990605
Test_W_2Layers_input_size_90_node1_30_node2_70_node3_0_node4_0,0.2222582958333776
Train_W_2Layers_input_size_60_node1_50_node2_20_node3_0_node4_0,0.22234842705649563
Test_W_2Layers_input_size_15_node1_20_node2_70_node3_0_node4_0,0.2223706588894989
Test_W_1Layers_input_size_35_node1_20_node2_0_node3_0_node4_0,0.2223888347352392
Train_W_2Layers_input_size_50_node1_100_node2_50_node3_0_node4_0,0.2223942453221988
Train_W_2Layers_input_size_95_node1_80_node2_90_node3_0_node4_0,0.222396062780853
Test_W_2Layers_input_size_40_node1_40_node2_60_node3_0_node4_0,0.22241623808695737
Test_W_2Layers_input_size_85_node1_20_node2_40_node3_0_node4_0,0.2224295281666932
Test_W_2Layers_input_size_100_node1_50_node2_60_node3_0_node4_0,0.22242982125969127
Train_W_2Layers_input_size_55_node1_40_node2_70_node3_0_node4_0,0.22247260032137228
Train_W_2Layers_input_size_95_node1_30_node2_20_node3_0_node4_0,0.22250890038937135
Test_W_2Layers_input_size_75_node1_40_node2_100_node3_0_node4_0,0.2225165179636307
Train_W_2Layers_input_size_50_node1_80_node2_100_node3_0_node4_0,0.22252066147968488
Test_W_2Layers_input_size_90_node1_60_node2_90_node3_0_node4_0,0.22252195055783258
Test_W_2Layers_input_size_75_node1_20_node2_20_node3_0_node4_0,0.22252416038871212
Test_W_2Layers_input_size_55_node1_70_node2_10_node3_0_node4_0,0.22252471284300307
Test_W_2Layers_input_size_55_node1_40_node2_70_node3_0_node4_0,0.22252479654807902
Test_W_2Layers_input_size_60_node1_80_node2_20_node3_0_node4_0,0.22256176600218705
Test_W_2Layers_input_size_85_node1_80_node2_50_node3_0_node4_0,0.2225713400645144
Test_W_2Layers_input_size_35_node1_40_node2_40_node3_0_node4_0,0.22258385100251524
Test_W_2Layers_input_size_50_node1_20_node2_40_node3_0_node4_0,0.222664330988353
Test_W_2Layers_input_size_80_node1_50_node2_10_node3_0_node4_0,0.22267891952488753
Test_W_2Layers_input_size_10_node1_90_node2_30_node3_0_node4_0,0.22268830453458083
Test_W_2Layers_input_size_100_node1_60_node2_70_node3_0_node4_0,0.2226905210789523
Train_W_2Layers_input_size_30_node1_100_node2_80_node3_0_node4_0,0.22269717894372365
Train_W_1Layers_input_size_20_node1_80_node2_0_node3_0_node4_0,0.22276255094552125
Test_W_2Layers_input_size_70_node1_50_node2_80_node3_0_node4_0,0.22276628853693137
Train_W_2Layers_input_size_95_node1_100_node2_20_node3_0_node4_0,0.22276871333898285
Train_W_2Layers_input_size_70_node1_30_node2_30_node3_0_node4_0,0.22285282927010158
Test_W_2Layers_input_size_20_node1_60_node2_40_node3_0_node4_0,0.222870263761794
Test_W_1Layers_input_size_70_node1_50_node2_0_node3_0_node4_0,0.22289487533180435
Train_W_2Layers_input_size_65_node1_100_node2_60_node3_0_node4_0,0.2229019198412212
Test_W_2Layers_input_size_90_node1_90_node2_10_node3_0_node4_0,0.22292315230040732
Test_W_1Layers_input_size_95_node1_100_node2_0_node3_0_node4_0,0.22292839952293658
Test_W_2Layers_input_size_100_node1_20_node2_60_node3_0_node4_0,0.22295869396926477
Train_W_2Layers_input_size_75_node1_20_node2_50_node3_0_node4_0,0.22299940870189536
Test_W_2Layers_input_size_45_node1_30_node2_20_node3_0_node4_0,0.22302317084171788
Test_W_2Layers_input_size_95_node1_40_node2_10_node3_0_node4_0,0.2230328503690656
Train_W_2Layers_input_size_70_node1_50_node2_30_node3_0_node4_0,0.2230343369201772
Train_W_2Layers_input_size_40_node1_70_node2_100_node3_0_node4_0,0.22305130628469674
Train_W_1Layers_input_size_75_node1_40_node2_0_node3_0_node4_0,0.22305151505328777
Train_W_2Layers_input_size_60_node1_30_node2_40_node3_0_node4_0,0.2230630972285892
Test_W_2Layers_input_size_90_node1_50_node2_60_node3_0_node4_0,0.2230904595035814
Test_W_2Layers_input_size_100_node1_10_node2_60_node3_0_node4_0,0.2230945756616154
Train_W_2Layers_input_size_75_node1_50_node2_60_node3_0_node4_0,0.22312670079285607
Test_W_2Layers_input_size_80_node1_70_node2_30_node3_0_node4_0,0.22314585011299087
Test_W_2Layers_input_size_60_node1_50_node2_90_node3_0_node4_0,0.22314625912587915
Train_W_2Layers_input_size_35_node1_30_node2_90_node3_0_node4_0,0.22315877956585464
Test_W_2Layers_input_size_30_node1_10_node2_70_node3_0_node4_0,0.22317089033640738
Test_W_2Layers_input_size_75_node1_90_node2_80_node3_0_node4_0,0.22318365976858928
Train_W_2Layers_input_size_35_node1_60_node2_90_node3_0_node4_0,0.223300987503142
Test_W_2Layers_input_size_80_node1_20_node2_30_node3_0_node4_0,0.22330772726092474
Test_W_1Layers_input_size_50_node1_20_node2_0_node3_0_node4_0,0.22331585974238494
Test_W_2Layers_input_size_90_node1_30_node2_20_node3_0_node4_0,0.2233220569114755
Test_W_2Layers_input_size_60_node1_80_node2_80_node3_0_node4_0,0.22334182331390523
Train_W_2Layers_input_size_45_node1_90_node2_40_node3_0_node4_0,0.22335344881119637
Train_W_2Layers_input_size_45_node1_90_node2_50_node3_0_node4_0,0.22338788808883162
Test_W_1Layers_input_size_80_node1_80_node2_0_node3_0_node4_0,0.2234081238996083
Test_W_2Layers_input_size_100_node1_90_node2_40_node3_0_node4_0,0.22343536055814398
Test_W_1Layers_input_size_55_node1_70_node2_0_node3_0_node4_0,0.22347007894087498
Train_W_2Layers_input_size_20_node1_90_node2_60_node3_0_node4_0,0.22348988225776584
Train_W_1Layers_input_size_65_node1_60_node2_0_node3_0_node4_0,0.22352971694881352
Train_W_2Layers_input_size_10_node1_30_node2_60_node3_0_node4_0,0.22356849478463134
Test_W_2Layers_input_size_70_node1_10_node2_80_node3_0_node4_0,0.22357755086506373
Test_W_1Layers_input_size_50_node1_80_node2_0_node3_0_node4_0,0.22363516960401067
Test_W_2Layers_input_size_55_node1_10_node2_20_node3_0_node4_0,0.22378702968127592
Train_W_2Layers_input_size_55_node1_40_node2_60_node3_0_node4_0,0.22379248137217156
Test_W_2Layers_input_size_65_node1_80_node2_70_node3_0_node4_0,0.22379469530338103
Train_W_2Layers_input_size_35_node1_30_node2_80_node3_0_node4_0,0.22380799507575705
Train_W_2Layers_input_size_60_node1_100_node2_20_node3_0_node4_0,0.2238457511366124
Test_W_1Layers_input_size_15_node1_80_node2_0_node3_0_node4_0,0.2238650552797525
Test_W_2Layers_input_size_30_node1_100_node2_80_node3_0_node4_0,0.22390421594253537
Train_W_2Layers_input_size_20_node1_20_node2_40_node3_0_node4_0,0.223933513323202
Test_W_2Layers_input_size_45_node1_30_node2_100_node3_0_node4_0,0.22394996542416132
Test_W_2Layers_input_size_30_node1_90_node2_50_node3_0_node4_0,0.22397039994549808
Test_W_2Layers_input_size_65_node1_20_node2_50_node3_0_node4_0,0.22397047479379745
Test_W_2Layers_input_size_75_node1_40_node2_70_node3_0_node4_0,0.2239861674348491
Train_W_2Layers_input_size_100_node1_80_node2_40_node3_0_node4_0,0.22399488232186252
Test_W_1Layers_input_size_75_node1_80_node2_0_node3_0_node4_0,0.22404177722841864
Test_W_2Layers_input_size_100_node1_40_node2_20_node3_0_node4_0,0.22407049966840692
Test_W_2Layers_input_size_100_node1_70_node2_20_node3_0_node4_0,0.22407282723019567
Test_W_2Layers_input_size_50_node1_40_node2_100_node3_0_node4_0,0.2240879724167652
Train_W_2Layers_input_size_70_node1_100_node2_50_node3_0_node4_0,0.2241295540735762
Train_W_2Layers_input_size_40_node1_60_node2_20_node3_0_node4_0,0.22418148914124358
Train_W_2Layers_input_size_50_node1_90_node2_10_node3_0_node4_0,0.22419766549586687
Train_W_2Layers_input_size_95_node1_100_node2_50_node3_0_node4_0,0.22421191334685692
Test_W_2Layers_input_size_100_node1_60_node2_20_node3_0_node4_0,0.22425706848329421
Train_W_2Layers_input_size_80_node1_40_node2_80_node3_0_node4_0,0.2242843183153699
Train_W_2Layers_input_size_20_node1_60_node2_40_node3_0_node4_0,0.22428553081858346
Train_W_2Layers_input_size_85_node1_90_node2_90_node3_0_node4_0,0.22435245747345703
Train_W_2Layers_input_size_65_node1_80_node2_100_node3_0_node4_0,0.2243539352809584
Test_W_2Layers_input_size_80_node1_80_node2_70_node3_0_node4_0,0.22439749302130918
Train_W_1Layers_input_size_100_node1_50_node2_0_node3_0_node4_0,0.22442109882953815
Train_W_2Layers_input_size_60_node1_80_node2_50_node3_0_node4_0,0.22444113359773832
Train_W_2Layers_input_size_65_node1_70_node2_70_node3_0_node4_0,0.22445344902995082
Train_W_2Layers_input_size_30_node1_80_node2_20_node3_0_node4_0,0.22449429093028125
Test_W_1Layers_input_size_80_node1_50_node2_0_node3_0_node4_0,0.2246222119187518
Train_W_2Layers_input_size_50_node1_40_node2_10_node3_0_node4_0,0.22463410282849006
Train_W_1Layers_input_size_75_node1_70_node2_0_node3_0_node4_0,0.22464945062452987
Train_W_1Layers_input_size_10_node1_20_node2_0_node3_0_node4_0,0.22464952524658444
Test_W_2Layers_input_size_35_node1_20_node2_50_node3_0_node4_0,0.2246531319496695
Train_W_2Layers_input_size_55_node1_70_node2_70_node3_0_node4_0,0.22467445591665122
Test_W_1Layers_input_size_20_node1_80_node2_0_node3_0_node4_0,0.22473033467546205
Test_W_2Layers_input_size_80_node1_10_node2_90_node3_0_node4_0,0.22476306301243942
Test_W_2Layers_input_size_90_node1_50_node2_40_node3_0_node4_0,0.2248033183807653
Train_W_2Layers_input_size_45_node1_80_node2_70_node3_0_node4_0,0.2248084802912463
Test_W_2Layers_input_size_25_node1_70_node2_100_node3_0_node4_0,0.22483354245755352
Train_W_1Layers_input_size_90_node1_90_node2_0_node3_0_node4_0,0.22484042681477578
Test_W_2Layers_input_size_60_node1_10_node2_20_node3_0_node4_0,0.22487893721922492
Test_W_2Layers_input_size_45_node1_40_node2_70_node3_0_node4_0,0.2249119172272038
Test_W_1Layers_input_size_65_node1_30_node2_0_node3_0_node4_0,0.22500072055277417
Test_W_2Layers_input_size_15_node1_40_node2_90_node3_0_node4_0,0.2251199061719237
Test_W_2Layers_input_size_40_node1_10_node2_40_node3_0_node4_0,0.22512925561306552
Train_W_2Layers_input_size_30_node1_90_node2_50_node3_0_node4_0,0.22516123107652558
Train_W_2Layers_input_size_10_node1_90_node2_30_node3_0_node4_0,0.22525644390741065
Train_W_2Layers_input_size_55_node1_100_node2_10_node3_0_node4_0,0.22530132355925583
Test_W_2Layers_input_size_80_node1_60_node2_60_node3_0_node4_0,0.22533722580461202
Test_W_1Layers_input_size_85_node1_90_node2_0_node3_0_node4_0,0.22541378107239443
Train_W_1Layers_input_size_85_node1_10_node2_0_node3_0_node4_0,0.22542072207586433
Test_W_2Layers_input_size_75_node1_50_node2_50_node3_0_node4_0,0.22543205858859908
Train_W_2Layers_input_size_90_node1_50_node2_70_node3_0_node4_0,0.2254546885953385
Train_W_2Layers_input_size_20_node1_70_node2_70_node3_0_node4_0,0.22545788586112164
Train_W_2Layers_input_size_95_node1_20_node2_30_node3_0_node4_0,0.22556763942208669
Test_W_2Layers_input_size_40_node1_60_node2_30_node3_0_node4_0,0.2255695551748989
Test_W_2Layers_input_size_55_node1_40_node2_10_node3_0_node4_0,0.22560819705941218
Train_W_2Layers_input_size_50_node1_70_node2_70_node3_0_node4_0,0.22561734463921265
Test_W_2Layers_input_size_95_node1_90_node2_40_node3_0_node4_0,0.22571016994532117
Test_W_2Layers_input_size_70_node1_80_node2_50_node3_0_node4_0,0.22571714309517554
Train_W_2Layers_input_size_85_node1_20_node2_90_node3_0_node4_0,0.2257178197680733
Test_W_2Layers_input_size_15_node1_100_node2_100_node3_0_node4_0,0.225728266680029
Train_W_1Layers_input_size_50_node1_40_node2_0_node3_0_node4_0,0.22577943801152786
Train_W_2Layers_input_size_20_node1_20_node2_60_node3_0_node4_0,0.22580595970237566
Train_W_2Layers_input_size_50_node1_80_node2_70_node3_0_node4_0,0.22580905300933535
Train_W_2Layers_input_size_20_node1_80_node2_70_node3_0_node4_0,0.2258145218723559
Test_W_2Layers_input_size_50_node1_100_node2_100_node3_0_node4_0,0.22581739235378787
Test_W_2Layers_input_size_60_node1_30_node2_40_node3_0_node4_0,0.22584207038999082
Test_W_2Layers_input_size_20_node1_80_node2_70_node3_0_node4_0,0.22585134045281433
Test_W_1Layers_input_size_75_node1_90_node2_0_node3_0_node4_0,0.2258617317079392
Test_W_1Layers_input_size_50_node1_100_node2_0_node3_0_node4_0,0.22587329347912635
Test_W_2Layers_input_size_60_node1_40_node2_10_node3_0_node4_0,0.22604668204431888
Test_W_2Layers_input_size_70_node1_100_node2_50_node3_0_node4_0,0.22604873381757684
Test_W_2Layers_input_size_95_node1_90_node2_60_node3_0_node4_0,0.22605010165606929
Test_W_2Layers_input_size_65_node1_70_node2_70_node3_0_node4_0,0.2260697695992582
Train_W_2Layers_input_size_65_node1_100_node2_40_node3_0_node4_0,0.2260774814048959
Train_W_2Layers_input_size_85_node1_10_node2_70_node3_0_node4_0,0.22610474250660612
Train_W_2Layers_input_size_90_node1_20_node2_30_node3_0_node4_0,0.22613421605910625
Train_W_2Layers_input_size_90_node1_20_node2_90_node3_0_node4_0,0.22618482615230978
Test_W_2Layers_input_size_15_node1_40_node2_50_node3_0_node4_0,0.22624433308822917
Test_W_1Layers_input_size_85_node1_10_node2_0_node3_0_node4_0,0.2262578675577675
Test_W_2Layers_input_size_50_node1_40_node2_10_node3_0_node4_0,0.2263068203417502
Test_W_2Layers_input_size_55_node1_50_node2_80_node3_0_node4_0,0.22634183068563102
Test_W_2Layers_input_size_20_node1_70_node2_70_node3_0_node4_0,0.2264169932778883
Train_W_2Layers_input_size_35_node1_80_node2_90_node3_0_node4_0,0.2264300156329584
Train_W_2Layers_input_size_80_node1_50_node2_30_node3_0_node4_0,0.22645301475409038
Test_W_2Layers_input_size_65_node1_70_node2_100_node3_0_node4_0,0.2264614866599257
Test_W_2Layers_input_size_80_node1_40_node2_80_node3_0_node4_0,0.22650549434530448
Test_W_2Layers_input_size_100_node1_50_node2_20_node3_0_node4_0,0.22652183365060818
Test_W_2Layers_input_size_95_node1_90_node2_10_node3_0_node4_0,0.22652551743785404
Test_W_2Layers_input_size_50_node1_70_node2_40_node3_0_node4_0,0.22654752024095565
Test_W_2Layers_input_size_85_node1_40_node2_30_node3_0_node4_0,0.2265553062217675
Train_W_2Layers_input_size_70_node1_100_node2_70_node3_0_node4_0,0.2265754728878238
Train_W_2Layers_input_size_70_node1_60_node2_80_node3_0_node4_0,0.2266228036537354
Test_W_2Layers_input_size_35_node1_10_node2_20_node3_0_node4_0,0.22668924568215093
Test_W_2Layers_input_size_85_node1_40_node2_40_node3_0_node4_0,0.22672676839918054
Train_W_2Layers_input_size_25_node1_60_node2_30_node3_0_node4_0,0.22673895968610813
Test_W_2Layers_input_size_85_node1_70_node2_30_node3_0_node4_0,0.22674344499464927
Test_W_2Layers_input_size_50_node1_60_node2_30_node3_0_node4_0,0.2268234920092942
Train_W_1Layers_input_size_80_node1_100_node2_0_node3_0_node4_0,0.22686836544298422
Train_W_2Layers_input_size_30_node1_90_node2_100_node3_0_node4_0,0.226884514422621
Train_W_2Layers_input_size_90_node1_80_node2_20_node3_0_node4_0,0.2269071144961748
Test_W_2Layers_input_size_95_node1_80_node2_60_node3_0_node4_0,0.22692349875765602
Test_W_2Layers_input_size_70_node1_30_node2_30_node3_0_node4_0,0.22696146695273317
Test_W_2Layers_input_size_75_node1_10_node2_10_node3_0_node4_0,0.22696791746745
Test_W_1Layers_input_size_60_node1_70_node2_0_node3_0_node4_0,0.2269809410395834
Test_W_2Layers_input_size_90_node1_60_node2_30_node3_0_node4_0,0.22701825965215275
Test_W_1Layers_input_size_35_node1_30_node2_0_node3_0_node4_0,0.22703735968185296
Test_W_2Layers_input_size_70_node1_50_node2_100_node3_0_node4_0,0.227054144721601
Test_W_1Layers_input_size_60_node1_40_node2_0_node3_0_node4_0,0.22715406632275786
Train_W_2Layers_input_size_95_node1_60_node2_60_node3_0_node4_0,0.22717075254689204
Train_W_1Layers_input_size_75_node1_50_node2_0_node3_0_node4_0,0.22717170366574238
Test_W_2Layers_input_size_15_node1_60_node2_80_node3_0_node4_0,0.22728936570666916
Train_W_2Layers_input_size_20_node1_50_node2_20_node3_0_node4_0,0.22729103748841678
Train_W_2Layers_input_size_90_node1_90_node2_50_node3_0_node4_0,0.2272974376764595
Test_W_2Layers_input_size_85_node1_90_node2_90_node3_0_node4_0,0.22735512138059516
Train_W_2Layers_input_size_25_node1_70_node2_100_node3_0_node4_0,0.22736180649983562
Test_W_2Layers_input_size_15_node1_50_node2_60_node3_0_node4_0,0.22739073212185357
Train_W_2Layers_input_size_55_node1_40_node2_10_node3_0_node4_0,0.22739106796841163
Test_W_2Layers_input_size_55_node1_70_node2_70_node3_0_node4_0,0.22747489941378116
Train_W_2Layers_input_size_90_node1_40_node2_20_node3_0_node4_0,0.2274999789615244
Test_W_2Layers_input_size_20_node1_70_node2_60_node3_0_node4_0,0.22756616488300083
Test_W_2Layers_input_size_35_node1_80_node2_90_node3_0_node4_0,0.22758029187654247
Test_W_2Layers_input_size_15_node1_90_node2_70_node3_0_node4_0,0.22759210189396498
Test_W_2Layers_input_size_65_node1_10_node2_10_node3_0_node4_0,0.2276744603405638
Test_W_2Layers_input_size_25_node1_70_node2_60_node3_0_node4_0,0.2277098166439842
Test_W_2Layers_input_size_70_node1_40_node2_10_node3_0_node4_0,0.22773405241902506
Test_W_2Layers_input_size_45_node1_80_node2_70_node3_0_node4_0,0.22778824844578607
Train_W_2Layers_input_size_90_node1_30_node2_40_node3_0_node4_0,0.22781712809912544
Test_W_2Layers_input_size_70_node1_70_node2_50_node3_0_node4_0,0.22783851565254304
Test_W_2Layers_input_size_95_node1_50_node2_70_node3_0_node4_0,0.22787087931336403
Test_W_2Layers_input_size_90_node1_20_node2_90_node3_0_node4_0,0.2279026417511336
Train_W_2Layers_input_size_60_node1_80_node2_100_node3_0_node4_0,0.22797278786966557
Train_W_2Layers_input_size_75_node1_20_node2_100_node3_0_node4_0,0.22799679962064098
Train_W_2Layers_input_size_70_node1_40_node2_10_node3_0_node4_0,0.22801760667028523
Test_W_2Layers_input_size_85_node1_20_node2_90_node3_0_node4_0,0.22802200147754487
Test_W_2Layers_input_size_35_node1_10_node2_60_node3_0_node4_0,0.22802433771606667
Test_W_2Layers_input_size_75_node1_50_node2_60_node3_0_node4_0,0.2280369088823565
Test_W_2Layers_input_size_90_node1_100_node2_20_node3_0_node4_0,0.22810826305497534
Test_W_2Layers_input_size_90_node1_70_node2_80_node3_0_node4_0,0.228147528136956
Train_W_2Layers_input_size_45_node1_80_node2_40_node3_0_node4_0,0.22820911881496983
Test_W_2Layers_input_size_60_node1_90_node2_10_node3_0_node4_0,0.2282092902171191
Train_W_2Layers_input_size_45_node1_80_node2_30_node3_0_node4_0,0.22825977479001328
Test_W_1Layers_input_size_45_node1_70_node2_0_node3_0_node4_0,0.22829982969170767
Train_W_2Layers_input_size_15_node1_100_node2_100_node3_0_node4_0,0.22834420091431282
Test_W_2Layers_input_size_20_node1_30_node2_10_node3_0_node4_0,0.22835035134652432
Test_W_2Layers_input_size_70_node1_100_node2_70_node3_0_node4_0,0.22840649697085175
Test_W_2Layers_input_size_60_node1_100_node2_20_node3_0_node4_0,0.22840940827192793
Train_W_2Layers_input_size_50_node1_60_node2_70_node3_0_node4_0,0.22848560266452542
Train_W_2Layers_input_size_85_node1_10_node2_40_node3_0_node4_0,0.2285449669413332
Train_W_2Layers_input_size_60_node1_20_node2_50_node3_0_node4_0,0.22854909081225003
Test_W_2Layers_input_size_5_node1_10_node2_100_node3_0_node4_0,0.22861311536519754
Test_W_2Layers_input_size_70_node1_90_node2_100_node3_0_node4_0,0.22863220436358134
Test_W_2Layers_input_size_80_node1_10_node2_50_node3_0_node4_0,0.228702924866565
Test_W_1Layers_input_size_70_node1_80_node2_0_node3_0_node4_0,0.22871291781121128
Train_W_2Layers_input_size_65_node1_10_node2_70_node3_0_node4_0,0.22871924563595383
Test_W_2Layers_input_size_80_node1_90_node2_70_node3_0_node4_0,0.22873382258405517
Test_W_2Layers_input_size_45_node1_80_node2_30_node3_0_node4_0,0.22873514179273455
Test_W_2Layers_input_size_95_node1_80_node2_100_node3_0_node4_0,0.22878862034118455
Test_W_2Layers_input_size_20_node1_20_node2_50_node3_0_node4_0,0.22879656614764562
Test_W_2Layers_input_size_80_node1_30_node2_30_node3_0_node4_0,0.22881578636831124
Test_W_2Layers_input_size_30_node1_30_node2_40_node3_0_node4_0,0.2288244231378183
Train_W_2Layers_input_size_35_node1_70_node2_50_node3_0_node4_0,0.22883903408387532
Test_W_1Layers_input_size_35_node1_70_node2_0_node3_0_node4_0,0.22884760486211198
Test_W_2Layers_input_size_65_node1_100_node2_40_node3_0_node4_0,0.22885729848940978
Train_W_2Layers_input_size_50_node1_90_node2_40_node3_0_node4_0,0.22889167459322654
Test_W_2Layers_input_size_45_node1_70_node2_100_node3_0_node4_0,0.22889529582818935
Train_W_2Layers_input_size_45_node1_50_node2_40_node3_0_node4_0,0.2289442135052744
Train_W_1Layers_input_size_85_node1_20_node2_0_node3_0_node4_0,0.22896155024626885
Test_W_2Layers_input_size_45_node1_40_node2_20_node3_0_node4_0,0.22896329116978242
Test_W_2Layers_input_size_100_node1_90_node2_70_node3_0_node4_0,0.2289727439906885
Test_W_2Layers_input_size_50_node1_80_node2_70_node3_0_node4_0,0.22902300334110454
Train_W_2Layers_input_size_15_node1_50_node2_70_node3_0_node4_0,0.2290232879960901
Train_W_2Layers_input_size_80_node1_10_node2_80_node3_0_node4_0,0.22903329949353965
Train_W_2Layers_input_size_35_node1_40_node2_60_node3_0_node4_0,0.22906133911650506
Test_W_2Layers_input_size_45_node1_90_node2_10_node3_0_node4_0,0.22906290851832414
Test_W_1Layers_input_size_30_node1_10_node2_0_node3_0_node4_0,0.22910996118421242
Train_W_2Layers_input_size_90_node1_70_node2_70_node3_0_node4_0,0.22911786332802914
Test_W_1Layers_input_size_65_node1_20_node2_0_node3_0_node4_0,0.22914480336252563
Train_W_2Layers_input_size_85_node1_30_node2_80_node3_0_node4_0,0.2292089784459745
Test_W_2Layers_input_size_80_node1_10_node2_80_node3_0_node4_0,0.22921997320918833
Train_W_2Layers_input_size_15_node1_60_node2_80_node3_0_node4_0,0.2292635082681938
Test_W_2Layers_input_size_15_node1_20_node2_80_node3_0_node4_0,0.22928569512999555
Test_W_2Layers_input_size_70_node1_40_node2_30_node3_0_node4_0,0.22936202071001188
Train_W_2Layers_input_size_55_node1_90_node2_100_node3_0_node4_0,0.22936791646814209
Test_W_2Layers_input_size_90_node1_60_node2_10_node3_0_node4_0,0.22941425704752946
Train_W_2Layers_input_size_65_node1_80_node2_20_node3_0_node4_0,0.22947520741080238
Test_W_1Layers_input_size_100_node1_50_node2_0_node3_0_node4_0,0.2294959615843467
Test_W_2Layers_input_size_60_node1_20_node2_50_node3_0_node4_0,0.22952954414362212
Train_W_2Layers_input_size_100_node1_60_node2_80_node3_0_node4_0,0.22961068036518598
Train_W_2Layers_input_size_25_node1_30_node2_60_node3_0_node4_0,0.22961970905361279
Test_W_2Layers_input_size_100_node1_80_node2_100_node3_0_node4_0,0.22965994040264434
Test_W_2Layers_input_size_75_node1_90_node2_50_node3_0_node4_0,0.22966567441824468
Test_W_2Layers_input_size_10_node1_20_node2_10_node3_0_node4_0,0.22967077570641176
Train_W_2Layers_input_size_45_node1_70_node2_100_node3_0_node4_0,0.22975343484459035
Train_W_2Layers_input_size_95_node1_70_node2_80_node3_0_node4_0,0.22975832340295615
Test_W_2Layers_input_size_80_node1_40_node2_70_node3_0_node4_0,0.22976394957522062
Train_W_2Layers_input_size_30_node1_20_node2_60_node3_0_node4_0,0.22979296189914677
Test_W_2Layers_input_size_60_node1_30_node2_10_node3_0_node4_0,0.22981381705702697
Train_W_2Layers_input_size_85_node1_10_node2_90_node3_0_node4_0,0.22985604032258028
Train_W_2Layers_input_size_25_node1_100_node2_50_node3_0_node4_0,0.22986338200284545
Test_W_2Layers_input_size_80_node1_20_node2_90_node3_0_node4_0,0.22993041868729663
Test_W_2Layers_input_size_35_node1_70_node2_50_node3_0_node4_0,0.2299429504503394
Train_W_2Layers_input_size_85_node1_60_node2_70_node3_0_node4_0,0.22994524287090984
Test_W_2Layers_input_size_90_node1_30_node2_40_node3_0_node4_0,0.22995442042472217
Train_W_2Layers_input_size_85_node1_50_node2_10_node3_0_node4_0,0.22997599797853902
Test_W_1Layers_input_size_90_node1_60_node2_0_node3_0_node4_0,0.23002462104995836
Test_W_2Layers_input_size_75_node1_20_node2_30_node3_0_node4_0,0.23004616772869996
Test_W_2Layers_input_size_75_node1_30_node2_40_node3_0_node4_0,0.2300928169442951
Test_W_2Layers_input_size_55_node1_100_node2_10_node3_0_node4_0,0.23014029033822253
Test_W_1Layers_input_size_90_node1_90_node2_0_node3_0_node4_0,0.23020884034085146
Train_W_1Layers_input_size_15_node1_40_node2_0_node3_0_node4_0,0.23023367061966765
Test_W_2Layers_input_size_95_node1_100_node2_20_node3_0_node4_0,0.23025109633247895
Test_W_2Layers_input_size_20_node1_90_node2_20_node3_0_node4_0,0.23026746915244584
Test_W_2Layers_input_size_35_node1_40_node2_60_node3_0_node4_0,0.2302976231577418
Train_W_2Layers_input_size_70_node1_60_node2_40_node3_0_node4_0,0.23029899811214116
Test_W_2Layers_input_size_80_node1_20_node2_40_node3_0_node4_0,0.23030486988384044
Test_W_2Layers_input_size_100_node1_40_node2_10_node3_0_node4_0,0.2303123266563643
Train_W_2Layers_input_size_15_node1_90_node2_30_node3_0_node4_0,0.23032316361770433
Test_W_2Layers_input_size_90_node1_20_node2_30_node3_0_node4_0,0.23035058532217773
Train_W_2Layers_input_size_65_node1_40_node2_70_node3_0_node4_0,0.23036893202417094
Test_W_2Layers_input_size_100_node1_80_node2_40_node3_0_node4_0,0.23038677600427893
Train_W_2Layers_input_size_90_node1_50_node2_50_node3_0_node4_0,0.23042241940091618
Test_W_2Layers_input_size_95_node1_100_node2_80_node3_0_node4_0,0.23043231352806626
Test_W_1Layers_input_size_15_node1_40_node2_0_node3_0_node4_0,0.2304413100249155
Test_W_2Layers_input_size_65_node1_40_node2_70_node3_0_node4_0,0.23049200878130563
Train_W_2Layers_input_size_30_node1_100_node2_70_node3_0_node4_0,0.23053651556967153
Train_W_2Layers_input_size_95_node1_70_node2_20_node3_0_node4_0,0.2305504201592551
Train_W_2Layers_input_size_15_node1_90_node2_20_node3_0_node4_0,0.2305555826609058
Train_W_2Layers_input_size_70_node1_80_node2_10_node3_0_node4_0,0.23056740184990684
Test_W_1Layers_input_size_90_node1_10_node2_0_node3_0_node4_0,0.23058073911343763
Test_W_2Layers_input_size_20_node1_90_node2_100_node3_0_node4_0,0.23067742130573177
Train_W_2Layers_input_size_65_node1_50_node2_30_node3_0_node4_0,0.2307044618065971
Test_W_2Layers_input_size_100_node1_80_node2_50_node3_0_node4_0,0.23076456288551686
Train_W_1Layers_input_size_85_node1_40_node2_0_node3_0_node4_0,0.23077717849146212
Test_W_2Layers_input_size_45_node1_90_node2_100_node3_0_node4_0,0.23079842087099667
Test_W_1Layers_input_size_75_node1_40_node2_0_node3_0_node4_0,0.2308323626520793
Train_W_1Layers_input_size_80_node1_70_node2_0_node3_0_node4_0,0.23085326914450305
Train_W_2Layers_input_size_85_node1_20_node2_50_node3_0_node4_0,0.2308750934703908
Test_W_2Layers_input_size_15_node1_10_node2_20_node3_0_node4_0,0.23090303043759575
Test_W_2Layers_input_size_55_node1_90_node2_100_node3_0_node4_0,0.23099226410667406
Train_W_2Layers_input_size_65_node1_70_node2_30_node3_0_node4_0,0.23102949106647716
Test_W_2Layers_input_size_95_node1_20_node2_30_node3_0_node4_0,0.2310421970115975
Test_W_2Layers_input_size_85_node1_10_node2_50_node3_0_node4_0,0.23107072640711565
Test_W_2Layers_input_size_25_node1_30_node2_100_node3_0_node4_0,0.23112886258802662
Test_W_2Layers_input_size_95_node1_60_node2_60_node3_0_node4_0,0.23113376234928631
Train_W_2Layers_input_size_100_node1_50_node2_70_node3_0_node4_0,0.2312500528387061
Test_W_2Layers_input_size_10_node1_40_node2_50_node3_0_node4_0,0.23132328244815364
Train_W_2Layers_input_size_40_node1_40_node2_100_node3_0_node4_0,0.23132507001411354
Test_W_2Layers_input_size_40_node1_40_node2_100_node3_0_node4_0,0.23132884640309023
Train_W_2Layers_input_size_70_node1_80_node2_80_node3_0_node4_0,0.23138846330974372
Test_W_2Layers_input_size_100_node1_40_node2_100_node3_0_node4_0,0.23140955298653207
Test_W_2Layers_input_size_50_node1_90_node2_90_node3_0_node4_0,0.23141056717445768
Test_W_2Layers_input_size_30_node1_40_node2_10_node3_0_node4_0,0.2314120160066411
Test_W_2Layers_input_size_85_node1_10_node2_90_node3_0_node4_0,0.2314482821503387
Test_W_2Layers_input_size_95_node1_70_node2_80_node3_0_node4_0,0.23148443800751226
Train_W_2Layers_input_size_45_node1_90_node2_100_node3_0_node4_0,0.2314953488372898
Train_W_2Layers_input_size_35_node1_80_node2_60_node3_0_node4_0,0.23150833495112053
Test_W_2Layers_input_size_50_node1_90_node2_10_node3_0_node4_0,0.23154098207417054
Train_W_2Layers_input_size_70_node1_80_node2_90_node3_0_node4_0,0.23154385396401245
Test_W_1Layers_input_size_30_node1_100_node2_0_node3_0_node4_0,0.23163506821244226
Test_W_2Layers_input_size_80_node1_60_node2_10_node3_0_node4_0,0.2317465580146593
Test_W_2Layers_input_size_95_node1_10_node2_10_node3_0_node4_0,0.2317473697929752
Test_W_2Layers_input_size_85_node1_30_node2_80_node3_0_node4_0,0.2317622786811211
Train_W_2Layers_input_size_75_node1_60_node2_100_node3_0_node4_0,0.23178377633262864
Train_W_1Layers_input_size_45_node1_100_node2_0_node3_0_node4_0,0.23181284120174092
Train_W_2Layers_input_size_70_node1_50_node2_10_node3_0_node4_0,0.2318426897693398
Test_W_2Layers_input_size_100_node1_60_node2_80_node3_0_node4_0,0.23185480486125887
Test_W_1Layers_input_size_75_node1_70_node2_0_node3_0_node4_0,0.23190407012955355
Train_W_1Layers_input_size_30_node1_100_node2_0_node3_0_node4_0,0.23201104728010044
Train_W_2Layers_input_size_40_node1_100_node2_50_node3_0_node4_0,0.23205903525916247
Test_W_2Layers_input_size_30_node1_20_node2_60_node3_0_node4_0,0.23207547315462798
Test_W_2Layers_input_size_90_node1_40_node2_20_node3_0_node4_0,0.2321342403455382
Test_W_2Layers_input_size_85_node1_60_node2_70_node3_0_node4_0,0.23217610580242204
Test_W_2Layers_input_size_75_node1_60_node2_90_node3_0_node4_0,0.23221096117953666
Test_W_2Layers_input_size_65_node1_90_node2_10_node3_0_node4_0,0.23223036401202204
Test_W_1Layers_input_size_55_node1_30_node2_0_node3_0_node4_0,0.23223534480012212
Train_W_1Layers_input_size_40_node1_100_node2_0_node3_0_node4_0,0.23227038375080364
Train_W_2Layers_input_size_40_node1_70_node2_60_node3_0_node4_0,0.2322970704375302
Train_W_2Layers_input_size_75_node1_100_node2_100_node3_0_node4_0,0.23232877293116105
Train_W_2Layers_input_size_45_node1_60_node2_50_node3_0_node4_0,0.23240505285853652
Train_W_1Layers_input_size_20_node1_50_node2_0_node3_0_node4_0,0.23241597656971855
Train_W_2Layers_input_size_85_node1_40_node2_50_node3_0_node4_0,0.23241832473992538
Train_W_2Layers_input_size_45_node1_90_node2_20_node3_0_node4_0,0.23244382450098156
Train_W_2Layers_input_size_95_node1_60_node2_30_node3_0_node4_0,0.23249943024298886
Test_W_2Layers_input_size_90_node1_70_node2_70_node3_0_node4_0,0.23250277898265903
Train_W_2Layers_input_size_65_node1_40_node2_30_node3_0_node4_0,0.23256199884296602
Train_W_1Layers_input_size_100_node1_20_node2_0_node3_0_node4_0,0.23265909062554288
Train_W_2Layers_input_size_70_node1_70_node2_20_node3_0_node4_0,0.23270374324447254
Train_W_2Layers_input_size_60_node1_60_node2_30_node3_0_node4_0,0.23270812959386045
Test_W_2Layers_input_size_30_node1_40_node2_70_node3_0_node4_0,0.23272701076344152
Test_W_2Layers_input_size_60_node1_40_node2_40_node3_0_node4_0,0.23272729088795638
Test_W_2Layers_input_size_70_node1_70_node2_10_node3_0_node4_0,0.23280035985745967
Train_W_2Layers_input_size_15_node1_20_node2_60_node3_0_node4_0,0.23289013822569293
Train_W_2Layers_input_size_95_node1_90_node2_90_node3_0_node4_0,0.2330475647775773
Test_W_2Layers_input_size_20_node1_100_node2_60_node3_0_node4_0,0.2330711016593178
Train_W_2Layers_input_size_65_node1_80_node2_90_node3_0_node4_0,0.23316834891749486
Test_W_2Layers_input_size_90_node1_50_node2_50_node3_0_node4_0,0.2332429966795146
Train_W_2Layers_input_size_25_node1_30_node2_100_node3_0_node4_0,0.23324460981699094
Test_W_2Layers_input_size_60_node1_90_node2_50_node3_0_node4_0,0.23331956049313998
Test_W_1Layers_input_size_65_node1_60_node2_0_node3_0_node4_0,0.23345265895898348
Test_W_2Layers_input_size_60_node1_50_node2_20_node3_0_node4_0,0.23345388767318787
Train_W_2Layers_input_size_95_node1_90_node2_100_node3_0_node4_0,0.2335245278665997
Test_W_2Layers_input_size_95_node1_80_node2_90_node3_0_node4_0,0.23355491532261838
Train_W_2Layers_input_size_70_node1_70_node2_10_node3_0_node4_0,0.23359743517262094
Test_W_2Layers_input_size_85_node1_40_node2_60_node3_0_node4_0,0.23359971565105167
Test_W_2Layers_input_size_75_node1_10_node2_90_node3_0_node4_0,0.2336071150920904
Test_W_2Layers_input_size_70_node1_80_node2_80_node3_0_node4_0,0.23361622054808184
Train_W_2Layers_input_size_60_node1_40_node2_50_node3_0_node4_0,0.2337430620311316
Test_W_2Layers_input_size_60_node1_80_node2_50_node3_0_node4_0,0.2337953631986925
Train_W_2Layers_input_size_35_node1_30_node2_40_node3_0_node4_0,0.2338802121716751
Test_W_2Layers_input_size_65_node1_100_node2_60_node3_0_node4_0,0.23395186215880676
Test_W_2Layers_input_size_50_node1_100_node2_50_node3_0_node4_0,0.2340212377382113
Test_W_2Layers_input_size_40_node1_70_node2_100_node3_0_node4_0,0.23417056227364627
Test_W_2Layers_input_size_45_node1_90_node2_50_node3_0_node4_0,0.23418077527478398
Test_W_2Layers_input_size_50_node1_80_node2_100_node3_0_node4_0,0.23422698274309248
Train_W_2Layers_input_size_65_node1_60_node2_50_node3_0_node4_0,0.23430033130137962
Train_W_2Layers_input_size_45_node1_50_node2_30_node3_0_node4_0,0.2343827405287145
Train_W_2Layers_input_size_80_node1_20_node2_100_node3_0_node4_0,0.2343828517870172
Test_W_2Layers_input_size_45_node1_90_node2_40_node3_0_node4_0,0.23439024239885167
Test_W_2Layers_input_size_75_node1_100_node2_100_node3_0_node4_0,0.23439211782887
Train_W_2Layers_input_size_70_node1_100_node2_90_node3_0_node4_0,0.23448528238322902
Train_W_2Layers_input_size_20_node1_10_node2_80_node3_0_node4_0,0.2345025986789769
Test_W_2Layers_input_size_35_node1_30_node2_40_node3_0_node4_0,0.23451884147303315
Test_W_2Layers_input_size_65_node1_70_node2_30_node3_0_node4_0,0.23469912845588312
Test_W_2Layers_input_size_45_node1_60_node2_50_node3_0_node4_0,0.2347248089515826
Test_W_2Layers_input_size_95_node1_90_node2_90_node3_0_node4_0,0.23476307053532958
Train_W_2Layers_input_size_50_node1_40_node2_30_node3_0_node4_0,0.23493810401629805
Test_W_2Layers_input_size_20_node1_90_node2_60_node3_0_node4_0,0.2349404349066389
Train_W_2Layers_input_size_50_node1_80_node2_20_node3_0_node4_0,0.23494978202029157
Test_W_2Layers_input_size_95_node1_100_node2_50_node3_0_node4_0,0.2349529689918442
Train_W_2Layers_input_size_70_node1_100_node2_20_node3_0_node4_0,0.2349653834986973
Test_W_2Layers_input_size_85_node1_40_node2_50_node3_0_node4_0,0.23506512761593548
Test_W_2Layers_input_size_40_node1_60_node2_20_node3_0_node4_0,0.23510636817640548
Test_W_2Layers_input_size_35_node1_60_node2_90_node3_0_node4_0,0.23518912063453862
Train_W_2Layers_input_size_70_node1_10_node2_40_node3_0_node4_0,0.23519757088370624
Test_W_2Layers_input_size_85_node1_50_node2_10_node3_0_node4_0,0.23527955500924067
Test_W_2Layers_input_size_20_node1_70_node2_80_node3_0_node4_0,0.23532509556023418
Test_W_2Layers_input_size_10_node1_30_node2_60_node3_0_node4_0,0.2353396036742444
Test_W_2Layers_input_size_95_node1_90_node2_100_node3_0_node4_0,0.23535741901629587
Test_W_1Layers_input_size_45_node1_100_node2_0_node3_0_node4_0,0.23537389562229213
Train_W_2Layers_input_size_30_node1_40_node2_80_node3_0_node4_0,0.23540508880389607
Test_W_2Layers_input_size_20_node1_20_node2_40_node3_0_node4_0,0.23541228116572743
Test_W_2Layers_input_size_90_node1_80_node2_20_node3_0_node4_0,0.235423136547666
Train_W_2Layers_input_size_65_node1_100_node2_20_node3_0_node4_0,0.23545950475919
Test_W_2Layers_input_size_55_node1_20_node2_10_node3_0_node4_0,0.2354728734314155
Train_W_2Layers_input_size_20_node1_50_node2_100_node3_0_node4_0,0.23551367878468799
Test_W_1Layers_input_size_80_node1_70_node2_0_node3_0_node4_0,0.23555934012660273
Test_W_2Layers_input_size_35_node1_30_node2_90_node3_0_node4_0,0.23559501529257185
Train_W_2Layers_input_size_20_node1_100_node2_60_node3_0_node4_0,0.23559907900906696
Train_W_2Layers_input_size_85_node1_30_node2_90_node3_0_node4_0,0.23561839256331352
Test_W_2Layers_input_size_70_node1_50_node2_30_node3_0_node4_0,0.23565782113506958
Test_W_2Layers_input_size_55_node1_40_node2_60_node3_0_node4_0,0.2356696452588134
Test_W_2Layers_input_size_35_node1_30_node2_80_node3_0_node4_0,0.2357080932715654
Train_W_2Layers_input_size_20_node1_50_node2_70_node3_0_node4_0,0.23575061982124942
Test_W_1Layers_input_size_10_node1_20_node2_0_node3_0_node4_0,0.2358385326909809
Test_W_2Layers_input_size_70_node1_50_node2_10_node3_0_node4_0,0.23585338830062688
Test_W_2Layers_input_size_75_node1_20_node2_50_node3_0_node4_0,0.23593309189929026
Test_W_1Layers_input_size_85_node1_20_node2_0_node3_0_node4_0,0.2359652689198465
Test_W_2Layers_input_size_35_node1_70_node2_80_node3_0_node4_0,0.23596658716838562
Train_W_2Layers_input_size_15_node1_10_node2_80_node3_0_node4_0,0.23599725212956368
Test_W_1Layers_input_size_100_node1_20_node2_0_node3_0_node4_0,0.23608560965924358
Train_W_2Layers_input_size_75_node1_70_node2_50_node3_0_node4_0,0.23608923100477014
Test_W_2Layers_input_size_20_node1_60_node2_70_node3_0_node4_0,0.23612645900309895
Train_W_2Layers_input_size_95_node1_60_node2_50_node3_0_node4_0,0.23616714354181792
Test_W_2Layers_input_size_20_node1_10_node2_80_node3_0_node4_0,0.23620715079435195
Test_W_2Layers_input_size_60_node1_40_node2_50_node3_0_node4_0,0.23626943127381772
Test_W_2Layers_input_size_80_node1_20_node2_100_node3_0_node4_0,0.23629989140108917
Train_W_2Layers_input_size_35_node1_70_node2_80_node3_0_node4_0,0.23631004390433968
Test_W_2Layers_input_size_65_node1_80_node2_100_node3_0_node4_0,0.23633638477866334
Test_W_2Layers_input_size_30_node1_90_node2_60_node3_0_node4_0,0.2364144601045494
Train_W_2Layers_input_size_55_node1_10_node2_80_node3_0_node4_0,0.2364155473664682
Train_W_1Layers_input_size_70_node1_90_node2_0_node3_0_node4_0,0.23642853109343345
Train_W_2Layers_input_size_85_node1_80_node2_90_node3_0_node4_0,0.23644264063388223
Test_W_2Layers_input_size_30_node1_80_node2_20_node3_0_node4_0,0.2365436438222567
Train_W_2Layers_input_size_40_node1_90_node2_90_node3_0_node4_0,0.236581493154421
Test_W_2Layers_input_size_80_node1_50_node2_30_node3_0_node4_0,0.23658924809491944
Train_W_2Layers_input_size_45_node1_100_node2_100_node3_0_node4_0,0.23663770087605732
Train_W_2Layers_input_size_90_node1_30_node2_30_node3_0_node4_0,0.23668050110761008
Test_W_2Layers_input_size_85_node1_30_node2_90_node3_0_node4_0,0.23678895456930293
Test_W_2Layers_input_size_85_node1_10_node2_70_node3_0_node4_0,0.2368342835275616
Test_W_2Layers_input_size_15_node1_70_node2_20_node3_0_node4_0,0.23683768108014902
Test_W_2Layers_input_size_65_node1_40_node2_30_node3_0_node4_0,0.23689926900064495
Train_W_2Layers_input_size_50_node1_20_node2_20_node3_0_node4_0,0.23691443547835084
Test_W_2Layers_input_size_35_node1_80_node2_20_node3_0_node4_0,0.23694094499877408
Train_W_1Layers_input_size_60_node1_80_node2_0_node3_0_node4_0,0.23694472621593762
Test_W_2Layers_input_size_45_node1_30_node2_70_node3_0_node4_0,0.23709279085636273
Test_W_2Layers_input_size_90_node1_90_node2_50_node3_0_node4_0,0.23714010394601456
Train_W_2Layers_input_size_90_node1_50_node2_100_node3_0_node4_0,0.23720908888469744
Train_W_2Layers_input_size_20_node1_60_node2_70_node3_0_node4_0,0.23735005137433143
Train_W_2Layers_input_size_30_node1_90_node2_60_node3_0_node4_0,0.23735338661113436
Test_W_2Layers_input_size_70_node1_60_node2_80_node3_0_node4_0,0.23737424451146322
Train_W_1Layers_input_size_85_node1_30_node2_0_node3_0_node4_0,0.23740186389166895
Train_W_2Layers_input_size_45_node1_30_node2_70_node3_0_node4_0,0.23741875563916828
Train_W_1Layers_input_size_65_node1_50_node2_0_node3_0_node4_0,0.23752669165600787
Test_W_2Layers_input_size_65_node1_60_node2_50_node3_0_node4_0,0.23758360871769915
Train_W_2Layers_input_size_45_node1_50_node2_60_node3_0_node4_0,0.23764656306732423
Test_W_2Layers_input_size_40_node1_70_node2_90_node3_0_node4_0,0.2377423931754108
Test_W_2Layers_input_size_20_node1_20_node2_60_node3_0_node4_0,0.2377476032073091
Test_W_2Layers_input_size_25_node1_60_node2_30_node3_0_node4_0,0.23784488056512101
Test_W_2Layers_input_size_30_node1_90_node2_100_node3_0_node4_0,0.23791288606815483
Train_W_2Layers_input_size_15_node1_70_node2_20_node3_0_node4_0,0.23794778566195854
Train_W_2Layers_input_size_20_node1_70_node2_80_node3_0_node4_0,0.23799906891302094
Test_W_1Layers_input_size_80_node1_100_node2_0_node3_0_node4_0,0.23806493352005256
Train_W_2Layers_input_size_100_node1_40_node2_50_node3_0_node4_0,0.23836076691657765
Test_W_2Layers_input_size_10_node1_60_node2_80_node3_0_node4_0,0.238364509982321
Test_W_2Layers_input_size_90_node1_50_node2_70_node3_0_node4_0,0.23846658159344133
Test_W_2Layers_input_size_70_node1_10_node2_20_node3_0_node4_0,0.23849747962039794
Test_W_2Layers_input_size_45_node1_90_node2_20_node3_0_node4_0,0.23857330184679132
Train_W_2Layers_input_size_85_node1_30_node2_10_node3_0_node4_0,0.23859276498417606
Test_W_2Layers_input_size_65_node1_80_node2_20_node3_0_node4_0,0.23866680876603993
Train_W_2Layers_input_size_35_node1_80_node2_20_node3_0_node4_0,0.23867649379824957
Train_W_2Layers_input_size_40_node1_70_node2_90_node3_0_node4_0,0.23881843861711366
Train_W_2Layers_input_size_85_node1_90_node2_30_node3_0_node4_0,0.23883876303907176
Test_W_2Layers_input_size_50_node1_70_node2_70_node3_0_node4_0,0.2389352063755686
Train_W_2Layers_input_size_55_node1_30_node2_70_node3_0_node4_0,0.2390409070279882
Test_W_1Layers_input_size_50_node1_40_node2_0_node3_0_node4_0,0.23911486656744407
Train_W_2Layers_input_size_75_node1_90_node2_20_node3_0_node4_0,0.23919911345723055
Train_W_2Layers_input_size_70_node1_60_node2_70_node3_0_node4_0,0.23927435525807897
Test_W_2Layers_input_size_50_node1_90_node2_40_node3_0_node4_0,0.23964119381826834
Train_W_2Layers_input_size_35_node1_10_node2_50_node3_0_node4_0,0.23964217316912825
Test_W_2Layers_input_size_85_node1_10_node2_40_node3_0_node4_0,0.23966964777048327
Test_W_1Layers_input_size_75_node1_50_node2_0_node3_0_node4_0,0.2396700052692895
Test_W_2Layers_input_size_50_node1_40_node2_30_node3_0_node4_0,0.23971433875956186
Test_W_2Layers_input_size_60_node1_80_node2_100_node3_0_node4_0,0.23972078799695637
Test_W_2Layers_input_size_85_node1_30_node2_20_node3_0_node4_0,0.23977219697827065
Test_W_2Layers_input_size_65_node1_100_node2_20_node3_0_node4_0,0.23977592577890275
Test_W_2Layers_input_size_45_node1_80_node2_40_node3_0_node4_0,0.23982307456798552
Test_W_2Layers_input_size_15_node1_90_node2_30_node3_0_node4_0,0.23983249544707985
Test_W_1Layers_input_size_85_node1_30_node2_0_node3_0_node4_0,0.23993356216023293
Test_W_2Layers_input_size_20_node1_50_node2_20_node3_0_node4_0,0.23995998653749406
Train_W_1Layers_input_size_85_node1_70_node2_0_node3_0_node4_0,0.23996073948092692
Test_W_2Layers_input_size_15_node1_50_node2_70_node3_0_node4_0,0.2399669958061188
Test_W_2Layers_input_size_25_node1_30_node2_60_node3_0_node4_0,0.2400776344018722
Train_W_2Layers_input_size_80_node1_70_node2_50_node3_0_node4_0,0.2403470062215822
Test_W_2Layers_input_size_75_node1_20_node2_100_node3_0_node4_0,0.2403830711608584
Test_W_2Layers_input_size_85_node1_30_node2_10_node3_0_node4_0,0.24043309901131227
Train_W_2Layers_input_size_95_node1_100_node2_10_node3_0_node4_0,0.2404814976541195
Test_W_2Layers_input_size_25_node1_100_node2_50_node3_0_node4_0,0.24061242262679347
Test_W_2Layers_input_size_95_node1_60_node2_50_node3_0_node4_0,0.24062637972745798
Test_W_1Layers_input_size_70_node1_90_node2_0_node3_0_node4_0,0.24064488731291678
Test_W_2Layers_input_size_75_node1_90_node2_20_node3_0_node4_0,0.240780109722153
Test_W_2Layers_input_size_50_node1_60_node2_70_node3_0_node4_0,0.24100024948661206
Test_W_2Layers_input_size_45_node1_50_node2_40_node3_0_node4_0,0.24113432250483996
Train_W_2Layers_input_size_50_node1_60_node2_50_node3_0_node4_0,0.24128303531420509
Test_W_2Layers_input_size_15_node1_90_node2_20_node3_0_node4_0,0.24130298232837316
Test_W_2Layers_input_size_100_node1_50_node2_70_node3_0_node4_0,0.24131027678053668
Test_W_2Layers_input_size_70_node1_60_node2_40_node3_0_node4_0,0.2413952081124101
Test_W_2Layers_input_size_70_node1_80_node2_10_node3_0_node4_0,0.241618780757634
Test_W_1Layers_input_size_85_node1_40_node2_0_node3_0_node4_0,0.24165349971045294
Test_W_2Layers_input_size_95_node1_60_node2_30_node3_0_node4_0,0.2416762447034889
Train_W_2Layers_input_size_80_node1_10_node2_60_node3_0_node4_0,0.24174395060588988
Train_W_2Layers_input_size_40_node1_100_node2_80_node3_0_node4_0,0.24175742633324615
Train_W_2Layers_input_size_70_node1_40_node2_90_node3_0_node4_0,0.2417687210183577
Test_W_2Layers_input_size_30_node1_100_node2_70_node3_0_node4_0,0.2418165519362056
Test_W_2Layers_input_size_65_node1_50_node2_30_node3_0_node4_0,0.2419157734223236
Train_W_2Layers_input_size_100_node1_50_node2_30_node3_0_node4_0,0.24194942586089266
Test_W_2Layers_input_size_55_node1_30_node2_70_node3_0_node4_0,0.24200963595512093
Test_W_2Layers_input_size_80_node1_10_node2_60_node3_0_node4_0,0.24219819783610108
Train_W_2Layers_input_size_60_node1_50_node2_40_node3_0_node4_0,0.2422337564779014
Test_W_2Layers_input_size_15_node1_50_node2_80_node3_0_node4_0,0.2423865208123104
Test_W_2Layers_input_size_65_node1_10_node2_70_node3_0_node4_0,0.24248477933495868
Train_W_1Layers_input_size_80_node1_60_node2_0_node3_0_node4_0,0.2425531349885627
Test_W_2Layers_input_size_70_node1_80_node2_90_node3_0_node4_0,0.2426870945954848
Train_W_2Layers_input_size_10_node1_60_node2_80_node3_0_node4_0,0.24295634854426854
Test_W_2Layers_input_size_35_node1_80_node2_60_node3_0_node4_0,0.24296972636428374
Test_W_2Layers_input_size_95_node1_70_node2_20_node3_0_node4_0,0.24298533416768714
Train_W_2Layers_input_size_70_node1_10_node2_100_node3_0_node4_0,0.2430937561979635
Test_W_2Layers_input_size_70_node1_40_node2_90_node3_0_node4_0,0.24312474036264162
Test_W_2Layers_input_size_40_node1_70_node2_60_node3_0_node4_0,0.24320689364171588
Train_W_2Layers_input_size_80_node1_100_node2_80_node3_0_node4_0,0.24323401919363594
Test_W_2Layers_input_size_85_node1_20_node2_50_node3_0_node4_0,0.24332020813319194
Test_W_2Layers_input_size_70_node1_70_node2_20_node3_0_node4_0,0.24335332192474995
Test_W_2Layers_input_size_40_node1_100_node2_50_node3_0_node4_0,0.24348860075781267
Train_W_2Layers_input_size_85_node1_70_node2_100_node3_0_node4_0,0.2435361474268096
Test_W_1Layers_input_size_40_node1_100_node2_0_node3_0_node4_0,0.2435696983453239
Train_W_2Layers_input_size_80_node1_10_node2_70_node3_0_node4_0,0.24357150309620074
Train_W_2Layers_input_size_65_node1_100_node2_10_node3_0_node4_0,0.2437292218522229
Test_W_2Layers_input_size_60_node1_50_node2_40_node3_0_node4_0,0.2438416901554848
Train_W_2Layers_input_size_50_node1_50_node2_60_node3_0_node4_0,0.24389780557788185
Train_W_2Layers_input_size_85_node1_60_node2_90_node3_0_node4_0,0.24391860785204408
Test_W_2Layers_input_size_85_node1_60_node2_90_node3_0_node4_0,0.24407186684358192
Test_W_1Layers_input_size_20_node1_50_node2_0_node3_0_node4_0,0.2440722942096622
Test_W_2Layers_input_size_45_node1_50_node2_30_node3_0_node4_0,0.24430232224645004
Train_W_2Layers_input_size_85_node1_100_node2_20_node3_0_node4_0,0.2445365442062424
Test_W_2Layers_input_size_75_node1_60_node2_100_node3_0_node4_0,0.24463884253509455
Test_W_2Layers_input_size_15_node1_20_node2_60_node3_0_node4_0,0.24467749503327044
Test_W_2Layers_input_size_60_node1_60_node2_30_node3_0_node4_0,0.24473931720007755
Train_W_2Layers_input_size_100_node1_100_node2_70_node3_0_node4_0,0.24481131173839563
Test_W_2Layers_input_size_70_node1_10_node2_40_node3_0_node4_0,0.2448233024296999
Train_W_2Layers_input_size_80_node1_90_node2_60_node3_0_node4_0,0.24484198726026818
Test_W_2Layers_input_size_65_node1_80_node2_90_node3_0_node4_0,0.24485078902554644
Train_W_2Layers_input_size_65_node1_70_node2_40_node3_0_node4_0,0.24490190451941837
Test_W_2Layers_input_size_80_node1_70_node2_50_node3_0_node4_0,0.24491347248320636
Train_W_1Layers_input_size_55_node1_20_node2_0_node3_0_node4_0,0.24505552906987987
Train_W_1Layers_input_size_85_node1_100_node2_0_node3_0_node4_0,0.24526279425763048
Test_W_2Layers_input_size_20_node1_50_node2_60_node3_0_node4_0,0.2453181138580783
Test_W_2Layers_input_size_50_node1_80_node2_20_node3_0_node4_0,0.24532991274609967
Train_W_2Layers_input_size_90_node1_10_node2_10_node3_0_node4_0,0.24534919670821623
Train_W_2Layers_input_size_15_node1_50_node2_80_node3_0_node4_0,0.24545198350510175
Test_W_2Layers_input_size_70_node1_100_node2_90_node3_0_node4_0,0.24547534020778422
Test_W_2Layers_input_size_40_node1_100_node2_40_node3_0_node4_0,0.24556515706013934
Train_W_2Layers_input_size_80_node1_70_node2_60_node3_0_node4_0,0.24557130852850656
Train_W_1Layers_input_size_90_node1_70_node2_0_node3_0_node4_0,0.24557956839594366
Train_W_2Layers_input_size_40_node1_100_node2_40_node3_0_node4_0,0.24579744817923857
Train_W_2Layers_input_size_60_node1_70_node2_60_node3_0_node4_0,0.24617199183793897
Test_W_1Layers_input_size_65_node1_50_node2_0_node3_0_node4_0,0.2463898618106802
Test_W_2Layers_input_size_100_node1_40_node2_50_node3_0_node4_0,0.24646566685745372
Test_W_2Layers_input_size_80_node1_70_node2_60_node3_0_node4_0,0.24651116589796984
Train_W_2Layers_input_size_55_node1_80_node2_30_node3_0_node4_0,0.24653200454103227
Test_W_2Layers_input_size_50_node1_30_node2_10_node3_0_node4_0,0.24653625063297951
Train_W_2Layers_input_size_85_node1_60_node2_80_node3_0_node4_0,0.2465718786585665
Train_W_2Layers_input_size_85_node1_100_node2_30_node3_0_node4_0,0.24670792944277578
Train_W_2Layers_input_size_80_node1_40_node2_40_node3_0_node4_0,0.2467706166880086
Test_W_2Layers_input_size_100_node1_100_node2_70_node3_0_node4_0,0.24679904113234327
Test_W_2Layers_input_size_85_node1_80_node2_90_node3_0_node4_0,0.24693319413426523
Test_W_2Layers_input_size_70_node1_100_node2_20_node3_0_node4_0,0.24698763432756107
Test_W_2Layers_input_size_85_node1_100_node2_30_node3_0_node4_0,0.24714134913975921
Train_W_2Layers_input_size_100_node1_40_node2_40_node3_0_node4_0,0.24742072214448815
Train_W_2Layers_input_size_55_node1_100_node2_90_node3_0_node4_0,0.2474661885993776
Train_W_2Layers_input_size_65_node1_80_node2_60_node3_0_node4_0,0.24762363820806374
Test_W_2Layers_input_size_40_node1_90_node2_90_node3_0_node4_0,0.2476947191968549
Test_W_2Layers_input_size_55_node1_100_node2_90_node3_0_node4_0,0.24771996229117416
Test_W_2Layers_input_size_30_node1_40_node2_80_node3_0_node4_0,0.24773440616959946
Test_W_2Layers_input_size_60_node1_70_node2_60_node3_0_node4_0,0.24788030904085046
Test_W_2Layers_input_size_20_node1_50_node2_70_node3_0_node4_0,0.24791856135250745
Train_W_1Layers_input_size_65_node1_80_node2_0_node3_0_node4_0,0.24799314803129224
Train_W_2Layers_input_size_85_node1_20_node2_10_node3_0_node4_0,0.24800080900387173
Test_W_2Layers_input_size_95_node1_40_node2_90_node3_0_node4_0,0.24811790981059664
Test_W_2Layers_input_size_90_node1_50_node2_100_node3_0_node4_0,0.24816053895086612
Test_W_2Layers_input_size_85_node1_70_node2_100_node3_0_node4_0,0.2481643593773011
Test_W_2Layers_input_size_20_node1_50_node2_100_node3_0_node4_0,0.24823915733330837
Train_W_2Layers_input_size_95_node1_40_node2_20_node3_0_node4_0,0.24841508794254316
Test_W_2Layers_input_size_45_node1_100_node2_100_node3_0_node4_0,0.2484628988274401
Test_W_1Layers_input_size_60_node1_80_node2_0_node3_0_node4_0,0.24853112417971182
Test_W_2Layers_input_size_85_node1_60_node2_80_node3_0_node4_0,0.2486046354834504
Test_W_2Layers_input_size_85_node1_20_node2_10_node3_0_node4_0,0.24880538069949215
Train_W_2Layers_input_size_20_node1_50_node2_60_node3_0_node4_0,0.2488120210068516
Train_W_2Layers_input_size_90_node1_70_node2_20_node3_0_node4_0,0.24882095182849862
Test_W_2Layers_input_size_75_node1_70_node2_50_node3_0_node4_0,0.24885647730488455
Test_W_2Layers_input_size_40_node1_100_node2_20_node3_0_node4_0,0.24892273905149587
Train_W_2Layers_input_size_60_node1_100_node2_60_node3_0_node4_0,0.2489706020777119
Train_W_2Layers_input_size_80_node1_30_node2_100_node3_0_node4_0,0.2493046388340645
Test_W_2Layers_input_size_80_node1_30_node2_100_node3_0_node4_0,0.24932994305222195
Test_W_2Layers_input_size_85_node1_100_node2_20_node3_0_node4_0,0.24933576258444504
Test_W_1Layers_input_size_85_node1_100_node2_0_node3_0_node4_0,0.24937619673888747
Train_W_1Layers_input_size_100_node1_100_node2_0_node3_0_node4_0,0.24944620336098544
Test_W_2Layers_input_size_45_node1_50_node2_60_node3_0_node4_0,0.24948814265775549
Train_W_2Layers_input_size_85_node1_20_node2_60_node3_0_node4_0,0.24951957197577324
Test_W_2Layers_input_size_65_node1_80_node2_60_node3_0_node4_0,0.24962858087381024
Test_W_2Layers_input_size_55_node1_10_node2_80_node3_0_node4_0,0.24971731416119772
Test_W_1Layers_input_size_85_node1_70_node2_0_node3_0_node4_0,0.2497511161286671
Test_W_2Layers_input_size_15_node1_10_node2_80_node3_0_node4_0,0.24983160486815223
Train_W_2Layers_input_size_40_node1_60_node2_50_node3_0_node4_0,0.2500286532909536
Train_W_2Layers_input_size_40_node1_100_node2_20_node3_0_node4_0,0.2503820718384546
Test_W_2Layers_input_size_70_node1_60_node2_70_node3_0_node4_0,0.2505017847656202
Test_W_1Layers_input_size_90_node1_70_node2_0_node3_0_node4_0,0.25076007040554493
Test_W_1Layers_input_size_80_node1_60_node2_0_node3_0_node4_0,0.2507967174668091
Test_W_2Layers_input_size_20_node1_60_node2_100_node3_0_node4_0,0.2508260520536202
Train_W_2Layers_input_size_95_node1_40_node2_90_node3_0_node4_0,0.25117217875176034
Test_W_2Layers_input_size_85_node1_90_node2_30_node3_0_node4_0,0.25117263853155813
Test_W_2Layers_input_size_90_node1_30_node2_30_node3_0_node4_0,0.251274570217378
Test_W_2Layers_input_size_100_node1_50_node2_30_node3_0_node4_0,0.2513159746405612
Train_W_2Layers_input_size_85_node1_40_node2_100_node3_0_node4_0,0.2513182129237858
Test_W_2Layers_input_size_50_node1_40_node2_80_node3_0_node4_0,0.25145432533561257
Train_W_2Layers_input_size_50_node1_30_node2_10_node3_0_node4_0,0.2516211903269946
Test_W_2Layers_input_size_35_node1_10_node2_50_node3_0_node4_0,0.2521562127437037
Test_W_1Layers_input_size_65_node1_80_node2_0_node3_0_node4_0,0.25227046173931095
Train_W_2Layers_input_size_50_node1_40_node2_80_node3_0_node4_0,0.2524489469896093
Train_W_1Layers_input_size_40_node1_60_node2_0_node3_0_node4_0,0.2524809667995944
Test_W_2Layers_input_size_40_node1_100_node2_80_node3_0_node4_0,0.2536065900916577
Test_W_2Layers_input_size_50_node1_20_node2_20_node3_0_node4_0,0.2537084836305234
Test_W_2Layers_input_size_95_node1_40_node2_20_node3_0_node4_0,0.2537319171738791
Test_W_2Layers_input_size_90_node1_10_node2_10_node3_0_node4_0,0.2537446461427507
Test_W_2Layers_input_size_65_node1_100_node2_10_node3_0_node4_0,0.2537488449474411
Test_W_2Layers_input_size_50_node1_60_node2_50_node3_0_node4_0,0.2539198504986876
Test_W_2Layers_input_size_80_node1_90_node2_60_node3_0_node4_0,0.2541508596747593
Train_W_2Layers_input_size_60_node1_30_node2_30_node3_0_node4_0,0.2541604603468253
Train_W_2Layers_input_size_50_node1_80_node2_90_node3_0_node4_0,0.25422739113890996
Test_W_2Layers_input_size_80_node1_100_node2_80_node3_0_node4_0,0.25436376286742
Train_W_2Layers_input_size_85_node1_70_node2_80_node3_0_node4_0,0.2543963177814098
Train_W_1Layers_input_size_95_node1_60_node2_0_node3_0_node4_0,0.2545310768749756
Test_W_2Layers_input_size_50_node1_50_node2_60_node3_0_node4_0,0.25456568841508564
Train_W_2Layers_input_size_85_node1_90_node2_60_node3_0_node4_0,0.25483442994645433
Train_W_2Layers_input_size_95_node1_90_node2_20_node3_0_node4_0,0.25489500170095136
Test_W_2Layers_input_size_95_node1_100_node2_10_node3_0_node4_0,0.2549543463052397
Train_W_2Layers_input_size_20_node1_60_node2_100_node3_0_node4_0,0.25497648191458055
Test_W_2Layers_input_size_70_node1_10_node2_100_node3_0_node4_0,0.2553980650799747
Test_W_2Layers_input_size_85_node1_90_node2_60_node3_0_node4_0,0.25540387032633743
Test_W_1Layers_input_size_95_node1_60_node2_0_node3_0_node4_0,0.25541664723795016
Test_W_2Layers_input_size_60_node1_30_node2_30_node3_0_node4_0,0.2554203955941829
Test_W_2Layers_input_size_55_node1_80_node2_30_node3_0_node4_0,0.25566126892568586
Test_W_2Layers_input_size_65_node1_70_node2_40_node3_0_node4_0,0.2568584765853592
Test_W_2Layers_input_size_100_node1_40_node2_40_node3_0_node4_0,0.25687511130838697
Test_W_1Layers_input_size_100_node1_100_node2_0_node3_0_node4_0,0.2568985605224783
Train_W_2Layers_input_size_100_node1_60_node2_60_node3_0_node4_0,0.25727564373137846
Train_W_2Layers_input_size_100_node1_10_node2_10_node3_0_node4_0,0.2574269272535677
Train_W_2Layers_input_size_100_node1_70_node2_100_node3_0_node4_0,0.25793666450599956
Test_W_2Layers_input_size_80_node1_10_node2_70_node3_0_node4_0,0.25799795185337016
Test_W_2Layers_input_size_80_node1_40_node2_40_node3_0_node4_0,0.2581749737696793
Train_W_2Layers_input_size_30_node1_60_node2_10_node3_0_node4_0,0.259011155321817
Train_W_2Layers_input_size_20_node1_20_node2_90_node3_0_node4_0,0.25986437247189476
Test_W_2Layers_input_size_90_node1_70_node2_20_node3_0_node4_0,0.26009235055554536
Test_W_2Layers_input_size_80_node1_70_node2_10_node3_0_node4_0,0.2601518985739499
Train_W_2Layers_input_size_80_node1_70_node2_10_node3_0_node4_0,0.26028745624655636
Train_W_2Layers_input_size_75_node1_70_node2_30_node3_0_node4_0,0.2610745401352643
Test_W_2Layers_input_size_60_node1_100_node2_60_node3_0_node4_0,0.2612891300684368
Test_W_2Layers_input_size_40_node1_60_node2_50_node3_0_node4_0,0.26192575779916555
Train_W_2Layers_input_size_50_node1_60_node2_90_node3_0_node4_0,0.2620854300009266
Train_W_1Layers_input_size_50_node1_90_node2_0_node3_0_node4_0,0.26233080565625544
Train_W_1Layers_input_size_65_node1_40_node2_0_node3_0_node4_0,0.26236245718549484
Test_W_1Layers_input_size_65_node1_40_node2_0_node3_0_node4_0,0.2625317826785003
Test_W_2Layers_input_size_85_node1_20_node2_60_node3_0_node4_0,0.26264836909392153
Train_W_2Layers_input_size_75_node1_100_node2_40_node3_0_node4_0,0.26269156868121035
Test_W_2Layers_input_size_85_node1_40_node2_100_node3_0_node4_0,0.2629883843728765
Train_W_2Layers_input_size_100_node1_80_node2_30_node3_0_node4_0,0.26299429120641526
Train_W_1Layers_input_size_75_node1_100_node2_0_node3_0_node4_0,0.2631255246789191
Train_W_2Layers_input_size_95_node1_90_node2_70_node3_0_node4_0,0.2632203226876946
Test_W_2Layers_input_size_75_node1_70_node2_30_node3_0_node4_0,0.2633885309358228
Test_W_2Layers_input_size_80_node1_90_node2_50_node3_0_node4_0,0.26354464534287453
Train_W_2Layers_input_size_85_node1_40_node2_70_node3_0_node4_0,0.26357439853115106
Train_W_2Layers_input_size_80_node1_90_node2_50_node3_0_node4_0,0.2635958385328258
Train_W_2Layers_input_size_75_node1_40_node2_60_node3_0_node4_0,0.263721334269121
Test_W_2Layers_input_size_95_node1_90_node2_20_node3_0_node4_0,0.26381799393197347
Test_W_1Layers_input_size_40_node1_60_node2_0_node3_0_node4_0,0.2641742723680751
Test_W_2Layers_input_size_85_node1_40_node2_70_node3_0_node4_0,0.2646420749026156
Test_W_2Layers_input_size_75_node1_40_node2_60_node3_0_node4_0,0.26515572832783424
Test_W_2Layers_input_size_95_node1_90_node2_70_node3_0_node4_0,0.2651664337873086
Test_W_2Layers_input_size_20_node1_60_node2_60_node3_0_node4_0,0.26517394982934966
Train_W_2Layers_input_size_85_node1_50_node2_30_node3_0_node4_0,0.2652854572483336
Test_W_2Layers_input_size_85_node1_30_node2_100_node3_0_node4_0,0.26536456130866554
Test_W_2Layers_input_size_100_node1_80_node2_30_node3_0_node4_0,0.265661251174956
Train_W_1Layers_input_size_100_node1_90_node2_0_node3_0_node4_0,0.26595521484615325
Test_W_2Layers_input_size_85_node1_50_node2_30_node3_0_node4_0,0.2660488505627013
Test_W_1Layers_input_size_55_node1_20_node2_0_node3_0_node4_0,0.2661193846956322
Test_W_2Layers_input_size_85_node1_70_node2_80_node3_0_node4_0,0.2664311042222021
Train_W_2Layers_input_size_85_node1_30_node2_100_node3_0_node4_0,0.26648813147177264
Test_W_2Layers_input_size_100_node1_60_node2_60_node3_0_node4_0,0.2673416484970889
Test_W_2Layers_input_size_50_node1_80_node2_90_node3_0_node4_0,0.26750953519172954
Train_W_2Layers_input_size_20_node1_90_node2_90_node3_0_node4_0,0.2675436930534888
Train_W_2Layers_input_size_55_node1_80_node2_10_node3_0_node4_0,0.26763732979125754
Train_W_1Layers_input_size_20_node1_90_node2_0_node3_0_node4_0,0.26766724042268814
Train_W_2Layers_input_size_10_node1_40_node2_100_node3_0_node4_0,0.26778832414399917
Train_W_2Layers_input_size_50_node1_20_node2_50_node3_0_node4_0,0.2684546821966047
Train_W_2Layers_input_size_20_node1_60_node2_60_node3_0_node4_0,0.2685525928762419
Train_W_2Layers_input_size_35_node1_20_node2_60_node3_0_node4_0,0.2685916389706367
Test_W_2Layers_input_size_100_node1_70_node2_100_node3_0_node4_0,0.2697950122998933
Test_W_2Layers_input_size_30_node1_60_node2_10_node3_0_node4_0,0.27057050673898836
Test_W_2Layers_input_size_20_node1_20_node2_90_node3_0_node4_0,0.2718630968974036
Train_W_2Layers_input_size_70_node1_90_node2_80_node3_0_node4_0,0.27215836928581993
Test_W_2Layers_input_size_75_node1_100_node2_40_node3_0_node4_0,0.2722662910661253
Test_W_1Layers_input_size_75_node1_100_node2_0_node3_0_node4_0,0.2725492354849935
Test_W_1Layers_input_size_50_node1_90_node2_0_node3_0_node4_0,0.2730530624889198
Train_W_2Layers_input_size_50_node1_40_node2_90_node3_0_node4_0,0.2735341582438394
Test_W_2Layers_input_size_100_node1_10_node2_10_node3_0_node4_0,0.2751689993067075
Test_W_1Layers_input_size_100_node1_90_node2_0_node3_0_node4_0,0.27527778423932486
Train_W_2Layers_input_size_65_node1_60_node2_30_node3_0_node4_0,0.27532195188684216
Train_W_2Layers_input_size_80_node1_80_node2_60_node3_0_node4_0,0.2755318543309726
Test_W_2Layers_input_size_50_node1_60_node2_90_node3_0_node4_0,0.27591499835208644
Test_W_1Layers_input_size_45_node1_30_node2_0_node3_0_node4_0,0.2765521451660311
Test_W_2Layers_input_size_80_node1_90_node2_100_node3_0_node4_0,0.27676048196758357
Train_W_2Layers_input_size_55_node1_100_node2_80_node3_0_node4_0,0.27713544840681964
Train_W_2Layers_input_size_15_node1_60_node2_90_node3_0_node4_0,0.2777066341662002
Train_W_2Layers_input_size_80_node1_90_node2_100_node3_0_node4_0,0.2777186801086592
Train_W_2Layers_input_size_80_node1_90_node2_20_node3_0_node4_0,0.2789340830787447
Train_W_2Layers_input_size_85_node1_60_node2_40_node3_0_node4_0,0.27901265548217047
Train_W_2Layers_input_size_85_node1_80_node2_70_node3_0_node4_0,0.27907088947394015
Test_W_2Layers_input_size_85_node1_60_node2_40_node3_0_node4_0,0.2793385134516707
Test_W_2Layers_input_size_85_node1_80_node2_70_node3_0_node4_0,0.27940289279195224
Test_W_2Layers_input_size_70_node1_50_node2_40_node3_0_node4_0,0.2795803525474897
Test_W_2Layers_input_size_20_node1_20_node2_70_node3_0_node4_0,0.2796118367532554
Train_W_2Layers_input_size_50_node1_70_node2_10_node3_0_node4_0,0.2796636986861058
Test_W_2Layers_input_size_20_node1_90_node2_90_node3_0_node4_0,0.2798562483816012
Test_W_1Layers_input_size_20_node1_90_node2_0_node3_0_node4_0,0.279957876102214
Train_W_1Layers_input_size_45_node1_30_node2_0_node3_0_node4_0,0.28039669024990804
Test_W_2Layers_input_size_50_node1_70_node2_10_node3_0_node4_0,0.28057099872021146
Test_W_2Layers_input_size_10_node1_40_node2_100_node3_0_node4_0,0.2810658805903434
Test_W_2Layers_input_size_55_node1_80_node2_10_node3_0_node4_0,0.2813380818722381
Test_W_2Layers_input_size_35_node1_20_node2_60_node3_0_node4_0,0.28166437088625157
Train_W_2Layers_input_size_5_node1_100_node2_100_node3_0_node4_0,0.2817190550486711
Test_W_2Layers_input_size_20_node1_80_node2_30_node3_0_node4_0,0.2817572417068993
Test_W_2Layers_input_size_50_node1_20_node2_50_node3_0_node4_0,0.28235398950043245
Train_W_2Layers_input_size_85_node1_10_node2_100_node3_0_node4_0,0.2825870653404004
Train_W_2Layers_input_size_80_node1_50_node2_90_node3_0_node4_0,0.28268743457915724
Train_W_2Layers_input_size_85_node1_50_node2_70_node3_0_node4_0,0.28269397085350334
Train_W_2Layers_input_size_55_node1_50_node2_10_node3_0_node4_0,0.2827399313539625
Test_W_2Layers_input_size_85_node1_50_node2_70_node3_0_node4_0,0.2828994701554483
Train_W_2Layers_input_size_70_node1_50_node2_40_node3_0_node4_0,0.2839278845765888
Test_W_2Layers_input_size_70_node1_90_node2_80_node3_0_node4_0,0.2839878391647513
Test_W_2Layers_input_size_85_node1_100_node2_70_node3_0_node4_0,0.2846416507025466
Train_W_2Layers_input_size_45_node1_70_node2_40_node3_0_node4_0,0.28476319593275284
Train_W_2Layers_input_size_85_node1_30_node2_30_node3_0_node4_0,0.2851951781574179
Train_W_2Layers_input_size_20_node1_20_node2_70_node3_0_node4_0,0.28522858943206986
Train_W_2Layers_input_size_100_node1_100_node2_40_node3_0_node4_0,0.2855553642712244
Test_W_2Layers_input_size_50_node1_40_node2_90_node3_0_node4_0,0.2857790247234557
Train_W_2Layers_input_size_85_node1_100_node2_70_node3_0_node4_0,0.28581376238589407
Test_W_2Layers_input_size_80_node1_90_node2_20_node3_0_node4_0,0.28645516162619195
Test_W_2Layers_input_size_65_node1_60_node2_30_node3_0_node4_0,0.2865486898391291
Train_W_2Layers_input_size_20_node1_80_node2_30_node3_0_node4_0,0.28691981019663415
Test_W_2Layers_input_size_80_node1_80_node2_60_node3_0_node4_0,0.2869233027996386
Test_W_2Layers_input_size_55_node1_50_node2_10_node3_0_node4_0,0.2877103911654728
Train_W_2Layers_input_size_85_node1_60_node2_30_node3_0_node4_0,0.28807150594480485
Test_W_2Layers_input_size_95_node1_20_node2_70_node3_0_node4_0,0.2885856819780616
Train_W_2Layers_input_size_85_node1_80_node2_60_node3_0_node4_0,0.2886116403756497
Test_W_2Layers_input_size_55_node1_100_node2_80_node3_0_node4_0,0.28945719346702015
Test_W_2Layers_input_size_15_node1_60_node2_90_node3_0_node4_0,0.2903023497713386
Train_W_2Layers_input_size_5_node1_100_node2_20_node3_0_node4_0,0.29107779280477564
Test_W_2Layers_input_size_50_node1_50_node2_40_node3_0_node4_0,0.29197364926895
Train_W_1Layers_input_size_25_node1_20_node2_0_node3_0_node4_0,0.2919924171472367
Test_W_2Layers_input_size_70_node1_70_node2_40_node3_0_node4_0,0.29237937135270425
Train_W_2Layers_input_size_50_node1_50_node2_40_node3_0_node4_0,0.29272030786657866
Train_W_2Layers_input_size_95_node1_20_node2_70_node3_0_node4_0,0.29307695297996894
Test_W_2Layers_input_size_80_node1_50_node2_90_node3_0_node4_0,0.29329444583234177
Train_W_1Layers_input_size_75_node1_10_node2_0_node3_0_node4_0,0.2934614489027668
Train_W_2Layers_input_size_70_node1_70_node2_40_node3_0_node4_0,0.2939885890191338
Test_W_2Layers_input_size_75_node1_80_node2_90_node3_0_node4_0,0.29411651846900555
Test_W_2Layers_input_size_5_node1_100_node2_100_node3_0_node4_0,0.2943563407402596
Test_W_2Layers_input_size_100_node1_100_node2_40_node3_0_node4_0,0.2945252207940834
Test_W_2Layers_input_size_85_node1_10_node2_100_node3_0_node4_0,0.29459749787110373
Test_W_2Layers_input_size_70_node1_100_node2_40_node3_0_node4_0,0.294806173504574
Train_W_2Layers_input_size_75_node1_80_node2_90_node3_0_node4_0,0.2955259364205974
Test_W_2Layers_input_size_70_node1_20_node2_40_node3_0_node4_0,0.29609182855390276
Test_W_2Layers_input_size_45_node1_70_node2_40_node3_0_node4_0,0.2963235275551553
Test_W_1Layers_input_size_25_node1_20_node2_0_node3_0_node4_0,0.2965665771155879
Train_W_2Layers_input_size_70_node1_100_node2_40_node3_0_node4_0,0.2967491133965068
Train_W_2Layers_input_size_85_node1_70_node2_60_node3_0_node4_0,0.29676033616483605
Test_W_2Layers_input_size_85_node1_30_node2_30_node3_0_node4_0,0.29741492864274266
Test_W_2Layers_input_size_85_node1_60_node2_30_node3_0_node4_0,0.2978719360387678
Train_W_2Layers_input_size_90_node1_100_node2_100_node3_0_node4_0,0.2983647537445824
Train_W_2Layers_input_size_70_node1_20_node2_40_node3_0_node4_0,0.298649341732068
Test_W_2Layers_input_size_85_node1_70_node2_60_node3_0_node4_0,0.29871225292165104
Test_W_2Layers_input_size_85_node1_20_node2_70_node3_0_node4_0,0.2991753474497377
Test_W_2Layers_input_size_85_node1_80_node2_60_node3_0_node4_0,0.2996568967888018
Train_W_2Layers_input_size_85_node1_20_node2_70_node3_0_node4_0,0.3033843906805457
Test_W_1Layers_input_size_75_node1_10_node2_0_node3_0_node4_0,0.3042234897881054
Test_W_2Layers_input_size_60_node1_100_node2_70_node3_0_node4_0,0.3047224293763349
Test_W_2Layers_input_size_85_node1_60_node2_50_node3_0_node4_0,0.30483276621135047
Train_W_2Layers_input_size_85_node1_60_node2_50_node3_0_node4_0,0.30493255688397547
Test_W_2Layers_input_size_5_node1_100_node2_20_node3_0_node4_0,0.3058959641866273
Train_W_2Layers_input_size_60_node1_100_node2_70_node3_0_node4_0,0.30700831630949
Test_W_2Layers_input_size_90_node1_100_node2_100_node3_0_node4_0,0.30872035749124843
Train_W_2Layers_input_size_85_node1_30_node2_40_node3_0_node4_0,0.3104651361532544
Train_W_2Layers_input_size_85_node1_50_node2_60_node3_0_node4_0,0.31082076464461084
Test_W_2Layers_input_size_85_node1_30_node2_40_node3_0_node4_0,0.31101393215520773
Train_W_2Layers_input_size_80_node1_100_node2_20_node3_0_node4_0,0.31268867518989313
Train_W_2Layers_input_size_85_node1_50_node2_40_node3_0_node4_0,0.3129674157672691
Test_W_2Layers_input_size_85_node1_50_node2_20_node3_0_node4_0,0.3163995153393271
Test_W_2Layers_input_size_85_node1_90_node2_100_node3_0_node4_0,0.3175150551755883
Train_W_2Layers_input_size_85_node1_90_node2_100_node3_0_node4_0,0.31834887855872085
Train_W_2Layers_input_size_20_node1_40_node2_50_node3_0_node4_0,0.31896789293313255
Test_W_2Layers_input_size_85_node1_70_node2_70_node3_0_node4_0,0.31986902520032195
Train_W_2Layers_input_size_85_node1_50_node2_20_node3_0_node4_0,0.32105879953073824
Train_W_2Layers_input_size_85_node1_70_node2_70_node3_0_node4_0,0.32155555178194944
Test_W_2Layers_input_size_85_node1_50_node2_60_node3_0_node4_0,0.32207338783919537
Test_W_2Layers_input_size_80_node1_100_node2_20_node3_0_node4_0,0.3228104349976895
Test_W_2Layers_input_size_85_node1_50_node2_40_node3_0_node4_0,0.32298300687182646
Test_W_2Layers_input_size_85_node1_90_node2_70_node3_0_node4_0,0.32462329214951924
Test_W_2Layers_input_size_20_node1_80_node2_80_node3_0_node4_0,0.32700909735918454
Train_W_2Layers_input_size_85_node1_90_node2_70_node3_0_node4_0,0.32910930499922014
Test_W_2Layers_input_size_20_node1_100_node2_30_node3_0_node4_0,0.3320406295349133
Test_W_2Layers_input_size_20_node1_40_node2_50_node3_0_node4_0,0.33285455169427847
Train_W_2Layers_input_size_20_node1_80_node2_80_node3_0_node4_0,0.33441073547569067
Train_W_2Layers_input_size_85_node1_100_node2_100_node3_0_node4_0,0.33649377454140006
Test_W_2Layers_input_size_85_node1_50_node2_50_node3_0_node4_0,0.337350579140091
Train_W_2Layers_input_size_85_node1_50_node2_50_node3_0_node4_0,0.3378275222508291
Train_W_1Layers_input_size_90_node1_40_node2_0_node3_0_node4_0,0.33833988729872033
Train_W_2Layers_input_size_20_node1_100_node2_30_node3_0_node4_0,0.339172467624222
Train_W_2Layers_input_size_20_node1_80_node2_100_node3_0_node4_0,0.341965323220372
Test_W_1Layers_input_size_90_node1_40_node2_0_node3_0_node4_0,0.34305409953138283
Test_W_2Layers_input_size_50_node1_100_node2_70_node3_0_node4_0,0.34727274712552747
Test_W_2Layers_input_size_85_node1_100_node2_100_node3_0_node4_0,0.34792241612364594
Train_W_2Layers_input_size_50_node1_100_node2_70_node3_0_node4_0,0.35202438953959797
Test_W_2Layers_input_size_20_node1_80_node2_100_node3_0_node4_0,0.35579896617233153
Train_W_2Layers_input_size_85_node1_50_node2_100_node3_0_node4_0,0.3558593950993923
Train_W_2Layers_input_size_20_node1_50_node2_50_node3_0_node4_0,0.3563573650397591
Train_W_2Layers_input_size_85_node1_100_node2_90_node3_0_node4_0,0.3594170006796823
Test_W_2Layers_input_size_85_node1_50_node2_100_node3_0_node4_0,0.3679141909248517
Test_W_2Layers_input_size_85_node1_100_node2_90_node3_0_node4_0,0.36858459254294174
Test_W_2Layers_input_size_20_node1_50_node2_50_node3_0_node4_0,0.3691406653671646
Train_W_2Layers_input_size_85_node1_100_node2_60_node3_0_node4_0,0.388942298551833
Test_W_2Layers_input_size_85_node1_100_node2_60_node3_0_node4_0,0.3984120865739236
Train_W_2Layers_input_size_20_node1_80_node2_20_node3_0_node4_0,0.4025274061267201
Test_W_2Layers_input_size_20_node1_80_node2_20_node3_0_node4_0,0.41513634831769375
Train_W_2Layers_input_size_85_node1_80_node2_80_node3_0_node4_0,0.43966947528085676
Test_W_2Layers_input_size_85_node1_80_node2_80_node3_0_node4_0,0.4504018380191118
Train_W_2Layers_input_size_85_node1_70_node2_40_node3_0_node4_0,0.48910788182311365
Test_W_2Layers_input_size_85_node1_70_node2_40_node3_0_node4_0,0.4975128152768609
Train_W_2Layers_input_size_85_node1_90_node2_50_node3_0_node4_0,0.5422214607354369
Test_W_2Layers_input_size_85_node1_90_node2_50_node3_0_node4_0,0.5496351343122432
Train_W_2Layers_input_size_85_node1_60_node2_10_node3_0_node4_0,0.5496597234442808
Test_W_2Layers_input_size_85_node1_60_node2_10_node3_0_node4_0,0.5628660388583084
Train_W_2Layers_input_size_85_node1_50_node2_90_node3_0_node4_0,0.7453378573088723
Test_W_2Layers_input_size_85_node1_50_node2_90_node3_0_node4_0,0.7537144234075743
