Train_U_1Layers_input_size_5_node1_10_node2_0_node3_0_node4_0,0.39317610258417285
Test_U_1Layers_input_size_5_node1_10_node2_0_node3_0_node4_0,0.4670520866904461
Train_U_2Layers_input_size_5_node1_10_node2_10_node3_0_node4_0,0.4122576876062909
Test_U_2Layers_input_size_5_node1_10_node2_10_node3_0_node4_0,0.48924492916116685
Train_U_2Layers_input_size_5_node1_10_node2_20_node3_0_node4_0,0.410465233086722
Test_U_2Layers_input_size_5_node1_10_node2_20_node3_0_node4_0,0.4792280693379386
Train_U_2Layers_input_size_5_node1_10_node2_30_node3_0_node4_0,0.40454149447627435
Test_U_2Layers_input_size_5_node1_10_node2_30_node3_0_node4_0,0.4811776676563253
Train_U_2Layers_input_size_5_node1_10_node2_40_node3_0_node4_0,0.4212466611644967
Test_U_2Layers_input_size_5_node1_10_node2_40_node3_0_node4_0,0.47505479484023777
Train_U_2Layers_input_size_5_node1_10_node2_50_node3_0_node4_0,0.3919753766220895
Test_U_2Layers_input_size_5_node1_10_node2_50_node3_0_node4_0,0.45850132623353795
Train_U_2Layers_input_size_5_node1_10_node2_60_node3_0_node4_0,0.39205390889019565
Test_U_2Layers_input_size_5_node1_10_node2_60_node3_0_node4_0,0.46082739403963247
Train_U_2Layers_input_size_5_node1_10_node2_70_node3_0_node4_0,0.39417099320589055
Test_U_2Layers_input_size_5_node1_10_node2_70_node3_0_node4_0,0.4629126434883841
Train_U_2Layers_input_size_5_node1_10_node2_80_node3_0_node4_0,0.39164313193218386
Test_U_2Layers_input_size_5_node1_10_node2_80_node3_0_node4_0,0.4644992738067239
Train_U_2Layers_input_size_5_node1_10_node2_90_node3_0_node4_0,0.41946336420741315
Test_U_2Layers_input_size_5_node1_10_node2_90_node3_0_node4_0,0.49777949018405004
Train_U_2Layers_input_size_5_node1_10_node2_100_node3_0_node4_0,0.4096049827559922
Test_U_2Layers_input_size_5_node1_10_node2_100_node3_0_node4_0,0.47844521140693014
Train_U_1Layers_input_size_5_node1_20_node2_0_node3_0_node4_0,0.4006836911860772
Test_U_1Layers_input_size_5_node1_20_node2_0_node3_0_node4_0,0.46782390983188293
Train_U_2Layers_input_size_5_node1_20_node2_10_node3_0_node4_0,0.4016767918067703
Test_U_2Layers_input_size_5_node1_20_node2_10_node3_0_node4_0,0.4784553489868822
Train_U_2Layers_input_size_5_node1_20_node2_20_node3_0_node4_0,0.3986542616983953
Test_U_2Layers_input_size_5_node1_20_node2_20_node3_0_node4_0,0.45986840356034425
Train_U_2Layers_input_size_5_node1_20_node2_30_node3_0_node4_0,0.39037055311501
Test_U_2Layers_input_size_5_node1_20_node2_30_node3_0_node4_0,0.4536557049412641
Train_U_2Layers_input_size_5_node1_20_node2_40_node3_0_node4_0,0.40088490935836174
Test_U_2Layers_input_size_5_node1_20_node2_40_node3_0_node4_0,0.4685768443406872
Train_U_2Layers_input_size_5_node1_20_node2_50_node3_0_node4_0,0.39773390860409386
Test_U_2Layers_input_size_5_node1_20_node2_50_node3_0_node4_0,0.46189459342331873
Train_U_2Layers_input_size_5_node1_20_node2_60_node3_0_node4_0,0.4061969759156124
Test_U_2Layers_input_size_5_node1_20_node2_60_node3_0_node4_0,0.48216784503307974
Train_U_2Layers_input_size_5_node1_20_node2_70_node3_0_node4_0,0.4137613172798474
Test_U_2Layers_input_size_5_node1_20_node2_70_node3_0_node4_0,0.4643646624404104
Train_U_2Layers_input_size_5_node1_20_node2_80_node3_0_node4_0,0.40803086145871426
Test_U_2Layers_input_size_5_node1_20_node2_80_node3_0_node4_0,0.46338483929227425
Train_U_2Layers_input_size_5_node1_20_node2_90_node3_0_node4_0,0.38856048521366576
Test_U_2Layers_input_size_5_node1_20_node2_90_node3_0_node4_0,0.4604252215348708
Train_U_2Layers_input_size_5_node1_20_node2_100_node3_0_node4_0,0.40159683897091875
Test_U_2Layers_input_size_5_node1_20_node2_100_node3_0_node4_0,0.4728978540513008
Train_U_1Layers_input_size_5_node1_30_node2_0_node3_0_node4_0,0.4101939774373365
Test_U_1Layers_input_size_5_node1_30_node2_0_node3_0_node4_0,0.4722805421554217
Train_U_2Layers_input_size_5_node1_30_node2_10_node3_0_node4_0,0.4073592045423584
Test_U_2Layers_input_size_5_node1_30_node2_10_node3_0_node4_0,0.4761934571229638
Train_U_2Layers_input_size_5_node1_30_node2_20_node3_0_node4_0,0.4056363790118018
Test_U_2Layers_input_size_5_node1_30_node2_20_node3_0_node4_0,0.4723905336642806
Train_U_2Layers_input_size_5_node1_30_node2_30_node3_0_node4_0,0.4104828034119976
Test_U_2Layers_input_size_5_node1_30_node2_30_node3_0_node4_0,0.47585373688036486
Train_U_2Layers_input_size_5_node1_30_node2_40_node3_0_node4_0,0.3968934828291654
Test_U_2Layers_input_size_5_node1_30_node2_40_node3_0_node4_0,0.47103687974279407
Train_U_2Layers_input_size_5_node1_30_node2_50_node3_0_node4_0,0.3881423832353043
Test_U_2Layers_input_size_5_node1_30_node2_50_node3_0_node4_0,0.4560821492260901
Train_U_2Layers_input_size_5_node1_30_node2_60_node3_0_node4_0,0.3944842622177876
Test_U_2Layers_input_size_5_node1_30_node2_60_node3_0_node4_0,0.4682459505387751
Train_U_2Layers_input_size_5_node1_30_node2_70_node3_0_node4_0,0.4138983995118663
Test_U_2Layers_input_size_5_node1_30_node2_70_node3_0_node4_0,0.4655093068525179
Train_U_2Layers_input_size_5_node1_30_node2_80_node3_0_node4_0,0.39163854714494367
Test_U_2Layers_input_size_5_node1_30_node2_80_node3_0_node4_0,0.4554781485842521
Train_U_2Layers_input_size_5_node1_30_node2_90_node3_0_node4_0,0.38650821002343494
Test_U_2Layers_input_size_5_node1_30_node2_90_node3_0_node4_0,0.45169448309694776
Train_U_2Layers_input_size_5_node1_30_node2_100_node3_0_node4_0,0.39202962106462835
Test_U_2Layers_input_size_5_node1_30_node2_100_node3_0_node4_0,0.4574789967692596
Train_U_1Layers_input_size_5_node1_40_node2_0_node3_0_node4_0,0.4044127735849536
Test_U_1Layers_input_size_5_node1_40_node2_0_node3_0_node4_0,0.481367278980908
Train_U_2Layers_input_size_5_node1_40_node2_10_node3_0_node4_0,0.395834385301631
Test_U_2Layers_input_size_5_node1_40_node2_10_node3_0_node4_0,0.463833713327559
Train_U_2Layers_input_size_5_node1_40_node2_20_node3_0_node4_0,0.3923119928716178
Test_U_2Layers_input_size_5_node1_40_node2_20_node3_0_node4_0,0.4601219851004628
Train_U_2Layers_input_size_5_node1_40_node2_30_node3_0_node4_0,0.3963569849877364
Test_U_2Layers_input_size_5_node1_40_node2_30_node3_0_node4_0,0.4704350859862761
Train_U_2Layers_input_size_5_node1_40_node2_40_node3_0_node4_0,0.3877661805997985
Test_U_2Layers_input_size_5_node1_40_node2_40_node3_0_node4_0,0.4573102246329933
Train_U_2Layers_input_size_5_node1_40_node2_50_node3_0_node4_0,0.4014763045664324
Test_U_2Layers_input_size_5_node1_40_node2_50_node3_0_node4_0,0.47721421127654
Train_U_2Layers_input_size_5_node1_40_node2_60_node3_0_node4_0,0.40328831580385505
Test_U_2Layers_input_size_5_node1_40_node2_60_node3_0_node4_0,0.47925084521836486
Train_U_2Layers_input_size_5_node1_40_node2_70_node3_0_node4_0,0.40297181449633085
Test_U_2Layers_input_size_5_node1_40_node2_70_node3_0_node4_0,0.4787674066302458
Train_U_2Layers_input_size_5_node1_40_node2_80_node3_0_node4_0,0.3936394725560559
Test_U_2Layers_input_size_5_node1_40_node2_80_node3_0_node4_0,0.4582121175808779
Train_U_2Layers_input_size_5_node1_40_node2_90_node3_0_node4_0,0.38473117499869536
Test_U_2Layers_input_size_5_node1_40_node2_90_node3_0_node4_0,0.4565771569491454
Train_U_2Layers_input_size_5_node1_40_node2_100_node3_0_node4_0,0.3988973917950683
Test_U_2Layers_input_size_5_node1_40_node2_100_node3_0_node4_0,0.4600485457066204
Train_U_1Layers_input_size_5_node1_50_node2_0_node3_0_node4_0,0.3958091812127171
Test_U_1Layers_input_size_5_node1_50_node2_0_node3_0_node4_0,0.46792721062474474
Train_U_2Layers_input_size_5_node1_50_node2_10_node3_0_node4_0,0.39331924173131877
Test_U_2Layers_input_size_5_node1_50_node2_10_node3_0_node4_0,0.46167027691807805
Train_U_2Layers_input_size_5_node1_50_node2_20_node3_0_node4_0,0.40479248187496275
Test_U_2Layers_input_size_5_node1_50_node2_20_node3_0_node4_0,0.47650491647995935
Train_U_2Layers_input_size_5_node1_50_node2_30_node3_0_node4_0,0.39325536131190114
Test_U_2Layers_input_size_5_node1_50_node2_30_node3_0_node4_0,0.4609999048694256
Train_U_2Layers_input_size_5_node1_50_node2_40_node3_0_node4_0,0.3926383584345076
Test_U_2Layers_input_size_5_node1_50_node2_40_node3_0_node4_0,0.45794259198704046
Train_U_2Layers_input_size_5_node1_50_node2_50_node3_0_node4_0,0.39504067419781985
Test_U_2Layers_input_size_5_node1_50_node2_50_node3_0_node4_0,0.4628499813988072
Train_U_2Layers_input_size_5_node1_50_node2_60_node3_0_node4_0,0.39792641416397734
Test_U_2Layers_input_size_5_node1_50_node2_60_node3_0_node4_0,0.46651050929490623
Train_U_2Layers_input_size_5_node1_50_node2_70_node3_0_node4_0,0.41250213781438627
Test_U_2Layers_input_size_5_node1_50_node2_70_node3_0_node4_0,0.4673049268855051
Train_U_2Layers_input_size_5_node1_50_node2_80_node3_0_node4_0,0.3940753947060904
Test_U_2Layers_input_size_5_node1_50_node2_80_node3_0_node4_0,0.4680918364498144
Train_U_2Layers_input_size_5_node1_50_node2_90_node3_0_node4_0,0.39029887891081105
Test_U_2Layers_input_size_5_node1_50_node2_90_node3_0_node4_0,0.46010964615834865
Train_U_2Layers_input_size_5_node1_50_node2_100_node3_0_node4_0,0.38886984379242895
Test_U_2Layers_input_size_5_node1_50_node2_100_node3_0_node4_0,0.45751375013544227
Train_U_1Layers_input_size_5_node1_60_node2_0_node3_0_node4_0,0.4104704062461474
Test_U_1Layers_input_size_5_node1_60_node2_0_node3_0_node4_0,0.47745396142479296
Train_U_2Layers_input_size_5_node1_60_node2_10_node3_0_node4_0,0.3997004258881992
Test_U_2Layers_input_size_5_node1_60_node2_10_node3_0_node4_0,0.45916132661041603
Train_U_2Layers_input_size_5_node1_60_node2_20_node3_0_node4_0,0.4057667315342154
Test_U_2Layers_input_size_5_node1_60_node2_20_node3_0_node4_0,0.46300608164828166
Train_U_2Layers_input_size_5_node1_60_node2_30_node3_0_node4_0,0.3865246140981137
Test_U_2Layers_input_size_5_node1_60_node2_30_node3_0_node4_0,0.45683595772327706
Train_U_2Layers_input_size_5_node1_60_node2_40_node3_0_node4_0,0.4085247834974191
Test_U_2Layers_input_size_5_node1_60_node2_40_node3_0_node4_0,0.46493824230800956
Train_U_2Layers_input_size_5_node1_60_node2_50_node3_0_node4_0,0.39393158464621963
Test_U_2Layers_input_size_5_node1_60_node2_50_node3_0_node4_0,0.4589671679578782
Train_U_2Layers_input_size_5_node1_60_node2_60_node3_0_node4_0,0.39790890729372347
Test_U_2Layers_input_size_5_node1_60_node2_60_node3_0_node4_0,0.47228934494287
Train_U_2Layers_input_size_5_node1_60_node2_70_node3_0_node4_0,0.38677692939001407
Test_U_2Layers_input_size_5_node1_60_node2_70_node3_0_node4_0,0.45668758610972177
Train_U_2Layers_input_size_5_node1_60_node2_80_node3_0_node4_0,0.39128309128218913
Test_U_2Layers_input_size_5_node1_60_node2_80_node3_0_node4_0,0.45659783181591784
Train_U_2Layers_input_size_5_node1_60_node2_90_node3_0_node4_0,0.390790389334275
Test_U_2Layers_input_size_5_node1_60_node2_90_node3_0_node4_0,0.4524159803683339
Train_U_2Layers_input_size_5_node1_60_node2_100_node3_0_node4_0,0.393982931146164
Test_U_2Layers_input_size_5_node1_60_node2_100_node3_0_node4_0,0.46723599708458496
Train_U_1Layers_input_size_5_node1_70_node2_0_node3_0_node4_0,0.4056158251084765
Test_U_1Layers_input_size_5_node1_70_node2_0_node3_0_node4_0,0.48248214962903574
Train_U_2Layers_input_size_5_node1_70_node2_10_node3_0_node4_0,0.39562862105316965
Test_U_2Layers_input_size_5_node1_70_node2_10_node3_0_node4_0,0.4618085293048665
Train_U_2Layers_input_size_5_node1_70_node2_20_node3_0_node4_0,0.39011349567145825
Test_U_2Layers_input_size_5_node1_70_node2_20_node3_0_node4_0,0.4630239592433438
Train_U_2Layers_input_size_5_node1_70_node2_30_node3_0_node4_0,0.42116495708769736
Test_U_2Layers_input_size_5_node1_70_node2_30_node3_0_node4_0,0.4997122801027359
Train_U_2Layers_input_size_5_node1_70_node2_40_node3_0_node4_0,0.3949043473788559
Test_U_2Layers_input_size_5_node1_70_node2_40_node3_0_node4_0,0.45754597688210363
Train_U_2Layers_input_size_5_node1_70_node2_50_node3_0_node4_0,0.4060336600653214
Test_U_2Layers_input_size_5_node1_70_node2_50_node3_0_node4_0,0.4827875921003321
Train_U_2Layers_input_size_5_node1_70_node2_60_node3_0_node4_0,0.41310303564736206
Test_U_2Layers_input_size_5_node1_70_node2_60_node3_0_node4_0,0.4902059995182553
Train_U_2Layers_input_size_5_node1_70_node2_70_node3_0_node4_0,0.40692852283501313
Test_U_2Layers_input_size_5_node1_70_node2_70_node3_0_node4_0,0.46459349940457384
Train_U_2Layers_input_size_5_node1_70_node2_80_node3_0_node4_0,0.4032052640335237
Test_U_2Layers_input_size_5_node1_70_node2_80_node3_0_node4_0,0.45819876783401775
Train_U_2Layers_input_size_5_node1_70_node2_90_node3_0_node4_0,0.3900490520269686
Test_U_2Layers_input_size_5_node1_70_node2_90_node3_0_node4_0,0.45514434529118863
Train_U_2Layers_input_size_5_node1_70_node2_100_node3_0_node4_0,0.4129892511146687
Test_U_2Layers_input_size_5_node1_70_node2_100_node3_0_node4_0,0.46576957506291755
Train_U_1Layers_input_size_5_node1_80_node2_0_node3_0_node4_0,0.39875943136870334
Test_U_1Layers_input_size_5_node1_80_node2_0_node3_0_node4_0,0.4690979143277677
Train_U_2Layers_input_size_5_node1_80_node2_10_node3_0_node4_0,0.40325014552369776
Test_U_2Layers_input_size_5_node1_80_node2_10_node3_0_node4_0,0.4790148719209044
Train_U_2Layers_input_size_5_node1_80_node2_20_node3_0_node4_0,0.4095244309644668
Test_U_2Layers_input_size_5_node1_80_node2_20_node3_0_node4_0,0.487647476875179
Train_U_2Layers_input_size_5_node1_80_node2_30_node3_0_node4_0,0.3906698391928493
Test_U_2Layers_input_size_5_node1_80_node2_30_node3_0_node4_0,0.4588720143542402
Train_U_2Layers_input_size_5_node1_80_node2_40_node3_0_node4_0,0.39243720262968507
Test_U_2Layers_input_size_5_node1_80_node2_40_node3_0_node4_0,0.4602238577899045
Train_U_2Layers_input_size_5_node1_80_node2_50_node3_0_node4_0,0.41002353155830146
Test_U_2Layers_input_size_5_node1_80_node2_50_node3_0_node4_0,0.4681149154157458
Train_U_2Layers_input_size_5_node1_80_node2_60_node3_0_node4_0,0.39317001967410586
Test_U_2Layers_input_size_5_node1_80_node2_60_node3_0_node4_0,0.45748078824442406
Train_U_2Layers_input_size_5_node1_80_node2_70_node3_0_node4_0,0.3886063870414091
Test_U_2Layers_input_size_5_node1_80_node2_70_node3_0_node4_0,0.4582563266941749
Train_U_2Layers_input_size_5_node1_80_node2_80_node3_0_node4_0,0.3925764359015571
Test_U_2Layers_input_size_5_node1_80_node2_80_node3_0_node4_0,0.4606443054573908
Train_U_2Layers_input_size_5_node1_80_node2_90_node3_0_node4_0,0.3877698889045744
Test_U_2Layers_input_size_5_node1_80_node2_90_node3_0_node4_0,0.4551652325609109
Train_U_2Layers_input_size_5_node1_80_node2_100_node3_0_node4_0,0.3895757889484612
Test_U_2Layers_input_size_5_node1_80_node2_100_node3_0_node4_0,0.45292190406892135
Train_U_1Layers_input_size_5_node1_90_node2_0_node3_0_node4_0,0.3957595589134576
Test_U_1Layers_input_size_5_node1_90_node2_0_node3_0_node4_0,0.4673942510318633
Train_U_2Layers_input_size_5_node1_90_node2_10_node3_0_node4_0,0.39912077341610547
Test_U_2Layers_input_size_5_node1_90_node2_10_node3_0_node4_0,0.4719398997057251
Train_U_2Layers_input_size_5_node1_90_node2_20_node3_0_node4_0,0.4018601038353779
Test_U_2Layers_input_size_5_node1_90_node2_20_node3_0_node4_0,0.4618312930899857
Train_U_2Layers_input_size_5_node1_90_node2_30_node3_0_node4_0,0.39081292400401163
Test_U_2Layers_input_size_5_node1_90_node2_30_node3_0_node4_0,0.45800177726754754
Train_U_2Layers_input_size_5_node1_90_node2_40_node3_0_node4_0,0.40031443545538425
Test_U_2Layers_input_size_5_node1_90_node2_40_node3_0_node4_0,0.47651331288132354
Train_U_2Layers_input_size_5_node1_90_node2_50_node3_0_node4_0,0.3964063445479446
Test_U_2Layers_input_size_5_node1_90_node2_50_node3_0_node4_0,0.47112842198154153
Train_U_2Layers_input_size_5_node1_90_node2_60_node3_0_node4_0,0.3965647573684882
Test_U_2Layers_input_size_5_node1_90_node2_60_node3_0_node4_0,0.4582315317439621
Train_U_2Layers_input_size_5_node1_90_node2_70_node3_0_node4_0,0.39037024774019313
Test_U_2Layers_input_size_5_node1_90_node2_70_node3_0_node4_0,0.46008232766432877
Train_U_2Layers_input_size_5_node1_90_node2_80_node3_0_node4_0,0.39203446734717157
Test_U_2Layers_input_size_5_node1_90_node2_80_node3_0_node4_0,0.45577638290678407
Train_U_2Layers_input_size_5_node1_90_node2_90_node3_0_node4_0,0.39682985860060865
Test_U_2Layers_input_size_5_node1_90_node2_90_node3_0_node4_0,0.4714211649901221
Train_U_2Layers_input_size_5_node1_90_node2_100_node3_0_node4_0,0.3915194380113569
Test_U_2Layers_input_size_5_node1_90_node2_100_node3_0_node4_0,0.46366674007410164
Train_U_1Layers_input_size_5_node1_100_node2_0_node3_0_node4_0,0.40528810773288065
Test_U_1Layers_input_size_5_node1_100_node2_0_node3_0_node4_0,0.4821697765611126
Train_U_2Layers_input_size_5_node1_100_node2_10_node3_0_node4_0,0.3925087331298387
Test_U_2Layers_input_size_5_node1_100_node2_10_node3_0_node4_0,0.460891753690681
Train_U_2Layers_input_size_5_node1_100_node2_20_node3_0_node4_0,0.3986907602868472
Test_U_2Layers_input_size_5_node1_100_node2_20_node3_0_node4_0,0.4647634741444337
Train_U_2Layers_input_size_5_node1_100_node2_30_node3_0_node4_0,0.4112513319243223
Test_U_2Layers_input_size_5_node1_100_node2_30_node3_0_node4_0,0.4885620225462643
Train_U_2Layers_input_size_5_node1_100_node2_40_node3_0_node4_0,0.3923269958443383
Test_U_2Layers_input_size_5_node1_100_node2_40_node3_0_node4_0,0.46560009563332816
Train_U_2Layers_input_size_5_node1_100_node2_50_node3_0_node4_0,0.3936011426594089
Test_U_2Layers_input_size_5_node1_100_node2_50_node3_0_node4_0,0.46796768392145305
Train_U_2Layers_input_size_5_node1_100_node2_60_node3_0_node4_0,0.3986311236377996
Test_U_2Layers_input_size_5_node1_100_node2_60_node3_0_node4_0,0.47418592738479926
Train_U_2Layers_input_size_5_node1_100_node2_70_node3_0_node4_0,0.39068658343292895
Test_U_2Layers_input_size_5_node1_100_node2_70_node3_0_node4_0,0.45770356050635413
Train_U_2Layers_input_size_5_node1_100_node2_80_node3_0_node4_0,0.41213246140741594
Test_U_2Layers_input_size_5_node1_100_node2_80_node3_0_node4_0,0.48882051825034734
Train_U_2Layers_input_size_5_node1_100_node2_90_node3_0_node4_0,0.4204653040285068
Test_U_2Layers_input_size_5_node1_100_node2_90_node3_0_node4_0,0.4979812429229722
Train_U_2Layers_input_size_5_node1_100_node2_100_node3_0_node4_0,0.4058669558598202
Test_U_2Layers_input_size_5_node1_100_node2_100_node3_0_node4_0,0.48226050330451437
Train_U_1Layers_input_size_10_node1_10_node2_0_node3_0_node4_0,0.7553156590109608
Test_U_1Layers_input_size_10_node1_10_node2_0_node3_0_node4_0,0.7104872231297702
Train_U_2Layers_input_size_10_node1_10_node2_10_node3_0_node4_0,0.41805717388563635
Test_U_2Layers_input_size_10_node1_10_node2_10_node3_0_node4_0,0.48815399037431517
Train_U_2Layers_input_size_10_node1_10_node2_20_node3_0_node4_0,0.40084208645783603
Test_U_2Layers_input_size_10_node1_10_node2_20_node3_0_node4_0,0.4720562523613152
Train_U_2Layers_input_size_10_node1_10_node2_30_node3_0_node4_0,0.4210255866713542
Test_U_2Layers_input_size_10_node1_10_node2_30_node3_0_node4_0,0.4997063758104777
Train_U_2Layers_input_size_10_node1_10_node2_40_node3_0_node4_0,0.4144249355498137
Test_U_2Layers_input_size_10_node1_10_node2_40_node3_0_node4_0,0.4698551343040373
Train_U_2Layers_input_size_10_node1_10_node2_50_node3_0_node4_0,0.4091600217622786
Test_U_2Layers_input_size_10_node1_10_node2_50_node3_0_node4_0,0.4803533027706123
Train_U_2Layers_input_size_10_node1_10_node2_60_node3_0_node4_0,0.43491197506611406
Test_U_2Layers_input_size_10_node1_10_node2_60_node3_0_node4_0,0.5166687083460348
Train_U_2Layers_input_size_10_node1_10_node2_70_node3_0_node4_0,0.4371434870850274
Test_U_2Layers_input_size_10_node1_10_node2_70_node3_0_node4_0,0.4885438441842793
Train_U_2Layers_input_size_10_node1_10_node2_80_node3_0_node4_0,0.4403706276281604
Test_U_2Layers_input_size_10_node1_10_node2_80_node3_0_node4_0,0.5166003510257239
Train_U_2Layers_input_size_10_node1_10_node2_90_node3_0_node4_0,0.4054189397833763
Test_U_2Layers_input_size_10_node1_10_node2_90_node3_0_node4_0,0.47606075952529014
Train_U_2Layers_input_size_10_node1_10_node2_100_node3_0_node4_0,0.39346319985779354
Test_U_2Layers_input_size_10_node1_10_node2_100_node3_0_node4_0,0.4624173283792503
Train_U_1Layers_input_size_10_node1_20_node2_0_node3_0_node4_0,0.415984730177781
Test_U_1Layers_input_size_10_node1_20_node2_0_node3_0_node4_0,0.49427170956061317
Train_U_2Layers_input_size_10_node1_20_node2_10_node3_0_node4_0,0.41126102432733375
Test_U_2Layers_input_size_10_node1_20_node2_10_node3_0_node4_0,0.4844862902367813
Train_U_2Layers_input_size_10_node1_20_node2_20_node3_0_node4_0,0.40206284577876505
Test_U_2Layers_input_size_10_node1_20_node2_20_node3_0_node4_0,0.4754733318518019
Train_U_2Layers_input_size_10_node1_20_node2_30_node3_0_node4_0,0.3952332850763751
Test_U_2Layers_input_size_10_node1_20_node2_30_node3_0_node4_0,0.4696764215367136
Train_U_2Layers_input_size_10_node1_20_node2_40_node3_0_node4_0,0.40094519565418757
Test_U_2Layers_input_size_10_node1_20_node2_40_node3_0_node4_0,0.4706699312147974
Train_U_2Layers_input_size_10_node1_20_node2_50_node3_0_node4_0,0.4047492992684871
Test_U_2Layers_input_size_10_node1_20_node2_50_node3_0_node4_0,0.46176780659533906
Train_U_2Layers_input_size_10_node1_20_node2_60_node3_0_node4_0,0.40523714569480146
Test_U_2Layers_input_size_10_node1_20_node2_60_node3_0_node4_0,0.4805587901283413
Train_U_2Layers_input_size_10_node1_20_node2_70_node3_0_node4_0,0.3948141537840475
Test_U_2Layers_input_size_10_node1_20_node2_70_node3_0_node4_0,0.4557403690232865
Train_U_2Layers_input_size_10_node1_20_node2_80_node3_0_node4_0,0.4051748868316833
Test_U_2Layers_input_size_10_node1_20_node2_80_node3_0_node4_0,0.4658361308293061
Train_U_2Layers_input_size_10_node1_20_node2_90_node3_0_node4_0,0.4180036155918483
Test_U_2Layers_input_size_10_node1_20_node2_90_node3_0_node4_0,0.49078962334087883
Train_U_2Layers_input_size_10_node1_20_node2_100_node3_0_node4_0,0.40538269776250024
Test_U_2Layers_input_size_10_node1_20_node2_100_node3_0_node4_0,0.4817248571641641
Train_U_1Layers_input_size_10_node1_30_node2_0_node3_0_node4_0,0.4147980293036285
Test_U_1Layers_input_size_10_node1_30_node2_0_node3_0_node4_0,0.48892931846259846
Train_U_2Layers_input_size_10_node1_30_node2_10_node3_0_node4_0,0.40650022576620254
Test_U_2Layers_input_size_10_node1_30_node2_10_node3_0_node4_0,0.48279563232388367
Train_U_2Layers_input_size_10_node1_30_node2_20_node3_0_node4_0,0.4012290735521781
Test_U_2Layers_input_size_10_node1_30_node2_20_node3_0_node4_0,0.46880918764918195
Train_U_2Layers_input_size_10_node1_30_node2_30_node3_0_node4_0,0.41124457428202477
Test_U_2Layers_input_size_10_node1_30_node2_30_node3_0_node4_0,0.4881143360951258
Train_U_2Layers_input_size_10_node1_30_node2_40_node3_0_node4_0,0.40709772061459704
Test_U_2Layers_input_size_10_node1_30_node2_40_node3_0_node4_0,0.4722671325760499
Train_U_2Layers_input_size_10_node1_30_node2_50_node3_0_node4_0,0.3851764441529394
Test_U_2Layers_input_size_10_node1_30_node2_50_node3_0_node4_0,0.44876518571815605
Train_U_2Layers_input_size_10_node1_30_node2_60_node3_0_node4_0,0.39304623759397544
Test_U_2Layers_input_size_10_node1_30_node2_60_node3_0_node4_0,0.4661302315287199
Train_U_2Layers_input_size_10_node1_30_node2_70_node3_0_node4_0,0.42006407703069004
Test_U_2Layers_input_size_10_node1_30_node2_70_node3_0_node4_0,0.4806407372536018
Train_U_2Layers_input_size_10_node1_30_node2_80_node3_0_node4_0,0.39582937849311095
Test_U_2Layers_input_size_10_node1_30_node2_80_node3_0_node4_0,0.46993709295402075
Train_U_2Layers_input_size_10_node1_30_node2_90_node3_0_node4_0,0.4153728444424908
Test_U_2Layers_input_size_10_node1_30_node2_90_node3_0_node4_0,0.49223442459457356
Train_U_2Layers_input_size_10_node1_30_node2_100_node3_0_node4_0,0.39804862249438155
Test_U_2Layers_input_size_10_node1_30_node2_100_node3_0_node4_0,0.4727789506777524
Train_U_1Layers_input_size_10_node1_40_node2_0_node3_0_node4_0,0.4041205311854671
Test_U_1Layers_input_size_10_node1_40_node2_0_node3_0_node4_0,0.47919810924475437
Train_U_2Layers_input_size_10_node1_40_node2_10_node3_0_node4_0,0.3990751288080369
Test_U_2Layers_input_size_10_node1_40_node2_10_node3_0_node4_0,0.47284864813163735
Train_U_2Layers_input_size_10_node1_40_node2_20_node3_0_node4_0,0.38777592202930916
Test_U_2Layers_input_size_10_node1_40_node2_20_node3_0_node4_0,0.45947006176206917
Train_U_2Layers_input_size_10_node1_40_node2_30_node3_0_node4_0,0.4113739104115961
Test_U_2Layers_input_size_10_node1_40_node2_30_node3_0_node4_0,0.48791862755611354
Train_U_2Layers_input_size_10_node1_40_node2_40_node3_0_node4_0,0.39894361701230785
Test_U_2Layers_input_size_10_node1_40_node2_40_node3_0_node4_0,0.46083512219926265
Train_U_2Layers_input_size_10_node1_40_node2_50_node3_0_node4_0,0.39017733671610905
Test_U_2Layers_input_size_10_node1_40_node2_50_node3_0_node4_0,0.46271223340830486
Train_U_2Layers_input_size_10_node1_40_node2_60_node3_0_node4_0,0.4037281588206457
Test_U_2Layers_input_size_10_node1_40_node2_60_node3_0_node4_0,0.4677545149446108
Train_U_2Layers_input_size_10_node1_40_node2_70_node3_0_node4_0,0.41092633206817136
Test_U_2Layers_input_size_10_node1_40_node2_70_node3_0_node4_0,0.4723970948033872
Train_U_2Layers_input_size_10_node1_40_node2_80_node3_0_node4_0,0.4402558349415495
Test_U_2Layers_input_size_10_node1_40_node2_80_node3_0_node4_0,0.5155753198445554
Train_U_2Layers_input_size_10_node1_40_node2_90_node3_0_node4_0,0.38585807894303503
Test_U_2Layers_input_size_10_node1_40_node2_90_node3_0_node4_0,0.45170380252582926
Train_U_2Layers_input_size_10_node1_40_node2_100_node3_0_node4_0,0.39186580047882147
Test_U_2Layers_input_size_10_node1_40_node2_100_node3_0_node4_0,0.4522069312338429
Train_U_1Layers_input_size_10_node1_50_node2_0_node3_0_node4_0,0.4276888923326902
Test_U_1Layers_input_size_10_node1_50_node2_0_node3_0_node4_0,0.5082709956901087
Train_U_2Layers_input_size_10_node1_50_node2_10_node3_0_node4_0,0.40547274548982015
Test_U_2Layers_input_size_10_node1_50_node2_10_node3_0_node4_0,0.4779987268191504
Train_U_2Layers_input_size_10_node1_50_node2_20_node3_0_node4_0,0.4039856270095879
Test_U_2Layers_input_size_10_node1_50_node2_20_node3_0_node4_0,0.4716966835261217
Train_U_2Layers_input_size_10_node1_50_node2_30_node3_0_node4_0,0.4283229662547286
Test_U_2Layers_input_size_10_node1_50_node2_30_node3_0_node4_0,0.5095633913142553
Train_U_2Layers_input_size_10_node1_50_node2_40_node3_0_node4_0,0.4048796797620603
Test_U_2Layers_input_size_10_node1_50_node2_40_node3_0_node4_0,0.46946837691367344
Train_U_2Layers_input_size_10_node1_50_node2_50_node3_0_node4_0,0.3968885832437026
Test_U_2Layers_input_size_10_node1_50_node2_50_node3_0_node4_0,0.46767489803005385
Train_U_2Layers_input_size_10_node1_50_node2_60_node3_0_node4_0,0.3926398195592964
Test_U_2Layers_input_size_10_node1_50_node2_60_node3_0_node4_0,0.46680811146256457
Train_U_2Layers_input_size_10_node1_50_node2_70_node3_0_node4_0,0.3848216214557249
Test_U_2Layers_input_size_10_node1_50_node2_70_node3_0_node4_0,0.4570021334771538
Train_U_2Layers_input_size_10_node1_50_node2_80_node3_0_node4_0,0.38358697593907504
Test_U_2Layers_input_size_10_node1_50_node2_80_node3_0_node4_0,0.44862097067310897
Train_U_2Layers_input_size_10_node1_50_node2_90_node3_0_node4_0,0.388041401857717
Test_U_2Layers_input_size_10_node1_50_node2_90_node3_0_node4_0,0.46087400354660985
Train_U_2Layers_input_size_10_node1_50_node2_100_node3_0_node4_0,0.40662856070351744
Test_U_2Layers_input_size_10_node1_50_node2_100_node3_0_node4_0,0.4714987113435435
Train_U_1Layers_input_size_10_node1_60_node2_0_node3_0_node4_0,0.42763711529016674
Test_U_1Layers_input_size_10_node1_60_node2_0_node3_0_node4_0,0.4814536072672242
Train_U_2Layers_input_size_10_node1_60_node2_10_node3_0_node4_0,0.40120171990296927
Test_U_2Layers_input_size_10_node1_60_node2_10_node3_0_node4_0,0.47138424420858094
Train_U_2Layers_input_size_10_node1_60_node2_20_node3_0_node4_0,0.41205249411910466
Test_U_2Layers_input_size_10_node1_60_node2_20_node3_0_node4_0,0.4876356510797424
Train_U_2Layers_input_size_10_node1_60_node2_30_node3_0_node4_0,0.43735653364190663
Test_U_2Layers_input_size_10_node1_60_node2_30_node3_0_node4_0,0.5158475337849644
Train_U_2Layers_input_size_10_node1_60_node2_40_node3_0_node4_0,0.39467623850869216
Test_U_2Layers_input_size_10_node1_60_node2_40_node3_0_node4_0,0.4667891976591054
Train_U_2Layers_input_size_10_node1_60_node2_50_node3_0_node4_0,0.38857080113436426
Test_U_2Layers_input_size_10_node1_60_node2_50_node3_0_node4_0,0.4619283855387045
Train_U_2Layers_input_size_10_node1_60_node2_60_node3_0_node4_0,0.4037995896725131
Test_U_2Layers_input_size_10_node1_60_node2_60_node3_0_node4_0,0.46210187194872676
Train_U_2Layers_input_size_10_node1_60_node2_70_node3_0_node4_0,0.39371186329062574
Test_U_2Layers_input_size_10_node1_60_node2_70_node3_0_node4_0,0.46820815876928673
Train_U_2Layers_input_size_10_node1_60_node2_80_node3_0_node4_0,0.3790731947130008
Test_U_2Layers_input_size_10_node1_60_node2_80_node3_0_node4_0,0.4427148949379937
Train_U_2Layers_input_size_10_node1_60_node2_90_node3_0_node4_0,0.4228957155359264
Test_U_2Layers_input_size_10_node1_60_node2_90_node3_0_node4_0,0.46977841097054374
Train_U_2Layers_input_size_10_node1_60_node2_100_node3_0_node4_0,0.4067285909792088
Test_U_2Layers_input_size_10_node1_60_node2_100_node3_0_node4_0,0.4597091957796908
Train_U_1Layers_input_size_10_node1_70_node2_0_node3_0_node4_0,0.406648129000945
Test_U_1Layers_input_size_10_node1_70_node2_0_node3_0_node4_0,0.4729663525190732
Train_U_2Layers_input_size_10_node1_70_node2_10_node3_0_node4_0,0.7546885488435712
Test_U_2Layers_input_size_10_node1_70_node2_10_node3_0_node4_0,0.7202079332957666
Train_U_2Layers_input_size_10_node1_70_node2_20_node3_0_node4_0,0.3975549347722476
Test_U_2Layers_input_size_10_node1_70_node2_20_node3_0_node4_0,0.4717223975390249
Train_U_2Layers_input_size_10_node1_70_node2_30_node3_0_node4_0,0.39312303976228263
Test_U_2Layers_input_size_10_node1_70_node2_30_node3_0_node4_0,0.4634989833110782
Train_U_2Layers_input_size_10_node1_70_node2_40_node3_0_node4_0,0.40010226030333385
Test_U_2Layers_input_size_10_node1_70_node2_40_node3_0_node4_0,0.4735741018500534
Train_U_2Layers_input_size_10_node1_70_node2_50_node3_0_node4_0,0.4016574821503724
Test_U_2Layers_input_size_10_node1_70_node2_50_node3_0_node4_0,0.47742523209657634
Train_U_2Layers_input_size_10_node1_70_node2_60_node3_0_node4_0,0.4067394352744264
Test_U_2Layers_input_size_10_node1_70_node2_60_node3_0_node4_0,0.4835348688124679
Train_U_2Layers_input_size_10_node1_70_node2_70_node3_0_node4_0,0.3894947867650606
Test_U_2Layers_input_size_10_node1_70_node2_70_node3_0_node4_0,0.4610791877611008
Train_U_2Layers_input_size_10_node1_70_node2_80_node3_0_node4_0,0.3934228075054972
Test_U_2Layers_input_size_10_node1_70_node2_80_node3_0_node4_0,0.46777730792839506
Train_U_2Layers_input_size_10_node1_70_node2_90_node3_0_node4_0,0.38360167920527705
Test_U_2Layers_input_size_10_node1_70_node2_90_node3_0_node4_0,0.451229091830915
Train_U_2Layers_input_size_10_node1_70_node2_100_node3_0_node4_0,0.4027666628425718
Test_U_2Layers_input_size_10_node1_70_node2_100_node3_0_node4_0,0.4612684678047954
Train_U_1Layers_input_size_10_node1_80_node2_0_node3_0_node4_0,0.4054267501393862
Test_U_1Layers_input_size_10_node1_80_node2_0_node3_0_node4_0,0.48147589100882476
Train_U_2Layers_input_size_10_node1_80_node2_10_node3_0_node4_0,0.40503257120106945
Test_U_2Layers_input_size_10_node1_80_node2_10_node3_0_node4_0,0.4769916478251537
Train_U_2Layers_input_size_10_node1_80_node2_20_node3_0_node4_0,0.4046131500227134
Test_U_2Layers_input_size_10_node1_80_node2_20_node3_0_node4_0,0.47830287329899185
Train_U_2Layers_input_size_10_node1_80_node2_30_node3_0_node4_0,0.45155291959637955
Test_U_2Layers_input_size_10_node1_80_node2_30_node3_0_node4_0,0.5304719893928239
Train_U_2Layers_input_size_10_node1_80_node2_40_node3_0_node4_0,0.3980334982528858
Test_U_2Layers_input_size_10_node1_80_node2_40_node3_0_node4_0,0.4726047645460246
Train_U_2Layers_input_size_10_node1_80_node2_50_node3_0_node4_0,0.3934612873270424
Test_U_2Layers_input_size_10_node1_80_node2_50_node3_0_node4_0,0.4553288109030227
Train_U_2Layers_input_size_10_node1_80_node2_60_node3_0_node4_0,0.4203119285040732
Test_U_2Layers_input_size_10_node1_80_node2_60_node3_0_node4_0,0.4983054593061441
Train_U_2Layers_input_size_10_node1_80_node2_70_node3_0_node4_0,0.4316819460323639
Test_U_2Layers_input_size_10_node1_80_node2_70_node3_0_node4_0,0.47602991142477913
Train_U_2Layers_input_size_10_node1_80_node2_80_node3_0_node4_0,0.46007068401945417
Test_U_2Layers_input_size_10_node1_80_node2_80_node3_0_node4_0,0.4966739055673522
Train_U_2Layers_input_size_10_node1_80_node2_90_node3_0_node4_0,0.39987396773013983
Test_U_2Layers_input_size_10_node1_80_node2_90_node3_0_node4_0,0.4574446316603674
Train_U_2Layers_input_size_10_node1_80_node2_100_node3_0_node4_0,0.4913087902853475
Test_U_2Layers_input_size_10_node1_80_node2_100_node3_0_node4_0,0.5221281328589051
Train_U_1Layers_input_size_10_node1_90_node2_0_node3_0_node4_0,0.40013043392964126
Test_U_1Layers_input_size_10_node1_90_node2_0_node3_0_node4_0,0.4729126164043036
Train_U_2Layers_input_size_10_node1_90_node2_10_node3_0_node4_0,0.3990904189330646
Test_U_2Layers_input_size_10_node1_90_node2_10_node3_0_node4_0,0.4655073061952545
Train_U_2Layers_input_size_10_node1_90_node2_20_node3_0_node4_0,0.40353910409247973
Test_U_2Layers_input_size_10_node1_90_node2_20_node3_0_node4_0,0.47965685159395854
Train_U_2Layers_input_size_10_node1_90_node2_30_node3_0_node4_0,0.39694641702228733
Test_U_2Layers_input_size_10_node1_90_node2_30_node3_0_node4_0,0.47118022688021244
Train_U_2Layers_input_size_10_node1_90_node2_40_node3_0_node4_0,0.39603074906398095
Test_U_2Layers_input_size_10_node1_90_node2_40_node3_0_node4_0,0.470480205253267
Train_U_2Layers_input_size_10_node1_90_node2_50_node3_0_node4_0,0.45357913247003506
Test_U_2Layers_input_size_10_node1_90_node2_50_node3_0_node4_0,0.49293021521512465
Train_U_2Layers_input_size_10_node1_90_node2_60_node3_0_node4_0,0.4096397599339441
Test_U_2Layers_input_size_10_node1_90_node2_60_node3_0_node4_0,0.4656748354567818
Train_U_2Layers_input_size_10_node1_90_node2_70_node3_0_node4_0,0.39077035107031793
Test_U_2Layers_input_size_10_node1_90_node2_70_node3_0_node4_0,0.4570773826856248
Train_U_2Layers_input_size_10_node1_90_node2_80_node3_0_node4_0,0.393964889713213
Test_U_2Layers_input_size_10_node1_90_node2_80_node3_0_node4_0,0.46801541307532607
Train_U_2Layers_input_size_10_node1_90_node2_90_node3_0_node4_0,0.39275312556134606
Test_U_2Layers_input_size_10_node1_90_node2_90_node3_0_node4_0,0.46732010506388855
Train_U_2Layers_input_size_10_node1_90_node2_100_node3_0_node4_0,0.4032223007411226
Test_U_2Layers_input_size_10_node1_90_node2_100_node3_0_node4_0,0.4798728224537743
Train_U_1Layers_input_size_10_node1_100_node2_0_node3_0_node4_0,0.41078390507295265
Test_U_1Layers_input_size_10_node1_100_node2_0_node3_0_node4_0,0.4886436338367726
Train_U_2Layers_input_size_10_node1_100_node2_10_node3_0_node4_0,0.4052468716290618
Test_U_2Layers_input_size_10_node1_100_node2_10_node3_0_node4_0,0.4818370378386602
Train_U_2Layers_input_size_10_node1_100_node2_20_node3_0_node4_0,0.4176601982286861
Test_U_2Layers_input_size_10_node1_100_node2_20_node3_0_node4_0,0.4968046516425283
Train_U_2Layers_input_size_10_node1_100_node2_30_node3_0_node4_0,0.38471066619756267
Test_U_2Layers_input_size_10_node1_100_node2_30_node3_0_node4_0,0.45387585681003395
Train_U_2Layers_input_size_10_node1_100_node2_40_node3_0_node4_0,0.4026766575655135
Test_U_2Layers_input_size_10_node1_100_node2_40_node3_0_node4_0,0.47014488262254445
Train_U_2Layers_input_size_10_node1_100_node2_50_node3_0_node4_0,0.40309315858811307
Test_U_2Layers_input_size_10_node1_100_node2_50_node3_0_node4_0,0.4784613286568285
Train_U_2Layers_input_size_10_node1_100_node2_60_node3_0_node4_0,0.3918964103617557
Test_U_2Layers_input_size_10_node1_100_node2_60_node3_0_node4_0,0.4663179406632356
Train_U_2Layers_input_size_10_node1_100_node2_70_node3_0_node4_0,0.3892181621288269
Test_U_2Layers_input_size_10_node1_100_node2_70_node3_0_node4_0,0.45286531241740113
Train_U_2Layers_input_size_10_node1_100_node2_80_node3_0_node4_0,0.4190534972177491
Test_U_2Layers_input_size_10_node1_100_node2_80_node3_0_node4_0,0.4949902253197318
Train_U_2Layers_input_size_10_node1_100_node2_90_node3_0_node4_0,0.3935956152750228
Test_U_2Layers_input_size_10_node1_100_node2_90_node3_0_node4_0,0.4658054053522404
Train_U_2Layers_input_size_10_node1_100_node2_100_node3_0_node4_0,0.39600567035877965
Test_U_2Layers_input_size_10_node1_100_node2_100_node3_0_node4_0,0.4550633571340575
Train_U_1Layers_input_size_15_node1_10_node2_0_node3_0_node4_0,0.4058186184756607
Test_U_1Layers_input_size_15_node1_10_node2_0_node3_0_node4_0,0.4740023714782849
Train_U_2Layers_input_size_15_node1_10_node2_10_node3_0_node4_0,0.4145543757665864
Test_U_2Layers_input_size_15_node1_10_node2_10_node3_0_node4_0,0.49202088154600887
Train_U_2Layers_input_size_15_node1_10_node2_20_node3_0_node4_0,0.3954197538327026
Test_U_2Layers_input_size_15_node1_10_node2_20_node3_0_node4_0,0.464185456963426
Train_U_2Layers_input_size_15_node1_10_node2_30_node3_0_node4_0,0.43285020877436076
Test_U_2Layers_input_size_15_node1_10_node2_30_node3_0_node4_0,0.4953032977094722
Train_U_2Layers_input_size_15_node1_10_node2_40_node3_0_node4_0,0.39176743340667275
Test_U_2Layers_input_size_15_node1_10_node2_40_node3_0_node4_0,0.46432130770173635
Train_U_2Layers_input_size_15_node1_10_node2_50_node3_0_node4_0,0.43194163946928904
Test_U_2Layers_input_size_15_node1_10_node2_50_node3_0_node4_0,0.5113648508519865
Train_U_2Layers_input_size_15_node1_10_node2_60_node3_0_node4_0,0.424301621296914
Test_U_2Layers_input_size_15_node1_10_node2_60_node3_0_node4_0,0.5026291328778247
Train_U_2Layers_input_size_15_node1_10_node2_70_node3_0_node4_0,0.4206431913764112
Test_U_2Layers_input_size_15_node1_10_node2_70_node3_0_node4_0,0.47286279752447125
Train_U_2Layers_input_size_15_node1_10_node2_80_node3_0_node4_0,0.41246944444368
Test_U_2Layers_input_size_15_node1_10_node2_80_node3_0_node4_0,0.48956201046982867
Train_U_2Layers_input_size_15_node1_10_node2_90_node3_0_node4_0,0.4174547154029009
Test_U_2Layers_input_size_15_node1_10_node2_90_node3_0_node4_0,0.49448076987892275
Train_U_2Layers_input_size_15_node1_10_node2_100_node3_0_node4_0,0.4154678822164378
Test_U_2Layers_input_size_15_node1_10_node2_100_node3_0_node4_0,0.4727024654776859
Train_U_1Layers_input_size_15_node1_20_node2_0_node3_0_node4_0,0.42363041779899613
Test_U_1Layers_input_size_15_node1_20_node2_0_node3_0_node4_0,0.503475034274729
Train_U_2Layers_input_size_15_node1_20_node2_10_node3_0_node4_0,0.7563890676077538
Test_U_2Layers_input_size_15_node1_20_node2_10_node3_0_node4_0,0.7373710551928343
Train_U_2Layers_input_size_15_node1_20_node2_20_node3_0_node4_0,0.3936165129230248
Test_U_2Layers_input_size_15_node1_20_node2_20_node3_0_node4_0,0.46728183980340876
Train_U_2Layers_input_size_15_node1_20_node2_30_node3_0_node4_0,0.41406206814725416
Test_U_2Layers_input_size_15_node1_20_node2_30_node3_0_node4_0,0.48440139452483894
Train_U_2Layers_input_size_15_node1_20_node2_40_node3_0_node4_0,0.3929816871470155
Test_U_2Layers_input_size_15_node1_20_node2_40_node3_0_node4_0,0.4597561131144058
Train_U_2Layers_input_size_15_node1_20_node2_50_node3_0_node4_0,0.4201521663389293
Test_U_2Layers_input_size_15_node1_20_node2_50_node3_0_node4_0,0.4790238309210181
Train_U_2Layers_input_size_15_node1_20_node2_60_node3_0_node4_0,0.47854337027942206
Test_U_2Layers_input_size_15_node1_20_node2_60_node3_0_node4_0,0.5558431702086063
Train_U_2Layers_input_size_15_node1_20_node2_70_node3_0_node4_0,0.3901114139299628
Test_U_2Layers_input_size_15_node1_20_node2_70_node3_0_node4_0,0.4637998672623751
Train_U_2Layers_input_size_15_node1_20_node2_80_node3_0_node4_0,0.38866737018064057
Test_U_2Layers_input_size_15_node1_20_node2_80_node3_0_node4_0,0.45907387368152797
Train_U_2Layers_input_size_15_node1_20_node2_90_node3_0_node4_0,0.39873861640418234
Test_U_2Layers_input_size_15_node1_20_node2_90_node3_0_node4_0,0.46289765879763567
Train_U_2Layers_input_size_15_node1_20_node2_100_node3_0_node4_0,0.44763919271889563
Test_U_2Layers_input_size_15_node1_20_node2_100_node3_0_node4_0,0.4917333111881343
Train_U_1Layers_input_size_15_node1_30_node2_0_node3_0_node4_0,0.42696136578340177
Test_U_1Layers_input_size_15_node1_30_node2_0_node3_0_node4_0,0.4908731410130017
Train_U_2Layers_input_size_15_node1_30_node2_10_node3_0_node4_0,0.4026948082447364
Test_U_2Layers_input_size_15_node1_30_node2_10_node3_0_node4_0,0.47881861844851026
Train_U_2Layers_input_size_15_node1_30_node2_20_node3_0_node4_0,0.38999132256757846
Test_U_2Layers_input_size_15_node1_30_node2_20_node3_0_node4_0,0.4635176777436558
Train_U_2Layers_input_size_15_node1_30_node2_30_node3_0_node4_0,0.39146173506485793
Test_U_2Layers_input_size_15_node1_30_node2_30_node3_0_node4_0,0.46150528157312715
Train_U_2Layers_input_size_15_node1_30_node2_40_node3_0_node4_0,0.4355276300258372
Test_U_2Layers_input_size_15_node1_30_node2_40_node3_0_node4_0,0.4902322320777289
Train_U_2Layers_input_size_15_node1_30_node2_50_node3_0_node4_0,0.39834311246173776
Test_U_2Layers_input_size_15_node1_30_node2_50_node3_0_node4_0,0.473349952786561
Train_U_2Layers_input_size_15_node1_30_node2_60_node3_0_node4_0,0.3993260069691416
Test_U_2Layers_input_size_15_node1_30_node2_60_node3_0_node4_0,0.47424442089802893
Train_U_2Layers_input_size_15_node1_30_node2_70_node3_0_node4_0,0.39769587965713976
Test_U_2Layers_input_size_15_node1_30_node2_70_node3_0_node4_0,0.47162849037846344
Train_U_2Layers_input_size_15_node1_30_node2_80_node3_0_node4_0,0.4197538527629404
Test_U_2Layers_input_size_15_node1_30_node2_80_node3_0_node4_0,0.4799478855502166
Train_U_2Layers_input_size_15_node1_30_node2_90_node3_0_node4_0,0.389341592074981
Test_U_2Layers_input_size_15_node1_30_node2_90_node3_0_node4_0,0.4625952538783656
Train_U_2Layers_input_size_15_node1_30_node2_100_node3_0_node4_0,0.41604949025321275
Test_U_2Layers_input_size_15_node1_30_node2_100_node3_0_node4_0,0.4928916103022449
Train_U_1Layers_input_size_15_node1_40_node2_0_node3_0_node4_0,0.4201015176870059
Test_U_1Layers_input_size_15_node1_40_node2_0_node3_0_node4_0,0.4982342685382684
Train_U_2Layers_input_size_15_node1_40_node2_10_node3_0_node4_0,0.39944241523374624
Test_U_2Layers_input_size_15_node1_40_node2_10_node3_0_node4_0,0.47413745227254417
Train_U_2Layers_input_size_15_node1_40_node2_20_node3_0_node4_0,0.3834280786701465
Test_U_2Layers_input_size_15_node1_40_node2_20_node3_0_node4_0,0.4525983479355882
Train_U_2Layers_input_size_15_node1_40_node2_30_node3_0_node4_0,0.3905875569518011
Test_U_2Layers_input_size_15_node1_40_node2_30_node3_0_node4_0,0.4560940090438771
Train_U_2Layers_input_size_15_node1_40_node2_40_node3_0_node4_0,0.39341691779126153
Test_U_2Layers_input_size_15_node1_40_node2_40_node3_0_node4_0,0.4603644866488665
Train_U_2Layers_input_size_15_node1_40_node2_50_node3_0_node4_0,0.40640116593445214
Test_U_2Layers_input_size_15_node1_40_node2_50_node3_0_node4_0,0.4719059403488389
Train_U_2Layers_input_size_15_node1_40_node2_60_node3_0_node4_0,0.4083020213668738
Test_U_2Layers_input_size_15_node1_40_node2_60_node3_0_node4_0,0.484226188565604
Train_U_2Layers_input_size_15_node1_40_node2_70_node3_0_node4_0,0.3926003672813295
Test_U_2Layers_input_size_15_node1_40_node2_70_node3_0_node4_0,0.4658454072538558
Train_U_2Layers_input_size_15_node1_40_node2_80_node3_0_node4_0,0.40016847355712826
Test_U_2Layers_input_size_15_node1_40_node2_80_node3_0_node4_0,0.4753181910127108
Train_U_2Layers_input_size_15_node1_40_node2_90_node3_0_node4_0,0.40003378248608823
Test_U_2Layers_input_size_15_node1_40_node2_90_node3_0_node4_0,0.47404260899173845
Train_U_2Layers_input_size_15_node1_40_node2_100_node3_0_node4_0,0.39390001693811744
Test_U_2Layers_input_size_15_node1_40_node2_100_node3_0_node4_0,0.4601680346082568
Train_U_1Layers_input_size_15_node1_50_node2_0_node3_0_node4_0,0.40795471079589474
Test_U_1Layers_input_size_15_node1_50_node2_0_node3_0_node4_0,0.4795386142357906
Train_U_2Layers_input_size_15_node1_50_node2_10_node3_0_node4_0,0.4014864927563743
Test_U_2Layers_input_size_15_node1_50_node2_10_node3_0_node4_0,0.4748684525285699
Train_U_2Layers_input_size_15_node1_50_node2_20_node3_0_node4_0,0.398034209554349
Test_U_2Layers_input_size_15_node1_50_node2_20_node3_0_node4_0,0.468443897755853
Train_U_2Layers_input_size_15_node1_50_node2_30_node3_0_node4_0,0.4021943009223146
Test_U_2Layers_input_size_15_node1_50_node2_30_node3_0_node4_0,0.4704338823242478
Train_U_2Layers_input_size_15_node1_50_node2_40_node3_0_node4_0,0.45287949389640003
Test_U_2Layers_input_size_15_node1_50_node2_40_node3_0_node4_0,0.5315288765402549
Train_U_2Layers_input_size_15_node1_50_node2_50_node3_0_node4_0,0.3904684325205843
Test_U_2Layers_input_size_15_node1_50_node2_50_node3_0_node4_0,0.4574080324236629
Train_U_2Layers_input_size_15_node1_50_node2_60_node3_0_node4_0,0.3885941164070982
Test_U_2Layers_input_size_15_node1_50_node2_60_node3_0_node4_0,0.45731864761259844
Train_U_2Layers_input_size_15_node1_50_node2_70_node3_0_node4_0,0.41184052289761736
Test_U_2Layers_input_size_15_node1_50_node2_70_node3_0_node4_0,0.48884917228689523
Train_U_2Layers_input_size_15_node1_50_node2_80_node3_0_node4_0,0.40616304127133473
Test_U_2Layers_input_size_15_node1_50_node2_80_node3_0_node4_0,0.48273303541524526
Train_U_2Layers_input_size_15_node1_50_node2_90_node3_0_node4_0,0.4206287555611945
Test_U_2Layers_input_size_15_node1_50_node2_90_node3_0_node4_0,0.498030748293214
Train_U_2Layers_input_size_15_node1_50_node2_100_node3_0_node4_0,0.40617012192306906
Test_U_2Layers_input_size_15_node1_50_node2_100_node3_0_node4_0,0.4754200201420553
Train_U_1Layers_input_size_15_node1_60_node2_0_node3_0_node4_0,0.3953416828646949
Test_U_1Layers_input_size_15_node1_60_node2_0_node3_0_node4_0,0.46286287506235846
Train_U_2Layers_input_size_15_node1_60_node2_10_node3_0_node4_0,0.4182142445842429
Test_U_2Layers_input_size_15_node1_60_node2_10_node3_0_node4_0,0.4952608460649691
Train_U_2Layers_input_size_15_node1_60_node2_20_node3_0_node4_0,0.478365831868892
Test_U_2Layers_input_size_15_node1_60_node2_20_node3_0_node4_0,0.5545898405257446
Train_U_2Layers_input_size_15_node1_60_node2_30_node3_0_node4_0,0.39808171412747084
Test_U_2Layers_input_size_15_node1_60_node2_30_node3_0_node4_0,0.46751144813351336
Train_U_2Layers_input_size_15_node1_60_node2_40_node3_0_node4_0,0.395984898795836
Test_U_2Layers_input_size_15_node1_60_node2_40_node3_0_node4_0,0.4650366086546633
Train_U_2Layers_input_size_15_node1_60_node2_50_node3_0_node4_0,0.3972844287244342
Test_U_2Layers_input_size_15_node1_60_node2_50_node3_0_node4_0,0.47165433448276667
Train_U_2Layers_input_size_15_node1_60_node2_60_node3_0_node4_0,0.4063530021082973
Test_U_2Layers_input_size_15_node1_60_node2_60_node3_0_node4_0,0.46718688058971564
Train_U_2Layers_input_size_15_node1_60_node2_70_node3_0_node4_0,0.4217729974987796
Test_U_2Layers_input_size_15_node1_60_node2_70_node3_0_node4_0,0.4736956053333681
Train_U_2Layers_input_size_15_node1_60_node2_80_node3_0_node4_0,0.3889080269490557
Test_U_2Layers_input_size_15_node1_60_node2_80_node3_0_node4_0,0.4530322374563487
Train_U_2Layers_input_size_15_node1_60_node2_90_node3_0_node4_0,0.4215835164786008
Test_U_2Layers_input_size_15_node1_60_node2_90_node3_0_node4_0,0.4985937369934482
Train_U_2Layers_input_size_15_node1_60_node2_100_node3_0_node4_0,0.4033319134463914
Test_U_2Layers_input_size_15_node1_60_node2_100_node3_0_node4_0,0.461782924755679
Train_U_1Layers_input_size_15_node1_70_node2_0_node3_0_node4_0,0.40929520462665164
Test_U_1Layers_input_size_15_node1_70_node2_0_node3_0_node4_0,0.48682618585709614
Train_U_2Layers_input_size_15_node1_70_node2_10_node3_0_node4_0,0.39294695253380907
Test_U_2Layers_input_size_15_node1_70_node2_10_node3_0_node4_0,0.4583248838455019
Train_U_2Layers_input_size_15_node1_70_node2_20_node3_0_node4_0,0.3985999841924053
Test_U_2Layers_input_size_15_node1_70_node2_20_node3_0_node4_0,0.46807751100206185
Train_U_2Layers_input_size_15_node1_70_node2_30_node3_0_node4_0,0.3921390374321719
Test_U_2Layers_input_size_15_node1_70_node2_30_node3_0_node4_0,0.4640142589116992
Train_U_2Layers_input_size_15_node1_70_node2_40_node3_0_node4_0,0.39896556044258474
Test_U_2Layers_input_size_15_node1_70_node2_40_node3_0_node4_0,0.46693649757654476
Train_U_2Layers_input_size_15_node1_70_node2_50_node3_0_node4_0,0.39423963892837344
Test_U_2Layers_input_size_15_node1_70_node2_50_node3_0_node4_0,0.4647288300605675
Train_U_2Layers_input_size_15_node1_70_node2_60_node3_0_node4_0,0.42687173191456024
Test_U_2Layers_input_size_15_node1_70_node2_60_node3_0_node4_0,0.5054606630129441
Train_U_2Layers_input_size_15_node1_70_node2_70_node3_0_node4_0,0.4487301200724213
Test_U_2Layers_input_size_15_node1_70_node2_70_node3_0_node4_0,0.49268065073047296
Train_U_2Layers_input_size_15_node1_70_node2_80_node3_0_node4_0,0.4077639247567808
Test_U_2Layers_input_size_15_node1_70_node2_80_node3_0_node4_0,0.4648687532256012
Train_U_2Layers_input_size_15_node1_70_node2_90_node3_0_node4_0,0.3990257446102864
Test_U_2Layers_input_size_15_node1_70_node2_90_node3_0_node4_0,0.4606055988278747
Train_U_2Layers_input_size_15_node1_70_node2_100_node3_0_node4_0,0.40970688681630163
Test_U_2Layers_input_size_15_node1_70_node2_100_node3_0_node4_0,0.4861208155965182
Train_U_1Layers_input_size_15_node1_80_node2_0_node3_0_node4_0,0.4155226280222735
Test_U_1Layers_input_size_15_node1_80_node2_0_node3_0_node4_0,0.4765011638505058
Train_U_2Layers_input_size_15_node1_80_node2_10_node3_0_node4_0,0.43406728713030246
Test_U_2Layers_input_size_15_node1_80_node2_10_node3_0_node4_0,0.48313841328624035
Train_U_2Layers_input_size_15_node1_80_node2_20_node3_0_node4_0,0.4043671367240391
Test_U_2Layers_input_size_15_node1_80_node2_20_node3_0_node4_0,0.4785066564848319
Train_U_2Layers_input_size_15_node1_80_node2_30_node3_0_node4_0,0.4025754539183489
Test_U_2Layers_input_size_15_node1_80_node2_30_node3_0_node4_0,0.4654743821442665
Train_U_2Layers_input_size_15_node1_80_node2_40_node3_0_node4_0,0.4150958033652143
Test_U_2Layers_input_size_15_node1_80_node2_40_node3_0_node4_0,0.4918663097084078
Train_U_2Layers_input_size_15_node1_80_node2_50_node3_0_node4_0,0.3890206961789432
Test_U_2Layers_input_size_15_node1_80_node2_50_node3_0_node4_0,0.46081867949495625
Train_U_2Layers_input_size_15_node1_80_node2_60_node3_0_node4_0,0.40550330204095486
Test_U_2Layers_input_size_15_node1_80_node2_60_node3_0_node4_0,0.48168444159598384
Train_U_2Layers_input_size_15_node1_80_node2_70_node3_0_node4_0,0.4133316463614206
Test_U_2Layers_input_size_15_node1_80_node2_70_node3_0_node4_0,0.49013621650787115
Train_U_2Layers_input_size_15_node1_80_node2_80_node3_0_node4_0,0.39419620753369866
Test_U_2Layers_input_size_15_node1_80_node2_80_node3_0_node4_0,0.46118558252930886
Train_U_2Layers_input_size_15_node1_80_node2_90_node3_0_node4_0,0.397737242988612
Test_U_2Layers_input_size_15_node1_80_node2_90_node3_0_node4_0,0.46103528165583246
Train_U_2Layers_input_size_15_node1_80_node2_100_node3_0_node4_0,0.39005543192599634
Test_U_2Layers_input_size_15_node1_80_node2_100_node3_0_node4_0,0.4632618538204028
Train_U_1Layers_input_size_15_node1_90_node2_0_node3_0_node4_0,0.4026194803534037
Test_U_1Layers_input_size_15_node1_90_node2_0_node3_0_node4_0,0.47184856227050587
Train_U_2Layers_input_size_15_node1_90_node2_10_node3_0_node4_0,0.3965522820709713
Test_U_2Layers_input_size_15_node1_90_node2_10_node3_0_node4_0,0.4653430469085708
Train_U_2Layers_input_size_15_node1_90_node2_20_node3_0_node4_0,0.40997317633459057
Test_U_2Layers_input_size_15_node1_90_node2_20_node3_0_node4_0,0.4866362518638276
Train_U_2Layers_input_size_15_node1_90_node2_30_node3_0_node4_0,0.40064631415813634
Test_U_2Layers_input_size_15_node1_90_node2_30_node3_0_node4_0,0.47606567375143843
Train_U_2Layers_input_size_15_node1_90_node2_40_node3_0_node4_0,0.3928934605333611
Test_U_2Layers_input_size_15_node1_90_node2_40_node3_0_node4_0,0.4651058483912133
Train_U_2Layers_input_size_15_node1_90_node2_50_node3_0_node4_0,0.3942810247087587
Test_U_2Layers_input_size_15_node1_90_node2_50_node3_0_node4_0,0.46791870792155416
Train_U_2Layers_input_size_15_node1_90_node2_60_node3_0_node4_0,0.41038083785009605
Test_U_2Layers_input_size_15_node1_90_node2_60_node3_0_node4_0,0.48728757839708653
Train_U_2Layers_input_size_15_node1_90_node2_70_node3_0_node4_0,0.39368489574922116
Test_U_2Layers_input_size_15_node1_90_node2_70_node3_0_node4_0,0.4625541816368599
Train_U_2Layers_input_size_15_node1_90_node2_80_node3_0_node4_0,0.3904235701966716
Test_U_2Layers_input_size_15_node1_90_node2_80_node3_0_node4_0,0.45547891739609
Train_U_2Layers_input_size_15_node1_90_node2_90_node3_0_node4_0,0.3956754164488858
Test_U_2Layers_input_size_15_node1_90_node2_90_node3_0_node4_0,0.45940942765025605
Train_U_2Layers_input_size_15_node1_90_node2_100_node3_0_node4_0,0.3939513108151906
Test_U_2Layers_input_size_15_node1_90_node2_100_node3_0_node4_0,0.4667730445046106
Train_U_1Layers_input_size_15_node1_100_node2_0_node3_0_node4_0,0.40501355030798036
Test_U_1Layers_input_size_15_node1_100_node2_0_node3_0_node4_0,0.47699752088618275
Train_U_2Layers_input_size_15_node1_100_node2_10_node3_0_node4_0,0.4005228336054439
Test_U_2Layers_input_size_15_node1_100_node2_10_node3_0_node4_0,0.472723396512959
Train_U_2Layers_input_size_15_node1_100_node2_20_node3_0_node4_0,0.4008640188967825
Test_U_2Layers_input_size_15_node1_100_node2_20_node3_0_node4_0,0.4660086101250225
Train_U_2Layers_input_size_15_node1_100_node2_30_node3_0_node4_0,0.38952395714253657
Test_U_2Layers_input_size_15_node1_100_node2_30_node3_0_node4_0,0.4603460849699897
Train_U_2Layers_input_size_15_node1_100_node2_40_node3_0_node4_0,0.4076215077542768
Test_U_2Layers_input_size_15_node1_100_node2_40_node3_0_node4_0,0.46735588024827807
Train_U_2Layers_input_size_15_node1_100_node2_50_node3_0_node4_0,0.391534319120026
Test_U_2Layers_input_size_15_node1_100_node2_50_node3_0_node4_0,0.4630451990531351
Train_U_2Layers_input_size_15_node1_100_node2_60_node3_0_node4_0,0.3999147145427083
Test_U_2Layers_input_size_15_node1_100_node2_60_node3_0_node4_0,0.4755791853595775
Train_U_2Layers_input_size_15_node1_100_node2_70_node3_0_node4_0,0.39806455099374355
Test_U_2Layers_input_size_15_node1_100_node2_70_node3_0_node4_0,0.45676433887743645
Train_U_2Layers_input_size_15_node1_100_node2_80_node3_0_node4_0,0.4059544735502856
Test_U_2Layers_input_size_15_node1_100_node2_80_node3_0_node4_0,0.4822409286614844
Train_U_2Layers_input_size_15_node1_100_node2_90_node3_0_node4_0,0.3893924149281952
Test_U_2Layers_input_size_15_node1_100_node2_90_node3_0_node4_0,0.45390400844946266
Train_U_2Layers_input_size_15_node1_100_node2_100_node3_0_node4_0,0.43460461770429515
Test_U_2Layers_input_size_15_node1_100_node2_100_node3_0_node4_0,0.510453939698835
Train_U_1Layers_input_size_20_node1_10_node2_0_node3_0_node4_0,0.41539304111618186
Test_U_1Layers_input_size_20_node1_10_node2_0_node3_0_node4_0,0.48656575781895933
Train_U_2Layers_input_size_20_node1_10_node2_10_node3_0_node4_0,0.4179113116860992
Test_U_2Layers_input_size_20_node1_10_node2_10_node3_0_node4_0,0.48784587523552353
Train_U_2Layers_input_size_20_node1_10_node2_20_node3_0_node4_0,0.415585756958898
Test_U_2Layers_input_size_20_node1_10_node2_20_node3_0_node4_0,0.48413256761766044
Train_U_2Layers_input_size_20_node1_10_node2_30_node3_0_node4_0,0.43879000329237955
Test_U_2Layers_input_size_20_node1_10_node2_30_node3_0_node4_0,0.5211145468340801
Train_U_2Layers_input_size_20_node1_10_node2_40_node3_0_node4_0,0.43374028178494656
Test_U_2Layers_input_size_20_node1_10_node2_40_node3_0_node4_0,0.5154517200497887
Train_U_2Layers_input_size_20_node1_10_node2_50_node3_0_node4_0,0.41125433931119476
Test_U_2Layers_input_size_20_node1_10_node2_50_node3_0_node4_0,0.48903250312827445
Train_U_2Layers_input_size_20_node1_10_node2_60_node3_0_node4_0,0.43313497036444043
Test_U_2Layers_input_size_20_node1_10_node2_60_node3_0_node4_0,0.4829176853005717
Train_U_2Layers_input_size_20_node1_10_node2_70_node3_0_node4_0,0.46287101993812113
Test_U_2Layers_input_size_20_node1_10_node2_70_node3_0_node4_0,0.5044008533417625
Train_U_2Layers_input_size_20_node1_10_node2_80_node3_0_node4_0,0.49225387428448447
Test_U_2Layers_input_size_20_node1_10_node2_80_node3_0_node4_0,0.5655056073967318
Train_U_2Layers_input_size_20_node1_10_node2_90_node3_0_node4_0,0.39911612518555667
Test_U_2Layers_input_size_20_node1_10_node2_90_node3_0_node4_0,0.4732909551754449
Train_U_2Layers_input_size_20_node1_10_node2_100_node3_0_node4_0,0.4210576687785207
Test_U_2Layers_input_size_20_node1_10_node2_100_node3_0_node4_0,0.47660613251105155
Train_U_1Layers_input_size_20_node1_20_node2_0_node3_0_node4_0,0.427404668535209
Test_U_1Layers_input_size_20_node1_20_node2_0_node3_0_node4_0,0.5074624542385148
Train_U_2Layers_input_size_20_node1_20_node2_10_node3_0_node4_0,0.39937940227965657
Test_U_2Layers_input_size_20_node1_20_node2_10_node3_0_node4_0,0.471334864465303
Train_U_2Layers_input_size_20_node1_20_node2_20_node3_0_node4_0,0.4163978146383927
Test_U_2Layers_input_size_20_node1_20_node2_20_node3_0_node4_0,0.4815799145826661
Train_U_2Layers_input_size_20_node1_20_node2_30_node3_0_node4_0,0.4366819704021535
Test_U_2Layers_input_size_20_node1_20_node2_30_node3_0_node4_0,0.4891949611351676
Train_U_2Layers_input_size_20_node1_20_node2_40_node3_0_node4_0,0.42143190921773244
Test_U_2Layers_input_size_20_node1_20_node2_40_node3_0_node4_0,0.4882705534717055
Train_U_2Layers_input_size_20_node1_20_node2_50_node3_0_node4_0,0.39811235138279716
Test_U_2Layers_input_size_20_node1_20_node2_50_node3_0_node4_0,0.4644353499031016
Train_U_2Layers_input_size_20_node1_20_node2_60_node3_0_node4_0,0.40296011073483384
Test_U_2Layers_input_size_20_node1_20_node2_60_node3_0_node4_0,0.4794751880996441
Train_U_2Layers_input_size_20_node1_20_node2_70_node3_0_node4_0,0.39031416923953993
Test_U_2Layers_input_size_20_node1_20_node2_70_node3_0_node4_0,0.4637652957840933
Train_U_2Layers_input_size_20_node1_20_node2_80_node3_0_node4_0,0.46644729229205256
Test_U_2Layers_input_size_20_node1_20_node2_80_node3_0_node4_0,0.5107303712838294
Train_U_2Layers_input_size_20_node1_20_node2_90_node3_0_node4_0,0.40006272450032404
Test_U_2Layers_input_size_20_node1_20_node2_90_node3_0_node4_0,0.47466618390217263
Train_U_2Layers_input_size_20_node1_20_node2_100_node3_0_node4_0,0.40231952779503627
Test_U_2Layers_input_size_20_node1_20_node2_100_node3_0_node4_0,0.47684753211371683
Train_U_1Layers_input_size_20_node1_30_node2_0_node3_0_node4_0,0.40491769643133035
Test_U_1Layers_input_size_20_node1_30_node2_0_node3_0_node4_0,0.4798975860346203
Train_U_2Layers_input_size_20_node1_30_node2_10_node3_0_node4_0,0.4107726415499007
Test_U_2Layers_input_size_20_node1_30_node2_10_node3_0_node4_0,0.48925746224822947
Train_U_2Layers_input_size_20_node1_30_node2_20_node3_0_node4_0,0.4131789046481054
Test_U_2Layers_input_size_20_node1_30_node2_20_node3_0_node4_0,0.48477488592678725
Train_U_2Layers_input_size_20_node1_30_node2_30_node3_0_node4_0,0.43485545543908
Test_U_2Layers_input_size_20_node1_30_node2_30_node3_0_node4_0,0.4832369447928983
Train_U_2Layers_input_size_20_node1_30_node2_40_node3_0_node4_0,0.4751959892045489
Test_U_2Layers_input_size_20_node1_30_node2_40_node3_0_node4_0,0.5498261523757338
Train_U_2Layers_input_size_20_node1_30_node2_50_node3_0_node4_0,0.4140663866544444
Test_U_2Layers_input_size_20_node1_30_node2_50_node3_0_node4_0,0.49190972073557243
Train_U_2Layers_input_size_20_node1_30_node2_60_node3_0_node4_0,0.4028789331124036
Test_U_2Layers_input_size_20_node1_30_node2_60_node3_0_node4_0,0.47687131225339946
Train_U_2Layers_input_size_20_node1_30_node2_70_node3_0_node4_0,0.40706968144367073
Test_U_2Layers_input_size_20_node1_30_node2_70_node3_0_node4_0,0.46618527684191147
Train_U_2Layers_input_size_20_node1_30_node2_80_node3_0_node4_0,0.41398177169669487
Test_U_2Layers_input_size_20_node1_30_node2_80_node3_0_node4_0,0.47464356475883124
Train_U_2Layers_input_size_20_node1_30_node2_90_node3_0_node4_0,0.4297920099954471
Test_U_2Layers_input_size_20_node1_30_node2_90_node3_0_node4_0,0.477679803309361
Train_U_2Layers_input_size_20_node1_30_node2_100_node3_0_node4_0,0.42433087463645486
Test_U_2Layers_input_size_20_node1_30_node2_100_node3_0_node4_0,0.48015574983123244
Train_U_1Layers_input_size_20_node1_40_node2_0_node3_0_node4_0,0.4498426996916434
Test_U_1Layers_input_size_20_node1_40_node2_0_node3_0_node4_0,0.5349272634848506
Train_U_2Layers_input_size_20_node1_40_node2_10_node3_0_node4_0,0.4062040376338574
Test_U_2Layers_input_size_20_node1_40_node2_10_node3_0_node4_0,0.4799070719330412
Train_U_2Layers_input_size_20_node1_40_node2_20_node3_0_node4_0,0.4565499534684616
Test_U_2Layers_input_size_20_node1_40_node2_20_node3_0_node4_0,0.5354819316148758
Train_U_2Layers_input_size_20_node1_40_node2_30_node3_0_node4_0,0.46661242428093563
Test_U_2Layers_input_size_20_node1_40_node2_30_node3_0_node4_0,0.5432651177491469
Train_U_2Layers_input_size_20_node1_40_node2_40_node3_0_node4_0,0.4027633700954562
Test_U_2Layers_input_size_20_node1_40_node2_40_node3_0_node4_0,0.47821624109671607
Train_U_2Layers_input_size_20_node1_40_node2_50_node3_0_node4_0,0.45315548366742003
Test_U_2Layers_input_size_20_node1_40_node2_50_node3_0_node4_0,0.5313471536996797
Train_U_2Layers_input_size_20_node1_40_node2_60_node3_0_node4_0,0.41342071963371946
Test_U_2Layers_input_size_20_node1_40_node2_60_node3_0_node4_0,0.4902113190962746
Train_U_2Layers_input_size_20_node1_40_node2_70_node3_0_node4_0,0.5077026248319291
Test_U_2Layers_input_size_20_node1_40_node2_70_node3_0_node4_0,0.5361649689472101
Train_U_2Layers_input_size_20_node1_40_node2_80_node3_0_node4_0,0.40104225910027413
Test_U_2Layers_input_size_20_node1_40_node2_80_node3_0_node4_0,0.47356006810889345
Train_U_2Layers_input_size_20_node1_40_node2_90_node3_0_node4_0,0.40038126492608284
Test_U_2Layers_input_size_20_node1_40_node2_90_node3_0_node4_0,0.47461273443343904
Train_U_2Layers_input_size_20_node1_40_node2_100_node3_0_node4_0,0.42223489386626845
Test_U_2Layers_input_size_20_node1_40_node2_100_node3_0_node4_0,0.49861364092431526
Train_U_1Layers_input_size_20_node1_50_node2_0_node3_0_node4_0,0.4029632169795528
Test_U_1Layers_input_size_20_node1_50_node2_0_node3_0_node4_0,0.4735139835381454
Train_U_2Layers_input_size_20_node1_50_node2_10_node3_0_node4_0,0.4189883834644275
Test_U_2Layers_input_size_20_node1_50_node2_10_node3_0_node4_0,0.4809589986228401
Train_U_2Layers_input_size_20_node1_50_node2_20_node3_0_node4_0,0.4072519015472118
Test_U_2Layers_input_size_20_node1_50_node2_20_node3_0_node4_0,0.46600958539657533
Train_U_2Layers_input_size_20_node1_50_node2_30_node3_0_node4_0,0.4230191469131492
Test_U_2Layers_input_size_20_node1_50_node2_30_node3_0_node4_0,0.48023259942176577
Train_U_2Layers_input_size_20_node1_50_node2_40_node3_0_node4_0,0.42293635833008897
Test_U_2Layers_input_size_20_node1_50_node2_40_node3_0_node4_0,0.4786454627942245
Train_U_2Layers_input_size_20_node1_50_node2_50_node3_0_node4_0,0.40641313725215833
Test_U_2Layers_input_size_20_node1_50_node2_50_node3_0_node4_0,0.4822733414905655
Train_U_2Layers_input_size_20_node1_50_node2_60_node3_0_node4_0,0.40686752995139475
Test_U_2Layers_input_size_20_node1_50_node2_60_node3_0_node4_0,0.47647708377491566
Train_U_2Layers_input_size_20_node1_50_node2_70_node3_0_node4_0,0.4116785952767755
Test_U_2Layers_input_size_20_node1_50_node2_70_node3_0_node4_0,0.4717823493390333
Train_U_2Layers_input_size_20_node1_50_node2_80_node3_0_node4_0,0.3888796150524696
Test_U_2Layers_input_size_20_node1_50_node2_80_node3_0_node4_0,0.46096210090807577
Train_U_2Layers_input_size_20_node1_50_node2_90_node3_0_node4_0,0.4228600375623424
Test_U_2Layers_input_size_20_node1_50_node2_90_node3_0_node4_0,0.5010018147133037
Train_U_2Layers_input_size_20_node1_50_node2_100_node3_0_node4_0,0.5062064964534698
Test_U_2Layers_input_size_20_node1_50_node2_100_node3_0_node4_0,0.5375201232603062
Train_U_1Layers_input_size_20_node1_60_node2_0_node3_0_node4_0,0.4165386798112147
Test_U_1Layers_input_size_20_node1_60_node2_0_node3_0_node4_0,0.47509615075557976
Train_U_2Layers_input_size_20_node1_60_node2_10_node3_0_node4_0,0.4192448147900644
Test_U_2Layers_input_size_20_node1_60_node2_10_node3_0_node4_0,0.48270415723155186
Train_U_2Layers_input_size_20_node1_60_node2_20_node3_0_node4_0,0.7493086648553825
Test_U_2Layers_input_size_20_node1_60_node2_20_node3_0_node4_0,0.744958623210726
Train_U_2Layers_input_size_20_node1_60_node2_30_node3_0_node4_0,0.446662946553301
Test_U_2Layers_input_size_20_node1_60_node2_30_node3_0_node4_0,0.4968321553837708
Train_U_2Layers_input_size_20_node1_60_node2_40_node3_0_node4_0,0.482166454328105
Test_U_2Layers_input_size_20_node1_60_node2_40_node3_0_node4_0,0.5195508107109745
Train_U_2Layers_input_size_20_node1_60_node2_50_node3_0_node4_0,0.4353577755005086
Test_U_2Layers_input_size_20_node1_60_node2_50_node3_0_node4_0,0.4831616833369421
Train_U_2Layers_input_size_20_node1_60_node2_60_node3_0_node4_0,0.4381318978543447
Test_U_2Layers_input_size_20_node1_60_node2_60_node3_0_node4_0,0.48728961195015796
Train_U_2Layers_input_size_20_node1_60_node2_70_node3_0_node4_0,0.39329037179473403
Test_U_2Layers_input_size_20_node1_60_node2_70_node3_0_node4_0,0.46285258913501776
Train_U_2Layers_input_size_20_node1_60_node2_80_node3_0_node4_0,0.3944467510721583
Test_U_2Layers_input_size_20_node1_60_node2_80_node3_0_node4_0,0.46449170285258096
Train_U_2Layers_input_size_20_node1_60_node2_90_node3_0_node4_0,0.46710884172045786
Test_U_2Layers_input_size_20_node1_60_node2_90_node3_0_node4_0,0.5046081090788105
Train_U_2Layers_input_size_20_node1_60_node2_100_node3_0_node4_0,0.39800609346019095
Test_U_2Layers_input_size_20_node1_60_node2_100_node3_0_node4_0,0.4711230134494484
Train_U_1Layers_input_size_20_node1_70_node2_0_node3_0_node4_0,0.4053112885597495
Test_U_1Layers_input_size_20_node1_70_node2_0_node3_0_node4_0,0.4779035897060857
Train_U_2Layers_input_size_20_node1_70_node2_10_node3_0_node4_0,0.40236750782571173
Test_U_2Layers_input_size_20_node1_70_node2_10_node3_0_node4_0,0.47293716153787707
Train_U_2Layers_input_size_20_node1_70_node2_20_node3_0_node4_0,0.3992872339919699
Test_U_2Layers_input_size_20_node1_70_node2_20_node3_0_node4_0,0.4651699043912068
Train_U_2Layers_input_size_20_node1_70_node2_30_node3_0_node4_0,0.39075793865215624
Test_U_2Layers_input_size_20_node1_70_node2_30_node3_0_node4_0,0.4569965740645144
Train_U_2Layers_input_size_20_node1_70_node2_40_node3_0_node4_0,0.41626538583311823
Test_U_2Layers_input_size_20_node1_70_node2_40_node3_0_node4_0,0.49306976625472904
Train_U_2Layers_input_size_20_node1_70_node2_50_node3_0_node4_0,0.5567823798395167
Test_U_2Layers_input_size_20_node1_70_node2_50_node3_0_node4_0,0.5775768155455016
Train_U_2Layers_input_size_20_node1_70_node2_60_node3_0_node4_0,0.3952289870031182
Test_U_2Layers_input_size_20_node1_70_node2_60_node3_0_node4_0,0.46900273503337714
Train_U_2Layers_input_size_20_node1_70_node2_70_node3_0_node4_0,0.4149571236901352
Test_U_2Layers_input_size_20_node1_70_node2_70_node3_0_node4_0,0.4913361012616127
Train_U_2Layers_input_size_20_node1_70_node2_80_node3_0_node4_0,0.40457727779658753
Test_U_2Layers_input_size_20_node1_70_node2_80_node3_0_node4_0,0.4814273296967211
Train_U_2Layers_input_size_20_node1_70_node2_90_node3_0_node4_0,0.48760778140422106
Test_U_2Layers_input_size_20_node1_70_node2_90_node3_0_node4_0,0.5605030109110262
Train_U_2Layers_input_size_20_node1_70_node2_100_node3_0_node4_0,0.4366429312579052
Test_U_2Layers_input_size_20_node1_70_node2_100_node3_0_node4_0,0.512683919144239
Train_U_1Layers_input_size_20_node1_80_node2_0_node3_0_node4_0,0.41639409289049834
Test_U_1Layers_input_size_20_node1_80_node2_0_node3_0_node4_0,0.47690063737621496
Train_U_2Layers_input_size_20_node1_80_node2_10_node3_0_node4_0,0.4193845282778355
Test_U_2Layers_input_size_20_node1_80_node2_10_node3_0_node4_0,0.48327952762349874
Train_U_2Layers_input_size_20_node1_80_node2_20_node3_0_node4_0,0.6133616449423157
Test_U_2Layers_input_size_20_node1_80_node2_20_node3_0_node4_0,0.6809382495289529
Train_U_2Layers_input_size_20_node1_80_node2_30_node3_0_node4_0,0.3990070535710346
Test_U_2Layers_input_size_20_node1_80_node2_30_node3_0_node4_0,0.4705612475312288
Train_U_2Layers_input_size_20_node1_80_node2_40_node3_0_node4_0,0.4115098144419981
Test_U_2Layers_input_size_20_node1_80_node2_40_node3_0_node4_0,0.4876490964062323
Train_U_2Layers_input_size_20_node1_80_node2_50_node3_0_node4_0,0.6364019811212188
Test_U_2Layers_input_size_20_node1_80_node2_50_node3_0_node4_0,0.7036275339370671
Train_U_2Layers_input_size_20_node1_80_node2_60_node3_0_node4_0,0.510279195788513
Test_U_2Layers_input_size_20_node1_80_node2_60_node3_0_node4_0,0.5406909340138797
Train_U_2Layers_input_size_20_node1_80_node2_70_node3_0_node4_0,0.43748463876186916
Test_U_2Layers_input_size_20_node1_80_node2_70_node3_0_node4_0,0.4838158240865062
Train_U_2Layers_input_size_20_node1_80_node2_80_node3_0_node4_0,0.5087940706383647
Test_U_2Layers_input_size_20_node1_80_node2_80_node3_0_node4_0,0.5813512734406828
Train_U_2Layers_input_size_20_node1_80_node2_90_node3_0_node4_0,0.394625038858677
Test_U_2Layers_input_size_20_node1_80_node2_90_node3_0_node4_0,0.46447572645116914
Train_U_2Layers_input_size_20_node1_80_node2_100_node3_0_node4_0,0.410737579363388
Test_U_2Layers_input_size_20_node1_80_node2_100_node3_0_node4_0,0.48809862917930524
Train_U_1Layers_input_size_20_node1_90_node2_0_node3_0_node4_0,0.4600949750170275
Test_U_1Layers_input_size_20_node1_90_node2_0_node3_0_node4_0,0.5048834618097553
Train_U_2Layers_input_size_20_node1_90_node2_10_node3_0_node4_0,0.4271227151654996
Test_U_2Layers_input_size_20_node1_90_node2_10_node3_0_node4_0,0.5052113156050394
Train_U_2Layers_input_size_20_node1_90_node2_20_node3_0_node4_0,0.42679248380907103
Test_U_2Layers_input_size_20_node1_90_node2_20_node3_0_node4_0,0.48276918087294307
Train_U_2Layers_input_size_20_node1_90_node2_30_node3_0_node4_0,0.42143921066563816
Test_U_2Layers_input_size_20_node1_90_node2_30_node3_0_node4_0,0.4994604955159511
Train_U_2Layers_input_size_20_node1_90_node2_40_node3_0_node4_0,0.4044166608631336
Test_U_2Layers_input_size_20_node1_90_node2_40_node3_0_node4_0,0.4679075618219276
Train_U_2Layers_input_size_20_node1_90_node2_50_node3_0_node4_0,0.394863460910747
Test_U_2Layers_input_size_20_node1_90_node2_50_node3_0_node4_0,0.467305022547837
Train_U_2Layers_input_size_20_node1_90_node2_60_node3_0_node4_0,0.4102160818873817
Test_U_2Layers_input_size_20_node1_90_node2_60_node3_0_node4_0,0.4661072141395141
Train_U_2Layers_input_size_20_node1_90_node2_70_node3_0_node4_0,0.42720364604985284
Test_U_2Layers_input_size_20_node1_90_node2_70_node3_0_node4_0,0.5034222903283531
Train_U_2Layers_input_size_20_node1_90_node2_80_node3_0_node4_0,0.4368900406721923
Test_U_2Layers_input_size_20_node1_90_node2_80_node3_0_node4_0,0.4830720049771517
Train_U_2Layers_input_size_20_node1_90_node2_90_node3_0_node4_0,0.3963577556907114
Test_U_2Layers_input_size_20_node1_90_node2_90_node3_0_node4_0,0.46627479950044215
Train_U_2Layers_input_size_20_node1_90_node2_100_node3_0_node4_0,0.4086431477082693
Test_U_2Layers_input_size_20_node1_90_node2_100_node3_0_node4_0,0.4845472614013336
Train_U_1Layers_input_size_20_node1_100_node2_0_node3_0_node4_0,0.40140807971411113
Test_U_1Layers_input_size_20_node1_100_node2_0_node3_0_node4_0,0.4726969803844609
Train_U_2Layers_input_size_20_node1_100_node2_10_node3_0_node4_0,0.39903297058159937
Test_U_2Layers_input_size_20_node1_100_node2_10_node3_0_node4_0,0.46738382571310233
Train_U_2Layers_input_size_20_node1_100_node2_20_node3_0_node4_0,0.3983388666476241
Test_U_2Layers_input_size_20_node1_100_node2_20_node3_0_node4_0,0.4707726866420912
Train_U_2Layers_input_size_20_node1_100_node2_30_node3_0_node4_0,0.47924248123240787
Test_U_2Layers_input_size_20_node1_100_node2_30_node3_0_node4_0,0.518046616905262
Train_U_2Layers_input_size_20_node1_100_node2_40_node3_0_node4_0,0.49503065327416396
Test_U_2Layers_input_size_20_node1_100_node2_40_node3_0_node4_0,0.5697711047054584
Train_U_2Layers_input_size_20_node1_100_node2_50_node3_0_node4_0,0.39155306242265336
Test_U_2Layers_input_size_20_node1_100_node2_50_node3_0_node4_0,0.46232222413814084
Train_U_2Layers_input_size_20_node1_100_node2_60_node3_0_node4_0,0.5144633588301616
Test_U_2Layers_input_size_20_node1_100_node2_60_node3_0_node4_0,0.5870990176121662
Train_U_2Layers_input_size_20_node1_100_node2_70_node3_0_node4_0,0.5048256994885363
Test_U_2Layers_input_size_20_node1_100_node2_70_node3_0_node4_0,0.5780293669087598
Train_U_2Layers_input_size_20_node1_100_node2_80_node3_0_node4_0,0.45088406254771884
Test_U_2Layers_input_size_20_node1_100_node2_80_node3_0_node4_0,0.5268108359620695
Train_U_2Layers_input_size_20_node1_100_node2_90_node3_0_node4_0,0.5055366576625285
Test_U_2Layers_input_size_20_node1_100_node2_90_node3_0_node4_0,0.5794094097285226
Train_U_2Layers_input_size_20_node1_100_node2_100_node3_0_node4_0,0.4119380576758357
Test_U_2Layers_input_size_20_node1_100_node2_100_node3_0_node4_0,0.4895475523298288
Train_U_1Layers_input_size_25_node1_10_node2_0_node3_0_node4_0,0.4319501086671509
Test_U_1Layers_input_size_25_node1_10_node2_0_node3_0_node4_0,0.514948082686545
Train_U_2Layers_input_size_25_node1_10_node2_10_node3_0_node4_0,0.42050359487301003
Test_U_2Layers_input_size_25_node1_10_node2_10_node3_0_node4_0,0.4911791447992948
Train_U_2Layers_input_size_25_node1_10_node2_20_node3_0_node4_0,0.4083407594368821
Test_U_2Layers_input_size_25_node1_10_node2_20_node3_0_node4_0,0.482102369382132
Train_U_2Layers_input_size_25_node1_10_node2_30_node3_0_node4_0,0.42097991013220176
Test_U_2Layers_input_size_25_node1_10_node2_30_node3_0_node4_0,0.49830684982478246
Train_U_2Layers_input_size_25_node1_10_node2_40_node3_0_node4_0,0.43481753742852614
Test_U_2Layers_input_size_25_node1_10_node2_40_node3_0_node4_0,0.5109646606225681
Train_U_2Layers_input_size_25_node1_10_node2_50_node3_0_node4_0,0.4115399589535328
Test_U_2Layers_input_size_25_node1_10_node2_50_node3_0_node4_0,0.48745913150849285
Train_U_2Layers_input_size_25_node1_10_node2_60_node3_0_node4_0,0.4180443775528
Test_U_2Layers_input_size_25_node1_10_node2_60_node3_0_node4_0,0.49466499581059076
Train_U_2Layers_input_size_25_node1_10_node2_70_node3_0_node4_0,0.41538724767701324
Test_U_2Layers_input_size_25_node1_10_node2_70_node3_0_node4_0,0.4870294776127923
Train_U_2Layers_input_size_25_node1_10_node2_80_node3_0_node4_0,0.41699531428931436
Test_U_2Layers_input_size_25_node1_10_node2_80_node3_0_node4_0,0.4875048606581334
Train_U_2Layers_input_size_25_node1_10_node2_90_node3_0_node4_0,0.43304800794227166
Test_U_2Layers_input_size_25_node1_10_node2_90_node3_0_node4_0,0.5118727415917662
Train_U_2Layers_input_size_25_node1_10_node2_100_node3_0_node4_0,0.3998661607109368
Test_U_2Layers_input_size_25_node1_10_node2_100_node3_0_node4_0,0.47260287275074847
Train_U_1Layers_input_size_25_node1_20_node2_0_node3_0_node4_0,0.4118935440184054
Test_U_1Layers_input_size_25_node1_20_node2_0_node3_0_node4_0,0.4870917671159827
Train_U_2Layers_input_size_25_node1_20_node2_10_node3_0_node4_0,0.42049480653769367
Test_U_2Layers_input_size_25_node1_20_node2_10_node3_0_node4_0,0.4954893079406695
Train_U_2Layers_input_size_25_node1_20_node2_20_node3_0_node4_0,0.4118665187523968
Test_U_2Layers_input_size_25_node1_20_node2_20_node3_0_node4_0,0.48858666595700884
Train_U_2Layers_input_size_25_node1_20_node2_30_node3_0_node4_0,0.43960941502482964
Test_U_2Layers_input_size_25_node1_20_node2_30_node3_0_node4_0,0.48967849706128563
Train_U_2Layers_input_size_25_node1_20_node2_40_node3_0_node4_0,0.41404506358735055
Test_U_2Layers_input_size_25_node1_20_node2_40_node3_0_node4_0,0.49057926341408087
Train_U_2Layers_input_size_25_node1_20_node2_50_node3_0_node4_0,0.39856342121033955
Test_U_2Layers_input_size_25_node1_20_node2_50_node3_0_node4_0,0.4629421768776253
Train_U_2Layers_input_size_25_node1_20_node2_60_node3_0_node4_0,0.4154948346233515
Test_U_2Layers_input_size_25_node1_20_node2_60_node3_0_node4_0,0.4837548993476162
Train_U_2Layers_input_size_25_node1_20_node2_70_node3_0_node4_0,0.3938093473728716
Test_U_2Layers_input_size_25_node1_20_node2_70_node3_0_node4_0,0.464525386235669
Train_U_2Layers_input_size_25_node1_20_node2_80_node3_0_node4_0,0.4087210112391842
Test_U_2Layers_input_size_25_node1_20_node2_80_node3_0_node4_0,0.4838344418707586
Train_U_2Layers_input_size_25_node1_20_node2_90_node3_0_node4_0,0.39767690129045313
Test_U_2Layers_input_size_25_node1_20_node2_90_node3_0_node4_0,0.46895893526765936
Train_U_2Layers_input_size_25_node1_20_node2_100_node3_0_node4_0,0.44279119239751336
Test_U_2Layers_input_size_25_node1_20_node2_100_node3_0_node4_0,0.5209896012163552
Train_U_1Layers_input_size_25_node1_30_node2_0_node3_0_node4_0,0.4171048264613613
Test_U_1Layers_input_size_25_node1_30_node2_0_node3_0_node4_0,0.4862027753584802
Train_U_2Layers_input_size_25_node1_30_node2_10_node3_0_node4_0,0.40456838290756303
Test_U_2Layers_input_size_25_node1_30_node2_10_node3_0_node4_0,0.4738344687393348
Train_U_2Layers_input_size_25_node1_30_node2_20_node3_0_node4_0,0.44481902637654536
Test_U_2Layers_input_size_25_node1_30_node2_20_node3_0_node4_0,0.5249192629904015
Train_U_2Layers_input_size_25_node1_30_node2_30_node3_0_node4_0,0.4069578166771047
Test_U_2Layers_input_size_25_node1_30_node2_30_node3_0_node4_0,0.46970724276269393
Train_U_2Layers_input_size_25_node1_30_node2_40_node3_0_node4_0,0.39497456335906445
Test_U_2Layers_input_size_25_node1_30_node2_40_node3_0_node4_0,0.4614194839290028
Train_U_2Layers_input_size_25_node1_30_node2_50_node3_0_node4_0,0.41383101632446057
Test_U_2Layers_input_size_25_node1_30_node2_50_node3_0_node4_0,0.48987297019625575
Train_U_2Layers_input_size_25_node1_30_node2_60_node3_0_node4_0,0.4058958857748607
Test_U_2Layers_input_size_25_node1_30_node2_60_node3_0_node4_0,0.47398530093873315
Train_U_2Layers_input_size_25_node1_30_node2_70_node3_0_node4_0,0.39962785217584645
Test_U_2Layers_input_size_25_node1_30_node2_70_node3_0_node4_0,0.471873557486445
Train_U_2Layers_input_size_25_node1_30_node2_80_node3_0_node4_0,0.42485146100593396
Test_U_2Layers_input_size_25_node1_30_node2_80_node3_0_node4_0,0.5021743583740049
Train_U_2Layers_input_size_25_node1_30_node2_90_node3_0_node4_0,0.4010100248991041
Test_U_2Layers_input_size_25_node1_30_node2_90_node3_0_node4_0,0.46701162976644645
Train_U_2Layers_input_size_25_node1_30_node2_100_node3_0_node4_0,0.39997384313652956
Test_U_2Layers_input_size_25_node1_30_node2_100_node3_0_node4_0,0.4726724858293448
Train_U_1Layers_input_size_25_node1_40_node2_0_node3_0_node4_0,0.4440794319666994
Test_U_1Layers_input_size_25_node1_40_node2_0_node3_0_node4_0,0.5250492333987352
Train_U_2Layers_input_size_25_node1_40_node2_10_node3_0_node4_0,0.40554403440376807
Test_U_2Layers_input_size_25_node1_40_node2_10_node3_0_node4_0,0.4763425726042338
Train_U_2Layers_input_size_25_node1_40_node2_20_node3_0_node4_0,0.4055423441931246
Test_U_2Layers_input_size_25_node1_40_node2_20_node3_0_node4_0,0.4791262564688673
Train_U_2Layers_input_size_25_node1_40_node2_30_node3_0_node4_0,0.41606302841975845
Test_U_2Layers_input_size_25_node1_40_node2_30_node3_0_node4_0,0.4748331649067425
Train_U_2Layers_input_size_25_node1_40_node2_40_node3_0_node4_0,0.417124314112981
Test_U_2Layers_input_size_25_node1_40_node2_40_node3_0_node4_0,0.4726963971955183
Train_U_2Layers_input_size_25_node1_40_node2_50_node3_0_node4_0,0.3976688825178378
Test_U_2Layers_input_size_25_node1_40_node2_50_node3_0_node4_0,0.4674199626360026
Train_U_2Layers_input_size_25_node1_40_node2_60_node3_0_node4_0,0.4020298594492627
Test_U_2Layers_input_size_25_node1_40_node2_60_node3_0_node4_0,0.4658121232246606
Train_U_2Layers_input_size_25_node1_40_node2_70_node3_0_node4_0,0.43851796997574205
Test_U_2Layers_input_size_25_node1_40_node2_70_node3_0_node4_0,0.4885543517260039
Train_U_2Layers_input_size_25_node1_40_node2_80_node3_0_node4_0,0.40992190614572604
Test_U_2Layers_input_size_25_node1_40_node2_80_node3_0_node4_0,0.48550555359485775
Train_U_2Layers_input_size_25_node1_40_node2_90_node3_0_node4_0,0.4192054136744761
Test_U_2Layers_input_size_25_node1_40_node2_90_node3_0_node4_0,0.4791188544454732
Train_U_2Layers_input_size_25_node1_40_node2_100_node3_0_node4_0,0.4039388167572162
Test_U_2Layers_input_size_25_node1_40_node2_100_node3_0_node4_0,0.47810531463489664
Train_U_1Layers_input_size_25_node1_50_node2_0_node3_0_node4_0,0.4765690662369426
Test_U_1Layers_input_size_25_node1_50_node2_0_node3_0_node4_0,0.5156778250713566
Train_U_2Layers_input_size_25_node1_50_node2_10_node3_0_node4_0,0.40862279974694277
Test_U_2Layers_input_size_25_node1_50_node2_10_node3_0_node4_0,0.47872518504997436
Train_U_2Layers_input_size_25_node1_50_node2_20_node3_0_node4_0,0.41530582606318617
Test_U_2Layers_input_size_25_node1_50_node2_20_node3_0_node4_0,0.4922369826132456
Train_U_2Layers_input_size_25_node1_50_node2_30_node3_0_node4_0,0.4064753530931901
Test_U_2Layers_input_size_25_node1_50_node2_30_node3_0_node4_0,0.4811797425149785
Train_U_2Layers_input_size_25_node1_50_node2_40_node3_0_node4_0,0.42537372229757225
Test_U_2Layers_input_size_25_node1_50_node2_40_node3_0_node4_0,0.4776639404526321
Train_U_2Layers_input_size_25_node1_50_node2_50_node3_0_node4_0,0.4150134089900384
Test_U_2Layers_input_size_25_node1_50_node2_50_node3_0_node4_0,0.4766568418831884
Train_U_2Layers_input_size_25_node1_50_node2_60_node3_0_node4_0,0.3960513489128463
Test_U_2Layers_input_size_25_node1_50_node2_60_node3_0_node4_0,0.4585437526450342
Train_U_2Layers_input_size_25_node1_50_node2_70_node3_0_node4_0,0.4055741998046287
Test_U_2Layers_input_size_25_node1_50_node2_70_node3_0_node4_0,0.4792827296326519
Train_U_2Layers_input_size_25_node1_50_node2_80_node3_0_node4_0,0.3993526682035128
Test_U_2Layers_input_size_25_node1_50_node2_80_node3_0_node4_0,0.4664662199587471
Train_U_2Layers_input_size_25_node1_50_node2_90_node3_0_node4_0,0.39567308151807745
Test_U_2Layers_input_size_25_node1_50_node2_90_node3_0_node4_0,0.46352526460696303
Train_U_2Layers_input_size_25_node1_50_node2_100_node3_0_node4_0,0.396067978511493
Test_U_2Layers_input_size_25_node1_50_node2_100_node3_0_node4_0,0.46816436423815955
Train_U_1Layers_input_size_25_node1_60_node2_0_node3_0_node4_0,0.4253513195420054
Test_U_1Layers_input_size_25_node1_60_node2_0_node3_0_node4_0,0.48226563244029724
Train_U_2Layers_input_size_25_node1_60_node2_10_node3_0_node4_0,0.4050247348484791
Test_U_2Layers_input_size_25_node1_60_node2_10_node3_0_node4_0,0.47089602051679885
Train_U_2Layers_input_size_25_node1_60_node2_20_node3_0_node4_0,0.4183223333976961
Test_U_2Layers_input_size_25_node1_60_node2_20_node3_0_node4_0,0.4960446521162382
Train_U_2Layers_input_size_25_node1_60_node2_30_node3_0_node4_0,0.4116476464446477
Test_U_2Layers_input_size_25_node1_60_node2_30_node3_0_node4_0,0.48778662997261724
Train_U_2Layers_input_size_25_node1_60_node2_40_node3_0_node4_0,0.40243310769366875
Test_U_2Layers_input_size_25_node1_60_node2_40_node3_0_node4_0,0.46415479878857696
Train_U_2Layers_input_size_25_node1_60_node2_50_node3_0_node4_0,0.39975334251490274
Test_U_2Layers_input_size_25_node1_60_node2_50_node3_0_node4_0,0.4734097771663967
Train_U_2Layers_input_size_25_node1_60_node2_60_node3_0_node4_0,0.40616047312880266
Test_U_2Layers_input_size_25_node1_60_node2_60_node3_0_node4_0,0.47212245844125855
Train_U_2Layers_input_size_25_node1_60_node2_70_node3_0_node4_0,0.3986664095770657
Test_U_2Layers_input_size_25_node1_60_node2_70_node3_0_node4_0,0.47153714002467034
Train_U_2Layers_input_size_25_node1_60_node2_80_node3_0_node4_0,0.414832640533257
Test_U_2Layers_input_size_25_node1_60_node2_80_node3_0_node4_0,0.4720757916171594
Train_U_2Layers_input_size_25_node1_60_node2_90_node3_0_node4_0,0.39456558078171605
Test_U_2Layers_input_size_25_node1_60_node2_90_node3_0_node4_0,0.465884254273581
Train_U_2Layers_input_size_25_node1_60_node2_100_node3_0_node4_0,0.4129671868515885
Test_U_2Layers_input_size_25_node1_60_node2_100_node3_0_node4_0,0.46718329233169353
Train_U_1Layers_input_size_25_node1_70_node2_0_node3_0_node4_0,0.4141997523719659
Test_U_1Layers_input_size_25_node1_70_node2_0_node3_0_node4_0,0.491178932436551
Train_U_2Layers_input_size_25_node1_70_node2_10_node3_0_node4_0,0.3975592451809424
Test_U_2Layers_input_size_25_node1_70_node2_10_node3_0_node4_0,0.4661861558519679
Train_U_2Layers_input_size_25_node1_70_node2_20_node3_0_node4_0,0.4234426125080546
Test_U_2Layers_input_size_25_node1_70_node2_20_node3_0_node4_0,0.5012102678776257
Train_U_2Layers_input_size_25_node1_70_node2_30_node3_0_node4_0,0.40961782446365724
Test_U_2Layers_input_size_25_node1_70_node2_30_node3_0_node4_0,0.47184990443513386
Train_U_2Layers_input_size_25_node1_70_node2_40_node3_0_node4_0,0.40589819861052495
Test_U_2Layers_input_size_25_node1_70_node2_40_node3_0_node4_0,0.4812796503073498
Train_U_2Layers_input_size_25_node1_70_node2_50_node3_0_node4_0,0.41863215909242874
Test_U_2Layers_input_size_25_node1_70_node2_50_node3_0_node4_0,0.49491611889846704
Train_U_2Layers_input_size_25_node1_70_node2_60_node3_0_node4_0,0.4040767973681145
Test_U_2Layers_input_size_25_node1_70_node2_60_node3_0_node4_0,0.4662096967229165
Train_U_2Layers_input_size_25_node1_70_node2_70_node3_0_node4_0,0.3977891658642949
Test_U_2Layers_input_size_25_node1_70_node2_70_node3_0_node4_0,0.47159596207534504
Train_U_2Layers_input_size_25_node1_70_node2_80_node3_0_node4_0,0.410623429671352
Test_U_2Layers_input_size_25_node1_70_node2_80_node3_0_node4_0,0.4858899574695961
Train_U_2Layers_input_size_25_node1_70_node2_90_node3_0_node4_0,0.4418293267295875
Test_U_2Layers_input_size_25_node1_70_node2_90_node3_0_node4_0,0.488892546425429
Train_U_2Layers_input_size_25_node1_70_node2_100_node3_0_node4_0,0.4148293537580193
Test_U_2Layers_input_size_25_node1_70_node2_100_node3_0_node4_0,0.49028656214420185
Train_U_1Layers_input_size_25_node1_80_node2_0_node3_0_node4_0,0.4056301523360429
Test_U_1Layers_input_size_25_node1_80_node2_0_node3_0_node4_0,0.48017072351044593
Train_U_2Layers_input_size_25_node1_80_node2_10_node3_0_node4_0,0.4060014184283392
Test_U_2Layers_input_size_25_node1_80_node2_10_node3_0_node4_0,0.4711172253024635
Train_U_2Layers_input_size_25_node1_80_node2_20_node3_0_node4_0,0.41204267567722463
Test_U_2Layers_input_size_25_node1_80_node2_20_node3_0_node4_0,0.4884537048970944
Train_U_2Layers_input_size_25_node1_80_node2_30_node3_0_node4_0,0.39802741470160324
Test_U_2Layers_input_size_25_node1_80_node2_30_node3_0_node4_0,0.47002978461324807
Train_U_2Layers_input_size_25_node1_80_node2_40_node3_0_node4_0,0.41489573079397724
Test_U_2Layers_input_size_25_node1_80_node2_40_node3_0_node4_0,0.46946588527778194
Train_U_2Layers_input_size_25_node1_80_node2_50_node3_0_node4_0,0.41386162185707126
Test_U_2Layers_input_size_25_node1_80_node2_50_node3_0_node4_0,0.4896775537148967
Train_U_2Layers_input_size_25_node1_80_node2_60_node3_0_node4_0,0.3967369853362733
Test_U_2Layers_input_size_25_node1_80_node2_60_node3_0_node4_0,0.4692652254972662
Train_U_2Layers_input_size_25_node1_80_node2_70_node3_0_node4_0,0.4074813082568013
Test_U_2Layers_input_size_25_node1_80_node2_70_node3_0_node4_0,0.48271346449920227
Train_U_2Layers_input_size_25_node1_80_node2_80_node3_0_node4_0,0.39417622899734694
Test_U_2Layers_input_size_25_node1_80_node2_80_node3_0_node4_0,0.4617956223371641
Train_U_2Layers_input_size_25_node1_80_node2_90_node3_0_node4_0,0.3963863834249051
Test_U_2Layers_input_size_25_node1_80_node2_90_node3_0_node4_0,0.4633771214988433
Train_U_2Layers_input_size_25_node1_80_node2_100_node3_0_node4_0,0.4148746119799384
Test_U_2Layers_input_size_25_node1_80_node2_100_node3_0_node4_0,0.4667961567510083
Train_U_1Layers_input_size_25_node1_90_node2_0_node3_0_node4_0,0.43750940040298447
Test_U_1Layers_input_size_25_node1_90_node2_0_node3_0_node4_0,0.48807551818204264
Train_U_2Layers_input_size_25_node1_90_node2_10_node3_0_node4_0,0.40266072647868945
Test_U_2Layers_input_size_25_node1_90_node2_10_node3_0_node4_0,0.47774067622697713
Train_U_2Layers_input_size_25_node1_90_node2_20_node3_0_node4_0,0.4010558394202534
Test_U_2Layers_input_size_25_node1_90_node2_20_node3_0_node4_0,0.46720730921362796
Train_U_2Layers_input_size_25_node1_90_node2_30_node3_0_node4_0,0.4109250810146281
Test_U_2Layers_input_size_25_node1_90_node2_30_node3_0_node4_0,0.4730415192733226
Train_U_2Layers_input_size_25_node1_90_node2_40_node3_0_node4_0,0.39669420299333175
Test_U_2Layers_input_size_25_node1_90_node2_40_node3_0_node4_0,0.46769600627544716
Train_U_2Layers_input_size_25_node1_90_node2_50_node3_0_node4_0,0.42322166403673017
Test_U_2Layers_input_size_25_node1_90_node2_50_node3_0_node4_0,0.4998764988246463
Train_U_2Layers_input_size_25_node1_90_node2_60_node3_0_node4_0,0.4050361214235834
Test_U_2Layers_input_size_25_node1_90_node2_60_node3_0_node4_0,0.47857628262707697
Train_U_2Layers_input_size_25_node1_90_node2_70_node3_0_node4_0,0.4129790399996338
Test_U_2Layers_input_size_25_node1_90_node2_70_node3_0_node4_0,0.46696009635348534
Train_U_2Layers_input_size_25_node1_90_node2_80_node3_0_node4_0,0.4048291632241326
Test_U_2Layers_input_size_25_node1_90_node2_80_node3_0_node4_0,0.47822939038574375
Train_U_2Layers_input_size_25_node1_90_node2_90_node3_0_node4_0,0.39632290337971166
Test_U_2Layers_input_size_25_node1_90_node2_90_node3_0_node4_0,0.46936219293161235
Train_U_2Layers_input_size_25_node1_90_node2_100_node3_0_node4_0,0.39140267208695
Test_U_2Layers_input_size_25_node1_90_node2_100_node3_0_node4_0,0.45688959518477806
Train_U_1Layers_input_size_25_node1_100_node2_0_node3_0_node4_0,0.41842288008113715
Test_U_1Layers_input_size_25_node1_100_node2_0_node3_0_node4_0,0.4738471106792649
Train_U_2Layers_input_size_25_node1_100_node2_10_node3_0_node4_0,0.411277654871674
Test_U_2Layers_input_size_25_node1_100_node2_10_node3_0_node4_0,0.486320158498694
Train_U_2Layers_input_size_25_node1_100_node2_20_node3_0_node4_0,0.4123675184204284
Test_U_2Layers_input_size_25_node1_100_node2_20_node3_0_node4_0,0.48675813775786025
Train_U_2Layers_input_size_25_node1_100_node2_30_node3_0_node4_0,0.40597350541586763
Test_U_2Layers_input_size_25_node1_100_node2_30_node3_0_node4_0,0.4811490522751706
Train_U_2Layers_input_size_25_node1_100_node2_40_node3_0_node4_0,0.39369352556345083
Test_U_2Layers_input_size_25_node1_100_node2_40_node3_0_node4_0,0.46310965269350635
Train_U_2Layers_input_size_25_node1_100_node2_50_node3_0_node4_0,0.4016648091705922
Test_U_2Layers_input_size_25_node1_100_node2_50_node3_0_node4_0,0.4642969810643621
Train_U_2Layers_input_size_25_node1_100_node2_60_node3_0_node4_0,0.4190372463983301
Test_U_2Layers_input_size_25_node1_100_node2_60_node3_0_node4_0,0.4958669038702565
Train_U_2Layers_input_size_25_node1_100_node2_70_node3_0_node4_0,0.3992527680357809
Test_U_2Layers_input_size_25_node1_100_node2_70_node3_0_node4_0,0.4629437540846528
Train_U_2Layers_input_size_25_node1_100_node2_80_node3_0_node4_0,0.3962691338248664
Test_U_2Layers_input_size_25_node1_100_node2_80_node3_0_node4_0,0.46814203572566004
Train_U_2Layers_input_size_25_node1_100_node2_90_node3_0_node4_0,0.394302509585808
Test_U_2Layers_input_size_25_node1_100_node2_90_node3_0_node4_0,0.4604700271904575
Train_U_2Layers_input_size_25_node1_100_node2_100_node3_0_node4_0,0.3911636262987357
Test_U_2Layers_input_size_25_node1_100_node2_100_node3_0_node4_0,0.45944293227011596
Train_U_1Layers_input_size_30_node1_10_node2_0_node3_0_node4_0,0.43461365215769016
Test_U_1Layers_input_size_30_node1_10_node2_0_node3_0_node4_0,0.5092391295099163
Train_U_2Layers_input_size_30_node1_10_node2_10_node3_0_node4_0,0.4411294626338302
Test_U_2Layers_input_size_30_node1_10_node2_10_node3_0_node4_0,0.49674124026914285
Train_U_2Layers_input_size_30_node1_10_node2_20_node3_0_node4_0,0.41706511599033125
Test_U_2Layers_input_size_30_node1_10_node2_20_node3_0_node4_0,0.49331525241359925
Train_U_2Layers_input_size_30_node1_10_node2_30_node3_0_node4_0,0.4156373323317516
Test_U_2Layers_input_size_30_node1_10_node2_30_node3_0_node4_0,0.48764640737059134
Train_U_2Layers_input_size_30_node1_10_node2_40_node3_0_node4_0,0.41614149096932423
Test_U_2Layers_input_size_30_node1_10_node2_40_node3_0_node4_0,0.4891056273338472
Train_U_2Layers_input_size_30_node1_10_node2_50_node3_0_node4_0,0.41800472069086936
Test_U_2Layers_input_size_30_node1_10_node2_50_node3_0_node4_0,0.479167167690955
Train_U_2Layers_input_size_30_node1_10_node2_60_node3_0_node4_0,0.43148412499670064
Test_U_2Layers_input_size_30_node1_10_node2_60_node3_0_node4_0,0.5111715579771621
Train_U_2Layers_input_size_30_node1_10_node2_70_node3_0_node4_0,0.4214718800019313
Test_U_2Layers_input_size_30_node1_10_node2_70_node3_0_node4_0,0.4853681718835745
Train_U_2Layers_input_size_30_node1_10_node2_80_node3_0_node4_0,0.40533612237590844
Test_U_2Layers_input_size_30_node1_10_node2_80_node3_0_node4_0,0.469651674260904
Train_U_2Layers_input_size_30_node1_10_node2_90_node3_0_node4_0,0.42522082061723204
Test_U_2Layers_input_size_30_node1_10_node2_90_node3_0_node4_0,0.48470870182536324
Train_U_2Layers_input_size_30_node1_10_node2_100_node3_0_node4_0,0.42096805218082384
Test_U_2Layers_input_size_30_node1_10_node2_100_node3_0_node4_0,0.48303242708230454
Train_U_1Layers_input_size_30_node1_20_node2_0_node3_0_node4_0,0.4238141844254259
Test_U_1Layers_input_size_30_node1_20_node2_0_node3_0_node4_0,0.49632190353983274
Train_U_2Layers_input_size_30_node1_20_node2_10_node3_0_node4_0,0.42963194054421155
Test_U_2Layers_input_size_30_node1_20_node2_10_node3_0_node4_0,0.495228621303042
Train_U_2Layers_input_size_30_node1_20_node2_20_node3_0_node4_0,0.4059073763999197
Test_U_2Layers_input_size_30_node1_20_node2_20_node3_0_node4_0,0.4732732135270488
Train_U_2Layers_input_size_30_node1_20_node2_30_node3_0_node4_0,0.4060446146660163
Test_U_2Layers_input_size_30_node1_20_node2_30_node3_0_node4_0,0.4785126043730395
Train_U_2Layers_input_size_30_node1_20_node2_40_node3_0_node4_0,0.4077684378662337
Test_U_2Layers_input_size_30_node1_20_node2_40_node3_0_node4_0,0.4723606919491132
Train_U_2Layers_input_size_30_node1_20_node2_50_node3_0_node4_0,0.4052250109315586
Test_U_2Layers_input_size_30_node1_20_node2_50_node3_0_node4_0,0.47190502462802053
Train_U_2Layers_input_size_30_node1_20_node2_60_node3_0_node4_0,0.42160449362500846
Test_U_2Layers_input_size_30_node1_20_node2_60_node3_0_node4_0,0.49804404762811894
Train_U_2Layers_input_size_30_node1_20_node2_70_node3_0_node4_0,0.4279089619271942
Test_U_2Layers_input_size_30_node1_20_node2_70_node3_0_node4_0,0.5053635453844489
Train_U_2Layers_input_size_30_node1_20_node2_80_node3_0_node4_0,0.40045001822252596
Test_U_2Layers_input_size_30_node1_20_node2_80_node3_0_node4_0,0.47318429061391787
Train_U_2Layers_input_size_30_node1_20_node2_90_node3_0_node4_0,0.40506748343664334
Test_U_2Layers_input_size_30_node1_20_node2_90_node3_0_node4_0,0.4792859785835751
Train_U_2Layers_input_size_30_node1_20_node2_100_node3_0_node4_0,0.41868497856122316
Test_U_2Layers_input_size_30_node1_20_node2_100_node3_0_node4_0,0.4942843111436263
Train_U_1Layers_input_size_30_node1_30_node2_0_node3_0_node4_0,0.40888877487303404
Test_U_1Layers_input_size_30_node1_30_node2_0_node3_0_node4_0,0.4836355995471962
Train_U_2Layers_input_size_30_node1_30_node2_10_node3_0_node4_0,0.4115980872696919
Test_U_2Layers_input_size_30_node1_30_node2_10_node3_0_node4_0,0.4812484865040946
Train_U_2Layers_input_size_30_node1_30_node2_20_node3_0_node4_0,0.40523984838804444
Test_U_2Layers_input_size_30_node1_30_node2_20_node3_0_node4_0,0.478611014064423
Train_U_2Layers_input_size_30_node1_30_node2_30_node3_0_node4_0,0.41419761180723363
Test_U_2Layers_input_size_30_node1_30_node2_30_node3_0_node4_0,0.48997502856949104
Train_U_2Layers_input_size_30_node1_30_node2_40_node3_0_node4_0,0.4067951176420246
Test_U_2Layers_input_size_30_node1_30_node2_40_node3_0_node4_0,0.47052088648461
Train_U_2Layers_input_size_30_node1_30_node2_50_node3_0_node4_0,0.3991122982884494
Test_U_2Layers_input_size_30_node1_30_node2_50_node3_0_node4_0,0.4676891561568322
Train_U_2Layers_input_size_30_node1_30_node2_60_node3_0_node4_0,0.400063376323382
Test_U_2Layers_input_size_30_node1_30_node2_60_node3_0_node4_0,0.47140738325580234
Train_U_2Layers_input_size_30_node1_30_node2_70_node3_0_node4_0,0.41446000937479655
Test_U_2Layers_input_size_30_node1_30_node2_70_node3_0_node4_0,0.4757049223711926
Train_U_2Layers_input_size_30_node1_30_node2_80_node3_0_node4_0,0.4064372621441995
Test_U_2Layers_input_size_30_node1_30_node2_80_node3_0_node4_0,0.470372491476571
Train_U_2Layers_input_size_30_node1_30_node2_90_node3_0_node4_0,0.40518900899563437
Test_U_2Layers_input_size_30_node1_30_node2_90_node3_0_node4_0,0.47798959273217356
Train_U_2Layers_input_size_30_node1_30_node2_100_node3_0_node4_0,0.40642259672700004
Test_U_2Layers_input_size_30_node1_30_node2_100_node3_0_node4_0,0.4704905777969823
Train_U_1Layers_input_size_30_node1_40_node2_0_node3_0_node4_0,0.4257981708209148
Test_U_1Layers_input_size_30_node1_40_node2_0_node3_0_node4_0,0.4887904601899099
Train_U_2Layers_input_size_30_node1_40_node2_10_node3_0_node4_0,0.4065015454233595
Test_U_2Layers_input_size_30_node1_40_node2_10_node3_0_node4_0,0.4773676902149412
Train_U_2Layers_input_size_30_node1_40_node2_20_node3_0_node4_0,0.4116907750855521
Test_U_2Layers_input_size_30_node1_40_node2_20_node3_0_node4_0,0.48161614658248736
Train_U_2Layers_input_size_30_node1_40_node2_30_node3_0_node4_0,0.41062825609539017
Test_U_2Layers_input_size_30_node1_40_node2_30_node3_0_node4_0,0.4772703666907306
Train_U_2Layers_input_size_30_node1_40_node2_40_node3_0_node4_0,0.3969984620962935
Test_U_2Layers_input_size_30_node1_40_node2_40_node3_0_node4_0,0.463739590412332
Train_U_2Layers_input_size_30_node1_40_node2_50_node3_0_node4_0,0.4023617675598716
Test_U_2Layers_input_size_30_node1_40_node2_50_node3_0_node4_0,0.47589120330359586
Train_U_2Layers_input_size_30_node1_40_node2_60_node3_0_node4_0,0.4101922882233052
Test_U_2Layers_input_size_30_node1_40_node2_60_node3_0_node4_0,0.4759505830295333
Train_U_2Layers_input_size_30_node1_40_node2_70_node3_0_node4_0,0.4030124514587227
Test_U_2Layers_input_size_30_node1_40_node2_70_node3_0_node4_0,0.47550341695065235
Train_U_2Layers_input_size_30_node1_40_node2_80_node3_0_node4_0,0.40321871607068627
Test_U_2Layers_input_size_30_node1_40_node2_80_node3_0_node4_0,0.4766207800077339
Train_U_2Layers_input_size_30_node1_40_node2_90_node3_0_node4_0,0.4103251336586684
Test_U_2Layers_input_size_30_node1_40_node2_90_node3_0_node4_0,0.4852897558636747
Train_U_2Layers_input_size_30_node1_40_node2_100_node3_0_node4_0,0.39481371974832136
Test_U_2Layers_input_size_30_node1_40_node2_100_node3_0_node4_0,0.4651860010988339
Train_U_1Layers_input_size_30_node1_50_node2_0_node3_0_node4_0,0.4150287043456995
Test_U_1Layers_input_size_30_node1_50_node2_0_node3_0_node4_0,0.4790213578804376
Train_U_2Layers_input_size_30_node1_50_node2_10_node3_0_node4_0,0.39928689811720175
Test_U_2Layers_input_size_30_node1_50_node2_10_node3_0_node4_0,0.4687619843540431
Train_U_2Layers_input_size_30_node1_50_node2_20_node3_0_node4_0,0.4293134969004709
Test_U_2Layers_input_size_30_node1_50_node2_20_node3_0_node4_0,0.5068099469115748
Train_U_2Layers_input_size_30_node1_50_node2_30_node3_0_node4_0,0.4262808921672079
Test_U_2Layers_input_size_30_node1_50_node2_30_node3_0_node4_0,0.5035665979028067
Train_U_2Layers_input_size_30_node1_50_node2_40_node3_0_node4_0,0.40178827254676774
Test_U_2Layers_input_size_30_node1_50_node2_40_node3_0_node4_0,0.4670567447548195
Train_U_2Layers_input_size_30_node1_50_node2_50_node3_0_node4_0,0.4157716814937785
Test_U_2Layers_input_size_30_node1_50_node2_50_node3_0_node4_0,0.4734132080644536
Train_U_2Layers_input_size_30_node1_50_node2_60_node3_0_node4_0,0.40621016380426395
Test_U_2Layers_input_size_30_node1_50_node2_60_node3_0_node4_0,0.4705392227678004
Train_U_2Layers_input_size_30_node1_50_node2_70_node3_0_node4_0,0.3960779107893936
Test_U_2Layers_input_size_30_node1_50_node2_70_node3_0_node4_0,0.4636103511315459
Train_U_2Layers_input_size_30_node1_50_node2_80_node3_0_node4_0,0.45698163994087293
Test_U_2Layers_input_size_30_node1_50_node2_80_node3_0_node4_0,0.4980657985308526
Train_U_2Layers_input_size_30_node1_50_node2_90_node3_0_node4_0,0.44040175727875636
Test_U_2Layers_input_size_30_node1_50_node2_90_node3_0_node4_0,0.5179688328531467
Train_U_2Layers_input_size_30_node1_50_node2_100_node3_0_node4_0,0.4049189660455254
Test_U_2Layers_input_size_30_node1_50_node2_100_node3_0_node4_0,0.47935589564525555
Train_U_1Layers_input_size_30_node1_60_node2_0_node3_0_node4_0,0.39960784688081286
Test_U_1Layers_input_size_30_node1_60_node2_0_node3_0_node4_0,0.4704739816172697
Train_U_2Layers_input_size_30_node1_60_node2_10_node3_0_node4_0,0.4172412209087206
Test_U_2Layers_input_size_30_node1_60_node2_10_node3_0_node4_0,0.4924010767078171
Train_U_2Layers_input_size_30_node1_60_node2_20_node3_0_node4_0,0.42087954945678646
Test_U_2Layers_input_size_30_node1_60_node2_20_node3_0_node4_0,0.4804361068677597
Train_U_2Layers_input_size_30_node1_60_node2_30_node3_0_node4_0,0.4260763493094902
Test_U_2Layers_input_size_30_node1_60_node2_30_node3_0_node4_0,0.5030680049576556
Train_U_2Layers_input_size_30_node1_60_node2_40_node3_0_node4_0,0.4125554892758131
Test_U_2Layers_input_size_30_node1_60_node2_40_node3_0_node4_0,0.48254873175434115
Train_U_2Layers_input_size_30_node1_60_node2_50_node3_0_node4_0,0.4008578481962947
Test_U_2Layers_input_size_30_node1_60_node2_50_node3_0_node4_0,0.47051968304207265
Train_U_2Layers_input_size_30_node1_60_node2_60_node3_0_node4_0,0.4035779485736467
Test_U_2Layers_input_size_30_node1_60_node2_60_node3_0_node4_0,0.4765013983907124
Train_U_2Layers_input_size_30_node1_60_node2_70_node3_0_node4_0,0.3971484969022648
Test_U_2Layers_input_size_30_node1_60_node2_70_node3_0_node4_0,0.47009941419310547
Train_U_2Layers_input_size_30_node1_60_node2_80_node3_0_node4_0,0.3968451789105082
Test_U_2Layers_input_size_30_node1_60_node2_80_node3_0_node4_0,0.46716501570981583
Train_U_2Layers_input_size_30_node1_60_node2_90_node3_0_node4_0,0.39492851500772824
Test_U_2Layers_input_size_30_node1_60_node2_90_node3_0_node4_0,0.46417216665249983
Train_U_2Layers_input_size_30_node1_60_node2_100_node3_0_node4_0,0.40322995039517906
Test_U_2Layers_input_size_30_node1_60_node2_100_node3_0_node4_0,0.47688504544698046
Train_U_1Layers_input_size_30_node1_70_node2_0_node3_0_node4_0,0.42309498112744043
Test_U_1Layers_input_size_30_node1_70_node2_0_node3_0_node4_0,0.5007396829525952
Train_U_2Layers_input_size_30_node1_70_node2_10_node3_0_node4_0,0.41090899829147054
Test_U_2Layers_input_size_30_node1_70_node2_10_node3_0_node4_0,0.4861686628953693
Train_U_2Layers_input_size_30_node1_70_node2_20_node3_0_node4_0,0.4005608545687089
Test_U_2Layers_input_size_30_node1_70_node2_20_node3_0_node4_0,0.47100620879800786
Train_U_2Layers_input_size_30_node1_70_node2_30_node3_0_node4_0,0.39696467955811043
Test_U_2Layers_input_size_30_node1_70_node2_30_node3_0_node4_0,0.4657102250823591
Train_U_2Layers_input_size_30_node1_70_node2_40_node3_0_node4_0,0.4028950404971354
Test_U_2Layers_input_size_30_node1_70_node2_40_node3_0_node4_0,0.47663678700268525
Train_U_2Layers_input_size_30_node1_70_node2_50_node3_0_node4_0,0.40518284899766466
Test_U_2Layers_input_size_30_node1_70_node2_50_node3_0_node4_0,0.4769229307622603
Train_U_2Layers_input_size_30_node1_70_node2_60_node3_0_node4_0,0.4115106472929985
Test_U_2Layers_input_size_30_node1_70_node2_60_node3_0_node4_0,0.48762571963462736
Train_U_2Layers_input_size_30_node1_70_node2_70_node3_0_node4_0,0.39855663537993846
Test_U_2Layers_input_size_30_node1_70_node2_70_node3_0_node4_0,0.4609793789475873
Train_U_2Layers_input_size_30_node1_70_node2_80_node3_0_node4_0,0.4649778220825271
Test_U_2Layers_input_size_30_node1_70_node2_80_node3_0_node4_0,0.5374331244183989
Train_U_2Layers_input_size_30_node1_70_node2_90_node3_0_node4_0,0.4301955947036808
Test_U_2Layers_input_size_30_node1_70_node2_90_node3_0_node4_0,0.5055411379834519
Train_U_2Layers_input_size_30_node1_70_node2_100_node3_0_node4_0,0.4340644721308399
Test_U_2Layers_input_size_30_node1_70_node2_100_node3_0_node4_0,0.5090472249174149
Train_U_1Layers_input_size_30_node1_80_node2_0_node3_0_node4_0,0.419534513435955
Test_U_1Layers_input_size_30_node1_80_node2_0_node3_0_node4_0,0.47794292199346855
Train_U_2Layers_input_size_30_node1_80_node2_10_node3_0_node4_0,0.4168130279814522
Test_U_2Layers_input_size_30_node1_80_node2_10_node3_0_node4_0,0.49327617919364874
Train_U_2Layers_input_size_30_node1_80_node2_20_node3_0_node4_0,0.400967196779273
Test_U_2Layers_input_size_30_node1_80_node2_20_node3_0_node4_0,0.4721914954177394
Train_U_2Layers_input_size_30_node1_80_node2_30_node3_0_node4_0,0.40430796879829656
Test_U_2Layers_input_size_30_node1_80_node2_30_node3_0_node4_0,0.4775847586706633
Train_U_2Layers_input_size_30_node1_80_node2_40_node3_0_node4_0,0.4050112508164751
Test_U_2Layers_input_size_30_node1_80_node2_40_node3_0_node4_0,0.4744163560242571
Train_U_2Layers_input_size_30_node1_80_node2_50_node3_0_node4_0,0.40120294556463487
Test_U_2Layers_input_size_30_node1_80_node2_50_node3_0_node4_0,0.47392359980095483
Train_U_2Layers_input_size_30_node1_80_node2_60_node3_0_node4_0,0.4106147564810757
Test_U_2Layers_input_size_30_node1_80_node2_60_node3_0_node4_0,0.47342480683385985
Train_U_2Layers_input_size_30_node1_80_node2_70_node3_0_node4_0,0.3930792575417577
Test_U_2Layers_input_size_30_node1_80_node2_70_node3_0_node4_0,0.46391800451499776
Train_U_2Layers_input_size_30_node1_80_node2_80_node3_0_node4_0,0.4076650440617072
Test_U_2Layers_input_size_30_node1_80_node2_80_node3_0_node4_0,0.46914281280795156
Train_U_2Layers_input_size_30_node1_80_node2_90_node3_0_node4_0,0.3964554160681134
Test_U_2Layers_input_size_30_node1_80_node2_90_node3_0_node4_0,0.4661644677925327
Train_U_2Layers_input_size_30_node1_80_node2_100_node3_0_node4_0,0.42385957311165146
Test_U_2Layers_input_size_30_node1_80_node2_100_node3_0_node4_0,0.4763178119040373
Train_U_1Layers_input_size_30_node1_90_node2_0_node3_0_node4_0,0.414178094383226
Test_U_1Layers_input_size_30_node1_90_node2_0_node3_0_node4_0,0.48148064164536064
Train_U_2Layers_input_size_30_node1_90_node2_10_node3_0_node4_0,0.4182784457249878
Test_U_2Layers_input_size_30_node1_90_node2_10_node3_0_node4_0,0.4954031244640284
Train_U_2Layers_input_size_30_node1_90_node2_20_node3_0_node4_0,0.4205410495491354
Test_U_2Layers_input_size_30_node1_90_node2_20_node3_0_node4_0,0.49658188121272007
Train_U_2Layers_input_size_30_node1_90_node2_30_node3_0_node4_0,0.40290138341221654
Test_U_2Layers_input_size_30_node1_90_node2_30_node3_0_node4_0,0.4708496593778735
Train_U_2Layers_input_size_30_node1_90_node2_40_node3_0_node4_0,0.4017145922700501
Test_U_2Layers_input_size_30_node1_90_node2_40_node3_0_node4_0,0.46591008119097266
Train_U_2Layers_input_size_30_node1_90_node2_50_node3_0_node4_0,0.406601900131169
Test_U_2Layers_input_size_30_node1_90_node2_50_node3_0_node4_0,0.47252248021796034
Train_U_2Layers_input_size_30_node1_90_node2_60_node3_0_node4_0,0.45056309437484365
Test_U_2Layers_input_size_30_node1_90_node2_60_node3_0_node4_0,0.5277430400235847
Train_U_2Layers_input_size_30_node1_90_node2_70_node3_0_node4_0,0.39384875421538895
Test_U_2Layers_input_size_30_node1_90_node2_70_node3_0_node4_0,0.459106461540938
Train_U_2Layers_input_size_30_node1_90_node2_80_node3_0_node4_0,0.40549251655794716
Test_U_2Layers_input_size_30_node1_90_node2_80_node3_0_node4_0,0.4687681830376351
Train_U_2Layers_input_size_30_node1_90_node2_90_node3_0_node4_0,0.39581055533809184
Test_U_2Layers_input_size_30_node1_90_node2_90_node3_0_node4_0,0.4661474938247629
Train_U_2Layers_input_size_30_node1_90_node2_100_node3_0_node4_0,0.39301894002027515
Test_U_2Layers_input_size_30_node1_90_node2_100_node3_0_node4_0,0.4624931624912339
Train_U_1Layers_input_size_30_node1_100_node2_0_node3_0_node4_0,0.4597053222520757
Test_U_1Layers_input_size_30_node1_100_node2_0_node3_0_node4_0,0.53511620810294
Train_U_2Layers_input_size_30_node1_100_node2_10_node3_0_node4_0,0.42503224559078623
Test_U_2Layers_input_size_30_node1_100_node2_10_node3_0_node4_0,0.4721373239413111
Train_U_2Layers_input_size_30_node1_100_node2_20_node3_0_node4_0,0.4156745264474745
Test_U_2Layers_input_size_30_node1_100_node2_20_node3_0_node4_0,0.47531209342482694
Train_U_2Layers_input_size_30_node1_100_node2_30_node3_0_node4_0,0.40967000567506123
Test_U_2Layers_input_size_30_node1_100_node2_30_node3_0_node4_0,0.4846117148803327
Train_U_2Layers_input_size_30_node1_100_node2_40_node3_0_node4_0,0.408145298124459
Test_U_2Layers_input_size_30_node1_100_node2_40_node3_0_node4_0,0.4693930506632293
Train_U_2Layers_input_size_30_node1_100_node2_50_node3_0_node4_0,0.409158382908136
Test_U_2Layers_input_size_30_node1_100_node2_50_node3_0_node4_0,0.4835803065488205
Train_U_2Layers_input_size_30_node1_100_node2_60_node3_0_node4_0,0.3959403980754237
Test_U_2Layers_input_size_30_node1_100_node2_60_node3_0_node4_0,0.4652702554724137
Train_U_2Layers_input_size_30_node1_100_node2_70_node3_0_node4_0,0.39299084428746095
Test_U_2Layers_input_size_30_node1_100_node2_70_node3_0_node4_0,0.4627460141177731
Train_U_2Layers_input_size_30_node1_100_node2_80_node3_0_node4_0,0.39860159169030973
Test_U_2Layers_input_size_30_node1_100_node2_80_node3_0_node4_0,0.4707775294590194
Train_U_2Layers_input_size_30_node1_100_node2_90_node3_0_node4_0,0.4001138800696893
Test_U_2Layers_input_size_30_node1_100_node2_90_node3_0_node4_0,0.46343374781977037
Train_U_2Layers_input_size_30_node1_100_node2_100_node3_0_node4_0,0.3943655024683149
Test_U_2Layers_input_size_30_node1_100_node2_100_node3_0_node4_0,0.4596428875050348
Train_U_1Layers_input_size_35_node1_10_node2_0_node3_0_node4_0,0.4309450647078831
Test_U_1Layers_input_size_35_node1_10_node2_0_node3_0_node4_0,0.49141644829627745
Train_U_2Layers_input_size_35_node1_10_node2_10_node3_0_node4_0,0.4242943866665902
Test_U_2Layers_input_size_35_node1_10_node2_10_node3_0_node4_0,0.4880520091756932
Train_U_2Layers_input_size_35_node1_10_node2_20_node3_0_node4_0,0.4188782075789313
Test_U_2Layers_input_size_35_node1_10_node2_20_node3_0_node4_0,0.4959918841209459
Train_U_2Layers_input_size_35_node1_10_node2_30_node3_0_node4_0,0.4495256287956221
Test_U_2Layers_input_size_35_node1_10_node2_30_node3_0_node4_0,0.5030797345667397
Train_U_2Layers_input_size_35_node1_10_node2_40_node3_0_node4_0,0.4174191970924927
Test_U_2Layers_input_size_35_node1_10_node2_40_node3_0_node4_0,0.48788965926063316
Train_U_2Layers_input_size_35_node1_10_node2_50_node3_0_node4_0,0.4060689632810884
Test_U_2Layers_input_size_35_node1_10_node2_50_node3_0_node4_0,0.47380589734151524
Train_U_2Layers_input_size_35_node1_10_node2_60_node3_0_node4_0,0.4124759110728594
Test_U_2Layers_input_size_35_node1_10_node2_60_node3_0_node4_0,0.48071798977682956
Train_U_2Layers_input_size_35_node1_10_node2_70_node3_0_node4_0,0.4350726192795236
Test_U_2Layers_input_size_35_node1_10_node2_70_node3_0_node4_0,0.5122393515165652
Train_U_2Layers_input_size_35_node1_10_node2_80_node3_0_node4_0,0.42444024950984144
Test_U_2Layers_input_size_35_node1_10_node2_80_node3_0_node4_0,0.5025115117135149
Train_U_2Layers_input_size_35_node1_10_node2_90_node3_0_node4_0,0.42959763714311033
Test_U_2Layers_input_size_35_node1_10_node2_90_node3_0_node4_0,0.48823657022143163
Train_U_2Layers_input_size_35_node1_10_node2_100_node3_0_node4_0,0.40634311929272576
Test_U_2Layers_input_size_35_node1_10_node2_100_node3_0_node4_0,0.47933377758873436
Train_U_1Layers_input_size_35_node1_20_node2_0_node3_0_node4_0,0.4159127766450143
Test_U_1Layers_input_size_35_node1_20_node2_0_node3_0_node4_0,0.48633645904631195
Train_U_2Layers_input_size_35_node1_20_node2_10_node3_0_node4_0,0.4079846614333927
Test_U_2Layers_input_size_35_node1_20_node2_10_node3_0_node4_0,0.48049670812628364
Train_U_2Layers_input_size_35_node1_20_node2_20_node3_0_node4_0,0.41557867537739307
Test_U_2Layers_input_size_35_node1_20_node2_20_node3_0_node4_0,0.4842229727616012
Train_U_2Layers_input_size_35_node1_20_node2_30_node3_0_node4_0,0.42293503710431446
Test_U_2Layers_input_size_35_node1_20_node2_30_node3_0_node4_0,0.4812436871300356
Train_U_2Layers_input_size_35_node1_20_node2_40_node3_0_node4_0,0.42084414315582425
Test_U_2Layers_input_size_35_node1_20_node2_40_node3_0_node4_0,0.4980396943416183
Train_U_2Layers_input_size_35_node1_20_node2_50_node3_0_node4_0,0.40771734728015985
Test_U_2Layers_input_size_35_node1_20_node2_50_node3_0_node4_0,0.48096714686875763
Train_U_2Layers_input_size_35_node1_20_node2_60_node3_0_node4_0,0.4168618063147125
Test_U_2Layers_input_size_35_node1_20_node2_60_node3_0_node4_0,0.4935503966639728
Train_U_2Layers_input_size_35_node1_20_node2_70_node3_0_node4_0,0.40856977359598984
Test_U_2Layers_input_size_35_node1_20_node2_70_node3_0_node4_0,0.4730583246233038
Train_U_2Layers_input_size_35_node1_20_node2_80_node3_0_node4_0,0.4093599309404597
Test_U_2Layers_input_size_35_node1_20_node2_80_node3_0_node4_0,0.4828960235348246
Train_U_2Layers_input_size_35_node1_20_node2_90_node3_0_node4_0,0.4142406368337026
Test_U_2Layers_input_size_35_node1_20_node2_90_node3_0_node4_0,0.4895540509361109
Train_U_2Layers_input_size_35_node1_20_node2_100_node3_0_node4_0,0.4120561646735759
Test_U_2Layers_input_size_35_node1_20_node2_100_node3_0_node4_0,0.4876556355901219
Train_U_1Layers_input_size_35_node1_30_node2_0_node3_0_node4_0,0.4193875839346558
Test_U_1Layers_input_size_35_node1_30_node2_0_node3_0_node4_0,0.47829460177747934
Train_U_2Layers_input_size_35_node1_30_node2_10_node3_0_node4_0,0.4351501882189107
Test_U_2Layers_input_size_35_node1_30_node2_10_node3_0_node4_0,0.5150108726057443
Train_U_2Layers_input_size_35_node1_30_node2_20_node3_0_node4_0,0.4140372898416487
Test_U_2Layers_input_size_35_node1_30_node2_20_node3_0_node4_0,0.4900585786438533
Train_U_2Layers_input_size_35_node1_30_node2_30_node3_0_node4_0,0.45433087865390726
Test_U_2Layers_input_size_35_node1_30_node2_30_node3_0_node4_0,0.5041415530115982
Train_U_2Layers_input_size_35_node1_30_node2_40_node3_0_node4_0,0.40998062733495444
Test_U_2Layers_input_size_35_node1_30_node2_40_node3_0_node4_0,0.48256582359628897
Train_U_2Layers_input_size_35_node1_30_node2_50_node3_0_node4_0,0.40310014529825333
Test_U_2Layers_input_size_35_node1_30_node2_50_node3_0_node4_0,0.47442953210943384
Train_U_2Layers_input_size_35_node1_30_node2_60_node3_0_node4_0,0.4081960978656043
Test_U_2Layers_input_size_35_node1_30_node2_60_node3_0_node4_0,0.48365610364692485
Train_U_2Layers_input_size_35_node1_30_node2_70_node3_0_node4_0,0.4094120722284558
Test_U_2Layers_input_size_35_node1_30_node2_70_node3_0_node4_0,0.4725035428615736
Train_U_2Layers_input_size_35_node1_30_node2_80_node3_0_node4_0,0.4202450240757974
Test_U_2Layers_input_size_35_node1_30_node2_80_node3_0_node4_0,0.49624572888993757
Train_U_2Layers_input_size_35_node1_30_node2_90_node3_0_node4_0,0.4075915121519962
Test_U_2Layers_input_size_35_node1_30_node2_90_node3_0_node4_0,0.482410199105132
Train_U_2Layers_input_size_35_node1_30_node2_100_node3_0_node4_0,0.3990049808843819
Test_U_2Layers_input_size_35_node1_30_node2_100_node3_0_node4_0,0.469268575557763
Train_U_1Layers_input_size_35_node1_40_node2_0_node3_0_node4_0,0.4165830548159533
Test_U_1Layers_input_size_35_node1_40_node2_0_node3_0_node4_0,0.49168073208404645
Train_U_2Layers_input_size_35_node1_40_node2_10_node3_0_node4_0,0.40984174386863104
Test_U_2Layers_input_size_35_node1_40_node2_10_node3_0_node4_0,0.47241882792582
Train_U_2Layers_input_size_35_node1_40_node2_20_node3_0_node4_0,0.41378522982245264
Test_U_2Layers_input_size_35_node1_40_node2_20_node3_0_node4_0,0.48920012417586617
Train_U_2Layers_input_size_35_node1_40_node2_30_node3_0_node4_0,0.4089857019441169
Test_U_2Layers_input_size_35_node1_40_node2_30_node3_0_node4_0,0.4788208435719886
Train_U_2Layers_input_size_35_node1_40_node2_40_node3_0_node4_0,0.40474081314221444
Test_U_2Layers_input_size_35_node1_40_node2_40_node3_0_node4_0,0.47205843044442547
Train_U_2Layers_input_size_35_node1_40_node2_50_node3_0_node4_0,0.4138183233660567
Test_U_2Layers_input_size_35_node1_40_node2_50_node3_0_node4_0,0.4840983400566185
Train_U_2Layers_input_size_35_node1_40_node2_60_node3_0_node4_0,0.41294283000011406
Test_U_2Layers_input_size_35_node1_40_node2_60_node3_0_node4_0,0.4883496351038192
Train_U_2Layers_input_size_35_node1_40_node2_70_node3_0_node4_0,0.4001486256270405
Test_U_2Layers_input_size_35_node1_40_node2_70_node3_0_node4_0,0.4706162495198543
Train_U_2Layers_input_size_35_node1_40_node2_80_node3_0_node4_0,0.42713101826380717
Test_U_2Layers_input_size_35_node1_40_node2_80_node3_0_node4_0,0.4788521809260507
Train_U_2Layers_input_size_35_node1_40_node2_90_node3_0_node4_0,0.41091052137228123
Test_U_2Layers_input_size_35_node1_40_node2_90_node3_0_node4_0,0.48739344948548924
Train_U_2Layers_input_size_35_node1_40_node2_100_node3_0_node4_0,0.4120340685265215
Test_U_2Layers_input_size_35_node1_40_node2_100_node3_0_node4_0,0.4780343730281109
Train_U_1Layers_input_size_35_node1_50_node2_0_node3_0_node4_0,0.4150234802911308
Test_U_1Layers_input_size_35_node1_50_node2_0_node3_0_node4_0,0.48820015806119765
Train_U_2Layers_input_size_35_node1_50_node2_10_node3_0_node4_0,0.40745762917747447
Test_U_2Layers_input_size_35_node1_50_node2_10_node3_0_node4_0,0.4830084720889353
Train_U_2Layers_input_size_35_node1_50_node2_20_node3_0_node4_0,0.41095242201252324
Test_U_2Layers_input_size_35_node1_50_node2_20_node3_0_node4_0,0.47554597157956074
Train_U_2Layers_input_size_35_node1_50_node2_30_node3_0_node4_0,0.44438052110957604
Test_U_2Layers_input_size_35_node1_50_node2_30_node3_0_node4_0,0.5202931145616596
Train_U_2Layers_input_size_35_node1_50_node2_40_node3_0_node4_0,0.39912301350788265
Test_U_2Layers_input_size_35_node1_50_node2_40_node3_0_node4_0,0.46647042067852085
Train_U_2Layers_input_size_35_node1_50_node2_50_node3_0_node4_0,0.43429918725348093
Test_U_2Layers_input_size_35_node1_50_node2_50_node3_0_node4_0,0.5131500552585055
Train_U_2Layers_input_size_35_node1_50_node2_60_node3_0_node4_0,0.3977880982543639
Test_U_2Layers_input_size_35_node1_50_node2_60_node3_0_node4_0,0.4701153738116029
Train_U_2Layers_input_size_35_node1_50_node2_70_node3_0_node4_0,0.4226062759216392
Test_U_2Layers_input_size_35_node1_50_node2_70_node3_0_node4_0,0.4766199671381787
Train_U_2Layers_input_size_35_node1_50_node2_80_node3_0_node4_0,0.4145524527040895
Test_U_2Layers_input_size_35_node1_50_node2_80_node3_0_node4_0,0.47348949977728694
Train_U_2Layers_input_size_35_node1_50_node2_90_node3_0_node4_0,0.4048499042922165
Test_U_2Layers_input_size_35_node1_50_node2_90_node3_0_node4_0,0.4665762248131654
Train_U_2Layers_input_size_35_node1_50_node2_100_node3_0_node4_0,0.40315344732292197
Test_U_2Layers_input_size_35_node1_50_node2_100_node3_0_node4_0,0.4697982511319754
Train_U_1Layers_input_size_35_node1_60_node2_0_node3_0_node4_0,0.4249831778338583
Test_U_1Layers_input_size_35_node1_60_node2_0_node3_0_node4_0,0.502365803568188
Train_U_2Layers_input_size_35_node1_60_node2_10_node3_0_node4_0,0.7550716978096585
Test_U_2Layers_input_size_35_node1_60_node2_10_node3_0_node4_0,0.715776054398442
Train_U_2Layers_input_size_35_node1_60_node2_20_node3_0_node4_0,0.41391971213429546
Test_U_2Layers_input_size_35_node1_60_node2_20_node3_0_node4_0,0.4889789784199642
Train_U_2Layers_input_size_35_node1_60_node2_30_node3_0_node4_0,0.4028208783079659
Test_U_2Layers_input_size_35_node1_60_node2_30_node3_0_node4_0,0.47571768688430677
Train_U_2Layers_input_size_35_node1_60_node2_40_node3_0_node4_0,0.4141986011452495
Test_U_2Layers_input_size_35_node1_60_node2_40_node3_0_node4_0,0.4725226063593384
Train_U_2Layers_input_size_35_node1_60_node2_50_node3_0_node4_0,0.4007835135293734
Test_U_2Layers_input_size_35_node1_60_node2_50_node3_0_node4_0,0.4718380458837422
Train_U_2Layers_input_size_35_node1_60_node2_60_node3_0_node4_0,0.39679369581751134
Test_U_2Layers_input_size_35_node1_60_node2_60_node3_0_node4_0,0.46794209794457525
Train_U_2Layers_input_size_35_node1_60_node2_70_node3_0_node4_0,0.3996262860938203
Test_U_2Layers_input_size_35_node1_60_node2_70_node3_0_node4_0,0.4686094391203873
Train_U_2Layers_input_size_35_node1_60_node2_80_node3_0_node4_0,0.41155371787651585
Test_U_2Layers_input_size_35_node1_60_node2_80_node3_0_node4_0,0.4860488212125368
Train_U_2Layers_input_size_35_node1_60_node2_90_node3_0_node4_0,0.3918892429203174
Test_U_2Layers_input_size_35_node1_60_node2_90_node3_0_node4_0,0.4548925094913999
Train_U_2Layers_input_size_35_node1_60_node2_100_node3_0_node4_0,0.39981277450187147
Test_U_2Layers_input_size_35_node1_60_node2_100_node3_0_node4_0,0.4722797533671747
Train_U_1Layers_input_size_35_node1_70_node2_0_node3_0_node4_0,0.4211352007675847
Test_U_1Layers_input_size_35_node1_70_node2_0_node3_0_node4_0,0.49681282494165196
Train_U_2Layers_input_size_35_node1_70_node2_10_node3_0_node4_0,0.40101316482856497
Test_U_2Layers_input_size_35_node1_70_node2_10_node3_0_node4_0,0.47044389163059475
Train_U_2Layers_input_size_35_node1_70_node2_20_node3_0_node4_0,0.41039294724576236
Test_U_2Layers_input_size_35_node1_70_node2_20_node3_0_node4_0,0.47453747114387373
Train_U_2Layers_input_size_35_node1_70_node2_30_node3_0_node4_0,0.40316311264258836
Test_U_2Layers_input_size_35_node1_70_node2_30_node3_0_node4_0,0.46707304761429846
Train_U_2Layers_input_size_35_node1_70_node2_40_node3_0_node4_0,0.40631398284012493
Test_U_2Layers_input_size_35_node1_70_node2_40_node3_0_node4_0,0.480791758688061
Train_U_2Layers_input_size_35_node1_70_node2_50_node3_0_node4_0,0.416729292534176
Test_U_2Layers_input_size_35_node1_70_node2_50_node3_0_node4_0,0.47925975316928204
Train_U_2Layers_input_size_35_node1_70_node2_60_node3_0_node4_0,0.4256232782292656
Test_U_2Layers_input_size_35_node1_70_node2_60_node3_0_node4_0,0.4768495476906067
Train_U_2Layers_input_size_35_node1_70_node2_70_node3_0_node4_0,0.40162778316285014
Test_U_2Layers_input_size_35_node1_70_node2_70_node3_0_node4_0,0.466343935281315
Train_U_2Layers_input_size_35_node1_70_node2_80_node3_0_node4_0,0.3958063953000568
Test_U_2Layers_input_size_35_node1_70_node2_80_node3_0_node4_0,0.4657295346527022
Train_U_2Layers_input_size_35_node1_70_node2_90_node3_0_node4_0,0.39728870456086746
Test_U_2Layers_input_size_35_node1_70_node2_90_node3_0_node4_0,0.4671957952981347
Train_U_2Layers_input_size_35_node1_70_node2_100_node3_0_node4_0,0.40134988640764246
Test_U_2Layers_input_size_35_node1_70_node2_100_node3_0_node4_0,0.4724228495478494
Train_U_1Layers_input_size_35_node1_80_node2_0_node3_0_node4_0,0.41410535914452223
Test_U_1Layers_input_size_35_node1_80_node2_0_node3_0_node4_0,0.4900392546792108
Train_U_2Layers_input_size_35_node1_80_node2_10_node3_0_node4_0,0.4023685447682275
Test_U_2Layers_input_size_35_node1_80_node2_10_node3_0_node4_0,0.47489044908786326
Train_U_2Layers_input_size_35_node1_80_node2_20_node3_0_node4_0,0.3983390536888463
Test_U_2Layers_input_size_35_node1_80_node2_20_node3_0_node4_0,0.4698890198901611
Train_U_2Layers_input_size_35_node1_80_node2_30_node3_0_node4_0,0.4301786563357206
Test_U_2Layers_input_size_35_node1_80_node2_30_node3_0_node4_0,0.4866652947672141
Train_U_2Layers_input_size_35_node1_80_node2_40_node3_0_node4_0,0.4451113631439453
Test_U_2Layers_input_size_35_node1_80_node2_40_node3_0_node4_0,0.5217643586245254
Train_U_2Layers_input_size_35_node1_80_node2_50_node3_0_node4_0,0.40675341153252814
Test_U_2Layers_input_size_35_node1_80_node2_50_node3_0_node4_0,0.48104237994899324
Train_U_2Layers_input_size_35_node1_80_node2_60_node3_0_node4_0,0.3971246519870692
Test_U_2Layers_input_size_35_node1_80_node2_60_node3_0_node4_0,0.46351079802295936
Train_U_2Layers_input_size_35_node1_80_node2_70_node3_0_node4_0,0.3968688341097314
Test_U_2Layers_input_size_35_node1_80_node2_70_node3_0_node4_0,0.46479431658846765
Train_U_2Layers_input_size_35_node1_80_node2_80_node3_0_node4_0,0.4148916902877181
Test_U_2Layers_input_size_35_node1_80_node2_80_node3_0_node4_0,0.49010351797852136
Train_U_2Layers_input_size_35_node1_80_node2_90_node3_0_node4_0,0.41768741943755877
Test_U_2Layers_input_size_35_node1_80_node2_90_node3_0_node4_0,0.4926382453161901
Train_U_2Layers_input_size_35_node1_80_node2_100_node3_0_node4_0,0.42565368351233673
Test_U_2Layers_input_size_35_node1_80_node2_100_node3_0_node4_0,0.5012171652734524
Train_U_1Layers_input_size_35_node1_90_node2_0_node3_0_node4_0,0.40751385331740486
Test_U_1Layers_input_size_35_node1_90_node2_0_node3_0_node4_0,0.48177423905552097
Train_U_2Layers_input_size_35_node1_90_node2_10_node3_0_node4_0,0.41024652123472777
Test_U_2Layers_input_size_35_node1_90_node2_10_node3_0_node4_0,0.47122763064589884
Train_U_2Layers_input_size_35_node1_90_node2_20_node3_0_node4_0,0.4009498970095351
Test_U_2Layers_input_size_35_node1_90_node2_20_node3_0_node4_0,0.47063496202966576
Train_U_2Layers_input_size_35_node1_90_node2_30_node3_0_node4_0,0.4046408622703589
Test_U_2Layers_input_size_35_node1_90_node2_30_node3_0_node4_0,0.4713445226901602
Train_U_2Layers_input_size_35_node1_90_node2_40_node3_0_node4_0,0.39991482632523523
Test_U_2Layers_input_size_35_node1_90_node2_40_node3_0_node4_0,0.4718684574962049
Train_U_2Layers_input_size_35_node1_90_node2_50_node3_0_node4_0,0.4015791024958006
Test_U_2Layers_input_size_35_node1_90_node2_50_node3_0_node4_0,0.46962749681679716
Train_U_2Layers_input_size_35_node1_90_node2_60_node3_0_node4_0,0.40911241948044985
Test_U_2Layers_input_size_35_node1_90_node2_60_node3_0_node4_0,0.48564909444414467
Train_U_2Layers_input_size_35_node1_90_node2_70_node3_0_node4_0,0.5113720483762327
Test_U_2Layers_input_size_35_node1_90_node2_70_node3_0_node4_0,0.5793511044410825
Train_U_2Layers_input_size_35_node1_90_node2_80_node3_0_node4_0,0.3974466157249635
Test_U_2Layers_input_size_35_node1_90_node2_80_node3_0_node4_0,0.4649773734238009
Train_U_2Layers_input_size_35_node1_90_node2_90_node3_0_node4_0,0.40114994156261835
Test_U_2Layers_input_size_35_node1_90_node2_90_node3_0_node4_0,0.4700176423647328
Train_U_2Layers_input_size_35_node1_90_node2_100_node3_0_node4_0,0.4028491577206864
Test_U_2Layers_input_size_35_node1_90_node2_100_node3_0_node4_0,0.4737010159495087
Train_U_1Layers_input_size_35_node1_100_node2_0_node3_0_node4_0,0.40276468349781386
Test_U_1Layers_input_size_35_node1_100_node2_0_node3_0_node4_0,0.47470244134890327
Train_U_2Layers_input_size_35_node1_100_node2_10_node3_0_node4_0,0.4025480436889945
Test_U_2Layers_input_size_35_node1_100_node2_10_node3_0_node4_0,0.47251831753359314
Train_U_2Layers_input_size_35_node1_100_node2_20_node3_0_node4_0,0.4319393970876726
Test_U_2Layers_input_size_35_node1_100_node2_20_node3_0_node4_0,0.5096499432374662
Train_U_2Layers_input_size_35_node1_100_node2_30_node3_0_node4_0,0.4169717823905495
Test_U_2Layers_input_size_35_node1_100_node2_30_node3_0_node4_0,0.49289170099861407
Train_U_2Layers_input_size_35_node1_100_node2_40_node3_0_node4_0,0.4079921670108027
Test_U_2Layers_input_size_35_node1_100_node2_40_node3_0_node4_0,0.47274525647680926
Train_U_2Layers_input_size_35_node1_100_node2_50_node3_0_node4_0,0.44036512895577
Test_U_2Layers_input_size_35_node1_100_node2_50_node3_0_node4_0,0.48990291621431725
Train_U_2Layers_input_size_35_node1_100_node2_60_node3_0_node4_0,0.4235483995600799
Test_U_2Layers_input_size_35_node1_100_node2_60_node3_0_node4_0,0.4978427693131842
Train_U_2Layers_input_size_35_node1_100_node2_70_node3_0_node4_0,0.39751463956085853
Test_U_2Layers_input_size_35_node1_100_node2_70_node3_0_node4_0,0.46816003548645135
Train_U_2Layers_input_size_35_node1_100_node2_80_node3_0_node4_0,0.39806181830001774
Test_U_2Layers_input_size_35_node1_100_node2_80_node3_0_node4_0,0.46446169050449865
Train_U_2Layers_input_size_35_node1_100_node2_90_node3_0_node4_0,0.4092022655148405
Test_U_2Layers_input_size_35_node1_100_node2_90_node3_0_node4_0,0.47143591036750454
Train_U_2Layers_input_size_35_node1_100_node2_100_node3_0_node4_0,0.3985180866798839
Test_U_2Layers_input_size_35_node1_100_node2_100_node3_0_node4_0,0.47046495482333917
Train_U_1Layers_input_size_40_node1_10_node2_0_node3_0_node4_0,0.41812975625610255
Test_U_1Layers_input_size_40_node1_10_node2_0_node3_0_node4_0,0.4861368622846801
Train_U_2Layers_input_size_40_node1_10_node2_10_node3_0_node4_0,0.41458776733608804
Test_U_2Layers_input_size_40_node1_10_node2_10_node3_0_node4_0,0.47828058192279044
Train_U_2Layers_input_size_40_node1_10_node2_20_node3_0_node4_0,0.4087778635764723
Test_U_2Layers_input_size_40_node1_10_node2_20_node3_0_node4_0,0.47689141976422234
Train_U_2Layers_input_size_40_node1_10_node2_30_node3_0_node4_0,0.41229643350396056
Test_U_2Layers_input_size_40_node1_10_node2_30_node3_0_node4_0,0.48235450305080396
Train_U_2Layers_input_size_40_node1_10_node2_40_node3_0_node4_0,0.46058042887726725
Test_U_2Layers_input_size_40_node1_10_node2_40_node3_0_node4_0,0.5390057464799314
Train_U_2Layers_input_size_40_node1_10_node2_50_node3_0_node4_0,0.4112777816815201
Test_U_2Layers_input_size_40_node1_10_node2_50_node3_0_node4_0,0.48422400366760254
Train_U_2Layers_input_size_40_node1_10_node2_60_node3_0_node4_0,0.4318134082868009
Test_U_2Layers_input_size_40_node1_10_node2_60_node3_0_node4_0,0.5101295429149904
Train_U_2Layers_input_size_40_node1_10_node2_70_node3_0_node4_0,0.4148617533999605
Test_U_2Layers_input_size_40_node1_10_node2_70_node3_0_node4_0,0.48758557925633117
Train_U_2Layers_input_size_40_node1_10_node2_80_node3_0_node4_0,0.42435282209646147
Test_U_2Layers_input_size_40_node1_10_node2_80_node3_0_node4_0,0.4987934874216518
Train_U_2Layers_input_size_40_node1_10_node2_90_node3_0_node4_0,0.4063200340059536
Test_U_2Layers_input_size_40_node1_10_node2_90_node3_0_node4_0,0.47168164618107167
Train_U_2Layers_input_size_40_node1_10_node2_100_node3_0_node4_0,0.4131949170516844
Test_U_2Layers_input_size_40_node1_10_node2_100_node3_0_node4_0,0.48446497542958045
Train_U_1Layers_input_size_40_node1_20_node2_0_node3_0_node4_0,0.4487991529497952
Test_U_1Layers_input_size_40_node1_20_node2_0_node3_0_node4_0,0.5291703695883564
Train_U_2Layers_input_size_40_node1_20_node2_10_node3_0_node4_0,0.42361103598102395
Test_U_2Layers_input_size_40_node1_20_node2_10_node3_0_node4_0,0.48763681228165595
Train_U_2Layers_input_size_40_node1_20_node2_20_node3_0_node4_0,0.4093766023153149
Test_U_2Layers_input_size_40_node1_20_node2_20_node3_0_node4_0,0.4809993047580334
Train_U_2Layers_input_size_40_node1_20_node2_30_node3_0_node4_0,0.4185347957752834
Test_U_2Layers_input_size_40_node1_20_node2_30_node3_0_node4_0,0.475679110382761
Train_U_2Layers_input_size_40_node1_20_node2_40_node3_0_node4_0,0.48178637883305026
Test_U_2Layers_input_size_40_node1_20_node2_40_node3_0_node4_0,0.5236674131225828
Train_U_2Layers_input_size_40_node1_20_node2_50_node3_0_node4_0,0.4063301190820783
Test_U_2Layers_input_size_40_node1_20_node2_50_node3_0_node4_0,0.4769732940433381
Train_U_2Layers_input_size_40_node1_20_node2_60_node3_0_node4_0,0.4144334391126178
Test_U_2Layers_input_size_40_node1_20_node2_60_node3_0_node4_0,0.4889911678809617
Train_U_2Layers_input_size_40_node1_20_node2_70_node3_0_node4_0,0.40894773550515473
Test_U_2Layers_input_size_40_node1_20_node2_70_node3_0_node4_0,0.48034956469511636
Train_U_2Layers_input_size_40_node1_20_node2_80_node3_0_node4_0,0.4471767287220012
Test_U_2Layers_input_size_40_node1_20_node2_80_node3_0_node4_0,0.5244475909832854
Train_U_2Layers_input_size_40_node1_20_node2_90_node3_0_node4_0,0.4110790045314594
Test_U_2Layers_input_size_40_node1_20_node2_90_node3_0_node4_0,0.4845271948159095
Train_U_2Layers_input_size_40_node1_20_node2_100_node3_0_node4_0,0.41622955123115024
Test_U_2Layers_input_size_40_node1_20_node2_100_node3_0_node4_0,0.47488345171945084
Train_U_1Layers_input_size_40_node1_30_node2_0_node3_0_node4_0,0.4351813831296654
Test_U_1Layers_input_size_40_node1_30_node2_0_node3_0_node4_0,0.4932004254220565
Train_U_2Layers_input_size_40_node1_30_node2_10_node3_0_node4_0,0.4128207534669578
Test_U_2Layers_input_size_40_node1_30_node2_10_node3_0_node4_0,0.48712862920449246
Train_U_2Layers_input_size_40_node1_30_node2_20_node3_0_node4_0,0.4297536452273611
Test_U_2Layers_input_size_40_node1_30_node2_20_node3_0_node4_0,0.48968219435300037
Train_U_2Layers_input_size_40_node1_30_node2_30_node3_0_node4_0,0.4011313680759687
Test_U_2Layers_input_size_40_node1_30_node2_30_node3_0_node4_0,0.4673982202434811
Train_U_2Layers_input_size_40_node1_30_node2_40_node3_0_node4_0,0.4287225986710871
Test_U_2Layers_input_size_40_node1_30_node2_40_node3_0_node4_0,0.5065705297211386
Train_U_2Layers_input_size_40_node1_30_node2_50_node3_0_node4_0,0.40393719360939623
Test_U_2Layers_input_size_40_node1_30_node2_50_node3_0_node4_0,0.4775631982363651
Train_U_2Layers_input_size_40_node1_30_node2_60_node3_0_node4_0,0.41009891654250286
Test_U_2Layers_input_size_40_node1_30_node2_60_node3_0_node4_0,0.479962974376987
Train_U_2Layers_input_size_40_node1_30_node2_70_node3_0_node4_0,0.40501353191210016
Test_U_2Layers_input_size_40_node1_30_node2_70_node3_0_node4_0,0.46788821474716635
Train_U_2Layers_input_size_40_node1_30_node2_80_node3_0_node4_0,0.40486622770415887
Test_U_2Layers_input_size_40_node1_30_node2_80_node3_0_node4_0,0.4774959833415593
Train_U_2Layers_input_size_40_node1_30_node2_90_node3_0_node4_0,0.41620805256925403
Test_U_2Layers_input_size_40_node1_30_node2_90_node3_0_node4_0,0.4742842137307659
Train_U_2Layers_input_size_40_node1_30_node2_100_node3_0_node4_0,0.4444402551287991
Test_U_2Layers_input_size_40_node1_30_node2_100_node3_0_node4_0,0.5202477755684617
Train_U_1Layers_input_size_40_node1_40_node2_0_node3_0_node4_0,0.422357724544598
Test_U_1Layers_input_size_40_node1_40_node2_0_node3_0_node4_0,0.48843051917614966
Train_U_2Layers_input_size_40_node1_40_node2_10_node3_0_node4_0,0.4076570755470254
Test_U_2Layers_input_size_40_node1_40_node2_10_node3_0_node4_0,0.47743045999545286
Train_U_2Layers_input_size_40_node1_40_node2_20_node3_0_node4_0,0.443194186320373
Test_U_2Layers_input_size_40_node1_40_node2_20_node3_0_node4_0,0.49730071478151233
Train_U_2Layers_input_size_40_node1_40_node2_30_node3_0_node4_0,0.43359337196677283
Test_U_2Layers_input_size_40_node1_40_node2_30_node3_0_node4_0,0.5102932125448247
Train_U_2Layers_input_size_40_node1_40_node2_40_node3_0_node4_0,0.4044202533381824
Test_U_2Layers_input_size_40_node1_40_node2_40_node3_0_node4_0,0.47488058057208604
Train_U_2Layers_input_size_40_node1_40_node2_50_node3_0_node4_0,0.4260751427398462
Test_U_2Layers_input_size_40_node1_40_node2_50_node3_0_node4_0,0.5016051990242639
Train_U_2Layers_input_size_40_node1_40_node2_60_node3_0_node4_0,0.39969207489640446
Test_U_2Layers_input_size_40_node1_40_node2_60_node3_0_node4_0,0.4707833059565448
Train_U_2Layers_input_size_40_node1_40_node2_70_node3_0_node4_0,0.4628133266629622
Test_U_2Layers_input_size_40_node1_40_node2_70_node3_0_node4_0,0.5383473227024689
Train_U_2Layers_input_size_40_node1_40_node2_80_node3_0_node4_0,0.4088109979699609
Test_U_2Layers_input_size_40_node1_40_node2_80_node3_0_node4_0,0.481366396736722
Train_U_2Layers_input_size_40_node1_40_node2_90_node3_0_node4_0,0.3991382271318878
Test_U_2Layers_input_size_40_node1_40_node2_90_node3_0_node4_0,0.4694818505627374
Train_U_2Layers_input_size_40_node1_40_node2_100_node3_0_node4_0,0.40802266270559584
Test_U_2Layers_input_size_40_node1_40_node2_100_node3_0_node4_0,0.468320665835843
Train_U_1Layers_input_size_40_node1_50_node2_0_node3_0_node4_0,0.4130627059716675
Test_U_1Layers_input_size_40_node1_50_node2_0_node3_0_node4_0,0.47836718689793184
Train_U_2Layers_input_size_40_node1_50_node2_10_node3_0_node4_0,0.40790541529440366
Test_U_2Layers_input_size_40_node1_50_node2_10_node3_0_node4_0,0.4824496890555799
Train_U_2Layers_input_size_40_node1_50_node2_20_node3_0_node4_0,0.4100681573634236
Test_U_2Layers_input_size_40_node1_50_node2_20_node3_0_node4_0,0.480213454116472
Train_U_2Layers_input_size_40_node1_50_node2_30_node3_0_node4_0,0.40294905378848533
Test_U_2Layers_input_size_40_node1_50_node2_30_node3_0_node4_0,0.47466750240330485
Train_U_2Layers_input_size_40_node1_50_node2_40_node3_0_node4_0,0.40847648703049216
Test_U_2Layers_input_size_40_node1_50_node2_40_node3_0_node4_0,0.4754530076634128
Train_U_2Layers_input_size_40_node1_50_node2_50_node3_0_node4_0,0.4131161834249247
Test_U_2Layers_input_size_40_node1_50_node2_50_node3_0_node4_0,0.48790297542238636
Train_U_2Layers_input_size_40_node1_50_node2_60_node3_0_node4_0,0.4619607559056398
Test_U_2Layers_input_size_40_node1_50_node2_60_node3_0_node4_0,0.501293000638515
Train_U_2Layers_input_size_40_node1_50_node2_70_node3_0_node4_0,0.3944840166881501
Test_U_2Layers_input_size_40_node1_50_node2_70_node3_0_node4_0,0.46313225600186547
Train_U_2Layers_input_size_40_node1_50_node2_80_node3_0_node4_0,0.41996812787489957
Test_U_2Layers_input_size_40_node1_50_node2_80_node3_0_node4_0,0.4954534288032681
Train_U_2Layers_input_size_40_node1_50_node2_90_node3_0_node4_0,0.40548755550691656
Test_U_2Layers_input_size_40_node1_50_node2_90_node3_0_node4_0,0.4765418939356712
Train_U_2Layers_input_size_40_node1_50_node2_100_node3_0_node4_0,0.4017913136773262
Test_U_2Layers_input_size_40_node1_50_node2_100_node3_0_node4_0,0.4745128831772571
Train_U_1Layers_input_size_40_node1_60_node2_0_node3_0_node4_0,0.47639482706550074
Test_U_1Layers_input_size_40_node1_60_node2_0_node3_0_node4_0,0.5499532170339397
Train_U_2Layers_input_size_40_node1_60_node2_10_node3_0_node4_0,0.40627789401612274
Test_U_2Layers_input_size_40_node1_60_node2_10_node3_0_node4_0,0.47246036726628204
Train_U_2Layers_input_size_40_node1_60_node2_20_node3_0_node4_0,0.4893207928291857
Test_U_2Layers_input_size_40_node1_60_node2_20_node3_0_node4_0,0.5268791412607077
Train_U_2Layers_input_size_40_node1_60_node2_30_node3_0_node4_0,0.40423878422868165
Test_U_2Layers_input_size_40_node1_60_node2_30_node3_0_node4_0,0.47622232334186376
Train_U_2Layers_input_size_40_node1_60_node2_40_node3_0_node4_0,0.41958688193067256
Test_U_2Layers_input_size_40_node1_60_node2_40_node3_0_node4_0,0.49449451123249183
Train_U_2Layers_input_size_40_node1_60_node2_50_node3_0_node4_0,0.40208628666572205
Test_U_2Layers_input_size_40_node1_60_node2_50_node3_0_node4_0,0.4689893905978954
Train_U_2Layers_input_size_40_node1_60_node2_60_node3_0_node4_0,0.45198959295774177
Test_U_2Layers_input_size_40_node1_60_node2_60_node3_0_node4_0,0.5001133849805314
Train_U_2Layers_input_size_40_node1_60_node2_70_node3_0_node4_0,0.4131397545931114
Test_U_2Layers_input_size_40_node1_60_node2_70_node3_0_node4_0,0.4878751973751137
Train_U_2Layers_input_size_40_node1_60_node2_80_node3_0_node4_0,0.4145980107123077
Test_U_2Layers_input_size_40_node1_60_node2_80_node3_0_node4_0,0.4895159255623515
Train_U_2Layers_input_size_40_node1_60_node2_90_node3_0_node4_0,0.3972690878448051
Test_U_2Layers_input_size_40_node1_60_node2_90_node3_0_node4_0,0.46813578100484476
Train_U_2Layers_input_size_40_node1_60_node2_100_node3_0_node4_0,0.40953321821022887
Test_U_2Layers_input_size_40_node1_60_node2_100_node3_0_node4_0,0.48033714042604647
Train_U_1Layers_input_size_40_node1_70_node2_0_node3_0_node4_0,0.4059983537797955
Test_U_1Layers_input_size_40_node1_70_node2_0_node3_0_node4_0,0.46756175752704987
Train_U_2Layers_input_size_40_node1_70_node2_10_node3_0_node4_0,0.40929547767815677
Test_U_2Layers_input_size_40_node1_70_node2_10_node3_0_node4_0,0.47355204414624896
Train_U_2Layers_input_size_40_node1_70_node2_20_node3_0_node4_0,0.4123973834394149
Test_U_2Layers_input_size_40_node1_70_node2_20_node3_0_node4_0,0.4854960543121543
Train_U_2Layers_input_size_40_node1_70_node2_30_node3_0_node4_0,0.4065894762570567
Test_U_2Layers_input_size_40_node1_70_node2_30_node3_0_node4_0,0.46581604193883114
Train_U_2Layers_input_size_40_node1_70_node2_40_node3_0_node4_0,0.41226609129352526
Test_U_2Layers_input_size_40_node1_70_node2_40_node3_0_node4_0,0.47413713799308654
Train_U_2Layers_input_size_40_node1_70_node2_50_node3_0_node4_0,0.4227305496823872
Test_U_2Layers_input_size_40_node1_70_node2_50_node3_0_node4_0,0.4972169131552605
Train_U_2Layers_input_size_40_node1_70_node2_60_node3_0_node4_0,0.40245560137589653
Test_U_2Layers_input_size_40_node1_70_node2_60_node3_0_node4_0,0.4633776521012566
Train_U_2Layers_input_size_40_node1_70_node2_70_node3_0_node4_0,0.4023949488683518
Test_U_2Layers_input_size_40_node1_70_node2_70_node3_0_node4_0,0.47424376105979155
Train_U_2Layers_input_size_40_node1_70_node2_80_node3_0_node4_0,0.396152827505151
Test_U_2Layers_input_size_40_node1_70_node2_80_node3_0_node4_0,0.46380780291649526
Train_U_2Layers_input_size_40_node1_70_node2_90_node3_0_node4_0,0.42865219235097085
Test_U_2Layers_input_size_40_node1_70_node2_90_node3_0_node4_0,0.4815717302906976
Train_U_2Layers_input_size_40_node1_70_node2_100_node3_0_node4_0,0.4204902882696198
Test_U_2Layers_input_size_40_node1_70_node2_100_node3_0_node4_0,0.49557717529113504
Train_U_1Layers_input_size_40_node1_80_node2_0_node3_0_node4_0,0.42850122557991166
Test_U_1Layers_input_size_40_node1_80_node2_0_node3_0_node4_0,0.5030884723553559
Train_U_2Layers_input_size_40_node1_80_node2_10_node3_0_node4_0,0.4062134652949135
Test_U_2Layers_input_size_40_node1_80_node2_10_node3_0_node4_0,0.47930034210269273
Train_U_2Layers_input_size_40_node1_80_node2_20_node3_0_node4_0,0.4053164539717824
Test_U_2Layers_input_size_40_node1_80_node2_20_node3_0_node4_0,0.47845606530545115
Train_U_2Layers_input_size_40_node1_80_node2_30_node3_0_node4_0,0.4115553290887254
Test_U_2Layers_input_size_40_node1_80_node2_30_node3_0_node4_0,0.48600818267162094
Train_U_2Layers_input_size_40_node1_80_node2_40_node3_0_node4_0,0.40208410014275414
Test_U_2Layers_input_size_40_node1_80_node2_40_node3_0_node4_0,0.4691136697843775
Train_U_2Layers_input_size_40_node1_80_node2_50_node3_0_node4_0,0.4049593156230333
Test_U_2Layers_input_size_40_node1_80_node2_50_node3_0_node4_0,0.4767092963337525
Train_U_2Layers_input_size_40_node1_80_node2_60_node3_0_node4_0,0.4499913413486331
Test_U_2Layers_input_size_40_node1_80_node2_60_node3_0_node4_0,0.49793753826284376
Train_U_2Layers_input_size_40_node1_80_node2_70_node3_0_node4_0,0.4007008536979696
Test_U_2Layers_input_size_40_node1_80_node2_70_node3_0_node4_0,0.4737204087258102
Train_U_2Layers_input_size_40_node1_80_node2_80_node3_0_node4_0,0.3976743158160105
Test_U_2Layers_input_size_40_node1_80_node2_80_node3_0_node4_0,0.46575087503605955
Train_U_2Layers_input_size_40_node1_80_node2_90_node3_0_node4_0,0.4009878774794034
Test_U_2Layers_input_size_40_node1_80_node2_90_node3_0_node4_0,0.4662176393012036
Train_U_2Layers_input_size_40_node1_80_node2_100_node3_0_node4_0,0.43400928415528905
Test_U_2Layers_input_size_40_node1_80_node2_100_node3_0_node4_0,0.5081463816555882
Train_U_1Layers_input_size_40_node1_90_node2_0_node3_0_node4_0,0.40374760934104226
Test_U_1Layers_input_size_40_node1_90_node2_0_node3_0_node4_0,0.4738180211335138
Train_U_2Layers_input_size_40_node1_90_node2_10_node3_0_node4_0,0.4029415837065136
Test_U_2Layers_input_size_40_node1_90_node2_10_node3_0_node4_0,0.4754695397407123
Train_U_2Layers_input_size_40_node1_90_node2_20_node3_0_node4_0,0.41482563589890253
Test_U_2Layers_input_size_40_node1_90_node2_20_node3_0_node4_0,0.49029148574639464
Train_U_2Layers_input_size_40_node1_90_node2_30_node3_0_node4_0,0.44523325432500654
Test_U_2Layers_input_size_40_node1_90_node2_30_node3_0_node4_0,0.5242906421648437
Train_U_2Layers_input_size_40_node1_90_node2_40_node3_0_node4_0,0.41334365128449424
Test_U_2Layers_input_size_40_node1_90_node2_40_node3_0_node4_0,0.48766044825122107
Train_U_2Layers_input_size_40_node1_90_node2_50_node3_0_node4_0,0.4080184993558653
Test_U_2Layers_input_size_40_node1_90_node2_50_node3_0_node4_0,0.4735314801546045
Train_U_2Layers_input_size_40_node1_90_node2_60_node3_0_node4_0,0.4662726423375238
Test_U_2Layers_input_size_40_node1_90_node2_60_node3_0_node4_0,0.507368304307829
Train_U_2Layers_input_size_40_node1_90_node2_70_node3_0_node4_0,0.41337486966237474
Test_U_2Layers_input_size_40_node1_90_node2_70_node3_0_node4_0,0.48833077751745047
Train_U_2Layers_input_size_40_node1_90_node2_80_node3_0_node4_0,0.46128886780148015
Test_U_2Layers_input_size_40_node1_90_node2_80_node3_0_node4_0,0.5032083868738612
Train_U_2Layers_input_size_40_node1_90_node2_90_node3_0_node4_0,0.4440988767624729
Test_U_2Layers_input_size_40_node1_90_node2_90_node3_0_node4_0,0.4922914697945624
Train_U_2Layers_input_size_40_node1_90_node2_100_node3_0_node4_0,0.42476085568252314
Test_U_2Layers_input_size_40_node1_90_node2_100_node3_0_node4_0,0.4999520457636694
Train_U_1Layers_input_size_40_node1_100_node2_0_node3_0_node4_0,0.4083275673744628
Test_U_1Layers_input_size_40_node1_100_node2_0_node3_0_node4_0,0.4789253038159983
Train_U_2Layers_input_size_40_node1_100_node2_10_node3_0_node4_0,0.4523625042178499
Test_U_2Layers_input_size_40_node1_100_node2_10_node3_0_node4_0,0.5312999814026864
Train_U_2Layers_input_size_40_node1_100_node2_20_node3_0_node4_0,0.44064352929945844
Test_U_2Layers_input_size_40_node1_100_node2_20_node3_0_node4_0,0.5162875513731627
Train_U_2Layers_input_size_40_node1_100_node2_30_node3_0_node4_0,0.40221138045188387
Test_U_2Layers_input_size_40_node1_100_node2_30_node3_0_node4_0,0.47165333928980757
Train_U_2Layers_input_size_40_node1_100_node2_40_node3_0_node4_0,0.4106848988326556
Test_U_2Layers_input_size_40_node1_100_node2_40_node3_0_node4_0,0.4850319130219993
Train_U_2Layers_input_size_40_node1_100_node2_50_node3_0_node4_0,0.46476217563905414
Test_U_2Layers_input_size_40_node1_100_node2_50_node3_0_node4_0,0.5078589784919748
Train_U_2Layers_input_size_40_node1_100_node2_60_node3_0_node4_0,0.4092007542833944
Test_U_2Layers_input_size_40_node1_100_node2_60_node3_0_node4_0,0.483327656197366
Train_U_2Layers_input_size_40_node1_100_node2_70_node3_0_node4_0,0.4012657092931996
Test_U_2Layers_input_size_40_node1_100_node2_70_node3_0_node4_0,0.471864983787084
Train_U_2Layers_input_size_40_node1_100_node2_80_node3_0_node4_0,0.4054920020814019
Test_U_2Layers_input_size_40_node1_100_node2_80_node3_0_node4_0,0.4688677957663213
Train_U_2Layers_input_size_40_node1_100_node2_90_node3_0_node4_0,0.401360114933267
Test_U_2Layers_input_size_40_node1_100_node2_90_node3_0_node4_0,0.4695070987272417
Train_U_2Layers_input_size_40_node1_100_node2_100_node3_0_node4_0,0.4326840041252303
Test_U_2Layers_input_size_40_node1_100_node2_100_node3_0_node4_0,0.48474081131153257
Train_U_1Layers_input_size_45_node1_10_node2_0_node3_0_node4_0,0.44960570876601214
Test_U_1Layers_input_size_45_node1_10_node2_0_node3_0_node4_0,0.5313126583173171
Train_U_2Layers_input_size_45_node1_10_node2_10_node3_0_node4_0,0.4044518104783865
Test_U_2Layers_input_size_45_node1_10_node2_10_node3_0_node4_0,0.47510156110391855
Train_U_2Layers_input_size_45_node1_10_node2_20_node3_0_node4_0,0.4158935546875
Test_U_2Layers_input_size_45_node1_10_node2_20_node3_0_node4_0,0.4877971538253433
Train_U_2Layers_input_size_45_node1_10_node2_30_node3_0_node4_0,0.4122895664928135
Test_U_2Layers_input_size_45_node1_10_node2_30_node3_0_node4_0,0.47510913548808664
Train_U_2Layers_input_size_45_node1_10_node2_40_node3_0_node4_0,0.4264544842795892
Test_U_2Layers_input_size_45_node1_10_node2_40_node3_0_node4_0,0.48747764071516125
Train_U_2Layers_input_size_45_node1_10_node2_50_node3_0_node4_0,0.4290569360348656
Test_U_2Layers_input_size_45_node1_10_node2_50_node3_0_node4_0,0.5027330921693217
Train_U_2Layers_input_size_45_node1_10_node2_60_node3_0_node4_0,0.42585381055831045
Test_U_2Layers_input_size_45_node1_10_node2_60_node3_0_node4_0,0.4935141199163567
Train_U_2Layers_input_size_45_node1_10_node2_70_node3_0_node4_0,0.4091364034187619
Test_U_2Layers_input_size_45_node1_10_node2_70_node3_0_node4_0,0.4720535060682867
Train_U_2Layers_input_size_45_node1_10_node2_80_node3_0_node4_0,0.4079287396216948
Test_U_2Layers_input_size_45_node1_10_node2_80_node3_0_node4_0,0.4773140593689715
Train_U_2Layers_input_size_45_node1_10_node2_90_node3_0_node4_0,0.41151004981310385
Test_U_2Layers_input_size_45_node1_10_node2_90_node3_0_node4_0,0.47914213311234666
Train_U_2Layers_input_size_45_node1_10_node2_100_node3_0_node4_0,0.4095364383338292
Test_U_2Layers_input_size_45_node1_10_node2_100_node3_0_node4_0,0.48046429949924463
Train_U_1Layers_input_size_45_node1_20_node2_0_node3_0_node4_0,0.41454840885197924
Test_U_1Layers_input_size_45_node1_20_node2_0_node3_0_node4_0,0.48170546182672375
Train_U_2Layers_input_size_45_node1_20_node2_10_node3_0_node4_0,0.4244423735261135
Test_U_2Layers_input_size_45_node1_20_node2_10_node3_0_node4_0,0.49426668994106165
Train_U_2Layers_input_size_45_node1_20_node2_20_node3_0_node4_0,0.4133397938847675
Test_U_2Layers_input_size_45_node1_20_node2_20_node3_0_node4_0,0.4793120937527248
Train_U_2Layers_input_size_45_node1_20_node2_30_node3_0_node4_0,0.4159460412516298
Test_U_2Layers_input_size_45_node1_20_node2_30_node3_0_node4_0,0.4762969293275531
Train_U_2Layers_input_size_45_node1_20_node2_40_node3_0_node4_0,0.4078498297081746
Test_U_2Layers_input_size_45_node1_20_node2_40_node3_0_node4_0,0.47899880440548825
Train_U_2Layers_input_size_45_node1_20_node2_50_node3_0_node4_0,0.4147053532612942
Test_U_2Layers_input_size_45_node1_20_node2_50_node3_0_node4_0,0.48382313885145284
Train_U_2Layers_input_size_45_node1_20_node2_60_node3_0_node4_0,0.41780830583771195
Test_U_2Layers_input_size_45_node1_20_node2_60_node3_0_node4_0,0.480533502448797
Train_U_2Layers_input_size_45_node1_20_node2_70_node3_0_node4_0,0.41581345064693
Test_U_2Layers_input_size_45_node1_20_node2_70_node3_0_node4_0,0.47155376198713705
Train_U_2Layers_input_size_45_node1_20_node2_80_node3_0_node4_0,0.47587407526718484
Test_U_2Layers_input_size_45_node1_20_node2_80_node3_0_node4_0,0.5482071862974801
Train_U_2Layers_input_size_45_node1_20_node2_90_node3_0_node4_0,0.40601576875027523
Test_U_2Layers_input_size_45_node1_20_node2_90_node3_0_node4_0,0.4776136655982614
Train_U_2Layers_input_size_45_node1_20_node2_100_node3_0_node4_0,0.4072815745860305
Test_U_2Layers_input_size_45_node1_20_node2_100_node3_0_node4_0,0.47640912136114644
Train_U_1Layers_input_size_45_node1_30_node2_0_node3_0_node4_0,0.40438259524445336
Test_U_1Layers_input_size_45_node1_30_node2_0_node3_0_node4_0,0.47549946838995
Train_U_2Layers_input_size_45_node1_30_node2_10_node3_0_node4_0,0.4165615922842131
Test_U_2Layers_input_size_45_node1_30_node2_10_node3_0_node4_0,0.482141807280008
Train_U_2Layers_input_size_45_node1_30_node2_20_node3_0_node4_0,0.4139065898808905
Test_U_2Layers_input_size_45_node1_30_node2_20_node3_0_node4_0,0.486167820014453
Train_U_2Layers_input_size_45_node1_30_node2_30_node3_0_node4_0,0.5430584017063018
Test_U_2Layers_input_size_45_node1_30_node2_30_node3_0_node4_0,0.5670063917146254
Train_U_2Layers_input_size_45_node1_30_node2_40_node3_0_node4_0,0.434719788636264
Test_U_2Layers_input_size_45_node1_30_node2_40_node3_0_node4_0,0.5104864001484829
Train_U_2Layers_input_size_45_node1_30_node2_50_node3_0_node4_0,0.40685612138116506
Test_U_2Layers_input_size_45_node1_30_node2_50_node3_0_node4_0,0.4780174153030412
Train_U_2Layers_input_size_45_node1_30_node2_60_node3_0_node4_0,0.411032893346139
Test_U_2Layers_input_size_45_node1_30_node2_60_node3_0_node4_0,0.4673665134315456
Train_U_2Layers_input_size_45_node1_30_node2_70_node3_0_node4_0,0.40390264483674626
Test_U_2Layers_input_size_45_node1_30_node2_70_node3_0_node4_0,0.472433479082034
Train_U_2Layers_input_size_45_node1_30_node2_80_node3_0_node4_0,0.4069102131127848
Test_U_2Layers_input_size_45_node1_30_node2_80_node3_0_node4_0,0.47476661494963035
Train_U_2Layers_input_size_45_node1_30_node2_90_node3_0_node4_0,0.42740899168556096
Test_U_2Layers_input_size_45_node1_30_node2_90_node3_0_node4_0,0.5014597921293451
Train_U_2Layers_input_size_45_node1_30_node2_100_node3_0_node4_0,0.46662677873997455
Test_U_2Layers_input_size_45_node1_30_node2_100_node3_0_node4_0,0.5098035367117194
Train_U_1Layers_input_size_45_node1_40_node2_0_node3_0_node4_0,0.4530912419602359
Test_U_1Layers_input_size_45_node1_40_node2_0_node3_0_node4_0,0.5249996503193008
Train_U_2Layers_input_size_45_node1_40_node2_10_node3_0_node4_0,0.47652335084297875
Test_U_2Layers_input_size_45_node1_40_node2_10_node3_0_node4_0,0.5521540746411202
Train_U_2Layers_input_size_45_node1_40_node2_20_node3_0_node4_0,0.4135605810950182
Test_U_2Layers_input_size_45_node1_40_node2_20_node3_0_node4_0,0.48367118462002023
Train_U_2Layers_input_size_45_node1_40_node2_30_node3_0_node4_0,0.4064357589632768
Test_U_2Layers_input_size_45_node1_40_node2_30_node3_0_node4_0,0.4732273214400659
Train_U_2Layers_input_size_45_node1_40_node2_40_node3_0_node4_0,0.42512049719880296
Test_U_2Layers_input_size_45_node1_40_node2_40_node3_0_node4_0,0.5001563185477574
Train_U_2Layers_input_size_45_node1_40_node2_50_node3_0_node4_0,0.41086078261290077
Test_U_2Layers_input_size_45_node1_40_node2_50_node3_0_node4_0,0.4809654893470272
Train_U_2Layers_input_size_45_node1_40_node2_60_node3_0_node4_0,0.4148585566520198
Test_U_2Layers_input_size_45_node1_40_node2_60_node3_0_node4_0,0.490798671016083
Train_U_2Layers_input_size_45_node1_40_node2_70_node3_0_node4_0,0.4197959533674474
Test_U_2Layers_input_size_45_node1_40_node2_70_node3_0_node4_0,0.49420735507966146
Train_U_2Layers_input_size_45_node1_40_node2_80_node3_0_node4_0,0.41250065673429054
Test_U_2Layers_input_size_45_node1_40_node2_80_node3_0_node4_0,0.47509091285240324
Train_U_2Layers_input_size_45_node1_40_node2_90_node3_0_node4_0,0.4066237051280923
Test_U_2Layers_input_size_45_node1_40_node2_90_node3_0_node4_0,0.47945388361258723
Train_U_2Layers_input_size_45_node1_40_node2_100_node3_0_node4_0,0.3991922074842632
Test_U_2Layers_input_size_45_node1_40_node2_100_node3_0_node4_0,0.46643036056384884
Train_U_1Layers_input_size_45_node1_50_node2_0_node3_0_node4_0,0.4407600466426496
Test_U_1Layers_input_size_45_node1_50_node2_0_node3_0_node4_0,0.5133685532734714
Train_U_2Layers_input_size_45_node1_50_node2_10_node3_0_node4_0,0.4132748796228039
Test_U_2Layers_input_size_45_node1_50_node2_10_node3_0_node4_0,0.4867721124239453
Train_U_2Layers_input_size_45_node1_50_node2_20_node3_0_node4_0,0.41025058932962344
Test_U_2Layers_input_size_45_node1_50_node2_20_node3_0_node4_0,0.477915531598877
Train_U_2Layers_input_size_45_node1_50_node2_30_node3_0_node4_0,0.4272502266820191
Test_U_2Layers_input_size_45_node1_50_node2_30_node3_0_node4_0,0.5002370212954996
Train_U_2Layers_input_size_45_node1_50_node2_40_node3_0_node4_0,0.4101797006351774
Test_U_2Layers_input_size_45_node1_50_node2_40_node3_0_node4_0,0.47710961064041935
Train_U_2Layers_input_size_45_node1_50_node2_50_node3_0_node4_0,0.39900679215168977
Test_U_2Layers_input_size_45_node1_50_node2_50_node3_0_node4_0,0.4666538258755708
Train_U_2Layers_input_size_45_node1_50_node2_60_node3_0_node4_0,0.4036116759911861
Test_U_2Layers_input_size_45_node1_50_node2_60_node3_0_node4_0,0.47303723515233825
Train_U_2Layers_input_size_45_node1_50_node2_70_node3_0_node4_0,0.4181516193817412
Test_U_2Layers_input_size_45_node1_50_node2_70_node3_0_node4_0,0.4788500493041132
Train_U_2Layers_input_size_45_node1_50_node2_80_node3_0_node4_0,0.4207594569044999
Test_U_2Layers_input_size_45_node1_50_node2_80_node3_0_node4_0,0.49421412407600274
Train_U_2Layers_input_size_45_node1_50_node2_90_node3_0_node4_0,0.45570696822098555
Test_U_2Layers_input_size_45_node1_50_node2_90_node3_0_node4_0,0.5304676915468604
Train_U_2Layers_input_size_45_node1_50_node2_100_node3_0_node4_0,0.41189231399126747
Test_U_2Layers_input_size_45_node1_50_node2_100_node3_0_node4_0,0.4718034791113086
Train_U_1Layers_input_size_45_node1_60_node2_0_node3_0_node4_0,0.4430306850509663
Test_U_1Layers_input_size_45_node1_60_node2_0_node3_0_node4_0,0.5178449123093971
Train_U_2Layers_input_size_45_node1_60_node2_10_node3_0_node4_0,0.431810889171092
Test_U_2Layers_input_size_45_node1_60_node2_10_node3_0_node4_0,0.48430817666107384
Train_U_2Layers_input_size_45_node1_60_node2_20_node3_0_node4_0,0.45336983084433524
Test_U_2Layers_input_size_45_node1_60_node2_20_node3_0_node4_0,0.5275130671197937
Train_U_2Layers_input_size_45_node1_60_node2_30_node3_0_node4_0,0.44918199471746073
Test_U_2Layers_input_size_45_node1_60_node2_30_node3_0_node4_0,0.4962690749453988
Train_U_2Layers_input_size_45_node1_60_node2_40_node3_0_node4_0,0.4121237115038606
Test_U_2Layers_input_size_45_node1_60_node2_40_node3_0_node4_0,0.48510677681252723
Train_U_2Layers_input_size_45_node1_60_node2_50_node3_0_node4_0,0.4089846635615252
Test_U_2Layers_input_size_45_node1_60_node2_50_node3_0_node4_0,0.4803856878667476
Train_U_2Layers_input_size_45_node1_60_node2_60_node3_0_node4_0,0.40194397110520474
Test_U_2Layers_input_size_45_node1_60_node2_60_node3_0_node4_0,0.46702538168504454
Train_U_2Layers_input_size_45_node1_60_node2_70_node3_0_node4_0,0.4026404832825431
Test_U_2Layers_input_size_45_node1_60_node2_70_node3_0_node4_0,0.46703453877051404
Train_U_2Layers_input_size_45_node1_60_node2_80_node3_0_node4_0,0.3994107980757969
Test_U_2Layers_input_size_45_node1_60_node2_80_node3_0_node4_0,0.4670725052582609
Train_U_2Layers_input_size_45_node1_60_node2_90_node3_0_node4_0,0.4091648836576119
Test_U_2Layers_input_size_45_node1_60_node2_90_node3_0_node4_0,0.47505970378906487
Train_U_2Layers_input_size_45_node1_60_node2_100_node3_0_node4_0,0.40116699126631555
Test_U_2Layers_input_size_45_node1_60_node2_100_node3_0_node4_0,0.46984587361572916
Train_U_1Layers_input_size_45_node1_70_node2_0_node3_0_node4_0,0.408674725154505
Test_U_1Layers_input_size_45_node1_70_node2_0_node3_0_node4_0,0.48203062493331666
Train_U_2Layers_input_size_45_node1_70_node2_10_node3_0_node4_0,0.4605957801225934
Test_U_2Layers_input_size_45_node1_70_node2_10_node3_0_node4_0,0.5341982376253084
Train_U_2Layers_input_size_45_node1_70_node2_20_node3_0_node4_0,0.42918614702857244
Test_U_2Layers_input_size_45_node1_70_node2_20_node3_0_node4_0,0.4848435350836211
Train_U_2Layers_input_size_45_node1_70_node2_30_node3_0_node4_0,0.4209660345259944
Test_U_2Layers_input_size_45_node1_70_node2_30_node3_0_node4_0,0.496018832099173
Train_U_2Layers_input_size_45_node1_70_node2_40_node3_0_node4_0,0.40171603892957236
Test_U_2Layers_input_size_45_node1_70_node2_40_node3_0_node4_0,0.47078670851780674
Train_U_2Layers_input_size_45_node1_70_node2_50_node3_0_node4_0,0.40285516845841074
Test_U_2Layers_input_size_45_node1_70_node2_50_node3_0_node4_0,0.4690363962736345
Train_U_2Layers_input_size_45_node1_70_node2_60_node3_0_node4_0,0.42364689692312235
Test_U_2Layers_input_size_45_node1_70_node2_60_node3_0_node4_0,0.4987461043566623
Train_U_2Layers_input_size_45_node1_70_node2_70_node3_0_node4_0,0.4089917682318307
Test_U_2Layers_input_size_45_node1_70_node2_70_node3_0_node4_0,0.4766605307638725
Train_U_2Layers_input_size_45_node1_70_node2_80_node3_0_node4_0,0.500534725360293
Test_U_2Layers_input_size_45_node1_70_node2_80_node3_0_node4_0,0.5353564423954871
Train_U_2Layers_input_size_45_node1_70_node2_90_node3_0_node4_0,0.4037722994489397
Test_U_2Layers_input_size_45_node1_70_node2_90_node3_0_node4_0,0.4737393288932901
Train_U_2Layers_input_size_45_node1_70_node2_100_node3_0_node4_0,0.4230466220957105
Test_U_2Layers_input_size_45_node1_70_node2_100_node3_0_node4_0,0.496156928777786
Train_U_1Layers_input_size_45_node1_80_node2_0_node3_0_node4_0,0.4153334885999278
Test_U_1Layers_input_size_45_node1_80_node2_0_node3_0_node4_0,0.47236766359679266
Train_U_2Layers_input_size_45_node1_80_node2_10_node3_0_node4_0,0.40543060931857994
Test_U_2Layers_input_size_45_node1_80_node2_10_node3_0_node4_0,0.4704469323903473
Train_U_2Layers_input_size_45_node1_80_node2_20_node3_0_node4_0,0.41347052885544605
Test_U_2Layers_input_size_45_node1_80_node2_20_node3_0_node4_0,0.4788909996803175
Train_U_2Layers_input_size_45_node1_80_node2_30_node3_0_node4_0,0.4079228767017134
Test_U_2Layers_input_size_45_node1_80_node2_30_node3_0_node4_0,0.4743301763454061
Train_U_2Layers_input_size_45_node1_80_node2_40_node3_0_node4_0,0.39913326176743136
Test_U_2Layers_input_size_45_node1_80_node2_40_node3_0_node4_0,0.46615131382055836
Train_U_2Layers_input_size_45_node1_80_node2_50_node3_0_node4_0,0.41116206049236476
Test_U_2Layers_input_size_45_node1_80_node2_50_node3_0_node4_0,0.4722303883775205
Train_U_2Layers_input_size_45_node1_80_node2_60_node3_0_node4_0,0.5939795401739042
Test_U_2Layers_input_size_45_node1_80_node2_60_node3_0_node4_0,0.6090663470581753
Train_U_2Layers_input_size_45_node1_80_node2_70_node3_0_node4_0,0.42124353055768704
Test_U_2Layers_input_size_45_node1_80_node2_70_node3_0_node4_0,0.47736690983256097
Train_U_2Layers_input_size_45_node1_80_node2_80_node3_0_node4_0,0.43201445879736217
Test_U_2Layers_input_size_45_node1_80_node2_80_node3_0_node4_0,0.506767341808224
Train_U_2Layers_input_size_45_node1_80_node2_90_node3_0_node4_0,0.43820489568517507
Test_U_2Layers_input_size_45_node1_80_node2_90_node3_0_node4_0,0.5120832877421637
Train_U_2Layers_input_size_45_node1_80_node2_100_node3_0_node4_0,0.4055540836629039
Test_U_2Layers_input_size_45_node1_80_node2_100_node3_0_node4_0,0.4767852012709077
Train_U_1Layers_input_size_45_node1_90_node2_0_node3_0_node4_0,0.40461114288256156
Test_U_1Layers_input_size_45_node1_90_node2_0_node3_0_node4_0,0.47784750870664633
Train_U_2Layers_input_size_45_node1_90_node2_10_node3_0_node4_0,0.4055998625115062
Test_U_2Layers_input_size_45_node1_90_node2_10_node3_0_node4_0,0.4742329521503491
Train_U_2Layers_input_size_45_node1_90_node2_20_node3_0_node4_0,0.4398529268598208
Test_U_2Layers_input_size_45_node1_90_node2_20_node3_0_node4_0,0.49266384930712737
Train_U_2Layers_input_size_45_node1_90_node2_30_node3_0_node4_0,0.4046965019962828
Test_U_2Layers_input_size_45_node1_90_node2_30_node3_0_node4_0,0.4682441843387577
Train_U_2Layers_input_size_45_node1_90_node2_40_node3_0_node4_0,0.4062439294508225
Test_U_2Layers_input_size_45_node1_90_node2_40_node3_0_node4_0,0.46890311919212346
Train_U_2Layers_input_size_45_node1_90_node2_50_node3_0_node4_0,0.44754710772643835
Test_U_2Layers_input_size_45_node1_90_node2_50_node3_0_node4_0,0.5224027226894837
Train_U_2Layers_input_size_45_node1_90_node2_60_node3_0_node4_0,0.43410394911469136
Test_U_2Layers_input_size_45_node1_90_node2_60_node3_0_node4_0,0.5092884622093485
Train_U_2Layers_input_size_45_node1_90_node2_70_node3_0_node4_0,0.40740979141062034
Test_U_2Layers_input_size_45_node1_90_node2_70_node3_0_node4_0,0.4672684940568317
Train_U_2Layers_input_size_45_node1_90_node2_80_node3_0_node4_0,0.4019333310902399
Test_U_2Layers_input_size_45_node1_90_node2_80_node3_0_node4_0,0.4681413195404903
Train_U_2Layers_input_size_45_node1_90_node2_90_node3_0_node4_0,0.41079518642414387
Test_U_2Layers_input_size_45_node1_90_node2_90_node3_0_node4_0,0.4713034382985893
Train_U_2Layers_input_size_45_node1_90_node2_100_node3_0_node4_0,0.4019546664461435
Test_U_2Layers_input_size_45_node1_90_node2_100_node3_0_node4_0,0.4735602883726174
Train_U_1Layers_input_size_45_node1_100_node2_0_node3_0_node4_0,0.4311811495842882
Test_U_1Layers_input_size_45_node1_100_node2_0_node3_0_node4_0,0.5057169002953369
Train_U_2Layers_input_size_45_node1_100_node2_10_node3_0_node4_0,0.44604705993774657
Test_U_2Layers_input_size_45_node1_100_node2_10_node3_0_node4_0,0.5211737346887612
Train_U_2Layers_input_size_45_node1_100_node2_20_node3_0_node4_0,0.40555033588788225
Test_U_2Layers_input_size_45_node1_100_node2_20_node3_0_node4_0,0.472621553897275
Train_U_2Layers_input_size_45_node1_100_node2_30_node3_0_node4_0,0.4121957480506984
Test_U_2Layers_input_size_45_node1_100_node2_30_node3_0_node4_0,0.4855394057468898
Train_U_2Layers_input_size_45_node1_100_node2_40_node3_0_node4_0,0.4014361988149286
Test_U_2Layers_input_size_45_node1_100_node2_40_node3_0_node4_0,0.46903005816902776
Train_U_2Layers_input_size_45_node1_100_node2_50_node3_0_node4_0,0.40147259295757665
Test_U_2Layers_input_size_45_node1_100_node2_50_node3_0_node4_0,0.4688613123653963
Train_U_2Layers_input_size_45_node1_100_node2_60_node3_0_node4_0,0.46292291198669944
Test_U_2Layers_input_size_45_node1_100_node2_60_node3_0_node4_0,0.5347440482580141
Train_U_2Layers_input_size_45_node1_100_node2_70_node3_0_node4_0,0.4081173309259906
Test_U_2Layers_input_size_45_node1_100_node2_70_node3_0_node4_0,0.4808953570020205
Train_U_2Layers_input_size_45_node1_100_node2_80_node3_0_node4_0,0.4306593395155828
Test_U_2Layers_input_size_45_node1_100_node2_80_node3_0_node4_0,0.504960635180651
Train_U_2Layers_input_size_45_node1_100_node2_90_node3_0_node4_0,0.40882083935171415
Test_U_2Layers_input_size_45_node1_100_node2_90_node3_0_node4_0,0.48134707982715064
Train_U_2Layers_input_size_45_node1_100_node2_100_node3_0_node4_0,0.5699451779052204
Test_U_2Layers_input_size_45_node1_100_node2_100_node3_0_node4_0,0.6340892768421215
Train_U_1Layers_input_size_50_node1_10_node2_0_node3_0_node4_0,0.4338901984130846
Test_U_1Layers_input_size_50_node1_10_node2_0_node3_0_node4_0,0.496844961949845
Train_U_2Layers_input_size_50_node1_10_node2_10_node3_0_node4_0,0.43942826942511953
Test_U_2Layers_input_size_50_node1_10_node2_10_node3_0_node4_0,0.5174212235923698
Train_U_2Layers_input_size_50_node1_10_node2_20_node3_0_node4_0,0.4154416454263887
Test_U_2Layers_input_size_50_node1_10_node2_20_node3_0_node4_0,0.48279169710643766
Train_U_2Layers_input_size_50_node1_10_node2_30_node3_0_node4_0,0.425178731473253
Test_U_2Layers_input_size_50_node1_10_node2_30_node3_0_node4_0,0.49466201355104616
Train_U_2Layers_input_size_50_node1_10_node2_40_node3_0_node4_0,0.4226194101238679
Test_U_2Layers_input_size_50_node1_10_node2_40_node3_0_node4_0,0.4789336422278625
Train_U_2Layers_input_size_50_node1_10_node2_50_node3_0_node4_0,0.4071356582722218
Test_U_2Layers_input_size_50_node1_10_node2_50_node3_0_node4_0,0.47522286218823273
Train_U_2Layers_input_size_50_node1_10_node2_60_node3_0_node4_0,0.41784095593075243
Test_U_2Layers_input_size_50_node1_10_node2_60_node3_0_node4_0,0.4779366864127269
Train_U_2Layers_input_size_50_node1_10_node2_70_node3_0_node4_0,0.42711479567344246
Test_U_2Layers_input_size_50_node1_10_node2_70_node3_0_node4_0,0.49428072364433256
Train_U_2Layers_input_size_50_node1_10_node2_80_node3_0_node4_0,0.41890581207081756
Test_U_2Layers_input_size_50_node1_10_node2_80_node3_0_node4_0,0.49414054961072024
Train_U_2Layers_input_size_50_node1_10_node2_90_node3_0_node4_0,0.41683092058701915
Test_U_2Layers_input_size_50_node1_10_node2_90_node3_0_node4_0,0.4816693757595888
Train_U_2Layers_input_size_50_node1_10_node2_100_node3_0_node4_0,0.41583201336826353
Test_U_2Layers_input_size_50_node1_10_node2_100_node3_0_node4_0,0.4780902918515943
Train_U_1Layers_input_size_50_node1_20_node2_0_node3_0_node4_0,0.4189032864777043
Test_U_1Layers_input_size_50_node1_20_node2_0_node3_0_node4_0,0.4876271864454061
Train_U_2Layers_input_size_50_node1_20_node2_10_node3_0_node4_0,0.418034272093941
Test_U_2Layers_input_size_50_node1_20_node2_10_node3_0_node4_0,0.494189535140419
Train_U_2Layers_input_size_50_node1_20_node2_20_node3_0_node4_0,0.4275471351527108
Test_U_2Layers_input_size_50_node1_20_node2_20_node3_0_node4_0,0.48809702640437336
Train_U_2Layers_input_size_50_node1_20_node2_30_node3_0_node4_0,0.4133118536999049
Test_U_2Layers_input_size_50_node1_20_node2_30_node3_0_node4_0,0.4750335116862392
Train_U_2Layers_input_size_50_node1_20_node2_40_node3_0_node4_0,0.40837569900910586
Test_U_2Layers_input_size_50_node1_20_node2_40_node3_0_node4_0,0.4757234973651798
Train_U_2Layers_input_size_50_node1_20_node2_50_node3_0_node4_0,0.40535246296900523
Test_U_2Layers_input_size_50_node1_20_node2_50_node3_0_node4_0,0.4712854953572379
Train_U_2Layers_input_size_50_node1_20_node2_60_node3_0_node4_0,0.44855265783594706
Test_U_2Layers_input_size_50_node1_20_node2_60_node3_0_node4_0,0.5015395720758402
Train_U_2Layers_input_size_50_node1_20_node2_70_node3_0_node4_0,0.44047877678854425
Test_U_2Layers_input_size_50_node1_20_node2_70_node3_0_node4_0,0.4911049032568133
Train_U_2Layers_input_size_50_node1_20_node2_80_node3_0_node4_0,0.4086954898242822
Test_U_2Layers_input_size_50_node1_20_node2_80_node3_0_node4_0,0.46981309502135
Train_U_2Layers_input_size_50_node1_20_node2_90_node3_0_node4_0,0.4272456577843758
Test_U_2Layers_input_size_50_node1_20_node2_90_node3_0_node4_0,0.4812037266122014
Train_U_2Layers_input_size_50_node1_20_node2_100_node3_0_node4_0,0.4183968820152113
Test_U_2Layers_input_size_50_node1_20_node2_100_node3_0_node4_0,0.4756717486973278
Train_U_1Layers_input_size_50_node1_30_node2_0_node3_0_node4_0,0.41347926827736026
Test_U_1Layers_input_size_50_node1_30_node2_0_node3_0_node4_0,0.4751079907131324
Train_U_2Layers_input_size_50_node1_30_node2_10_node3_0_node4_0,0.49886507630806914
Test_U_2Layers_input_size_50_node1_30_node2_10_node3_0_node4_0,0.5706158706419413
Train_U_2Layers_input_size_50_node1_30_node2_20_node3_0_node4_0,0.44819810438610636
Test_U_2Layers_input_size_50_node1_30_node2_20_node3_0_node4_0,0.522247955548351
Train_U_2Layers_input_size_50_node1_30_node2_30_node3_0_node4_0,0.4244130752067476
Test_U_2Layers_input_size_50_node1_30_node2_30_node3_0_node4_0,0.49945569213608426
Train_U_2Layers_input_size_50_node1_30_node2_40_node3_0_node4_0,0.4074250796256942
Test_U_2Layers_input_size_50_node1_30_node2_40_node3_0_node4_0,0.4775888147940926
Train_U_2Layers_input_size_50_node1_30_node2_50_node3_0_node4_0,0.42874826603308064
Test_U_2Layers_input_size_50_node1_30_node2_50_node3_0_node4_0,0.485036813159786
Train_U_2Layers_input_size_50_node1_30_node2_60_node3_0_node4_0,0.42701807531474334
Test_U_2Layers_input_size_50_node1_30_node2_60_node3_0_node4_0,0.5032125918038742
Train_U_2Layers_input_size_50_node1_30_node2_70_node3_0_node4_0,0.42276537503595574
Test_U_2Layers_input_size_50_node1_30_node2_70_node3_0_node4_0,0.4797977320853217
Train_U_2Layers_input_size_50_node1_30_node2_80_node3_0_node4_0,0.40993889998859795
Test_U_2Layers_input_size_50_node1_30_node2_80_node3_0_node4_0,0.47242859015684535
Train_U_2Layers_input_size_50_node1_30_node2_90_node3_0_node4_0,0.4100358695528869
Test_U_2Layers_input_size_50_node1_30_node2_90_node3_0_node4_0,0.4800340500317773
Train_U_2Layers_input_size_50_node1_30_node2_100_node3_0_node4_0,0.4709901211759525
Test_U_2Layers_input_size_50_node1_30_node2_100_node3_0_node4_0,0.5119658303165036
Train_U_1Layers_input_size_50_node1_40_node2_0_node3_0_node4_0,0.4342981064613095
Test_U_1Layers_input_size_50_node1_40_node2_0_node3_0_node4_0,0.5076376980919649
Train_U_2Layers_input_size_50_node1_40_node2_10_node3_0_node4_0,0.4110513275655884
Test_U_2Layers_input_size_50_node1_40_node2_10_node3_0_node4_0,0.4821662070912451
Train_U_2Layers_input_size_50_node1_40_node2_20_node3_0_node4_0,0.4175396615166034
Test_U_2Layers_input_size_50_node1_40_node2_20_node3_0_node4_0,0.4714484743926815
Train_U_2Layers_input_size_50_node1_40_node2_30_node3_0_node4_0,0.5194902618989796
Test_U_2Layers_input_size_50_node1_40_node2_30_node3_0_node4_0,0.5491203534689291
Train_U_2Layers_input_size_50_node1_40_node2_40_node3_0_node4_0,0.41532796341558637
Test_U_2Layers_input_size_50_node1_40_node2_40_node3_0_node4_0,0.47313268939966985
Train_U_2Layers_input_size_50_node1_40_node2_50_node3_0_node4_0,0.4124089819744015
Test_U_2Layers_input_size_50_node1_40_node2_50_node3_0_node4_0,0.4714455033075217
Train_U_2Layers_input_size_50_node1_40_node2_60_node3_0_node4_0,0.40735655249057906
Test_U_2Layers_input_size_50_node1_40_node2_60_node3_0_node4_0,0.4739349817105717
Train_U_2Layers_input_size_50_node1_40_node2_70_node3_0_node4_0,0.44711069480465243
Test_U_2Layers_input_size_50_node1_40_node2_70_node3_0_node4_0,0.4931501027765895
Train_U_2Layers_input_size_50_node1_40_node2_80_node3_0_node4_0,0.40129721744004226
Test_U_2Layers_input_size_50_node1_40_node2_80_node3_0_node4_0,0.4668294185004196
Train_U_2Layers_input_size_50_node1_40_node2_90_node3_0_node4_0,0.4353346713979252
Test_U_2Layers_input_size_50_node1_40_node2_90_node3_0_node4_0,0.509335888490251
Train_U_2Layers_input_size_50_node1_40_node2_100_node3_0_node4_0,0.42997362840536724
Test_U_2Layers_input_size_50_node1_40_node2_100_node3_0_node4_0,0.48047205295823064
Train_U_1Layers_input_size_50_node1_50_node2_0_node3_0_node4_0,0.5173083772032985
Test_U_1Layers_input_size_50_node1_50_node2_0_node3_0_node4_0,0.5473382894781021
Train_U_2Layers_input_size_50_node1_50_node2_10_node3_0_node4_0,0.43031028350835454
Test_U_2Layers_input_size_50_node1_50_node2_10_node3_0_node4_0,0.4831958076336233
Train_U_2Layers_input_size_50_node1_50_node2_20_node3_0_node4_0,0.4209424414057928
Test_U_2Layers_input_size_50_node1_50_node2_20_node3_0_node4_0,0.48461724960765346
Train_U_2Layers_input_size_50_node1_50_node2_30_node3_0_node4_0,0.4123825505696569
Test_U_2Layers_input_size_50_node1_50_node2_30_node3_0_node4_0,0.4843984721249457
Train_U_2Layers_input_size_50_node1_50_node2_40_node3_0_node4_0,0.4356279511536472
Test_U_2Layers_input_size_50_node1_50_node2_40_node3_0_node4_0,0.5109367802232812
Train_U_2Layers_input_size_50_node1_50_node2_50_node3_0_node4_0,0.4083413433080807
Test_U_2Layers_input_size_50_node1_50_node2_50_node3_0_node4_0,0.4706892747542916
Train_U_2Layers_input_size_50_node1_50_node2_60_node3_0_node4_0,0.40989676850667456
Test_U_2Layers_input_size_50_node1_50_node2_60_node3_0_node4_0,0.47903380072242646
Train_U_2Layers_input_size_50_node1_50_node2_70_node3_0_node4_0,0.5392896754030034
Test_U_2Layers_input_size_50_node1_50_node2_70_node3_0_node4_0,0.5678963889263631
Train_U_2Layers_input_size_50_node1_50_node2_80_node3_0_node4_0,0.40205113408849436
Test_U_2Layers_input_size_50_node1_50_node2_80_node3_0_node4_0,0.4661934435806017
Train_U_2Layers_input_size_50_node1_50_node2_90_node3_0_node4_0,0.45877274849225735
Test_U_2Layers_input_size_50_node1_50_node2_90_node3_0_node4_0,0.506197429800272
Train_U_2Layers_input_size_50_node1_50_node2_100_node3_0_node4_0,0.40341663826709423
Test_U_2Layers_input_size_50_node1_50_node2_100_node3_0_node4_0,0.4674970570894931
Train_U_1Layers_input_size_50_node1_60_node2_0_node3_0_node4_0,0.4067457731914769
Test_U_1Layers_input_size_50_node1_60_node2_0_node3_0_node4_0,0.4747097709810558
Train_U_2Layers_input_size_50_node1_60_node2_10_node3_0_node4_0,0.42518915777347255
Test_U_2Layers_input_size_50_node1_60_node2_10_node3_0_node4_0,0.4825160286024854
Train_U_2Layers_input_size_50_node1_60_node2_20_node3_0_node4_0,0.4212446448441336
Test_U_2Layers_input_size_50_node1_60_node2_20_node3_0_node4_0,0.49311557946918777
Train_U_2Layers_input_size_50_node1_60_node2_30_node3_0_node4_0,0.5161060054847258
Test_U_2Layers_input_size_50_node1_60_node2_30_node3_0_node4_0,0.587227888195252
Train_U_2Layers_input_size_50_node1_60_node2_40_node3_0_node4_0,0.3991537014993299
Test_U_2Layers_input_size_50_node1_60_node2_40_node3_0_node4_0,0.4627495240786602
Train_U_2Layers_input_size_50_node1_60_node2_50_node3_0_node4_0,0.4223620993537022
Test_U_2Layers_input_size_50_node1_60_node2_50_node3_0_node4_0,0.47997911827541606
Train_U_2Layers_input_size_50_node1_60_node2_60_node3_0_node4_0,0.45629856687224996
Test_U_2Layers_input_size_50_node1_60_node2_60_node3_0_node4_0,0.5002304976368306
Train_U_2Layers_input_size_50_node1_60_node2_70_node3_0_node4_0,0.5093320559320026
Test_U_2Layers_input_size_50_node1_60_node2_70_node3_0_node4_0,0.5397757635076813
Train_U_2Layers_input_size_50_node1_60_node2_80_node3_0_node4_0,0.43578833143759316
Test_U_2Layers_input_size_50_node1_60_node2_80_node3_0_node4_0,0.48579547621987035
Train_U_2Layers_input_size_50_node1_60_node2_90_node3_0_node4_0,0.4551979692997496
Test_U_2Layers_input_size_50_node1_60_node2_90_node3_0_node4_0,0.49861585242314416
Train_U_2Layers_input_size_50_node1_60_node2_100_node3_0_node4_0,0.4218659576577242
Test_U_2Layers_input_size_50_node1_60_node2_100_node3_0_node4_0,0.4784119318503154
Train_U_1Layers_input_size_50_node1_70_node2_0_node3_0_node4_0,0.4078123786896858
Test_U_1Layers_input_size_50_node1_70_node2_0_node3_0_node4_0,0.4746648026113439
Train_U_2Layers_input_size_50_node1_70_node2_10_node3_0_node4_0,0.40361701083081125
Test_U_2Layers_input_size_50_node1_70_node2_10_node3_0_node4_0,0.47202848881277254
Train_U_2Layers_input_size_50_node1_70_node2_20_node3_0_node4_0,0.4107508391350262
Test_U_2Layers_input_size_50_node1_70_node2_20_node3_0_node4_0,0.4772473870141429
Train_U_2Layers_input_size_50_node1_70_node2_30_node3_0_node4_0,0.40549394973916714
Test_U_2Layers_input_size_50_node1_70_node2_30_node3_0_node4_0,0.470742235893568
Train_U_2Layers_input_size_50_node1_70_node2_40_node3_0_node4_0,0.4330682749297807
Test_U_2Layers_input_size_50_node1_70_node2_40_node3_0_node4_0,0.5051274841217304
Train_U_2Layers_input_size_50_node1_70_node2_50_node3_0_node4_0,0.4210200300072945
Test_U_2Layers_input_size_50_node1_70_node2_50_node3_0_node4_0,0.4969107291133279
Train_U_2Layers_input_size_50_node1_70_node2_60_node3_0_node4_0,0.5205137384875345
Test_U_2Layers_input_size_50_node1_70_node2_60_node3_0_node4_0,0.5904850788992978
Train_U_2Layers_input_size_50_node1_70_node2_70_node3_0_node4_0,0.4172039700232362
Test_U_2Layers_input_size_50_node1_70_node2_70_node3_0_node4_0,0.480169606319412
Train_U_2Layers_input_size_50_node1_70_node2_80_node3_0_node4_0,0.40662775449878186
Test_U_2Layers_input_size_50_node1_70_node2_80_node3_0_node4_0,0.470236899550874
Train_U_2Layers_input_size_50_node1_70_node2_90_node3_0_node4_0,0.401254809906316
Test_U_2Layers_input_size_50_node1_70_node2_90_node3_0_node4_0,0.46610302613120425
Train_U_2Layers_input_size_50_node1_70_node2_100_node3_0_node4_0,0.4104348281127435
Test_U_2Layers_input_size_50_node1_70_node2_100_node3_0_node4_0,0.485410767288815
Train_U_1Layers_input_size_50_node1_80_node2_0_node3_0_node4_0,0.40139879905048703
Test_U_1Layers_input_size_50_node1_80_node2_0_node3_0_node4_0,0.46711134592914266
Train_U_2Layers_input_size_50_node1_80_node2_10_node3_0_node4_0,0.401670429553745
Test_U_2Layers_input_size_50_node1_80_node2_10_node3_0_node4_0,0.4700437652471835
Train_U_2Layers_input_size_50_node1_80_node2_20_node3_0_node4_0,0.4189501675411153
Test_U_2Layers_input_size_50_node1_80_node2_20_node3_0_node4_0,0.47792995189414683
Train_U_2Layers_input_size_50_node1_80_node2_30_node3_0_node4_0,0.507646034539488
Test_U_2Layers_input_size_50_node1_80_node2_30_node3_0_node4_0,0.5814173488280333
Train_U_2Layers_input_size_50_node1_80_node2_40_node3_0_node4_0,0.41914899805243405
Test_U_2Layers_input_size_50_node1_80_node2_40_node3_0_node4_0,0.48035427993907864
Train_U_2Layers_input_size_50_node1_80_node2_50_node3_0_node4_0,0.5264546564072143
Test_U_2Layers_input_size_50_node1_80_node2_50_node3_0_node4_0,0.5553600639534537
Train_U_2Layers_input_size_50_node1_80_node2_60_node3_0_node4_0,0.49070234114316014
Test_U_2Layers_input_size_50_node1_80_node2_60_node3_0_node4_0,0.5258261424790616
Train_U_2Layers_input_size_50_node1_80_node2_70_node3_0_node4_0,0.40422308059454676
Test_U_2Layers_input_size_50_node1_80_node2_70_node3_0_node4_0,0.4743075568866101
Train_U_2Layers_input_size_50_node1_80_node2_80_node3_0_node4_0,0.4150900775747257
Test_U_2Layers_input_size_50_node1_80_node2_80_node3_0_node4_0,0.4855426435217146
Train_U_2Layers_input_size_50_node1_80_node2_90_node3_0_node4_0,0.40577440666623993
Test_U_2Layers_input_size_50_node1_80_node2_90_node3_0_node4_0,0.47807450495341547
Train_U_2Layers_input_size_50_node1_80_node2_100_node3_0_node4_0,0.40205858365248764
Test_U_2Layers_input_size_50_node1_80_node2_100_node3_0_node4_0,0.47104538942924573
Train_U_1Layers_input_size_50_node1_90_node2_0_node3_0_node4_0,0.41331596372944973
Test_U_1Layers_input_size_50_node1_90_node2_0_node3_0_node4_0,0.485824876104239
Train_U_2Layers_input_size_50_node1_90_node2_10_node3_0_node4_0,0.4116487867060619
Test_U_2Layers_input_size_50_node1_90_node2_10_node3_0_node4_0,0.47376639458564335
Train_U_2Layers_input_size_50_node1_90_node2_20_node3_0_node4_0,0.42633103389072663
Test_U_2Layers_input_size_50_node1_90_node2_20_node3_0_node4_0,0.4815425967955985
Train_U_2Layers_input_size_50_node1_90_node2_30_node3_0_node4_0,0.4115779578072924
Test_U_2Layers_input_size_50_node1_90_node2_30_node3_0_node4_0,0.48396208298448906
Train_U_2Layers_input_size_50_node1_90_node2_40_node3_0_node4_0,0.42304237764879205
Test_U_2Layers_input_size_50_node1_90_node2_40_node3_0_node4_0,0.47786102674721603
Train_U_2Layers_input_size_50_node1_90_node2_50_node3_0_node4_0,0.40243136738931246
Test_U_2Layers_input_size_50_node1_90_node2_50_node3_0_node4_0,0.47065748887810527
Train_U_2Layers_input_size_50_node1_90_node2_60_node3_0_node4_0,0.5478381258970864
Test_U_2Layers_input_size_50_node1_90_node2_60_node3_0_node4_0,0.6154072836451392
Train_U_2Layers_input_size_50_node1_90_node2_70_node3_0_node4_0,0.41254878911566645
Test_U_2Layers_input_size_50_node1_90_node2_70_node3_0_node4_0,0.47105052996460767
Train_U_2Layers_input_size_50_node1_90_node2_80_node3_0_node4_0,0.4217299812576745
Test_U_2Layers_input_size_50_node1_90_node2_80_node3_0_node4_0,0.4952612221585886
Train_U_2Layers_input_size_50_node1_90_node2_90_node3_0_node4_0,0.40753239186971374
Test_U_2Layers_input_size_50_node1_90_node2_90_node3_0_node4_0,0.47325797438414485
Train_U_2Layers_input_size_50_node1_90_node2_100_node3_0_node4_0,0.4600086065969553
Test_U_2Layers_input_size_50_node1_90_node2_100_node3_0_node4_0,0.5049484180790925
Train_U_1Layers_input_size_50_node1_100_node2_0_node3_0_node4_0,0.4034189837850906
Test_U_1Layers_input_size_50_node1_100_node2_0_node3_0_node4_0,0.4663482808904822
Train_U_2Layers_input_size_50_node1_100_node2_10_node3_0_node4_0,0.4070220177421644
Test_U_2Layers_input_size_50_node1_100_node2_10_node3_0_node4_0,0.46824081103732873
Train_U_2Layers_input_size_50_node1_100_node2_20_node3_0_node4_0,0.48882856593661594
Test_U_2Layers_input_size_50_node1_100_node2_20_node3_0_node4_0,0.558282485349854
Train_U_2Layers_input_size_50_node1_100_node2_30_node3_0_node4_0,0.4072260868060583
Test_U_2Layers_input_size_50_node1_100_node2_30_node3_0_node4_0,0.4744754649442564
Train_U_2Layers_input_size_50_node1_100_node2_40_node3_0_node4_0,0.4299515693027263
Test_U_2Layers_input_size_50_node1_100_node2_40_node3_0_node4_0,0.4862203516906487
Train_U_2Layers_input_size_50_node1_100_node2_50_node3_0_node4_0,0.40900827245110966
Test_U_2Layers_input_size_50_node1_100_node2_50_node3_0_node4_0,0.46871280522597886
Train_U_2Layers_input_size_50_node1_100_node2_60_node3_0_node4_0,0.409141575169548
Test_U_2Layers_input_size_50_node1_100_node2_60_node3_0_node4_0,0.480823540921165
Train_U_2Layers_input_size_50_node1_100_node2_70_node3_0_node4_0,0.4019306617739986
Test_U_2Layers_input_size_50_node1_100_node2_70_node3_0_node4_0,0.468900243205233
Train_U_2Layers_input_size_50_node1_100_node2_80_node3_0_node4_0,0.4013841722890335
Test_U_2Layers_input_size_50_node1_100_node2_80_node3_0_node4_0,0.4701474657439309
Train_U_2Layers_input_size_50_node1_100_node2_90_node3_0_node4_0,0.43231450637168706
Test_U_2Layers_input_size_50_node1_100_node2_90_node3_0_node4_0,0.48101188230708075
Train_U_2Layers_input_size_50_node1_100_node2_100_node3_0_node4_0,0.4011532661259856
Test_U_2Layers_input_size_50_node1_100_node2_100_node3_0_node4_0,0.4698692469882738
Train_U_1Layers_input_size_55_node1_10_node2_0_node3_0_node4_0,0.42357951664835847
Test_U_1Layers_input_size_55_node1_10_node2_0_node3_0_node4_0,0.48486988873699916
Train_U_2Layers_input_size_55_node1_10_node2_10_node3_0_node4_0,0.4293478056501406
Test_U_2Layers_input_size_55_node1_10_node2_10_node3_0_node4_0,0.5015114945475931
Train_U_2Layers_input_size_55_node1_10_node2_20_node3_0_node4_0,0.44598610442693315
Test_U_2Layers_input_size_55_node1_10_node2_20_node3_0_node4_0,0.5215180346880761
Train_U_2Layers_input_size_55_node1_10_node2_30_node3_0_node4_0,0.4233042208105396
Test_U_2Layers_input_size_55_node1_10_node2_30_node3_0_node4_0,0.4944166837208214
Train_U_2Layers_input_size_55_node1_10_node2_40_node3_0_node4_0,0.4167650662898508
Test_U_2Layers_input_size_55_node1_10_node2_40_node3_0_node4_0,0.4883972182842537
Train_U_2Layers_input_size_55_node1_10_node2_50_node3_0_node4_0,0.4752261545729851
Test_U_2Layers_input_size_55_node1_10_node2_50_node3_0_node4_0,0.5511705362045498
Train_U_2Layers_input_size_55_node1_10_node2_60_node3_0_node4_0,0.4721415688867309
Test_U_2Layers_input_size_55_node1_10_node2_60_node3_0_node4_0,0.5444261490522389
Train_U_2Layers_input_size_55_node1_10_node2_70_node3_0_node4_0,0.4228696400784482
Test_U_2Layers_input_size_55_node1_10_node2_70_node3_0_node4_0,0.4968896623763286
Train_U_2Layers_input_size_55_node1_10_node2_80_node3_0_node4_0,0.40145106494950933
Test_U_2Layers_input_size_55_node1_10_node2_80_node3_0_node4_0,0.4669943834585828
Train_U_2Layers_input_size_55_node1_10_node2_90_node3_0_node4_0,0.4101895455061365
Test_U_2Layers_input_size_55_node1_10_node2_90_node3_0_node4_0,0.48095128399663367
Train_U_2Layers_input_size_55_node1_10_node2_100_node3_0_node4_0,0.41879938603021893
Test_U_2Layers_input_size_55_node1_10_node2_100_node3_0_node4_0,0.48947717313758987
Train_U_1Layers_input_size_55_node1_20_node2_0_node3_0_node4_0,0.47406124911963654
Test_U_1Layers_input_size_55_node1_20_node2_0_node3_0_node4_0,0.5584118420171829
Train_U_2Layers_input_size_55_node1_20_node2_10_node3_0_node4_0,0.42241321775674395
Test_U_2Layers_input_size_55_node1_20_node2_10_node3_0_node4_0,0.4947235227808468
Train_U_2Layers_input_size_55_node1_20_node2_20_node3_0_node4_0,0.4244704762448765
Test_U_2Layers_input_size_55_node1_20_node2_20_node3_0_node4_0,0.49848103766595675
Train_U_2Layers_input_size_55_node1_20_node2_30_node3_0_node4_0,0.41116160747241126
Test_U_2Layers_input_size_55_node1_20_node2_30_node3_0_node4_0,0.4745330592206694
Train_U_2Layers_input_size_55_node1_20_node2_40_node3_0_node4_0,0.4123837430003448
Test_U_2Layers_input_size_55_node1_20_node2_40_node3_0_node4_0,0.48138455206765374
Train_U_2Layers_input_size_55_node1_20_node2_50_node3_0_node4_0,0.4435788926138725
Test_U_2Layers_input_size_55_node1_20_node2_50_node3_0_node4_0,0.4906197966767429
Train_U_2Layers_input_size_55_node1_20_node2_60_node3_0_node4_0,0.41548913226392165
Test_U_2Layers_input_size_55_node1_20_node2_60_node3_0_node4_0,0.48269341429154783
Train_U_2Layers_input_size_55_node1_20_node2_70_node3_0_node4_0,0.4119037096903025
Test_U_2Layers_input_size_55_node1_20_node2_70_node3_0_node4_0,0.47936637144517114
Train_U_2Layers_input_size_55_node1_20_node2_80_node3_0_node4_0,0.419673136297028
Test_U_2Layers_input_size_55_node1_20_node2_80_node3_0_node4_0,0.49224014606173905
Train_U_2Layers_input_size_55_node1_20_node2_90_node3_0_node4_0,0.42680260883622606
Test_U_2Layers_input_size_55_node1_20_node2_90_node3_0_node4_0,0.49914495552538074
Train_U_2Layers_input_size_55_node1_20_node2_100_node3_0_node4_0,0.41421291929995585
Test_U_2Layers_input_size_55_node1_20_node2_100_node3_0_node4_0,0.4822517589291798
Train_U_1Layers_input_size_55_node1_30_node2_0_node3_0_node4_0,0.42062949950488404
Test_U_1Layers_input_size_55_node1_30_node2_0_node3_0_node4_0,0.4797590177572089
Train_U_2Layers_input_size_55_node1_30_node2_10_node3_0_node4_0,0.43185064117368144
Test_U_2Layers_input_size_55_node1_30_node2_10_node3_0_node4_0,0.5095331824019496
Train_U_2Layers_input_size_55_node1_30_node2_20_node3_0_node4_0,0.45598957977498256
Test_U_2Layers_input_size_55_node1_30_node2_20_node3_0_node4_0,0.5281217134813605
Train_U_2Layers_input_size_55_node1_30_node2_30_node3_0_node4_0,0.4195040731311881
Test_U_2Layers_input_size_55_node1_30_node2_30_node3_0_node4_0,0.4916686850711104
Train_U_2Layers_input_size_55_node1_30_node2_40_node3_0_node4_0,0.413486908362922
Test_U_2Layers_input_size_55_node1_30_node2_40_node3_0_node4_0,0.4785048503051923
Train_U_2Layers_input_size_55_node1_30_node2_50_node3_0_node4_0,0.4348070335719006
Test_U_2Layers_input_size_55_node1_30_node2_50_node3_0_node4_0,0.5062581850496933
Train_U_2Layers_input_size_55_node1_30_node2_60_node3_0_node4_0,0.413599997553604
Test_U_2Layers_input_size_55_node1_30_node2_60_node3_0_node4_0,0.47670023131684025
Train_U_2Layers_input_size_55_node1_30_node2_70_node3_0_node4_0,0.4084774537453874
Test_U_2Layers_input_size_55_node1_30_node2_70_node3_0_node4_0,0.4739015583645002
Train_U_2Layers_input_size_55_node1_30_node2_80_node3_0_node4_0,0.4131003302914276
Test_U_2Layers_input_size_55_node1_30_node2_80_node3_0_node4_0,0.48091772858033077
Train_U_2Layers_input_size_55_node1_30_node2_90_node3_0_node4_0,0.4092229852096735
Test_U_2Layers_input_size_55_node1_30_node2_90_node3_0_node4_0,0.4721822016562016
Train_U_2Layers_input_size_55_node1_30_node2_100_node3_0_node4_0,0.4271131733805169
Test_U_2Layers_input_size_55_node1_30_node2_100_node3_0_node4_0,0.49946373255024085
Train_U_1Layers_input_size_55_node1_40_node2_0_node3_0_node4_0,0.42571553764371767
Test_U_1Layers_input_size_55_node1_40_node2_0_node3_0_node4_0,0.49036193039295145
Train_U_2Layers_input_size_55_node1_40_node2_10_node3_0_node4_0,0.41161265879322756
Test_U_2Layers_input_size_55_node1_40_node2_10_node3_0_node4_0,0.4717752269080682
Train_U_2Layers_input_size_55_node1_40_node2_20_node3_0_node4_0,0.42318203458579334
Test_U_2Layers_input_size_55_node1_40_node2_20_node3_0_node4_0,0.4966344364987451
Train_U_2Layers_input_size_55_node1_40_node2_30_node3_0_node4_0,0.43980685091151506
Test_U_2Layers_input_size_55_node1_40_node2_30_node3_0_node4_0,0.48808982148443547
Train_U_2Layers_input_size_55_node1_40_node2_40_node3_0_node4_0,0.44763115351499827
Test_U_2Layers_input_size_55_node1_40_node2_40_node3_0_node4_0,0.49741901390291754
Train_U_2Layers_input_size_55_node1_40_node2_50_node3_0_node4_0,0.41966079757627367
Test_U_2Layers_input_size_55_node1_40_node2_50_node3_0_node4_0,0.4906755111594105
Train_U_2Layers_input_size_55_node1_40_node2_60_node3_0_node4_0,0.406618024947404
Test_U_2Layers_input_size_55_node1_40_node2_60_node3_0_node4_0,0.47219551897592743
Train_U_2Layers_input_size_55_node1_40_node2_70_node3_0_node4_0,0.42596263696575587
Test_U_2Layers_input_size_55_node1_40_node2_70_node3_0_node4_0,0.49753674579903717
Train_U_2Layers_input_size_55_node1_40_node2_80_node3_0_node4_0,0.43219976329161497
Test_U_2Layers_input_size_55_node1_40_node2_80_node3_0_node4_0,0.48516579647776803
Train_U_2Layers_input_size_55_node1_40_node2_90_node3_0_node4_0,0.40814471397280805
Test_U_2Layers_input_size_55_node1_40_node2_90_node3_0_node4_0,0.47699659932021937
Train_U_2Layers_input_size_55_node1_40_node2_100_node3_0_node4_0,0.4364312093708309
Test_U_2Layers_input_size_55_node1_40_node2_100_node3_0_node4_0,0.5077725614834661
Train_U_1Layers_input_size_55_node1_50_node2_0_node3_0_node4_0,0.4158240938529849
Test_U_1Layers_input_size_55_node1_50_node2_0_node3_0_node4_0,0.4850601457387059
Train_U_2Layers_input_size_55_node1_50_node2_10_node3_0_node4_0,0.44002316273063563
Test_U_2Layers_input_size_55_node1_50_node2_10_node3_0_node4_0,0.5152081046879692
Train_U_2Layers_input_size_55_node1_50_node2_20_node3_0_node4_0,0.42759378291294914
Test_U_2Layers_input_size_55_node1_50_node2_20_node3_0_node4_0,0.4846130370709393
Train_U_2Layers_input_size_55_node1_50_node2_30_node3_0_node4_0,0.40860989029991046
Test_U_2Layers_input_size_55_node1_50_node2_30_node3_0_node4_0,0.47835563009024473
Train_U_2Layers_input_size_55_node1_50_node2_40_node3_0_node4_0,0.40898382556663415
Test_U_2Layers_input_size_55_node1_50_node2_40_node3_0_node4_0,0.4746849878934043
Train_U_2Layers_input_size_55_node1_50_node2_50_node3_0_node4_0,0.40862761333466596
Test_U_2Layers_input_size_55_node1_50_node2_50_node3_0_node4_0,0.47542827899045026
Train_U_2Layers_input_size_55_node1_50_node2_60_node3_0_node4_0,0.42861455994087394
Test_U_2Layers_input_size_55_node1_50_node2_60_node3_0_node4_0,0.4795583302547641
Train_U_2Layers_input_size_55_node1_50_node2_70_node3_0_node4_0,0.4001497614169503
Test_U_2Layers_input_size_55_node1_50_node2_70_node3_0_node4_0,0.46662285086736965
Train_U_2Layers_input_size_55_node1_50_node2_80_node3_0_node4_0,0.43464879388109784
Test_U_2Layers_input_size_55_node1_50_node2_80_node3_0_node4_0,0.48602691575956014
Train_U_2Layers_input_size_55_node1_50_node2_90_node3_0_node4_0,0.4065614386859151
Test_U_2Layers_input_size_55_node1_50_node2_90_node3_0_node4_0,0.46930082065174006
Train_U_2Layers_input_size_55_node1_50_node2_100_node3_0_node4_0,0.40852972590289766
Test_U_2Layers_input_size_55_node1_50_node2_100_node3_0_node4_0,0.4777479124607488
Train_U_1Layers_input_size_55_node1_60_node2_0_node3_0_node4_0,0.4048851635096849
Test_U_1Layers_input_size_55_node1_60_node2_0_node3_0_node4_0,0.47399713720692493
Train_U_2Layers_input_size_55_node1_60_node2_10_node3_0_node4_0,0.41718320022824623
Test_U_2Layers_input_size_55_node1_60_node2_10_node3_0_node4_0,0.4886142510729557
Train_U_2Layers_input_size_55_node1_60_node2_20_node3_0_node4_0,0.4083204146534416
Test_U_2Layers_input_size_55_node1_60_node2_20_node3_0_node4_0,0.47884102481414353
Train_U_2Layers_input_size_55_node1_60_node2_30_node3_0_node4_0,0.41274821226286207
Test_U_2Layers_input_size_55_node1_60_node2_30_node3_0_node4_0,0.48509902063706145
Train_U_2Layers_input_size_55_node1_60_node2_40_node3_0_node4_0,0.41176987173191887
Test_U_2Layers_input_size_55_node1_60_node2_40_node3_0_node4_0,0.4719604225396467
Train_U_2Layers_input_size_55_node1_60_node2_50_node3_0_node4_0,0.4215949683273228
Test_U_2Layers_input_size_55_node1_60_node2_50_node3_0_node4_0,0.49246808788584984
Train_U_2Layers_input_size_55_node1_60_node2_60_node3_0_node4_0,0.3986069188172587
Test_U_2Layers_input_size_55_node1_60_node2_60_node3_0_node4_0,0.46070993592763615
Train_U_2Layers_input_size_55_node1_60_node2_70_node3_0_node4_0,0.4163515230326662
Test_U_2Layers_input_size_55_node1_60_node2_70_node3_0_node4_0,0.48705022126919134
Train_U_2Layers_input_size_55_node1_60_node2_80_node3_0_node4_0,0.4189512879272288
Test_U_2Layers_input_size_55_node1_60_node2_80_node3_0_node4_0,0.47377354998672383
Train_U_2Layers_input_size_55_node1_60_node2_90_node3_0_node4_0,0.41246960701381236
Test_U_2Layers_input_size_55_node1_60_node2_90_node3_0_node4_0,0.48307848273375487
Train_U_2Layers_input_size_55_node1_60_node2_100_node3_0_node4_0,0.40741650293453174
Test_U_2Layers_input_size_55_node1_60_node2_100_node3_0_node4_0,0.4728146279810931
Train_U_1Layers_input_size_55_node1_70_node2_0_node3_0_node4_0,0.4073887417451678
Test_U_1Layers_input_size_55_node1_70_node2_0_node3_0_node4_0,0.47767668381179235
Train_U_2Layers_input_size_55_node1_70_node2_10_node3_0_node4_0,0.4369089016291957
Test_U_2Layers_input_size_55_node1_70_node2_10_node3_0_node4_0,0.5096531594108048
Train_U_2Layers_input_size_55_node1_70_node2_20_node3_0_node4_0,0.41067036696001363
Test_U_2Layers_input_size_55_node1_70_node2_20_node3_0_node4_0,0.47637110134141986
Train_U_2Layers_input_size_55_node1_70_node2_30_node3_0_node4_0,0.44624922760327596
Test_U_2Layers_input_size_55_node1_70_node2_30_node3_0_node4_0,0.4930492154088367
Train_U_2Layers_input_size_55_node1_70_node2_40_node3_0_node4_0,0.4666922703457411
Test_U_2Layers_input_size_55_node1_70_node2_40_node3_0_node4_0,0.5384701224444587
Train_U_2Layers_input_size_55_node1_70_node2_50_node3_0_node4_0,0.41246635559899175
Test_U_2Layers_input_size_55_node1_70_node2_50_node3_0_node4_0,0.4776258955255503
Train_U_2Layers_input_size_55_node1_70_node2_60_node3_0_node4_0,0.41342731555553924
Test_U_2Layers_input_size_55_node1_70_node2_60_node3_0_node4_0,0.470605737259015
Train_U_2Layers_input_size_55_node1_70_node2_70_node3_0_node4_0,0.41322569590903496
Test_U_2Layers_input_size_55_node1_70_node2_70_node3_0_node4_0,0.4706659579343746
Train_U_2Layers_input_size_55_node1_70_node2_80_node3_0_node4_0,0.4077452140050096
Test_U_2Layers_input_size_55_node1_70_node2_80_node3_0_node4_0,0.47742176760667787
Train_U_2Layers_input_size_55_node1_70_node2_90_node3_0_node4_0,0.39980276728822584
Test_U_2Layers_input_size_55_node1_70_node2_90_node3_0_node4_0,0.46930177320575756
Train_U_2Layers_input_size_55_node1_70_node2_100_node3_0_node4_0,0.42280536073238373
Test_U_2Layers_input_size_55_node1_70_node2_100_node3_0_node4_0,0.4748484319498121
Train_U_1Layers_input_size_55_node1_80_node2_0_node3_0_node4_0,0.39992697317365505
Test_U_1Layers_input_size_55_node1_80_node2_0_node3_0_node4_0,0.4639933364395849
Train_U_2Layers_input_size_55_node1_80_node2_10_node3_0_node4_0,0.40779113055836713
Test_U_2Layers_input_size_55_node1_80_node2_10_node3_0_node4_0,0.47574841428303016
Train_U_2Layers_input_size_55_node1_80_node2_20_node3_0_node4_0,0.4113941947425425
Test_U_2Layers_input_size_55_node1_80_node2_20_node3_0_node4_0,0.48212675573569813
Train_U_2Layers_input_size_55_node1_80_node2_30_node3_0_node4_0,0.41104657861269184
Test_U_2Layers_input_size_55_node1_80_node2_30_node3_0_node4_0,0.4720494970831118
Train_U_2Layers_input_size_55_node1_80_node2_40_node3_0_node4_0,0.41249424467984663
Test_U_2Layers_input_size_55_node1_80_node2_40_node3_0_node4_0,0.47524821296247555
Train_U_2Layers_input_size_55_node1_80_node2_50_node3_0_node4_0,0.4124894220267454
Test_U_2Layers_input_size_55_node1_80_node2_50_node3_0_node4_0,0.47213823921158066
Train_U_2Layers_input_size_55_node1_80_node2_60_node3_0_node4_0,0.4046551871931316
Test_U_2Layers_input_size_55_node1_80_node2_60_node3_0_node4_0,0.46851955153279906
Train_U_2Layers_input_size_55_node1_80_node2_70_node3_0_node4_0,0.40225568752049456
Test_U_2Layers_input_size_55_node1_80_node2_70_node3_0_node4_0,0.4649379057853601
Train_U_2Layers_input_size_55_node1_80_node2_80_node3_0_node4_0,0.4601695727506755
Test_U_2Layers_input_size_55_node1_80_node2_80_node3_0_node4_0,0.5028923835622902
Train_U_2Layers_input_size_55_node1_80_node2_90_node3_0_node4_0,0.42193583650279437
Test_U_2Layers_input_size_55_node1_80_node2_90_node3_0_node4_0,0.4936310624875473
Train_U_2Layers_input_size_55_node1_80_node2_100_node3_0_node4_0,0.45695080823567
Test_U_2Layers_input_size_55_node1_80_node2_100_node3_0_node4_0,0.5306574939353547
Train_U_1Layers_input_size_55_node1_90_node2_0_node3_0_node4_0,0.48239727189188564
Test_U_1Layers_input_size_55_node1_90_node2_0_node3_0_node4_0,0.5546791989417236
Train_U_2Layers_input_size_55_node1_90_node2_10_node3_0_node4_0,0.40856375575065934
Test_U_2Layers_input_size_55_node1_90_node2_10_node3_0_node4_0,0.47300187392196275
Train_U_2Layers_input_size_55_node1_90_node2_20_node3_0_node4_0,0.42723304946605056
Test_U_2Layers_input_size_55_node1_90_node2_20_node3_0_node4_0,0.5017922882198286
Train_U_2Layers_input_size_55_node1_90_node2_30_node3_0_node4_0,0.41975953268617294
Test_U_2Layers_input_size_55_node1_90_node2_30_node3_0_node4_0,0.47789563867203666
Train_U_2Layers_input_size_55_node1_90_node2_40_node3_0_node4_0,0.40917821260245635
Test_U_2Layers_input_size_55_node1_90_node2_40_node3_0_node4_0,0.4724799371173677
Train_U_2Layers_input_size_55_node1_90_node2_50_node3_0_node4_0,0.408558667866821
Test_U_2Layers_input_size_55_node1_90_node2_50_node3_0_node4_0,0.4680159702581846
Train_U_2Layers_input_size_55_node1_90_node2_60_node3_0_node4_0,0.4253641412791152
Test_U_2Layers_input_size_55_node1_90_node2_60_node3_0_node4_0,0.49983278100921413
Train_U_2Layers_input_size_55_node1_90_node2_70_node3_0_node4_0,0.42647663691527604
Test_U_2Layers_input_size_55_node1_90_node2_70_node3_0_node4_0,0.4768416572053383
Train_U_2Layers_input_size_55_node1_90_node2_80_node3_0_node4_0,0.4029089651913536
Test_U_2Layers_input_size_55_node1_90_node2_80_node3_0_node4_0,0.46661283943278176
Train_U_2Layers_input_size_55_node1_90_node2_90_node3_0_node4_0,0.40656994178757855
Test_U_2Layers_input_size_55_node1_90_node2_90_node3_0_node4_0,0.468357144080823
Train_U_2Layers_input_size_55_node1_90_node2_100_node3_0_node4_0,0.4034413486300096
Test_U_2Layers_input_size_55_node1_90_node2_100_node3_0_node4_0,0.4655428045805137
Train_U_1Layers_input_size_55_node1_100_node2_0_node3_0_node4_0,0.40188281498098816
Test_U_1Layers_input_size_55_node1_100_node2_0_node3_0_node4_0,0.469110048617394
Train_U_2Layers_input_size_55_node1_100_node2_10_node3_0_node4_0,0.47178613950236414
Test_U_2Layers_input_size_55_node1_100_node2_10_node3_0_node4_0,0.5090648467476404
Train_U_2Layers_input_size_55_node1_100_node2_20_node3_0_node4_0,0.4080388591927776
Test_U_2Layers_input_size_55_node1_100_node2_20_node3_0_node4_0,0.4783772171084757
Train_U_2Layers_input_size_55_node1_100_node2_30_node3_0_node4_0,0.4108911198017823
Test_U_2Layers_input_size_55_node1_100_node2_30_node3_0_node4_0,0.48106088824037463
Train_U_2Layers_input_size_55_node1_100_node2_40_node3_0_node4_0,0.4119773038427369
Test_U_2Layers_input_size_55_node1_100_node2_40_node3_0_node4_0,0.48179947707795884
Train_U_2Layers_input_size_55_node1_100_node2_50_node3_0_node4_0,0.4361578586081605
Test_U_2Layers_input_size_55_node1_100_node2_50_node3_0_node4_0,0.5085217731131713
Train_U_2Layers_input_size_55_node1_100_node2_60_node3_0_node4_0,0.41917893091591546
Test_U_2Layers_input_size_55_node1_100_node2_60_node3_0_node4_0,0.4746599994551266
Train_U_2Layers_input_size_55_node1_100_node2_70_node3_0_node4_0,0.4043834243498281
Test_U_2Layers_input_size_55_node1_100_node2_70_node3_0_node4_0,0.47381698331132044
Train_U_2Layers_input_size_55_node1_100_node2_80_node3_0_node4_0,0.41125055289883533
Test_U_2Layers_input_size_55_node1_100_node2_80_node3_0_node4_0,0.47446868129775704
Train_U_2Layers_input_size_55_node1_100_node2_90_node3_0_node4_0,0.40814759821345753
Test_U_2Layers_input_size_55_node1_100_node2_90_node3_0_node4_0,0.4776692905211985
Train_U_2Layers_input_size_55_node1_100_node2_100_node3_0_node4_0,0.4061159683085074
Test_U_2Layers_input_size_55_node1_100_node2_100_node3_0_node4_0,0.4749046474669972
Train_U_1Layers_input_size_60_node1_10_node2_0_node3_0_node4_0,0.4542926509329515
Test_U_1Layers_input_size_60_node1_10_node2_0_node3_0_node4_0,0.5037040304691812
Train_U_2Layers_input_size_60_node1_10_node2_10_node3_0_node4_0,0.4180126523642352
Test_U_2Layers_input_size_60_node1_10_node2_10_node3_0_node4_0,0.47741025033792867
Train_U_2Layers_input_size_60_node1_10_node2_20_node3_0_node4_0,0.41983870636352727
Test_U_2Layers_input_size_60_node1_10_node2_20_node3_0_node4_0,0.47864125996405177
Train_U_2Layers_input_size_60_node1_10_node2_30_node3_0_node4_0,0.42387892598814797
Test_U_2Layers_input_size_60_node1_10_node2_30_node3_0_node4_0,0.4951862836247712
Train_U_2Layers_input_size_60_node1_10_node2_40_node3_0_node4_0,0.41739802745600674
Test_U_2Layers_input_size_60_node1_10_node2_40_node3_0_node4_0,0.48020684461990376
Train_U_2Layers_input_size_60_node1_10_node2_50_node3_0_node4_0,0.41050527345520255
Test_U_2Layers_input_size_60_node1_10_node2_50_node3_0_node4_0,0.4800518211812948
Train_U_2Layers_input_size_60_node1_10_node2_60_node3_0_node4_0,0.4280514173550395
Test_U_2Layers_input_size_60_node1_10_node2_60_node3_0_node4_0,0.5008119308904521
Train_U_2Layers_input_size_60_node1_10_node2_70_node3_0_node4_0,0.4222800994283742
Test_U_2Layers_input_size_60_node1_10_node2_70_node3_0_node4_0,0.49658465689506043
Train_U_2Layers_input_size_60_node1_10_node2_80_node3_0_node4_0,0.41438507614427966
Test_U_2Layers_input_size_60_node1_10_node2_80_node3_0_node4_0,0.474168282074794
Train_U_2Layers_input_size_60_node1_10_node2_90_node3_0_node4_0,0.403372163187507
Test_U_2Layers_input_size_60_node1_10_node2_90_node3_0_node4_0,0.4706870111896761
Train_U_2Layers_input_size_60_node1_10_node2_100_node3_0_node4_0,0.4085742960395997
Test_U_2Layers_input_size_60_node1_10_node2_100_node3_0_node4_0,0.4764809616874782
Train_U_1Layers_input_size_60_node1_20_node2_0_node3_0_node4_0,0.42097394580139325
Test_U_1Layers_input_size_60_node1_20_node2_0_node3_0_node4_0,0.48877425672626706
Train_U_2Layers_input_size_60_node1_20_node2_10_node3_0_node4_0,0.42508388420736853
Test_U_2Layers_input_size_60_node1_20_node2_10_node3_0_node4_0,0.4869040636978535
Train_U_2Layers_input_size_60_node1_20_node2_20_node3_0_node4_0,0.4063171367923468
Test_U_2Layers_input_size_60_node1_20_node2_20_node3_0_node4_0,0.4685566344385695
Train_U_2Layers_input_size_60_node1_20_node2_30_node3_0_node4_0,0.410047989136038
Test_U_2Layers_input_size_60_node1_20_node2_30_node3_0_node4_0,0.47431850546768356
Train_U_2Layers_input_size_60_node1_20_node2_40_node3_0_node4_0,0.41002760186559256
Test_U_2Layers_input_size_60_node1_20_node2_40_node3_0_node4_0,0.4780115391862733
Train_U_2Layers_input_size_60_node1_20_node2_50_node3_0_node4_0,0.43484733410097365
Test_U_2Layers_input_size_60_node1_20_node2_50_node3_0_node4_0,0.5104784603730774
Train_U_2Layers_input_size_60_node1_20_node2_60_node3_0_node4_0,0.4283685381346035
Test_U_2Layers_input_size_60_node1_20_node2_60_node3_0_node4_0,0.5028837016294144
Train_U_2Layers_input_size_60_node1_20_node2_70_node3_0_node4_0,0.4443135350207654
Test_U_2Layers_input_size_60_node1_20_node2_70_node3_0_node4_0,0.49009048964428975
Train_U_2Layers_input_size_60_node1_20_node2_80_node3_0_node4_0,0.4090635731262632
Test_U_2Layers_input_size_60_node1_20_node2_80_node3_0_node4_0,0.4750174036100301
Train_U_2Layers_input_size_60_node1_20_node2_90_node3_0_node4_0,0.40297834109089126
Test_U_2Layers_input_size_60_node1_20_node2_90_node3_0_node4_0,0.4704963261463915
Train_U_2Layers_input_size_60_node1_20_node2_100_node3_0_node4_0,0.4277187152939737
Test_U_2Layers_input_size_60_node1_20_node2_100_node3_0_node4_0,0.5003368911659024
Train_U_1Layers_input_size_60_node1_30_node2_0_node3_0_node4_0,0.41204667179322096
Test_U_1Layers_input_size_60_node1_30_node2_0_node3_0_node4_0,0.4796131082561306
Train_U_2Layers_input_size_60_node1_30_node2_10_node3_0_node4_0,0.4296820726918873
Test_U_2Layers_input_size_60_node1_30_node2_10_node3_0_node4_0,0.5032087718337037
Train_U_2Layers_input_size_60_node1_30_node2_20_node3_0_node4_0,0.43473706421518904
Test_U_2Layers_input_size_60_node1_30_node2_20_node3_0_node4_0,0.5099491651294621
Train_U_2Layers_input_size_60_node1_30_node2_30_node3_0_node4_0,0.41660548198016867
Test_U_2Layers_input_size_60_node1_30_node2_30_node3_0_node4_0,0.4872101747522659
Train_U_2Layers_input_size_60_node1_30_node2_40_node3_0_node4_0,0.4069126483533422
Test_U_2Layers_input_size_60_node1_30_node2_40_node3_0_node4_0,0.4767193770552981
Train_U_2Layers_input_size_60_node1_30_node2_50_node3_0_node4_0,0.40524310262741864
Test_U_2Layers_input_size_60_node1_30_node2_50_node3_0_node4_0,0.4729078269614081
Train_U_2Layers_input_size_60_node1_30_node2_60_node3_0_node4_0,0.4066345888655402
Test_U_2Layers_input_size_60_node1_30_node2_60_node3_0_node4_0,0.47665912399070803
Train_U_2Layers_input_size_60_node1_30_node2_70_node3_0_node4_0,0.4052597227418681
Test_U_2Layers_input_size_60_node1_30_node2_70_node3_0_node4_0,0.473797012653651
Train_U_2Layers_input_size_60_node1_30_node2_80_node3_0_node4_0,0.4255397881901214
Test_U_2Layers_input_size_60_node1_30_node2_80_node3_0_node4_0,0.49585930097791864
Train_U_2Layers_input_size_60_node1_30_node2_90_node3_0_node4_0,0.4072142674627746
Test_U_2Layers_input_size_60_node1_30_node2_90_node3_0_node4_0,0.4715992639821014
Train_U_2Layers_input_size_60_node1_30_node2_100_node3_0_node4_0,0.4122845607310337
Test_U_2Layers_input_size_60_node1_30_node2_100_node3_0_node4_0,0.47763302430553256
Train_U_1Layers_input_size_60_node1_40_node2_0_node3_0_node4_0,0.4331288465794211
Test_U_1Layers_input_size_60_node1_40_node2_0_node3_0_node4_0,0.5097345510782475
Train_U_2Layers_input_size_60_node1_40_node2_10_node3_0_node4_0,0.4178534018811362
Test_U_2Layers_input_size_60_node1_40_node2_10_node3_0_node4_0,0.47518940399422666
Train_U_2Layers_input_size_60_node1_40_node2_20_node3_0_node4_0,0.4137950429283447
Test_U_2Layers_input_size_60_node1_40_node2_20_node3_0_node4_0,0.48137364037796454
Train_U_2Layers_input_size_60_node1_40_node2_30_node3_0_node4_0,0.4095956695376618
Test_U_2Layers_input_size_60_node1_40_node2_30_node3_0_node4_0,0.47268121826807713
Train_U_2Layers_input_size_60_node1_40_node2_40_node3_0_node4_0,0.44054078183304307
Test_U_2Layers_input_size_60_node1_40_node2_40_node3_0_node4_0,0.5121967907401002
Train_U_2Layers_input_size_60_node1_40_node2_50_node3_0_node4_0,0.47754354026270895
Test_U_2Layers_input_size_60_node1_40_node2_50_node3_0_node4_0,0.5177090749089273
Train_U_2Layers_input_size_60_node1_40_node2_60_node3_0_node4_0,0.41880438508399576
Test_U_2Layers_input_size_60_node1_40_node2_60_node3_0_node4_0,0.4796060555121514
Train_U_2Layers_input_size_60_node1_40_node2_70_node3_0_node4_0,0.4139154460975515
Test_U_2Layers_input_size_60_node1_40_node2_70_node3_0_node4_0,0.47169611489574437
Train_U_2Layers_input_size_60_node1_40_node2_80_node3_0_node4_0,0.4093030320308976
Test_U_2Layers_input_size_60_node1_40_node2_80_node3_0_node4_0,0.47218261191099453
Train_U_2Layers_input_size_60_node1_40_node2_90_node3_0_node4_0,0.40972054363524707
Test_U_2Layers_input_size_60_node1_40_node2_90_node3_0_node4_0,0.478912687025013
Train_U_2Layers_input_size_60_node1_40_node2_100_node3_0_node4_0,0.41834074917460246
Test_U_2Layers_input_size_60_node1_40_node2_100_node3_0_node4_0,0.47566517007352177
Train_U_1Layers_input_size_60_node1_50_node2_0_node3_0_node4_0,0.4101055295555149
Test_U_1Layers_input_size_60_node1_50_node2_0_node3_0_node4_0,0.4748142098680615
Train_U_2Layers_input_size_60_node1_50_node2_10_node3_0_node4_0,0.44151475298610093
Test_U_2Layers_input_size_60_node1_50_node2_10_node3_0_node4_0,0.486589277384461
Train_U_2Layers_input_size_60_node1_50_node2_20_node3_0_node4_0,0.41009346617689063
Test_U_2Layers_input_size_60_node1_50_node2_20_node3_0_node4_0,0.4772130403260169
Train_U_2Layers_input_size_60_node1_50_node2_30_node3_0_node4_0,0.43932723891373104
Test_U_2Layers_input_size_60_node1_50_node2_30_node3_0_node4_0,0.49010591989731306
Train_U_2Layers_input_size_60_node1_50_node2_40_node3_0_node4_0,0.4174876251499659
Test_U_2Layers_input_size_60_node1_50_node2_40_node3_0_node4_0,0.48074365520307494
Train_U_2Layers_input_size_60_node1_50_node2_50_node3_0_node4_0,0.412122735263432
Test_U_2Layers_input_size_60_node1_50_node2_50_node3_0_node4_0,0.47909891817503825
Train_U_2Layers_input_size_60_node1_50_node2_60_node3_0_node4_0,0.4750914774195942
Test_U_2Layers_input_size_60_node1_50_node2_60_node3_0_node4_0,0.5477660957349855
Train_U_2Layers_input_size_60_node1_50_node2_70_node3_0_node4_0,0.40980582026462425
Test_U_2Layers_input_size_60_node1_50_node2_70_node3_0_node4_0,0.4689623034035356
Train_U_2Layers_input_size_60_node1_50_node2_80_node3_0_node4_0,0.4085559688919679
Test_U_2Layers_input_size_60_node1_50_node2_80_node3_0_node4_0,0.470588416847201
Train_U_2Layers_input_size_60_node1_50_node2_90_node3_0_node4_0,0.4368558296614513
Test_U_2Layers_input_size_60_node1_50_node2_90_node3_0_node4_0,0.5084024084040893
Train_U_2Layers_input_size_60_node1_50_node2_100_node3_0_node4_0,0.4275356161885711
Test_U_2Layers_input_size_60_node1_50_node2_100_node3_0_node4_0,0.49875281175380126
Train_U_1Layers_input_size_60_node1_60_node2_0_node3_0_node4_0,0.46152158681116656
Test_U_1Layers_input_size_60_node1_60_node2_0_node3_0_node4_0,0.5047885356663757
Train_U_2Layers_input_size_60_node1_60_node2_10_node3_0_node4_0,0.41689027706789544
Test_U_2Layers_input_size_60_node1_60_node2_10_node3_0_node4_0,0.47826187256544844
Train_U_2Layers_input_size_60_node1_60_node2_20_node3_0_node4_0,0.4104105751276182
Test_U_2Layers_input_size_60_node1_60_node2_20_node3_0_node4_0,0.4759000019272277
Train_U_2Layers_input_size_60_node1_60_node2_30_node3_0_node4_0,0.4128438181407498
Test_U_2Layers_input_size_60_node1_60_node2_30_node3_0_node4_0,0.4752508467316045
Train_U_2Layers_input_size_60_node1_60_node2_40_node3_0_node4_0,0.4128427353210431
Test_U_2Layers_input_size_60_node1_60_node2_40_node3_0_node4_0,0.4836402673487989
Train_U_2Layers_input_size_60_node1_60_node2_50_node3_0_node4_0,0.41202593134896376
Test_U_2Layers_input_size_60_node1_60_node2_50_node3_0_node4_0,0.48280561682970413
Train_U_2Layers_input_size_60_node1_60_node2_60_node3_0_node4_0,0.429136651418482
Test_U_2Layers_input_size_60_node1_60_node2_60_node3_0_node4_0,0.48152030066796564
Train_U_2Layers_input_size_60_node1_60_node2_70_node3_0_node4_0,0.44204461515413357
Test_U_2Layers_input_size_60_node1_60_node2_70_node3_0_node4_0,0.48961576056801653
Train_U_2Layers_input_size_60_node1_60_node2_80_node3_0_node4_0,0.42764488573065834
Test_U_2Layers_input_size_60_node1_60_node2_80_node3_0_node4_0,0.48060638503299175
Train_U_2Layers_input_size_60_node1_60_node2_90_node3_0_node4_0,0.4206055332287415
Test_U_2Layers_input_size_60_node1_60_node2_90_node3_0_node4_0,0.4746343033134736
Train_U_2Layers_input_size_60_node1_60_node2_100_node3_0_node4_0,0.4222984484708406
Test_U_2Layers_input_size_60_node1_60_node2_100_node3_0_node4_0,0.4777701975007957
Train_U_1Layers_input_size_60_node1_70_node2_0_node3_0_node4_0,0.41992881236888524
Test_U_1Layers_input_size_60_node1_70_node2_0_node3_0_node4_0,0.4724173296657227
Train_U_2Layers_input_size_60_node1_70_node2_10_node3_0_node4_0,0.4140566699499275
Test_U_2Layers_input_size_60_node1_70_node2_10_node3_0_node4_0,0.48279291625566395
Train_U_2Layers_input_size_60_node1_70_node2_20_node3_0_node4_0,0.4140347525458329
Test_U_2Layers_input_size_60_node1_70_node2_20_node3_0_node4_0,0.4753662792732974
Train_U_2Layers_input_size_60_node1_70_node2_30_node3_0_node4_0,0.4078631650941999
Test_U_2Layers_input_size_60_node1_70_node2_30_node3_0_node4_0,0.4731496647260055
Train_U_2Layers_input_size_60_node1_70_node2_40_node3_0_node4_0,0.5267392968193431
Test_U_2Layers_input_size_60_node1_70_node2_40_node3_0_node4_0,0.5526832583889199
Train_U_2Layers_input_size_60_node1_70_node2_50_node3_0_node4_0,0.4220902988515583
Test_U_2Layers_input_size_60_node1_70_node2_50_node3_0_node4_0,0.4834241301519314
Train_U_2Layers_input_size_60_node1_70_node2_60_node3_0_node4_0,0.42674162809990596
Test_U_2Layers_input_size_60_node1_70_node2_60_node3_0_node4_0,0.4991144742995103
Train_U_2Layers_input_size_60_node1_70_node2_70_node3_0_node4_0,0.41014978312889244
Test_U_2Layers_input_size_60_node1_70_node2_70_node3_0_node4_0,0.470492351399884
Train_U_2Layers_input_size_60_node1_70_node2_80_node3_0_node4_0,0.40942830473989367
Test_U_2Layers_input_size_60_node1_70_node2_80_node3_0_node4_0,0.4764188331050746
Train_U_2Layers_input_size_60_node1_70_node2_90_node3_0_node4_0,0.40525904250719885
Test_U_2Layers_input_size_60_node1_70_node2_90_node3_0_node4_0,0.46878983010508213
Train_U_2Layers_input_size_60_node1_70_node2_100_node3_0_node4_0,0.4089286598650479
Test_U_2Layers_input_size_60_node1_70_node2_100_node3_0_node4_0,0.4727963326684688
Train_U_1Layers_input_size_60_node1_80_node2_0_node3_0_node4_0,0.44564158008864047
Test_U_1Layers_input_size_60_node1_80_node2_0_node3_0_node4_0,0.49131082235917783
Train_U_2Layers_input_size_60_node1_80_node2_10_node3_0_node4_0,0.4084997240343411
Test_U_2Layers_input_size_60_node1_80_node2_10_node3_0_node4_0,0.47157003577438117
Train_U_2Layers_input_size_60_node1_80_node2_20_node3_0_node4_0,0.437662298888652
Test_U_2Layers_input_size_60_node1_80_node2_20_node3_0_node4_0,0.5114871075908103
Train_U_2Layers_input_size_60_node1_80_node2_30_node3_0_node4_0,0.4077252780698403
Test_U_2Layers_input_size_60_node1_80_node2_30_node3_0_node4_0,0.47484774156997184
Train_U_2Layers_input_size_60_node1_80_node2_40_node3_0_node4_0,0.41479174257421764
Test_U_2Layers_input_size_60_node1_80_node2_40_node3_0_node4_0,0.4714665375553513
Train_U_2Layers_input_size_60_node1_80_node2_50_node3_0_node4_0,0.4917107649870908
Test_U_2Layers_input_size_60_node1_80_node2_50_node3_0_node4_0,0.5605044731026303
Train_U_2Layers_input_size_60_node1_80_node2_60_node3_0_node4_0,0.4127432662176593
Test_U_2Layers_input_size_60_node1_80_node2_60_node3_0_node4_0,0.48425079106752206
Train_U_2Layers_input_size_60_node1_80_node2_70_node3_0_node4_0,0.4169655105669685
Test_U_2Layers_input_size_60_node1_80_node2_70_node3_0_node4_0,0.4909759019854374
Train_U_2Layers_input_size_60_node1_80_node2_80_node3_0_node4_0,0.4232777656701846
Test_U_2Layers_input_size_60_node1_80_node2_80_node3_0_node4_0,0.47482627653236464
Train_U_2Layers_input_size_60_node1_80_node2_90_node3_0_node4_0,0.4058497180836229
Test_U_2Layers_input_size_60_node1_80_node2_90_node3_0_node4_0,0.4738137125840828
Train_U_2Layers_input_size_60_node1_80_node2_100_node3_0_node4_0,0.4615602489098865
Test_U_2Layers_input_size_60_node1_80_node2_100_node3_0_node4_0,0.5064641805562595
Train_U_1Layers_input_size_60_node1_90_node2_0_node3_0_node4_0,0.4125929431533234
Test_U_1Layers_input_size_60_node1_90_node2_0_node3_0_node4_0,0.4842189722100653
Train_U_2Layers_input_size_60_node1_90_node2_10_node3_0_node4_0,0.41223500583185296
Test_U_2Layers_input_size_60_node1_90_node2_10_node3_0_node4_0,0.4838407862291069
Train_U_2Layers_input_size_60_node1_90_node2_20_node3_0_node4_0,0.4442062188580541
Test_U_2Layers_input_size_60_node1_90_node2_20_node3_0_node4_0,0.4948397127883561
Train_U_2Layers_input_size_60_node1_90_node2_30_node3_0_node4_0,0.4132360812276124
Test_U_2Layers_input_size_60_node1_90_node2_30_node3_0_node4_0,0.48391942164891183
Train_U_2Layers_input_size_60_node1_90_node2_40_node3_0_node4_0,0.4145746123133065
Test_U_2Layers_input_size_60_node1_90_node2_40_node3_0_node4_0,0.4731397126604962
Train_U_2Layers_input_size_60_node1_90_node2_50_node3_0_node4_0,0.4156597746735539
Test_U_2Layers_input_size_60_node1_90_node2_50_node3_0_node4_0,0.4712711088932046
Train_U_2Layers_input_size_60_node1_90_node2_60_node3_0_node4_0,0.4214138937240282
Test_U_2Layers_input_size_60_node1_90_node2_60_node3_0_node4_0,0.4768281883921967
Train_U_2Layers_input_size_60_node1_90_node2_70_node3_0_node4_0,0.41400500564152076
Test_U_2Layers_input_size_60_node1_90_node2_70_node3_0_node4_0,0.4705895409517723
Train_U_2Layers_input_size_60_node1_90_node2_80_node3_0_node4_0,0.41651249258441436
Test_U_2Layers_input_size_60_node1_90_node2_80_node3_0_node4_0,0.4750393462197889
Train_U_2Layers_input_size_60_node1_90_node2_90_node3_0_node4_0,0.4006863502149161
Test_U_2Layers_input_size_60_node1_90_node2_90_node3_0_node4_0,0.4642442154808989
Train_U_2Layers_input_size_60_node1_90_node2_100_node3_0_node4_0,0.44348922374066396
Test_U_2Layers_input_size_60_node1_90_node2_100_node3_0_node4_0,0.48924121333610465
Train_U_1Layers_input_size_60_node1_100_node2_0_node3_0_node4_0,0.44157593765383846
Test_U_1Layers_input_size_60_node1_100_node2_0_node3_0_node4_0,0.49091497040548737
Train_U_2Layers_input_size_60_node1_100_node2_10_node3_0_node4_0,0.4771350329370881
Test_U_2Layers_input_size_60_node1_100_node2_10_node3_0_node4_0,0.5192345367061295
Train_U_2Layers_input_size_60_node1_100_node2_20_node3_0_node4_0,0.44323458154630296
Test_U_2Layers_input_size_60_node1_100_node2_20_node3_0_node4_0,0.48975599741026243
Train_U_2Layers_input_size_60_node1_100_node2_30_node3_0_node4_0,0.400232516449562
Test_U_2Layers_input_size_60_node1_100_node2_30_node3_0_node4_0,0.4631929014212958
Train_U_2Layers_input_size_60_node1_100_node2_40_node3_0_node4_0,0.4094524521395463
Test_U_2Layers_input_size_60_node1_100_node2_40_node3_0_node4_0,0.4784299345558249
Train_U_2Layers_input_size_60_node1_100_node2_50_node3_0_node4_0,0.4102668068248386
Test_U_2Layers_input_size_60_node1_100_node2_50_node3_0_node4_0,0.4817680375988921
Train_U_2Layers_input_size_60_node1_100_node2_60_node3_0_node4_0,0.43471257313665934
Test_U_2Layers_input_size_60_node1_100_node2_60_node3_0_node4_0,0.48435964867660947
Train_U_2Layers_input_size_60_node1_100_node2_70_node3_0_node4_0,0.4057167478169842
Test_U_2Layers_input_size_60_node1_100_node2_70_node3_0_node4_0,0.47413742084460775
Train_U_2Layers_input_size_60_node1_100_node2_80_node3_0_node4_0,0.4436731950350989
Test_U_2Layers_input_size_60_node1_100_node2_80_node3_0_node4_0,0.5144656470186132
Train_U_2Layers_input_size_60_node1_100_node2_90_node3_0_node4_0,0.4271436819222585
Test_U_2Layers_input_size_60_node1_100_node2_90_node3_0_node4_0,0.49861080182360185
Train_U_2Layers_input_size_60_node1_100_node2_100_node3_0_node4_0,0.40888037465970456
Test_U_2Layers_input_size_60_node1_100_node2_100_node3_0_node4_0,0.479009770193186
Train_U_1Layers_input_size_65_node1_10_node2_0_node3_0_node4_0,0.4124282037502679
Test_U_1Layers_input_size_65_node1_10_node2_0_node3_0_node4_0,0.4767959679475095
Train_U_2Layers_input_size_65_node1_10_node2_10_node3_0_node4_0,0.44184285067159124
Test_U_2Layers_input_size_65_node1_10_node2_10_node3_0_node4_0,0.4931291020153864
Train_U_2Layers_input_size_65_node1_10_node2_20_node3_0_node4_0,0.4414185716377756
Test_U_2Layers_input_size_65_node1_10_node2_20_node3_0_node4_0,0.4971660829027623
Train_U_2Layers_input_size_65_node1_10_node2_30_node3_0_node4_0,0.4210061380262834
Test_U_2Layers_input_size_65_node1_10_node2_30_node3_0_node4_0,0.4939645898450362
Train_U_2Layers_input_size_65_node1_10_node2_40_node3_0_node4_0,0.4155281147574277
Test_U_2Layers_input_size_65_node1_10_node2_40_node3_0_node4_0,0.48200917062008974
Train_U_2Layers_input_size_65_node1_10_node2_50_node3_0_node4_0,0.417401311854461
Test_U_2Layers_input_size_65_node1_10_node2_50_node3_0_node4_0,0.4827934409518517
Train_U_2Layers_input_size_65_node1_10_node2_60_node3_0_node4_0,0.426085494646564
Test_U_2Layers_input_size_65_node1_10_node2_60_node3_0_node4_0,0.4892307662341003
Train_U_2Layers_input_size_65_node1_10_node2_70_node3_0_node4_0,0.41319859548918103
Test_U_2Layers_input_size_65_node1_10_node2_70_node3_0_node4_0,0.48257672376832217
Train_U_2Layers_input_size_65_node1_10_node2_80_node3_0_node4_0,0.4141021385653062
Test_U_2Layers_input_size_65_node1_10_node2_80_node3_0_node4_0,0.48195032092654716
Train_U_2Layers_input_size_65_node1_10_node2_90_node3_0_node4_0,0.40617626694823117
Test_U_2Layers_input_size_65_node1_10_node2_90_node3_0_node4_0,0.46972982996321655
Train_U_2Layers_input_size_65_node1_10_node2_100_node3_0_node4_0,0.4170939658534471
Test_U_2Layers_input_size_65_node1_10_node2_100_node3_0_node4_0,0.48426634585059475
Train_U_1Layers_input_size_65_node1_20_node2_0_node3_0_node4_0,0.4230629654604368
Test_U_1Layers_input_size_65_node1_20_node2_0_node3_0_node4_0,0.49905889575495177
Train_U_2Layers_input_size_65_node1_20_node2_10_node3_0_node4_0,0.43028761831249307
Test_U_2Layers_input_size_65_node1_20_node2_10_node3_0_node4_0,0.48710845482195564
Train_U_2Layers_input_size_65_node1_20_node2_20_node3_0_node4_0,0.4057863781134569
Test_U_2Layers_input_size_65_node1_20_node2_20_node3_0_node4_0,0.47528539792253066
Train_U_2Layers_input_size_65_node1_20_node2_30_node3_0_node4_0,0.41479574812997094
Test_U_2Layers_input_size_65_node1_20_node2_30_node3_0_node4_0,0.47747925615938847
Train_U_2Layers_input_size_65_node1_20_node2_40_node3_0_node4_0,0.44021140904336753
Test_U_2Layers_input_size_65_node1_20_node2_40_node3_0_node4_0,0.4892342384735119
Train_U_2Layers_input_size_65_node1_20_node2_50_node3_0_node4_0,0.4123474807252475
Test_U_2Layers_input_size_65_node1_20_node2_50_node3_0_node4_0,0.4807403851071814
Train_U_2Layers_input_size_65_node1_20_node2_60_node3_0_node4_0,0.4143681567620961
Test_U_2Layers_input_size_65_node1_20_node2_60_node3_0_node4_0,0.47368009665512534
Train_U_2Layers_input_size_65_node1_20_node2_70_node3_0_node4_0,0.41075608125226
Test_U_2Layers_input_size_65_node1_20_node2_70_node3_0_node4_0,0.480590262205591
Train_U_2Layers_input_size_65_node1_20_node2_80_node3_0_node4_0,0.4145185729905549
Test_U_2Layers_input_size_65_node1_20_node2_80_node3_0_node4_0,0.48423465110566855
Train_U_2Layers_input_size_65_node1_20_node2_90_node3_0_node4_0,0.5243216207567897
Test_U_2Layers_input_size_65_node1_20_node2_90_node3_0_node4_0,0.5939646884877493
Train_U_2Layers_input_size_65_node1_20_node2_100_node3_0_node4_0,0.4135224941655355
Test_U_2Layers_input_size_65_node1_20_node2_100_node3_0_node4_0,0.4776015601577548
Train_U_1Layers_input_size_65_node1_30_node2_0_node3_0_node4_0,0.42924530510953757
Test_U_1Layers_input_size_65_node1_30_node2_0_node3_0_node4_0,0.4999116879197417
Train_U_2Layers_input_size_65_node1_30_node2_10_node3_0_node4_0,0.4084221101939181
Test_U_2Layers_input_size_65_node1_30_node2_10_node3_0_node4_0,0.47725545812715886
Train_U_2Layers_input_size_65_node1_30_node2_20_node3_0_node4_0,0.40795184345490426
Test_U_2Layers_input_size_65_node1_30_node2_20_node3_0_node4_0,0.4729208717775412
Train_U_2Layers_input_size_65_node1_30_node2_30_node3_0_node4_0,0.44680849394054245
Test_U_2Layers_input_size_65_node1_30_node2_30_node3_0_node4_0,0.5199514998229366
Train_U_2Layers_input_size_65_node1_30_node2_40_node3_0_node4_0,0.4970895130218872
Test_U_2Layers_input_size_65_node1_30_node2_40_node3_0_node4_0,0.568932653797676
Train_U_2Layers_input_size_65_node1_30_node2_50_node3_0_node4_0,0.4068865007981291
Test_U_2Layers_input_size_65_node1_30_node2_50_node3_0_node4_0,0.47592149681292445
Train_U_2Layers_input_size_65_node1_30_node2_60_node3_0_node4_0,0.4118248739405504
Test_U_2Layers_input_size_65_node1_30_node2_60_node3_0_node4_0,0.4799495155389254
Train_U_2Layers_input_size_65_node1_30_node2_70_node3_0_node4_0,0.410014027960309
Test_U_2Layers_input_size_65_node1_30_node2_70_node3_0_node4_0,0.47508255404299315
Train_U_2Layers_input_size_65_node1_30_node2_80_node3_0_node4_0,0.4297513394182335
Test_U_2Layers_input_size_65_node1_30_node2_80_node3_0_node4_0,0.4798373438743838
Train_U_2Layers_input_size_65_node1_30_node2_90_node3_0_node4_0,0.4248509699722518
Test_U_2Layers_input_size_65_node1_30_node2_90_node3_0_node4_0,0.49840822761703457
Train_U_2Layers_input_size_65_node1_30_node2_100_node3_0_node4_0,0.4139048438158122
Test_U_2Layers_input_size_65_node1_30_node2_100_node3_0_node4_0,0.48065395972381647
Train_U_1Layers_input_size_65_node1_40_node2_0_node3_0_node4_0,0.4332264383989435
Test_U_1Layers_input_size_65_node1_40_node2_0_node3_0_node4_0,0.5059614925338773
Train_U_2Layers_input_size_65_node1_40_node2_10_node3_0_node4_0,0.4131381495600595
Test_U_2Layers_input_size_65_node1_40_node2_10_node3_0_node4_0,0.47077868476419477
Train_U_2Layers_input_size_65_node1_40_node2_20_node3_0_node4_0,0.4231192642228849
Test_U_2Layers_input_size_65_node1_40_node2_20_node3_0_node4_0,0.49576892881955636
Train_U_2Layers_input_size_65_node1_40_node2_30_node3_0_node4_0,0.42818319384606635
Test_U_2Layers_input_size_65_node1_40_node2_30_node3_0_node4_0,0.5003579467775926
Train_U_2Layers_input_size_65_node1_40_node2_40_node3_0_node4_0,0.4117894128316199
Test_U_2Layers_input_size_65_node1_40_node2_40_node3_0_node4_0,0.47517921241739136
Train_U_2Layers_input_size_65_node1_40_node2_50_node3_0_node4_0,0.40816466592924255
Test_U_2Layers_input_size_65_node1_40_node2_50_node3_0_node4_0,0.4722637249046198
Train_U_2Layers_input_size_65_node1_40_node2_60_node3_0_node4_0,0.4707701544303988
Test_U_2Layers_input_size_65_node1_40_node2_60_node3_0_node4_0,0.5104258854351407
Train_U_2Layers_input_size_65_node1_40_node2_70_node3_0_node4_0,0.4078393255012329
Test_U_2Layers_input_size_65_node1_40_node2_70_node3_0_node4_0,0.48009856625175806
Train_U_2Layers_input_size_65_node1_40_node2_80_node3_0_node4_0,0.4544750359564843
Test_U_2Layers_input_size_65_node1_40_node2_80_node3_0_node4_0,0.5267512914065122
Train_U_2Layers_input_size_65_node1_40_node2_90_node3_0_node4_0,0.40467109499639314
Test_U_2Layers_input_size_65_node1_40_node2_90_node3_0_node4_0,0.4698983748625234
Train_U_2Layers_input_size_65_node1_40_node2_100_node3_0_node4_0,0.4278791696388202
Test_U_2Layers_input_size_65_node1_40_node2_100_node3_0_node4_0,0.48150055667017116
Train_U_1Layers_input_size_65_node1_50_node2_0_node3_0_node4_0,0.40843442359705534
Test_U_1Layers_input_size_65_node1_50_node2_0_node3_0_node4_0,0.4796795449855382
Train_U_2Layers_input_size_65_node1_50_node2_10_node3_0_node4_0,0.46346181724681806
Test_U_2Layers_input_size_65_node1_50_node2_10_node3_0_node4_0,0.5081039179408572
Train_U_2Layers_input_size_65_node1_50_node2_20_node3_0_node4_0,0.43880642248285395
Test_U_2Layers_input_size_65_node1_50_node2_20_node3_0_node4_0,0.5144965220853738
Train_U_2Layers_input_size_65_node1_50_node2_30_node3_0_node4_0,0.44281875317882285
Test_U_2Layers_input_size_65_node1_50_node2_30_node3_0_node4_0,0.5160976035805486
Train_U_2Layers_input_size_65_node1_50_node2_40_node3_0_node4_0,0.42337497094657983
Test_U_2Layers_input_size_65_node1_50_node2_40_node3_0_node4_0,0.49427939716741176
Train_U_2Layers_input_size_65_node1_50_node2_50_node3_0_node4_0,0.4097180705300171
Test_U_2Layers_input_size_65_node1_50_node2_50_node3_0_node4_0,0.4780033873184642
Train_U_2Layers_input_size_65_node1_50_node2_60_node3_0_node4_0,0.5512474467852019
Test_U_2Layers_input_size_65_node1_50_node2_60_node3_0_node4_0,0.6171948879137777
Train_U_2Layers_input_size_65_node1_50_node2_70_node3_0_node4_0,0.425505645166507
Test_U_2Layers_input_size_65_node1_50_node2_70_node3_0_node4_0,0.49932284993565534
Train_U_2Layers_input_size_65_node1_50_node2_80_node3_0_node4_0,0.4407476896905961
Test_U_2Layers_input_size_65_node1_50_node2_80_node3_0_node4_0,0.5149597442504327
Train_U_2Layers_input_size_65_node1_50_node2_90_node3_0_node4_0,0.4031788760415887
Test_U_2Layers_input_size_65_node1_50_node2_90_node3_0_node4_0,0.46514594248921326
Train_U_2Layers_input_size_65_node1_50_node2_100_node3_0_node4_0,0.40740852955862716
Test_U_2Layers_input_size_65_node1_50_node2_100_node3_0_node4_0,0.46728552297101433
Train_U_1Layers_input_size_65_node1_60_node2_0_node3_0_node4_0,0.4133572960965142
Test_U_1Layers_input_size_65_node1_60_node2_0_node3_0_node4_0,0.47757432179470977
Train_U_2Layers_input_size_65_node1_60_node2_10_node3_0_node4_0,0.4163645682309328
Test_U_2Layers_input_size_65_node1_60_node2_10_node3_0_node4_0,0.47539717043631174
Train_U_2Layers_input_size_65_node1_60_node2_20_node3_0_node4_0,0.4021182307811067
Test_U_2Layers_input_size_65_node1_60_node2_20_node3_0_node4_0,0.469746848955087
Train_U_2Layers_input_size_65_node1_60_node2_30_node3_0_node4_0,0.42187477041167615
Test_U_2Layers_input_size_65_node1_60_node2_30_node3_0_node4_0,0.4963616976678679
Train_U_2Layers_input_size_65_node1_60_node2_40_node3_0_node4_0,0.4502913895899678
Test_U_2Layers_input_size_65_node1_60_node2_40_node3_0_node4_0,0.4973108425393218
Train_U_2Layers_input_size_65_node1_60_node2_50_node3_0_node4_0,0.4307970979007934
Test_U_2Layers_input_size_65_node1_60_node2_50_node3_0_node4_0,0.5031306485634977
Train_U_2Layers_input_size_65_node1_60_node2_60_node3_0_node4_0,0.4155611053629282
Test_U_2Layers_input_size_65_node1_60_node2_60_node3_0_node4_0,0.48826374785526844
Train_U_2Layers_input_size_65_node1_60_node2_70_node3_0_node4_0,0.4415994575784382
Test_U_2Layers_input_size_65_node1_60_node2_70_node3_0_node4_0,0.5124045283083971
Train_U_2Layers_input_size_65_node1_60_node2_80_node3_0_node4_0,0.4376489011235378
Test_U_2Layers_input_size_65_node1_60_node2_80_node3_0_node4_0,0.5108618222341508
Train_U_2Layers_input_size_65_node1_60_node2_90_node3_0_node4_0,0.4319645800893924
Test_U_2Layers_input_size_65_node1_60_node2_90_node3_0_node4_0,0.5056381920318384
Train_U_2Layers_input_size_65_node1_60_node2_100_node3_0_node4_0,0.42326019840267554
Test_U_2Layers_input_size_65_node1_60_node2_100_node3_0_node4_0,0.4950275678616301
Train_U_1Layers_input_size_65_node1_70_node2_0_node3_0_node4_0,0.42499669438366844
Test_U_1Layers_input_size_65_node1_70_node2_0_node3_0_node4_0,0.4807794543242991
Train_U_2Layers_input_size_65_node1_70_node2_10_node3_0_node4_0,0.4155952227831915
Test_U_2Layers_input_size_65_node1_70_node2_10_node3_0_node4_0,0.4849913736195621
Train_U_2Layers_input_size_65_node1_70_node2_20_node3_0_node4_0,0.4137894071730413
Test_U_2Layers_input_size_65_node1_70_node2_20_node3_0_node4_0,0.4827913267313795
Train_U_2Layers_input_size_65_node1_70_node2_30_node3_0_node4_0,0.4201188978145302
Test_U_2Layers_input_size_65_node1_70_node2_30_node3_0_node4_0,0.4937895330465009
Train_U_2Layers_input_size_65_node1_70_node2_40_node3_0_node4_0,0.417614189282053
Test_U_2Layers_input_size_65_node1_70_node2_40_node3_0_node4_0,0.49061768581016585
Train_U_2Layers_input_size_65_node1_70_node2_50_node3_0_node4_0,0.4151659064844268
Test_U_2Layers_input_size_65_node1_70_node2_50_node3_0_node4_0,0.4751507218806714
Train_U_2Layers_input_size_65_node1_70_node2_60_node3_0_node4_0,0.41182523577286284
Test_U_2Layers_input_size_65_node1_70_node2_60_node3_0_node4_0,0.47181055374138237
Train_U_2Layers_input_size_65_node1_70_node2_70_node3_0_node4_0,0.4137010436180198
Test_U_2Layers_input_size_65_node1_70_node2_70_node3_0_node4_0,0.4741336023348341
Train_U_2Layers_input_size_65_node1_70_node2_80_node3_0_node4_0,0.4106267501120236
Test_U_2Layers_input_size_65_node1_70_node2_80_node3_0_node4_0,0.479607236154935
Train_U_2Layers_input_size_65_node1_70_node2_90_node3_0_node4_0,0.40106130114294886
Test_U_2Layers_input_size_65_node1_70_node2_90_node3_0_node4_0,0.4695306000411475
Train_U_2Layers_input_size_65_node1_70_node2_100_node3_0_node4_0,0.40832791405928787
Test_U_2Layers_input_size_65_node1_70_node2_100_node3_0_node4_0,0.47486260020531557
Train_U_1Layers_input_size_65_node1_80_node2_0_node3_0_node4_0,0.4130983283166298
Test_U_1Layers_input_size_65_node1_80_node2_0_node3_0_node4_0,0.4806751955208629
Train_U_2Layers_input_size_65_node1_80_node2_10_node3_0_node4_0,0.44357607078997047
Test_U_2Layers_input_size_65_node1_80_node2_10_node3_0_node4_0,0.5172004617409441
Train_U_2Layers_input_size_65_node1_80_node2_20_node3_0_node4_0,0.40427166404071957
Test_U_2Layers_input_size_65_node1_80_node2_20_node3_0_node4_0,0.4704413893239732
Train_U_2Layers_input_size_65_node1_80_node2_30_node3_0_node4_0,0.4106506274629242
Test_U_2Layers_input_size_65_node1_80_node2_30_node3_0_node4_0,0.4722544798943964
Train_U_2Layers_input_size_65_node1_80_node2_40_node3_0_node4_0,0.40255022769197074
Test_U_2Layers_input_size_65_node1_80_node2_40_node3_0_node4_0,0.4655081384697205
Train_U_2Layers_input_size_65_node1_80_node2_50_node3_0_node4_0,0.5121236175023106
Test_U_2Layers_input_size_65_node1_80_node2_50_node3_0_node4_0,0.5415273511676794
Train_U_2Layers_input_size_65_node1_80_node2_60_node3_0_node4_0,0.40678931164583243
Test_U_2Layers_input_size_65_node1_80_node2_60_node3_0_node4_0,0.4759959621178037
Train_U_2Layers_input_size_65_node1_80_node2_70_node3_0_node4_0,0.4512070646227957
Test_U_2Layers_input_size_65_node1_80_node2_70_node3_0_node4_0,0.49502643904736165
Train_U_2Layers_input_size_65_node1_80_node2_80_node3_0_node4_0,0.41060405082622936
Test_U_2Layers_input_size_65_node1_80_node2_80_node3_0_node4_0,0.4808529039159789
Train_U_2Layers_input_size_65_node1_80_node2_90_node3_0_node4_0,0.4415496154492768
Test_U_2Layers_input_size_65_node1_80_node2_90_node3_0_node4_0,0.5126294193612182
Train_U_2Layers_input_size_65_node1_80_node2_100_node3_0_node4_0,0.4262746524393921
Test_U_2Layers_input_size_65_node1_80_node2_100_node3_0_node4_0,0.48005225575138305
Train_U_1Layers_input_size_65_node1_90_node2_0_node3_0_node4_0,0.4303743075360509
Test_U_1Layers_input_size_65_node1_90_node2_0_node3_0_node4_0,0.48506785645616
Train_U_2Layers_input_size_65_node1_90_node2_10_node3_0_node4_0,0.41192823650632626
Test_U_2Layers_input_size_65_node1_90_node2_10_node3_0_node4_0,0.481019379113377
Train_U_2Layers_input_size_65_node1_90_node2_20_node3_0_node4_0,0.40480208965448194
Test_U_2Layers_input_size_65_node1_90_node2_20_node3_0_node4_0,0.469279705207895
Train_U_2Layers_input_size_65_node1_90_node2_30_node3_0_node4_0,0.40699117247219396
Test_U_2Layers_input_size_65_node1_90_node2_30_node3_0_node4_0,0.47502692422352116
Train_U_2Layers_input_size_65_node1_90_node2_40_node3_0_node4_0,0.43513316875725155
Test_U_2Layers_input_size_65_node1_90_node2_40_node3_0_node4_0,0.5088179098726585
Train_U_2Layers_input_size_65_node1_90_node2_50_node3_0_node4_0,0.4409964693300079
Test_U_2Layers_input_size_65_node1_90_node2_50_node3_0_node4_0,0.5140814653046167
Train_U_2Layers_input_size_65_node1_90_node2_60_node3_0_node4_0,0.42125543381443575
Test_U_2Layers_input_size_65_node1_90_node2_60_node3_0_node4_0,0.4729925960834326
Train_U_2Layers_input_size_65_node1_90_node2_70_node3_0_node4_0,0.40699192303766923
Test_U_2Layers_input_size_65_node1_90_node2_70_node3_0_node4_0,0.477690425045806
Train_U_2Layers_input_size_65_node1_90_node2_80_node3_0_node4_0,0.40558790392887156
Test_U_2Layers_input_size_65_node1_90_node2_80_node3_0_node4_0,0.4732715605445717
Train_U_2Layers_input_size_65_node1_90_node2_90_node3_0_node4_0,0.40881435135627886
Test_U_2Layers_input_size_65_node1_90_node2_90_node3_0_node4_0,0.4720449356373117
Train_U_2Layers_input_size_65_node1_90_node2_100_node3_0_node4_0,0.42749530608405495
Test_U_2Layers_input_size_65_node1_90_node2_100_node3_0_node4_0,0.4801003974732937
Train_U_1Layers_input_size_65_node1_100_node2_0_node3_0_node4_0,0.4158974779737261
Test_U_1Layers_input_size_65_node1_100_node2_0_node3_0_node4_0,0.4789977778082571
Train_U_2Layers_input_size_65_node1_100_node2_10_node3_0_node4_0,0.42245267241810297
Test_U_2Layers_input_size_65_node1_100_node2_10_node3_0_node4_0,0.4945174879717416
Train_U_2Layers_input_size_65_node1_100_node2_20_node3_0_node4_0,0.409852014968031
Test_U_2Layers_input_size_65_node1_100_node2_20_node3_0_node4_0,0.47984577512670873
Train_U_2Layers_input_size_65_node1_100_node2_30_node3_0_node4_0,0.4095594878578579
Test_U_2Layers_input_size_65_node1_100_node2_30_node3_0_node4_0,0.47177397928714226
Train_U_2Layers_input_size_65_node1_100_node2_40_node3_0_node4_0,0.4084048708058277
Test_U_2Layers_input_size_65_node1_100_node2_40_node3_0_node4_0,0.4777993271123971
Train_U_2Layers_input_size_65_node1_100_node2_50_node3_0_node4_0,0.41137669956640927
Test_U_2Layers_input_size_65_node1_100_node2_50_node3_0_node4_0,0.4806685768730779
Train_U_2Layers_input_size_65_node1_100_node2_60_node3_0_node4_0,0.41946526475555596
Test_U_2Layers_input_size_65_node1_100_node2_60_node3_0_node4_0,0.47502104248318433
Train_U_2Layers_input_size_65_node1_100_node2_70_node3_0_node4_0,0.5046079023676066
Test_U_2Layers_input_size_65_node1_100_node2_70_node3_0_node4_0,0.5372801353200296
Train_U_2Layers_input_size_65_node1_100_node2_80_node3_0_node4_0,0.43725035561186704
Test_U_2Layers_input_size_65_node1_100_node2_80_node3_0_node4_0,0.5120607063451078
Train_U_2Layers_input_size_65_node1_100_node2_90_node3_0_node4_0,0.4253471856755178
Test_U_2Layers_input_size_65_node1_100_node2_90_node3_0_node4_0,0.47690369945874195
Train_U_2Layers_input_size_65_node1_100_node2_100_node3_0_node4_0,0.40417257416068486
Test_U_2Layers_input_size_65_node1_100_node2_100_node3_0_node4_0,0.46367201061937746
Train_U_1Layers_input_size_70_node1_10_node2_0_node3_0_node4_0,0.4358464224504983
Test_U_1Layers_input_size_70_node1_10_node2_0_node3_0_node4_0,0.507816226652116
Train_U_2Layers_input_size_70_node1_10_node2_10_node3_0_node4_0,0.4310771319237458
Test_U_2Layers_input_size_70_node1_10_node2_10_node3_0_node4_0,0.5054219833035682
Train_U_2Layers_input_size_70_node1_10_node2_20_node3_0_node4_0,0.42702301304979534
Test_U_2Layers_input_size_70_node1_10_node2_20_node3_0_node4_0,0.49051348275329965
Train_U_2Layers_input_size_70_node1_10_node2_30_node3_0_node4_0,0.42231593224933195
Test_U_2Layers_input_size_70_node1_10_node2_30_node3_0_node4_0,0.4814837829199968
Train_U_2Layers_input_size_70_node1_10_node2_40_node3_0_node4_0,0.40848795978236957
Test_U_2Layers_input_size_70_node1_10_node2_40_node3_0_node4_0,0.47199774023703134
Train_U_2Layers_input_size_70_node1_10_node2_50_node3_0_node4_0,0.4144498165189116
Test_U_2Layers_input_size_70_node1_10_node2_50_node3_0_node4_0,0.4860987294603265
Train_U_2Layers_input_size_70_node1_10_node2_60_node3_0_node4_0,0.41336046840571417
Test_U_2Layers_input_size_70_node1_10_node2_60_node3_0_node4_0,0.4828952675154804
Train_U_2Layers_input_size_70_node1_10_node2_70_node3_0_node4_0,0.41351950327418313
Test_U_2Layers_input_size_70_node1_10_node2_70_node3_0_node4_0,0.48372314028630115
Train_U_2Layers_input_size_70_node1_10_node2_80_node3_0_node4_0,0.41630562001149896
Test_U_2Layers_input_size_70_node1_10_node2_80_node3_0_node4_0,0.48724089608218635
Train_U_2Layers_input_size_70_node1_10_node2_90_node3_0_node4_0,0.4326527324738794
Test_U_2Layers_input_size_70_node1_10_node2_90_node3_0_node4_0,0.4926701102105243
Train_U_2Layers_input_size_70_node1_10_node2_100_node3_0_node4_0,0.43724843013038855
Test_U_2Layers_input_size_70_node1_10_node2_100_node3_0_node4_0,0.5129005820476512
Train_U_1Layers_input_size_70_node1_20_node2_0_node3_0_node4_0,0.4340577778514734
Test_U_1Layers_input_size_70_node1_20_node2_0_node3_0_node4_0,0.5107275703628784
Train_U_2Layers_input_size_70_node1_20_node2_10_node3_0_node4_0,0.41462070697589454
Test_U_2Layers_input_size_70_node1_20_node2_10_node3_0_node4_0,0.4862824843718095
Train_U_2Layers_input_size_70_node1_20_node2_20_node3_0_node4_0,0.4748239542332852
Test_U_2Layers_input_size_70_node1_20_node2_20_node3_0_node4_0,0.5492952198605321
Train_U_2Layers_input_size_70_node1_20_node2_30_node3_0_node4_0,0.5097617956726532
Test_U_2Layers_input_size_70_node1_20_node2_30_node3_0_node4_0,0.5465008409376733
Train_U_2Layers_input_size_70_node1_20_node2_40_node3_0_node4_0,0.41255249137394306
Test_U_2Layers_input_size_70_node1_20_node2_40_node3_0_node4_0,0.4816417177409131
Train_U_2Layers_input_size_70_node1_20_node2_50_node3_0_node4_0,0.4151688316773195
Test_U_2Layers_input_size_70_node1_20_node2_50_node3_0_node4_0,0.48564377091802946
Train_U_2Layers_input_size_70_node1_20_node2_60_node3_0_node4_0,0.45186645745081394
Test_U_2Layers_input_size_70_node1_20_node2_60_node3_0_node4_0,0.4970159444697902
Train_U_2Layers_input_size_70_node1_20_node2_70_node3_0_node4_0,0.4385706539344692
Test_U_2Layers_input_size_70_node1_20_node2_70_node3_0_node4_0,0.49039698179900737
Train_U_2Layers_input_size_70_node1_20_node2_80_node3_0_node4_0,0.41239917201982107
Test_U_2Layers_input_size_70_node1_20_node2_80_node3_0_node4_0,0.47680035893159517
Train_U_2Layers_input_size_70_node1_20_node2_90_node3_0_node4_0,0.42942703328808024
Test_U_2Layers_input_size_70_node1_20_node2_90_node3_0_node4_0,0.48482014597688233
Train_U_2Layers_input_size_70_node1_20_node2_100_node3_0_node4_0,0.41936448830223566
Test_U_2Layers_input_size_70_node1_20_node2_100_node3_0_node4_0,0.4911409180261385
Train_U_1Layers_input_size_70_node1_30_node2_0_node3_0_node4_0,0.4278939528629259
Test_U_1Layers_input_size_70_node1_30_node2_0_node3_0_node4_0,0.4881200448003256
Train_U_2Layers_input_size_70_node1_30_node2_10_node3_0_node4_0,0.4180872205593206
Test_U_2Layers_input_size_70_node1_30_node2_10_node3_0_node4_0,0.4903599247750821
Train_U_2Layers_input_size_70_node1_30_node2_20_node3_0_node4_0,0.41566552846539107
Test_U_2Layers_input_size_70_node1_30_node2_20_node3_0_node4_0,0.48107732052825447
Train_U_2Layers_input_size_70_node1_30_node2_30_node3_0_node4_0,0.4554031095758371
Test_U_2Layers_input_size_70_node1_30_node2_30_node3_0_node4_0,0.5031440352162043
Train_U_2Layers_input_size_70_node1_30_node2_40_node3_0_node4_0,0.4522752851679194
Test_U_2Layers_input_size_70_node1_30_node2_40_node3_0_node4_0,0.5001344797961201
Train_U_2Layers_input_size_70_node1_30_node2_50_node3_0_node4_0,0.40615590546374625
Test_U_2Layers_input_size_70_node1_30_node2_50_node3_0_node4_0,0.47376351666858124
Train_U_2Layers_input_size_70_node1_30_node2_60_node3_0_node4_0,0.4353664178311806
Test_U_2Layers_input_size_70_node1_30_node2_60_node3_0_node4_0,0.48750117741956106
Train_U_2Layers_input_size_70_node1_30_node2_70_node3_0_node4_0,0.44413068453250737
Test_U_2Layers_input_size_70_node1_30_node2_70_node3_0_node4_0,0.4932633857041828
Train_U_2Layers_input_size_70_node1_30_node2_80_node3_0_node4_0,0.41511601351780797
Test_U_2Layers_input_size_70_node1_30_node2_80_node3_0_node4_0,0.4833589788188331
Train_U_2Layers_input_size_70_node1_30_node2_90_node3_0_node4_0,0.41635386726165663
Test_U_2Layers_input_size_70_node1_30_node2_90_node3_0_node4_0,0.48727412309525137
Train_U_2Layers_input_size_70_node1_30_node2_100_node3_0_node4_0,0.40970255872808714
Test_U_2Layers_input_size_70_node1_30_node2_100_node3_0_node4_0,0.4755107499049676
Train_U_1Layers_input_size_70_node1_40_node2_0_node3_0_node4_0,0.5239281703187025
Test_U_1Layers_input_size_70_node1_40_node2_0_node3_0_node4_0,0.5555053645217443
Train_U_2Layers_input_size_70_node1_40_node2_10_node3_0_node4_0,0.45460103776140326
Test_U_2Layers_input_size_70_node1_40_node2_10_node3_0_node4_0,0.5312589476336768
Train_U_2Layers_input_size_70_node1_40_node2_20_node3_0_node4_0,0.44527778155525877
Test_U_2Layers_input_size_70_node1_40_node2_20_node3_0_node4_0,0.5202907947217198
Train_U_2Layers_input_size_70_node1_40_node2_30_node3_0_node4_0,0.42337479496588526
Test_U_2Layers_input_size_70_node1_40_node2_30_node3_0_node4_0,0.49603889943066215
Train_U_2Layers_input_size_70_node1_40_node2_40_node3_0_node4_0,0.41096707081736317
Test_U_2Layers_input_size_70_node1_40_node2_40_node3_0_node4_0,0.4739083186858141
Train_U_2Layers_input_size_70_node1_40_node2_50_node3_0_node4_0,0.41068161514610374
Test_U_2Layers_input_size_70_node1_40_node2_50_node3_0_node4_0,0.4813742440098146
Train_U_2Layers_input_size_70_node1_40_node2_60_node3_0_node4_0,0.4818610819923009
Test_U_2Layers_input_size_70_node1_40_node2_60_node3_0_node4_0,0.5243828336201042
Train_U_2Layers_input_size_70_node1_40_node2_70_node3_0_node4_0,0.40406023923237017
Test_U_2Layers_input_size_70_node1_40_node2_70_node3_0_node4_0,0.47031457780144575
Train_U_2Layers_input_size_70_node1_40_node2_80_node3_0_node4_0,0.449239348892954
Test_U_2Layers_input_size_70_node1_40_node2_80_node3_0_node4_0,0.5228557770323725
Train_U_2Layers_input_size_70_node1_40_node2_90_node3_0_node4_0,0.43015807999770006
Test_U_2Layers_input_size_70_node1_40_node2_90_node3_0_node4_0,0.5031336398597165
Train_U_2Layers_input_size_70_node1_40_node2_100_node3_0_node4_0,0.41125798075622466
Test_U_2Layers_input_size_70_node1_40_node2_100_node3_0_node4_0,0.47137920214798856
Train_U_1Layers_input_size_70_node1_50_node2_0_node3_0_node4_0,0.44524011525571844
Test_U_1Layers_input_size_70_node1_50_node2_0_node3_0_node4_0,0.5196742957955803
Train_U_2Layers_input_size_70_node1_50_node2_10_node3_0_node4_0,0.4540981005464893
Test_U_2Layers_input_size_70_node1_50_node2_10_node3_0_node4_0,0.5033063348524952
Train_U_2Layers_input_size_70_node1_50_node2_20_node3_0_node4_0,0.4335181883534913
Test_U_2Layers_input_size_70_node1_50_node2_20_node3_0_node4_0,0.4870696638205315
Train_U_2Layers_input_size_70_node1_50_node2_30_node3_0_node4_0,0.4342398426359154
Test_U_2Layers_input_size_70_node1_50_node2_30_node3_0_node4_0,0.4901683656546756
Train_U_2Layers_input_size_70_node1_50_node2_40_node3_0_node4_0,0.40884591557950384
Test_U_2Layers_input_size_70_node1_50_node2_40_node3_0_node4_0,0.47890081667034895
Train_U_2Layers_input_size_70_node1_50_node2_50_node3_0_node4_0,0.5149817355630059
Test_U_2Layers_input_size_70_node1_50_node2_50_node3_0_node4_0,0.5461387855831243
Train_U_2Layers_input_size_70_node1_50_node2_60_node3_0_node4_0,0.4070213587578664
Test_U_2Layers_input_size_70_node1_50_node2_60_node3_0_node4_0,0.4720857029821995
Train_U_2Layers_input_size_70_node1_50_node2_70_node3_0_node4_0,0.4048016847335112
Test_U_2Layers_input_size_70_node1_50_node2_70_node3_0_node4_0,0.47248126171941673
Train_U_2Layers_input_size_70_node1_50_node2_80_node3_0_node4_0,0.4131473107885329
Test_U_2Layers_input_size_70_node1_50_node2_80_node3_0_node4_0,0.47085016573578653
Train_U_2Layers_input_size_70_node1_50_node2_90_node3_0_node4_0,0.4292672790100026
Test_U_2Layers_input_size_70_node1_50_node2_90_node3_0_node4_0,0.5016117939240877
Train_U_2Layers_input_size_70_node1_50_node2_100_node3_0_node4_0,0.4203485140208268
Test_U_2Layers_input_size_70_node1_50_node2_100_node3_0_node4_0,0.47649303305196994
Train_U_1Layers_input_size_70_node1_60_node2_0_node3_0_node4_0,0.41835775722329777
Test_U_1Layers_input_size_70_node1_60_node2_0_node3_0_node4_0,0.49020488999899275
Train_U_2Layers_input_size_70_node1_60_node2_10_node3_0_node4_0,0.4170270096758745
Test_U_2Layers_input_size_70_node1_60_node2_10_node3_0_node4_0,0.4800582000098827
Train_U_2Layers_input_size_70_node1_60_node2_20_node3_0_node4_0,0.41502558069210904
Test_U_2Layers_input_size_70_node1_60_node2_20_node3_0_node4_0,0.4848460245278865
Train_U_2Layers_input_size_70_node1_60_node2_30_node3_0_node4_0,0.42985916176625977
Test_U_2Layers_input_size_70_node1_60_node2_30_node3_0_node4_0,0.4791154022021808
Train_U_2Layers_input_size_70_node1_60_node2_40_node3_0_node4_0,0.4182730663184411
Test_U_2Layers_input_size_70_node1_60_node2_40_node3_0_node4_0,0.4887709184106736
Train_U_2Layers_input_size_70_node1_60_node2_50_node3_0_node4_0,0.41178872529014793
Test_U_2Layers_input_size_70_node1_60_node2_50_node3_0_node4_0,0.4747416151138941
Train_U_2Layers_input_size_70_node1_60_node2_60_node3_0_node4_0,0.4707642986386923
Test_U_2Layers_input_size_70_node1_60_node2_60_node3_0_node4_0,0.5435519756725129
Train_U_2Layers_input_size_70_node1_60_node2_70_node3_0_node4_0,0.41274272467626333
Test_U_2Layers_input_size_70_node1_60_node2_70_node3_0_node4_0,0.47929721760757005
Train_U_2Layers_input_size_70_node1_60_node2_80_node3_0_node4_0,0.4088530591070963
Test_U_2Layers_input_size_70_node1_60_node2_80_node3_0_node4_0,0.47933547183998015
Train_U_2Layers_input_size_70_node1_60_node2_90_node3_0_node4_0,0.43019988980755175
Test_U_2Layers_input_size_70_node1_60_node2_90_node3_0_node4_0,0.482161385947138
Train_U_2Layers_input_size_70_node1_60_node2_100_node3_0_node4_0,0.41723772096708345
Test_U_2Layers_input_size_70_node1_60_node2_100_node3_0_node4_0,0.47652896387889077
Train_U_1Layers_input_size_70_node1_70_node2_0_node3_0_node4_0,0.45550881826258477
Test_U_1Layers_input_size_70_node1_70_node2_0_node3_0_node4_0,0.527131497088659
Train_U_2Layers_input_size_70_node1_70_node2_10_node3_0_node4_0,0.43295235491644246
Test_U_2Layers_input_size_70_node1_70_node2_10_node3_0_node4_0,0.5084928210266537
Train_U_2Layers_input_size_70_node1_70_node2_20_node3_0_node4_0,0.4134100505975099
Test_U_2Layers_input_size_70_node1_70_node2_20_node3_0_node4_0,0.47733385166325654
Train_U_2Layers_input_size_70_node1_70_node2_30_node3_0_node4_0,0.48305323441570325
Test_U_2Layers_input_size_70_node1_70_node2_30_node3_0_node4_0,0.5500774079816447
Train_U_2Layers_input_size_70_node1_70_node2_40_node3_0_node4_0,0.41357045357711825
Test_U_2Layers_input_size_70_node1_70_node2_40_node3_0_node4_0,0.48438878193598756
Train_U_2Layers_input_size_70_node1_70_node2_50_node3_0_node4_0,0.40500403952644437
Test_U_2Layers_input_size_70_node1_70_node2_50_node3_0_node4_0,0.46900149592321666
Train_U_2Layers_input_size_70_node1_70_node2_60_node3_0_node4_0,0.41252735148407493
Test_U_2Layers_input_size_70_node1_70_node2_60_node3_0_node4_0,0.4834285379921762
Train_U_2Layers_input_size_70_node1_70_node2_70_node3_0_node4_0,0.4030502745397551
Test_U_2Layers_input_size_70_node1_70_node2_70_node3_0_node4_0,0.4696168513663556
Train_U_2Layers_input_size_70_node1_70_node2_80_node3_0_node4_0,0.41750556022687685
Test_U_2Layers_input_size_70_node1_70_node2_80_node3_0_node4_0,0.4769359907342093
Train_U_2Layers_input_size_70_node1_70_node2_90_node3_0_node4_0,0.403133025570018
Test_U_2Layers_input_size_70_node1_70_node2_90_node3_0_node4_0,0.4707868667758716
Train_U_2Layers_input_size_70_node1_70_node2_100_node3_0_node4_0,0.4073289335458594
Test_U_2Layers_input_size_70_node1_70_node2_100_node3_0_node4_0,0.4689628117993025
Train_U_1Layers_input_size_70_node1_80_node2_0_node3_0_node4_0,0.41368926518731175
Test_U_1Layers_input_size_70_node1_80_node2_0_node3_0_node4_0,0.47340645641111134
Train_U_2Layers_input_size_70_node1_80_node2_10_node3_0_node4_0,0.43085423636809034
Test_U_2Layers_input_size_70_node1_80_node2_10_node3_0_node4_0,0.48218909141589417
Train_U_2Layers_input_size_70_node1_80_node2_20_node3_0_node4_0,0.405044730124092
Test_U_2Layers_input_size_70_node1_80_node2_20_node3_0_node4_0,0.46951049466840183
Train_U_2Layers_input_size_70_node1_80_node2_30_node3_0_node4_0,0.42338626875408203
Test_U_2Layers_input_size_70_node1_80_node2_30_node3_0_node4_0,0.48022296480518795
Train_U_2Layers_input_size_70_node1_80_node2_40_node3_0_node4_0,0.4295355614882552
Test_U_2Layers_input_size_70_node1_80_node2_40_node3_0_node4_0,0.5010924623506736
Train_U_2Layers_input_size_70_node1_80_node2_50_node3_0_node4_0,0.4101966656345695
Test_U_2Layers_input_size_70_node1_80_node2_50_node3_0_node4_0,0.4736957626195931
Train_U_2Layers_input_size_70_node1_80_node2_60_node3_0_node4_0,0.40848832457046635
Test_U_2Layers_input_size_70_node1_80_node2_60_node3_0_node4_0,0.4791266296771026
Train_U_2Layers_input_size_70_node1_80_node2_70_node3_0_node4_0,0.40485318006915716
Test_U_2Layers_input_size_70_node1_80_node2_70_node3_0_node4_0,0.4707031724858557
Train_U_2Layers_input_size_70_node1_80_node2_80_node3_0_node4_0,0.4421104788677957
Test_U_2Layers_input_size_70_node1_80_node2_80_node3_0_node4_0,0.49283774882714326
Train_U_2Layers_input_size_70_node1_80_node2_90_node3_0_node4_0,0.4172047557905374
Test_U_2Layers_input_size_70_node1_80_node2_90_node3_0_node4_0,0.49000954506783195
Train_U_2Layers_input_size_70_node1_80_node2_100_node3_0_node4_0,0.41278564865375916
Test_U_2Layers_input_size_70_node1_80_node2_100_node3_0_node4_0,0.4732273686726319
Train_U_1Layers_input_size_70_node1_90_node2_0_node3_0_node4_0,0.4973719942328512
Test_U_1Layers_input_size_70_node1_90_node2_0_node3_0_node4_0,0.5306478902959045
Train_U_2Layers_input_size_70_node1_90_node2_10_node3_0_node4_0,0.7550193988758388
Test_U_2Layers_input_size_70_node1_90_node2_10_node3_0_node4_0,0.719442324367265
Train_U_2Layers_input_size_70_node1_90_node2_20_node3_0_node4_0,0.4292855029556728
Test_U_2Layers_input_size_70_node1_90_node2_20_node3_0_node4_0,0.5036245638101506
Train_U_2Layers_input_size_70_node1_90_node2_30_node3_0_node4_0,0.4529459533797411
Test_U_2Layers_input_size_70_node1_90_node2_30_node3_0_node4_0,0.49800365484861314
Train_U_2Layers_input_size_70_node1_90_node2_40_node3_0_node4_0,0.41087374827255496
Test_U_2Layers_input_size_70_node1_90_node2_40_node3_0_node4_0,0.4730761058290674
Train_U_2Layers_input_size_70_node1_90_node2_50_node3_0_node4_0,0.41559706931090545
Test_U_2Layers_input_size_70_node1_90_node2_50_node3_0_node4_0,0.4814179666115434
Train_U_2Layers_input_size_70_node1_90_node2_60_node3_0_node4_0,0.4127623460726565
Test_U_2Layers_input_size_70_node1_90_node2_60_node3_0_node4_0,0.472992312547301
Train_U_2Layers_input_size_70_node1_90_node2_70_node3_0_node4_0,0.4095368203807117
Test_U_2Layers_input_size_70_node1_90_node2_70_node3_0_node4_0,0.4753510445359915
Train_U_2Layers_input_size_70_node1_90_node2_80_node3_0_node4_0,0.47719346160762044
Test_U_2Layers_input_size_70_node1_90_node2_80_node3_0_node4_0,0.5154369184616322
Train_U_2Layers_input_size_70_node1_90_node2_90_node3_0_node4_0,0.40363380865418796
Test_U_2Layers_input_size_70_node1_90_node2_90_node3_0_node4_0,0.47205639441052005
Train_U_2Layers_input_size_70_node1_90_node2_100_node3_0_node4_0,0.4319757912274496
Test_U_2Layers_input_size_70_node1_90_node2_100_node3_0_node4_0,0.5055920398941889
Train_U_1Layers_input_size_70_node1_100_node2_0_node3_0_node4_0,0.40851520855653145
Test_U_1Layers_input_size_70_node1_100_node2_0_node3_0_node4_0,0.4787432071014634
Train_U_2Layers_input_size_70_node1_100_node2_10_node3_0_node4_0,0.4172125419501701
Test_U_2Layers_input_size_70_node1_100_node2_10_node3_0_node4_0,0.47595360426228844
Train_U_2Layers_input_size_70_node1_100_node2_20_node3_0_node4_0,0.5002787230394042
Test_U_2Layers_input_size_70_node1_100_node2_20_node3_0_node4_0,0.5701225696086204
Train_U_2Layers_input_size_70_node1_100_node2_30_node3_0_node4_0,0.41284852837342667
Test_U_2Layers_input_size_70_node1_100_node2_30_node3_0_node4_0,0.4831385212347224
Train_U_2Layers_input_size_70_node1_100_node2_40_node3_0_node4_0,0.427075946170219
Test_U_2Layers_input_size_70_node1_100_node2_40_node3_0_node4_0,0.47990700983284296
Train_U_2Layers_input_size_70_node1_100_node2_50_node3_0_node4_0,0.426879289390494
Test_U_2Layers_input_size_70_node1_100_node2_50_node3_0_node4_0,0.48053302179945034
Train_U_2Layers_input_size_70_node1_100_node2_60_node3_0_node4_0,0.40805932756529617
Test_U_2Layers_input_size_70_node1_100_node2_60_node3_0_node4_0,0.4772471684521244
Train_U_2Layers_input_size_70_node1_100_node2_70_node3_0_node4_0,0.4321830586269332
Test_U_2Layers_input_size_70_node1_100_node2_70_node3_0_node4_0,0.5050608691743972
Train_U_2Layers_input_size_70_node1_100_node2_80_node3_0_node4_0,0.4104392029372743
Test_U_2Layers_input_size_70_node1_100_node2_80_node3_0_node4_0,0.48043970469939973
Train_U_2Layers_input_size_70_node1_100_node2_90_node3_0_node4_0,0.42425577061875386
Test_U_2Layers_input_size_70_node1_100_node2_90_node3_0_node4_0,0.4957196634959086
Train_U_2Layers_input_size_70_node1_100_node2_100_node3_0_node4_0,0.405612114641401
Test_U_2Layers_input_size_70_node1_100_node2_100_node3_0_node4_0,0.4700241415184877
Train_U_1Layers_input_size_75_node1_10_node2_0_node3_0_node4_0,0.4206114142152473
Test_U_1Layers_input_size_75_node1_10_node2_0_node3_0_node4_0,0.49102398934292113
Train_U_2Layers_input_size_75_node1_10_node2_10_node3_0_node4_0,0.4225024749186784
Test_U_2Layers_input_size_75_node1_10_node2_10_node3_0_node4_0,0.49353819903723795
Train_U_2Layers_input_size_75_node1_10_node2_20_node3_0_node4_0,0.43231976276080597
Test_U_2Layers_input_size_75_node1_10_node2_20_node3_0_node4_0,0.5039532365997231
Train_U_2Layers_input_size_75_node1_10_node2_30_node3_0_node4_0,0.4244915213473924
Test_U_2Layers_input_size_75_node1_10_node2_30_node3_0_node4_0,0.47876734438222324
Train_U_2Layers_input_size_75_node1_10_node2_40_node3_0_node4_0,0.43056895271944695
Test_U_2Layers_input_size_75_node1_10_node2_40_node3_0_node4_0,0.48964862861523056
Train_U_2Layers_input_size_75_node1_10_node2_50_node3_0_node4_0,0.4350887677724525
Test_U_2Layers_input_size_75_node1_10_node2_50_node3_0_node4_0,0.4900388441697292
Train_U_2Layers_input_size_75_node1_10_node2_60_node3_0_node4_0,0.41853123544416543
Test_U_2Layers_input_size_75_node1_10_node2_60_node3_0_node4_0,0.4898063797514228
Train_U_2Layers_input_size_75_node1_10_node2_70_node3_0_node4_0,0.4273371833701234
Test_U_2Layers_input_size_75_node1_10_node2_70_node3_0_node4_0,0.48684992239619346
Train_U_2Layers_input_size_75_node1_10_node2_80_node3_0_node4_0,0.44197063317633023
Test_U_2Layers_input_size_75_node1_10_node2_80_node3_0_node4_0,0.5149611910761727
Train_U_2Layers_input_size_75_node1_10_node2_90_node3_0_node4_0,0.4148595623731289
Test_U_2Layers_input_size_75_node1_10_node2_90_node3_0_node4_0,0.48105399611466376
Train_U_2Layers_input_size_75_node1_10_node2_100_node3_0_node4_0,0.42178407324977796
Test_U_2Layers_input_size_75_node1_10_node2_100_node3_0_node4_0,0.49313142876248034
Train_U_1Layers_input_size_75_node1_20_node2_0_node3_0_node4_0,0.4200409476437372
Test_U_1Layers_input_size_75_node1_20_node2_0_node3_0_node4_0,0.4917080224015203
Train_U_2Layers_input_size_75_node1_20_node2_10_node3_0_node4_0,0.7553085962146513
Test_U_2Layers_input_size_75_node1_20_node2_10_node3_0_node4_0,0.7258846853932758
Train_U_2Layers_input_size_75_node1_20_node2_20_node3_0_node4_0,0.4681801670250307
Test_U_2Layers_input_size_75_node1_20_node2_20_node3_0_node4_0,0.5124978984231426
Train_U_2Layers_input_size_75_node1_20_node2_30_node3_0_node4_0,0.42293884222337125
Test_U_2Layers_input_size_75_node1_20_node2_30_node3_0_node4_0,0.49665164365812325
Train_U_2Layers_input_size_75_node1_20_node2_40_node3_0_node4_0,0.4191617251130811
Test_U_2Layers_input_size_75_node1_20_node2_40_node3_0_node4_0,0.4886720238067132
Train_U_2Layers_input_size_75_node1_20_node2_50_node3_0_node4_0,0.45222610894060417
Test_U_2Layers_input_size_75_node1_20_node2_50_node3_0_node4_0,0.5020050140753569
Train_U_2Layers_input_size_75_node1_20_node2_60_node3_0_node4_0,0.4107444904605664
Test_U_2Layers_input_size_75_node1_20_node2_60_node3_0_node4_0,0.477631433208502
Train_U_2Layers_input_size_75_node1_20_node2_70_node3_0_node4_0,0.4242310081382894
Test_U_2Layers_input_size_75_node1_20_node2_70_node3_0_node4_0,0.4960413627297812
Train_U_2Layers_input_size_75_node1_20_node2_80_node3_0_node4_0,0.4227714727025292
Test_U_2Layers_input_size_75_node1_20_node2_80_node3_0_node4_0,0.48720804911323823
Train_U_2Layers_input_size_75_node1_20_node2_90_node3_0_node4_0,0.4106379269172024
Test_U_2Layers_input_size_75_node1_20_node2_90_node3_0_node4_0,0.4755836345765678
Train_U_2Layers_input_size_75_node1_20_node2_100_node3_0_node4_0,0.42775501567211965
Test_U_2Layers_input_size_75_node1_20_node2_100_node3_0_node4_0,0.49669900152326096
Train_U_1Layers_input_size_75_node1_30_node2_0_node3_0_node4_0,0.4753268905206799
Test_U_1Layers_input_size_75_node1_30_node2_0_node3_0_node4_0,0.5460851141993098
Train_U_2Layers_input_size_75_node1_30_node2_10_node3_0_node4_0,0.41686302167849576
Test_U_2Layers_input_size_75_node1_30_node2_10_node3_0_node4_0,0.48962594076849725
Train_U_2Layers_input_size_75_node1_30_node2_20_node3_0_node4_0,0.44900801318118705
Test_U_2Layers_input_size_75_node1_30_node2_20_node3_0_node4_0,0.5230626429374027
Train_U_2Layers_input_size_75_node1_30_node2_30_node3_0_node4_0,0.4225365608524263
Test_U_2Layers_input_size_75_node1_30_node2_30_node3_0_node4_0,0.49385344411586174
Train_U_2Layers_input_size_75_node1_30_node2_40_node3_0_node4_0,0.41065494555899057
Test_U_2Layers_input_size_75_node1_30_node2_40_node3_0_node4_0,0.4764914537846247
Train_U_2Layers_input_size_75_node1_30_node2_50_node3_0_node4_0,0.4258887653919726
Test_U_2Layers_input_size_75_node1_30_node2_50_node3_0_node4_0,0.4827392399091008
Train_U_2Layers_input_size_75_node1_30_node2_60_node3_0_node4_0,0.4294841632032703
Test_U_2Layers_input_size_75_node1_30_node2_60_node3_0_node4_0,0.501783884216757
Train_U_2Layers_input_size_75_node1_30_node2_70_node3_0_node4_0,0.43454435463862623
Test_U_2Layers_input_size_75_node1_30_node2_70_node3_0_node4_0,0.5066715333991385
Train_U_2Layers_input_size_75_node1_30_node2_80_node3_0_node4_0,0.4390275887018896
Test_U_2Layers_input_size_75_node1_30_node2_80_node3_0_node4_0,0.4902387216078939
Train_U_2Layers_input_size_75_node1_30_node2_90_node3_0_node4_0,0.44091367666662684
Test_U_2Layers_input_size_75_node1_30_node2_90_node3_0_node4_0,0.5145026041971479
Train_U_2Layers_input_size_75_node1_30_node2_100_node3_0_node4_0,0.41576182544036844
Test_U_2Layers_input_size_75_node1_30_node2_100_node3_0_node4_0,0.4831476042420344
Train_U_1Layers_input_size_75_node1_40_node2_0_node3_0_node4_0,0.42910352384373385
Test_U_1Layers_input_size_75_node1_40_node2_0_node3_0_node4_0,0.5026318899885841
Train_U_2Layers_input_size_75_node1_40_node2_10_node3_0_node4_0,0.41813362292306366
Test_U_2Layers_input_size_75_node1_40_node2_10_node3_0_node4_0,0.4848308417925126
Train_U_2Layers_input_size_75_node1_40_node2_20_node3_0_node4_0,0.41326600967891813
Test_U_2Layers_input_size_75_node1_40_node2_20_node3_0_node4_0,0.4758879624884173
Train_U_2Layers_input_size_75_node1_40_node2_30_node3_0_node4_0,0.4284242614325692
Test_U_2Layers_input_size_75_node1_40_node2_30_node3_0_node4_0,0.485024401429409
Train_U_2Layers_input_size_75_node1_40_node2_40_node3_0_node4_0,0.40820075221490026
Test_U_2Layers_input_size_75_node1_40_node2_40_node3_0_node4_0,0.4758886670153335
Train_U_2Layers_input_size_75_node1_40_node2_50_node3_0_node4_0,0.5294856336660113
Test_U_2Layers_input_size_75_node1_40_node2_50_node3_0_node4_0,0.5974298185366899
Train_U_2Layers_input_size_75_node1_40_node2_60_node3_0_node4_0,0.420777447297669
Test_U_2Layers_input_size_75_node1_40_node2_60_node3_0_node4_0,0.4802200324922099
Train_U_2Layers_input_size_75_node1_40_node2_70_node3_0_node4_0,0.41059062300011834
Test_U_2Layers_input_size_75_node1_40_node2_70_node3_0_node4_0,0.4828007712066088
Train_U_2Layers_input_size_75_node1_40_node2_80_node3_0_node4_0,0.4264856688505505
Test_U_2Layers_input_size_75_node1_40_node2_80_node3_0_node4_0,0.5005161780049237
Train_U_2Layers_input_size_75_node1_40_node2_90_node3_0_node4_0,0.40902719865544584
Test_U_2Layers_input_size_75_node1_40_node2_90_node3_0_node4_0,0.4764951752181225
Train_U_2Layers_input_size_75_node1_40_node2_100_node3_0_node4_0,0.4113912064887484
Test_U_2Layers_input_size_75_node1_40_node2_100_node3_0_node4_0,0.47282379900837723
Train_U_1Layers_input_size_75_node1_50_node2_0_node3_0_node4_0,0.49643192629498956
Test_U_1Layers_input_size_75_node1_50_node2_0_node3_0_node4_0,0.53217196403222
Train_U_2Layers_input_size_75_node1_50_node2_10_node3_0_node4_0,0.43045898883365835
Test_U_2Layers_input_size_75_node1_50_node2_10_node3_0_node4_0,0.5038923808710176
Train_U_2Layers_input_size_75_node1_50_node2_20_node3_0_node4_0,0.41160109212297663
Test_U_2Layers_input_size_75_node1_50_node2_20_node3_0_node4_0,0.47590645206043086
Train_U_2Layers_input_size_75_node1_50_node2_30_node3_0_node4_0,0.41730551818405043
Test_U_2Layers_input_size_75_node1_50_node2_30_node3_0_node4_0,0.48780874660203843
Train_U_2Layers_input_size_75_node1_50_node2_40_node3_0_node4_0,0.4153728444424908
Test_U_2Layers_input_size_75_node1_50_node2_40_node3_0_node4_0,0.48511780419108125
Train_U_2Layers_input_size_75_node1_50_node2_50_node3_0_node4_0,0.4551125705764097
Test_U_2Layers_input_size_75_node1_50_node2_50_node3_0_node4_0,0.49952215965001473
Train_U_2Layers_input_size_75_node1_50_node2_60_node3_0_node4_0,0.41360075413992103
Test_U_2Layers_input_size_75_node1_50_node2_60_node3_0_node4_0,0.47105878633784226
Train_U_2Layers_input_size_75_node1_50_node2_70_node3_0_node4_0,0.41664180284065755
Test_U_2Layers_input_size_75_node1_50_node2_70_node3_0_node4_0,0.473603143450979
Train_U_2Layers_input_size_75_node1_50_node2_80_node3_0_node4_0,0.4202535339742434
Test_U_2Layers_input_size_75_node1_50_node2_80_node3_0_node4_0,0.49420464142480464
Train_U_2Layers_input_size_75_node1_50_node2_90_node3_0_node4_0,0.43277291623003317
Test_U_2Layers_input_size_75_node1_50_node2_90_node3_0_node4_0,0.5045854589331933
Train_U_2Layers_input_size_75_node1_50_node2_100_node3_0_node4_0,0.409691701935869
Test_U_2Layers_input_size_75_node1_50_node2_100_node3_0_node4_0,0.47375604658369685
Train_U_1Layers_input_size_75_node1_60_node2_0_node3_0_node4_0,0.4183413190890016
Test_U_1Layers_input_size_75_node1_60_node2_0_node3_0_node4_0,0.48535822474245716
Train_U_2Layers_input_size_75_node1_60_node2_10_node3_0_node4_0,0.4353650145337085
Test_U_2Layers_input_size_75_node1_60_node2_10_node3_0_node4_0,0.4868714694579469
Train_U_2Layers_input_size_75_node1_60_node2_20_node3_0_node4_0,0.42125672493499217
Test_U_2Layers_input_size_75_node1_60_node2_20_node3_0_node4_0,0.4767943271779533
Train_U_2Layers_input_size_75_node1_60_node2_30_node3_0_node4_0,0.40497298536154547
Test_U_2Layers_input_size_75_node1_60_node2_30_node3_0_node4_0,0.4706248459682744
Train_U_2Layers_input_size_75_node1_60_node2_40_node3_0_node4_0,0.44258805118213707
Test_U_2Layers_input_size_75_node1_60_node2_40_node3_0_node4_0,0.5158342745941317
Train_U_2Layers_input_size_75_node1_60_node2_50_node3_0_node4_0,0.44637811886571915
Test_U_2Layers_input_size_75_node1_60_node2_50_node3_0_node4_0,0.5005045371788379
Train_U_2Layers_input_size_75_node1_60_node2_60_node3_0_node4_0,0.4034272206930113
Test_U_2Layers_input_size_75_node1_60_node2_60_node3_0_node4_0,0.46729571132238873
Train_U_2Layers_input_size_75_node1_60_node2_70_node3_0_node4_0,0.4138846825308407
Test_U_2Layers_input_size_75_node1_60_node2_70_node3_0_node4_0,0.47571098359987907
Train_U_2Layers_input_size_75_node1_60_node2_80_node3_0_node4_0,0.41700167499978835
Test_U_2Layers_input_size_75_node1_60_node2_80_node3_0_node4_0,0.4903237918601393
Train_U_2Layers_input_size_75_node1_60_node2_90_node3_0_node4_0,0.4237187679562824
Test_U_2Layers_input_size_75_node1_60_node2_90_node3_0_node4_0,0.4800060804796535
Train_U_2Layers_input_size_75_node1_60_node2_100_node3_0_node4_0,0.41705357548628835
Test_U_2Layers_input_size_75_node1_60_node2_100_node3_0_node4_0,0.48819989861862745
Train_U_1Layers_input_size_75_node1_70_node2_0_node3_0_node4_0,0.43660221626428697
Test_U_1Layers_input_size_75_node1_70_node2_0_node3_0_node4_0,0.48469051729071055
Train_U_2Layers_input_size_75_node1_70_node2_10_node3_0_node4_0,0.4208902946799703
Test_U_2Layers_input_size_75_node1_70_node2_10_node3_0_node4_0,0.4809651330565635
Train_U_2Layers_input_size_75_node1_70_node2_20_node3_0_node4_0,0.41059566755926347
Test_U_2Layers_input_size_75_node1_70_node2_20_node3_0_node4_0,0.481577207129074
Train_U_2Layers_input_size_75_node1_70_node2_30_node3_0_node4_0,0.4210239763081069
Test_U_2Layers_input_size_75_node1_70_node2_30_node3_0_node4_0,0.49336317216464504
Train_U_2Layers_input_size_75_node1_70_node2_40_node3_0_node4_0,0.41458868385900643
Test_U_2Layers_input_size_75_node1_70_node2_40_node3_0_node4_0,0.48479129990696473
Train_U_2Layers_input_size_75_node1_70_node2_50_node3_0_node4_0,0.4398660034187599
Test_U_2Layers_input_size_75_node1_70_node2_50_node3_0_node4_0,0.5132045578236119
Train_U_2Layers_input_size_75_node1_70_node2_60_node3_0_node4_0,0.4226548263610443
Test_U_2Layers_input_size_75_node1_70_node2_60_node3_0_node4_0,0.47805782918385076
Train_U_2Layers_input_size_75_node1_70_node2_70_node3_0_node4_0,0.43513484676192477
Test_U_2Layers_input_size_75_node1_70_node2_70_node3_0_node4_0,0.5083816859694598
Train_U_2Layers_input_size_75_node1_70_node2_80_node3_0_node4_0,0.4140186106615235
Test_U_2Layers_input_size_75_node1_70_node2_80_node3_0_node4_0,0.4752576035368415
Train_U_2Layers_input_size_75_node1_70_node2_90_node3_0_node4_0,0.4410817802013154
Test_U_2Layers_input_size_75_node1_70_node2_90_node3_0_node4_0,0.5135531560245786
Train_U_2Layers_input_size_75_node1_70_node2_100_node3_0_node4_0,0.4492042207441474
Test_U_2Layers_input_size_75_node1_70_node2_100_node3_0_node4_0,0.49716031322081283
Train_U_1Layers_input_size_75_node1_80_node2_0_node3_0_node4_0,0.46773329783580503
Test_U_1Layers_input_size_75_node1_80_node2_0_node3_0_node4_0,0.5171503566530855
Train_U_2Layers_input_size_75_node1_80_node2_10_node3_0_node4_0,0.442885225148372
Test_U_2Layers_input_size_75_node1_80_node2_10_node3_0_node4_0,0.5137406219777393
Train_U_2Layers_input_size_75_node1_80_node2_20_node3_0_node4_0,0.42922695795021787
Test_U_2Layers_input_size_75_node1_80_node2_20_node3_0_node4_0,0.5028452682012282
Train_U_2Layers_input_size_75_node1_80_node2_30_node3_0_node4_0,0.4188048298367793
Test_U_2Layers_input_size_75_node1_80_node2_30_node3_0_node4_0,0.4879033571877197
Train_U_2Layers_input_size_75_node1_80_node2_40_node3_0_node4_0,0.4137903254642837
Test_U_2Layers_input_size_75_node1_80_node2_40_node3_0_node4_0,0.47206087683013886
Train_U_2Layers_input_size_75_node1_80_node2_50_node3_0_node4_0,0.4086356358548659
Test_U_2Layers_input_size_75_node1_80_node2_50_node3_0_node4_0,0.47669391696182434
Train_U_2Layers_input_size_75_node1_80_node2_60_node3_0_node4_0,0.43946719676906093
Test_U_2Layers_input_size_75_node1_80_node2_60_node3_0_node4_0,0.4876918134155143
Train_U_2Layers_input_size_75_node1_80_node2_70_node3_0_node4_0,0.4197605089152384
Test_U_2Layers_input_size_75_node1_80_node2_70_node3_0_node4_0,0.49263969720241724
Train_U_2Layers_input_size_75_node1_80_node2_80_node3_0_node4_0,0.4055272973335297
Test_U_2Layers_input_size_75_node1_80_node2_80_node3_0_node4_0,0.47348024722955806
Train_U_2Layers_input_size_75_node1_80_node2_90_node3_0_node4_0,0.41937198563926487
Test_U_2Layers_input_size_75_node1_80_node2_90_node3_0_node4_0,0.4779864440815325
Train_U_2Layers_input_size_75_node1_80_node2_100_node3_0_node4_0,0.4148369689789498
Test_U_2Layers_input_size_75_node1_80_node2_100_node3_0_node4_0,0.4741526474357952
Train_U_1Layers_input_size_75_node1_90_node2_0_node3_0_node4_0,0.4115682909709443
Test_U_1Layers_input_size_75_node1_90_node2_0_node3_0_node4_0,0.47753382018786666
Train_U_2Layers_input_size_75_node1_90_node2_10_node3_0_node4_0,0.41909472595492603
Test_U_2Layers_input_size_75_node1_90_node2_10_node3_0_node4_0,0.4899191127645091
Train_U_2Layers_input_size_75_node1_90_node2_20_node3_0_node4_0,0.42295529544598537
Test_U_2Layers_input_size_75_node1_90_node2_20_node3_0_node4_0,0.49337502678986334
Train_U_2Layers_input_size_75_node1_90_node2_30_node3_0_node4_0,0.41162379072760624
Test_U_2Layers_input_size_75_node1_90_node2_30_node3_0_node4_0,0.4805293626467266
Train_U_2Layers_input_size_75_node1_90_node2_40_node3_0_node4_0,0.40694633740399655
Test_U_2Layers_input_size_75_node1_90_node2_40_node3_0_node4_0,0.4748379820021143
Train_U_2Layers_input_size_75_node1_90_node2_50_node3_0_node4_0,0.4575566100705552
Test_U_2Layers_input_size_75_node1_90_node2_50_node3_0_node4_0,0.5290690702513701
Train_U_2Layers_input_size_75_node1_90_node2_60_node3_0_node4_0,0.4115016850034902
Test_U_2Layers_input_size_75_node1_90_node2_60_node3_0_node4_0,0.48117275918643043
Train_U_2Layers_input_size_75_node1_90_node2_70_node3_0_node4_0,0.4363417962236873
Test_U_2Layers_input_size_75_node1_90_node2_70_node3_0_node4_0,0.488181493105626
Train_U_2Layers_input_size_75_node1_90_node2_80_node3_0_node4_0,0.4374447685528407
Test_U_2Layers_input_size_75_node1_90_node2_80_node3_0_node4_0,0.4903686157266053
Train_U_2Layers_input_size_75_node1_90_node2_90_node3_0_node4_0,0.41412484401420147
Test_U_2Layers_input_size_75_node1_90_node2_90_node3_0_node4_0,0.48117728055484
Train_U_2Layers_input_size_75_node1_90_node2_100_node3_0_node4_0,0.4091234191225292
Test_U_2Layers_input_size_75_node1_90_node2_100_node3_0_node4_0,0.47371284359283994
Train_U_1Layers_input_size_75_node1_100_node2_0_node3_0_node4_0,0.4171479802933327
Test_U_1Layers_input_size_75_node1_100_node2_0_node3_0_node4_0,0.4774888837229402
Train_U_2Layers_input_size_75_node1_100_node2_10_node3_0_node4_0,0.40810402210177277
Test_U_2Layers_input_size_75_node1_100_node2_10_node3_0_node4_0,0.47799235168128
Train_U_2Layers_input_size_75_node1_100_node2_20_node3_0_node4_0,0.4127367135190522
Test_U_2Layers_input_size_75_node1_100_node2_20_node3_0_node4_0,0.4736567697659967
Train_U_2Layers_input_size_75_node1_100_node2_30_node3_0_node4_0,0.42574068628675266
Test_U_2Layers_input_size_75_node1_100_node2_30_node3_0_node4_0,0.47773245735438596
Train_U_2Layers_input_size_75_node1_100_node2_40_node3_0_node4_0,0.430016686315361
Test_U_2Layers_input_size_75_node1_100_node2_40_node3_0_node4_0,0.4839930566681794
Train_U_2Layers_input_size_75_node1_100_node2_50_node3_0_node4_0,0.41686632816497293
Test_U_2Layers_input_size_75_node1_100_node2_50_node3_0_node4_0,0.47694894099919277
Train_U_2Layers_input_size_75_node1_100_node2_60_node3_0_node4_0,0.46270719346282907
Test_U_2Layers_input_size_75_node1_100_node2_60_node3_0_node4_0,0.5380582161909098
Train_U_2Layers_input_size_75_node1_100_node2_70_node3_0_node4_0,0.4464738325608174
Test_U_2Layers_input_size_75_node1_100_node2_70_node3_0_node4_0,0.4952224679704905
Train_U_2Layers_input_size_75_node1_100_node2_80_node3_0_node4_0,0.4184334034964934
Test_U_2Layers_input_size_75_node1_100_node2_80_node3_0_node4_0,0.48523643248770876
Train_U_2Layers_input_size_75_node1_100_node2_90_node3_0_node4_0,0.4120847866442863
Test_U_2Layers_input_size_75_node1_100_node2_90_node3_0_node4_0,0.47553914053342433
Train_U_2Layers_input_size_75_node1_100_node2_100_node3_0_node4_0,0.41473086414260285
Test_U_2Layers_input_size_75_node1_100_node2_100_node3_0_node4_0,0.47555220717362207
Train_U_1Layers_input_size_80_node1_10_node2_0_node3_0_node4_0,0.4383487642615623
Test_U_1Layers_input_size_80_node1_10_node2_0_node3_0_node4_0,0.500098635958051
Train_U_2Layers_input_size_80_node1_10_node2_10_node3_0_node4_0,0.42861894041902754
Test_U_2Layers_input_size_80_node1_10_node2_10_node3_0_node4_0,0.5015927516572493
Train_U_2Layers_input_size_80_node1_10_node2_20_node3_0_node4_0,0.43017829262111884
Test_U_2Layers_input_size_80_node1_10_node2_20_node3_0_node4_0,0.4938867693410867
Train_U_2Layers_input_size_80_node1_10_node2_30_node3_0_node4_0,0.43905036271448145
Test_U_2Layers_input_size_80_node1_10_node2_30_node3_0_node4_0,0.5121846880553388
Train_U_2Layers_input_size_80_node1_10_node2_40_node3_0_node4_0,0.44348546054407384
Test_U_2Layers_input_size_80_node1_10_node2_40_node3_0_node4_0,0.49974102525633907
Train_U_2Layers_input_size_80_node1_10_node2_50_node3_0_node4_0,0.43223137798979555
Test_U_2Layers_input_size_80_node1_10_node2_50_node3_0_node4_0,0.505781778989933
Train_U_2Layers_input_size_80_node1_10_node2_60_node3_0_node4_0,0.43080040120865
Test_U_2Layers_input_size_80_node1_10_node2_60_node3_0_node4_0,0.49823229461024077
Train_U_2Layers_input_size_80_node1_10_node2_70_node3_0_node4_0,0.41080244114869213
Test_U_2Layers_input_size_80_node1_10_node2_70_node3_0_node4_0,0.47754304100204764
Train_U_2Layers_input_size_80_node1_10_node2_80_node3_0_node4_0,0.4174462198408182
Test_U_2Layers_input_size_80_node1_10_node2_80_node3_0_node4_0,0.48698422400420527
Train_U_2Layers_input_size_80_node1_10_node2_90_node3_0_node4_0,0.40928663071672683
Test_U_2Layers_input_size_80_node1_10_node2_90_node3_0_node4_0,0.4743372761197707
Train_U_2Layers_input_size_80_node1_10_node2_100_node3_0_node4_0,0.4104808612745848
Test_U_2Layers_input_size_80_node1_10_node2_100_node3_0_node4_0,0.4779458838658218
Train_U_1Layers_input_size_80_node1_20_node2_0_node3_0_node4_0,0.4421048333096028
Test_U_1Layers_input_size_80_node1_20_node2_0_node3_0_node4_0,0.5174632394790849
Train_U_2Layers_input_size_80_node1_20_node2_10_node3_0_node4_0,0.4280752974569032
Test_U_2Layers_input_size_80_node1_20_node2_10_node3_0_node4_0,0.49004381587253454
Train_U_2Layers_input_size_80_node1_20_node2_20_node3_0_node4_0,0.5527032364879754
Test_U_2Layers_input_size_80_node1_20_node2_20_node3_0_node4_0,0.5783181254542982
Train_U_2Layers_input_size_80_node1_20_node2_30_node3_0_node4_0,0.48159001711799165
Test_U_2Layers_input_size_80_node1_20_node2_30_node3_0_node4_0,0.5204242403025492
Train_U_2Layers_input_size_80_node1_20_node2_40_node3_0_node4_0,0.40975696565480574
Test_U_2Layers_input_size_80_node1_20_node2_40_node3_0_node4_0,0.4720836986305774
Train_U_2Layers_input_size_80_node1_20_node2_50_node3_0_node4_0,0.42740592364788044
Test_U_2Layers_input_size_80_node1_20_node2_50_node3_0_node4_0,0.4827854624217593
Train_U_2Layers_input_size_80_node1_20_node2_60_node3_0_node4_0,0.4088611318719837
Test_U_2Layers_input_size_80_node1_20_node2_60_node3_0_node4_0,0.47353572833623964
Train_U_2Layers_input_size_80_node1_20_node2_70_node3_0_node4_0,0.4169322200778786
Test_U_2Layers_input_size_80_node1_20_node2_70_node3_0_node4_0,0.47977631768661927
Train_U_2Layers_input_size_80_node1_20_node2_80_node3_0_node4_0,0.41799939123478963
Test_U_2Layers_input_size_80_node1_20_node2_80_node3_0_node4_0,0.4778657353635894
Train_U_2Layers_input_size_80_node1_20_node2_90_node3_0_node4_0,0.4131841880886029
Test_U_2Layers_input_size_80_node1_20_node2_90_node3_0_node4_0,0.4807279554402091
Train_U_2Layers_input_size_80_node1_20_node2_100_node3_0_node4_0,0.4178371757119655
Test_U_2Layers_input_size_80_node1_20_node2_100_node3_0_node4_0,0.4793781214765358
Train_U_1Layers_input_size_80_node1_30_node2_0_node3_0_node4_0,0.4739140098582942
Test_U_1Layers_input_size_80_node1_30_node2_0_node3_0_node4_0,0.5273481015626302
Train_U_2Layers_input_size_80_node1_30_node2_10_node3_0_node4_0,0.4159818107223039
Test_U_2Layers_input_size_80_node1_30_node2_10_node3_0_node4_0,0.4802323201602373
Train_U_2Layers_input_size_80_node1_30_node2_20_node3_0_node4_0,0.4194033415323809
Test_U_2Layers_input_size_80_node1_30_node2_20_node3_0_node4_0,0.48254348210593123
Train_U_2Layers_input_size_80_node1_30_node2_30_node3_0_node4_0,0.42139593050226953
Test_U_2Layers_input_size_80_node1_30_node2_30_node3_0_node4_0,0.4912144564129051
Train_U_2Layers_input_size_80_node1_30_node2_40_node3_0_node4_0,0.4987372008572001
Test_U_2Layers_input_size_80_node1_30_node2_40_node3_0_node4_0,0.5727573924759363
Train_U_2Layers_input_size_80_node1_30_node2_50_node3_0_node4_0,0.4176723998287198
Test_U_2Layers_input_size_80_node1_30_node2_50_node3_0_node4_0,0.4796707224940614
Train_U_2Layers_input_size_80_node1_30_node2_60_node3_0_node4_0,0.41565821522092616
Test_U_2Layers_input_size_80_node1_30_node2_60_node3_0_node4_0,0.4848378031664375
Train_U_2Layers_input_size_80_node1_30_node2_70_node3_0_node4_0,0.4462415640698795
Test_U_2Layers_input_size_80_node1_30_node2_70_node3_0_node4_0,0.518034852241749
Train_U_2Layers_input_size_80_node1_30_node2_80_node3_0_node4_0,0.4328407588230483
Test_U_2Layers_input_size_80_node1_30_node2_80_node3_0_node4_0,0.4877376887832003
Train_U_2Layers_input_size_80_node1_30_node2_90_node3_0_node4_0,0.4351602899990506
Test_U_2Layers_input_size_80_node1_30_node2_90_node3_0_node4_0,0.5097226238018167
Train_U_2Layers_input_size_80_node1_30_node2_100_node3_0_node4_0,0.4902823679255565
Test_U_2Layers_input_size_80_node1_30_node2_100_node3_0_node4_0,0.5256211579825365
Train_U_1Layers_input_size_80_node1_40_node2_0_node3_0_node4_0,0.45505286216196195
Test_U_1Layers_input_size_80_node1_40_node2_0_node3_0_node4_0,0.5302130733295602
Train_U_2Layers_input_size_80_node1_40_node2_10_node3_0_node4_0,0.43923183379605707
Test_U_2Layers_input_size_80_node1_40_node2_10_node3_0_node4_0,0.48770238514493547
Train_U_2Layers_input_size_80_node1_40_node2_20_node3_0_node4_0,0.4119438453640522
Test_U_2Layers_input_size_80_node1_40_node2_20_node3_0_node4_0,0.47434732871587637
Train_U_2Layers_input_size_80_node1_40_node2_30_node3_0_node4_0,0.4152255009791193
Test_U_2Layers_input_size_80_node1_40_node2_30_node3_0_node4_0,0.48051398149665214
Train_U_2Layers_input_size_80_node1_40_node2_40_node3_0_node4_0,0.4112917667560509
Test_U_2Layers_input_size_80_node1_40_node2_40_node3_0_node4_0,0.48006675154247697
Train_U_2Layers_input_size_80_node1_40_node2_50_node3_0_node4_0,0.43845683437901883
Test_U_2Layers_input_size_80_node1_40_node2_50_node3_0_node4_0,0.4920796775789744
Train_U_2Layers_input_size_80_node1_40_node2_60_node3_0_node4_0,0.4172764865395097
Test_U_2Layers_input_size_80_node1_40_node2_60_node3_0_node4_0,0.4797334860215192
Train_U_2Layers_input_size_80_node1_40_node2_70_node3_0_node4_0,0.4126654935969307
Test_U_2Layers_input_size_80_node1_40_node2_70_node3_0_node4_0,0.4772233758167248
Train_U_2Layers_input_size_80_node1_40_node2_80_node3_0_node4_0,0.4082237311459899
Test_U_2Layers_input_size_80_node1_40_node2_80_node3_0_node4_0,0.4712625084236399
Train_U_2Layers_input_size_80_node1_40_node2_90_node3_0_node4_0,0.41271328180624206
Test_U_2Layers_input_size_80_node1_40_node2_90_node3_0_node4_0,0.4792639505756755
Train_U_2Layers_input_size_80_node1_40_node2_100_node3_0_node4_0,0.41006377858033966
Test_U_2Layers_input_size_80_node1_40_node2_100_node3_0_node4_0,0.47861180798534025
Train_U_1Layers_input_size_80_node1_50_node2_0_node3_0_node4_0,0.4136204609245745
Test_U_1Layers_input_size_80_node1_50_node2_0_node3_0_node4_0,0.482778672079522
Train_U_2Layers_input_size_80_node1_50_node2_10_node3_0_node4_0,0.41401096239180774
Test_U_2Layers_input_size_80_node1_50_node2_10_node3_0_node4_0,0.4821465204493303
Train_U_2Layers_input_size_80_node1_50_node2_20_node3_0_node4_0,0.4262043661709299
Test_U_2Layers_input_size_80_node1_50_node2_20_node3_0_node4_0,0.4998093629046674
Train_U_2Layers_input_size_80_node1_50_node2_30_node3_0_node4_0,0.4177080036298381
Test_U_2Layers_input_size_80_node1_50_node2_30_node3_0_node4_0,0.47947765879946785
Train_U_2Layers_input_size_80_node1_50_node2_40_node3_0_node4_0,0.41774446048978925
Test_U_2Layers_input_size_80_node1_50_node2_40_node3_0_node4_0,0.4774411497000311
Train_U_2Layers_input_size_80_node1_50_node2_50_node3_0_node4_0,0.4552987836658142
Test_U_2Layers_input_size_80_node1_50_node2_50_node3_0_node4_0,0.5024373134969058
Train_U_2Layers_input_size_80_node1_50_node2_60_node3_0_node4_0,0.41379651937551204
Test_U_2Layers_input_size_80_node1_50_node2_60_node3_0_node4_0,0.48017627839393784
Train_U_2Layers_input_size_80_node1_50_node2_70_node3_0_node4_0,0.4052988618895907
Test_U_2Layers_input_size_80_node1_50_node2_70_node3_0_node4_0,0.4684624584743256
Train_U_2Layers_input_size_80_node1_50_node2_80_node3_0_node4_0,0.4193124474039129
Test_U_2Layers_input_size_80_node1_50_node2_80_node3_0_node4_0,0.48419330634706287
Train_U_2Layers_input_size_80_node1_50_node2_90_node3_0_node4_0,0.4447846044326674
Test_U_2Layers_input_size_80_node1_50_node2_90_node3_0_node4_0,0.5151101345054689
Train_U_2Layers_input_size_80_node1_50_node2_100_node3_0_node4_0,0.419389129520034
Test_U_2Layers_input_size_80_node1_50_node2_100_node3_0_node4_0,0.49036246218419244
Train_U_1Layers_input_size_80_node1_60_node2_0_node3_0_node4_0,0.41403232320548106
Test_U_1Layers_input_size_80_node1_60_node2_0_node3_0_node4_0,0.4795458699493302
Train_U_2Layers_input_size_80_node1_60_node2_10_node3_0_node4_0,0.4113801044830148
Test_U_2Layers_input_size_80_node1_60_node2_10_node3_0_node4_0,0.4801049444592759
Train_U_2Layers_input_size_80_node1_60_node2_20_node3_0_node4_0,0.4228865540719194
Test_U_2Layers_input_size_80_node1_60_node2_20_node3_0_node4_0,0.4941046026918779
Train_U_2Layers_input_size_80_node1_60_node2_30_node3_0_node4_0,0.42222921195051694
Test_U_2Layers_input_size_80_node1_60_node2_30_node3_0_node4_0,0.483915772706175
Train_U_2Layers_input_size_80_node1_60_node2_40_node3_0_node4_0,0.42870813946690667
Test_U_2Layers_input_size_80_node1_60_node2_40_node3_0_node4_0,0.500469315332337
Train_U_2Layers_input_size_80_node1_60_node2_50_node3_0_node4_0,0.42321062590860165
Test_U_2Layers_input_size_80_node1_60_node2_50_node3_0_node4_0,0.4960329213733978
Train_U_2Layers_input_size_80_node1_60_node2_60_node3_0_node4_0,0.41615622566751864
Test_U_2Layers_input_size_80_node1_60_node2_60_node3_0_node4_0,0.4768988251140294
Train_U_2Layers_input_size_80_node1_60_node2_70_node3_0_node4_0,0.42531563734569333
Test_U_2Layers_input_size_80_node1_60_node2_70_node3_0_node4_0,0.4964294349171851
Train_U_2Layers_input_size_80_node1_60_node2_80_node3_0_node4_0,0.4572480494466467
Test_U_2Layers_input_size_80_node1_60_node2_80_node3_0_node4_0,0.5007358143587846
Train_U_2Layers_input_size_80_node1_60_node2_90_node3_0_node4_0,0.4446909062998334
Test_U_2Layers_input_size_80_node1_60_node2_90_node3_0_node4_0,0.5186781799052713
Train_U_2Layers_input_size_80_node1_60_node2_100_node3_0_node4_0,0.41499459421130025
Test_U_2Layers_input_size_80_node1_60_node2_100_node3_0_node4_0,0.4761732575519322
Train_U_1Layers_input_size_80_node1_70_node2_0_node3_0_node4_0,0.42538337316015296
Test_U_1Layers_input_size_80_node1_70_node2_0_node3_0_node4_0,0.4958545378417058
Train_U_2Layers_input_size_80_node1_70_node2_10_node3_0_node4_0,0.4069204117297103
Test_U_2Layers_input_size_80_node1_70_node2_10_node3_0_node4_0,0.4744914972047942
Train_U_2Layers_input_size_80_node1_70_node2_20_node3_0_node4_0,0.41329624242576624
Test_U_2Layers_input_size_80_node1_70_node2_20_node3_0_node4_0,0.4851728758980838
Train_U_2Layers_input_size_80_node1_70_node2_30_node3_0_node4_0,0.42939731162348577
Test_U_2Layers_input_size_80_node1_70_node2_30_node3_0_node4_0,0.5014466279611304
Train_U_2Layers_input_size_80_node1_70_node2_40_node3_0_node4_0,0.4824837247297539
Test_U_2Layers_input_size_80_node1_70_node2_40_node3_0_node4_0,0.5217213467295991
Train_U_2Layers_input_size_80_node1_70_node2_50_node3_0_node4_0,0.5199618168713747
Test_U_2Layers_input_size_80_node1_70_node2_50_node3_0_node4_0,0.5501847249543601
Train_U_2Layers_input_size_80_node1_70_node2_60_node3_0_node4_0,0.4122233301052436
Test_U_2Layers_input_size_80_node1_70_node2_60_node3_0_node4_0,0.4728540526824387
Train_U_2Layers_input_size_80_node1_70_node2_70_node3_0_node4_0,0.46632187110412765
Test_U_2Layers_input_size_80_node1_70_node2_70_node3_0_node4_0,0.5384921774884881
Train_U_2Layers_input_size_80_node1_70_node2_80_node3_0_node4_0,0.4097263808317761
Test_U_2Layers_input_size_80_node1_70_node2_80_node3_0_node4_0,0.47005513014999134
Train_U_2Layers_input_size_80_node1_70_node2_90_node3_0_node4_0,0.4249439230555625
Test_U_2Layers_input_size_80_node1_70_node2_90_node3_0_node4_0,0.48333237321802125
Train_U_2Layers_input_size_80_node1_70_node2_100_node3_0_node4_0,0.4872707745021701
Test_U_2Layers_input_size_80_node1_70_node2_100_node3_0_node4_0,0.5232385855248536
Train_U_1Layers_input_size_80_node1_80_node2_0_node3_0_node4_0,0.4121912111139867
Test_U_1Layers_input_size_80_node1_80_node2_0_node3_0_node4_0,0.47979114791945876
Train_U_2Layers_input_size_80_node1_80_node2_10_node3_0_node4_0,0.4204395385824326
Test_U_2Layers_input_size_80_node1_80_node2_10_node3_0_node4_0,0.4925957606257094
Train_U_2Layers_input_size_80_node1_80_node2_20_node3_0_node4_0,0.41836618084896926
Test_U_2Layers_input_size_80_node1_80_node2_20_node3_0_node4_0,0.4759822189251668
Train_U_2Layers_input_size_80_node1_80_node2_30_node3_0_node4_0,0.4483661854092617
Test_U_2Layers_input_size_80_node1_80_node2_30_node3_0_node4_0,0.4962389125354071
Train_U_2Layers_input_size_80_node1_80_node2_40_node3_0_node4_0,0.4095941597577123
Test_U_2Layers_input_size_80_node1_80_node2_40_node3_0_node4_0,0.47317504784400444
Train_U_2Layers_input_size_80_node1_80_node2_50_node3_0_node4_0,0.41848995119310917
Test_U_2Layers_input_size_80_node1_80_node2_50_node3_0_node4_0,0.47370615912325553
Train_U_2Layers_input_size_80_node1_80_node2_60_node3_0_node4_0,0.45242806803397706
Test_U_2Layers_input_size_80_node1_80_node2_60_node3_0_node4_0,0.4999325080857946
Train_U_2Layers_input_size_80_node1_80_node2_70_node3_0_node4_0,0.4537021151673079
Test_U_2Layers_input_size_80_node1_80_node2_70_node3_0_node4_0,0.5237015015719529
Train_U_2Layers_input_size_80_node1_80_node2_80_node3_0_node4_0,0.4108806752125426
Test_U_2Layers_input_size_80_node1_80_node2_80_node3_0_node4_0,0.4801223560688503
Train_U_2Layers_input_size_80_node1_80_node2_90_node3_0_node4_0,0.5007364392875011
Test_U_2Layers_input_size_80_node1_80_node2_90_node3_0_node4_0,0.5713815989091358
Train_U_2Layers_input_size_80_node1_80_node2_100_node3_0_node4_0,0.4690264363565122
Test_U_2Layers_input_size_80_node1_80_node2_100_node3_0_node4_0,0.5129799189122904
Train_U_1Layers_input_size_80_node1_90_node2_0_node3_0_node4_0,0.41369654119939203
Test_U_1Layers_input_size_80_node1_90_node2_0_node3_0_node4_0,0.4808647105883934
Train_U_2Layers_input_size_80_node1_90_node2_10_node3_0_node4_0,0.417173163206947
Test_U_2Layers_input_size_80_node1_90_node2_10_node3_0_node4_0,0.4858057364755271
Train_U_2Layers_input_size_80_node1_90_node2_20_node3_0_node4_0,0.5060826990582236
Test_U_2Layers_input_size_80_node1_90_node2_20_node3_0_node4_0,0.5377164427086518
Train_U_2Layers_input_size_80_node1_90_node2_30_node3_0_node4_0,0.4127340599172943
Test_U_2Layers_input_size_80_node1_90_node2_30_node3_0_node4_0,0.48073291494686077
Train_U_2Layers_input_size_80_node1_90_node2_40_node3_0_node4_0,0.42556615523517766
Test_U_2Layers_input_size_80_node1_90_node2_40_node3_0_node4_0,0.4979305206217641
Train_U_2Layers_input_size_80_node1_90_node2_50_node3_0_node4_0,0.4124555534923975
Test_U_2Layers_input_size_80_node1_90_node2_50_node3_0_node4_0,0.48099118803700125
Train_U_2Layers_input_size_80_node1_90_node2_60_node3_0_node4_0,0.41493859365313096
Test_U_2Layers_input_size_80_node1_90_node2_60_node3_0_node4_0,0.4857265167714885
Train_U_2Layers_input_size_80_node1_90_node2_70_node3_0_node4_0,0.4602538874719439
Test_U_2Layers_input_size_80_node1_90_node2_70_node3_0_node4_0,0.5068920302910864
Train_U_2Layers_input_size_80_node1_90_node2_80_node3_0_node4_0,0.40959767044227285
Test_U_2Layers_input_size_80_node1_90_node2_80_node3_0_node4_0,0.4742959482871666
Train_U_2Layers_input_size_80_node1_90_node2_90_node3_0_node4_0,0.417983901560308
Test_U_2Layers_input_size_80_node1_90_node2_90_node3_0_node4_0,0.48707480349983895
Train_U_2Layers_input_size_80_node1_90_node2_100_node3_0_node4_0,0.4113218366788901
Test_U_2Layers_input_size_80_node1_90_node2_100_node3_0_node4_0,0.4833666396038296
Train_U_1Layers_input_size_80_node1_100_node2_0_node3_0_node4_0,0.4077995897493081
Test_U_1Layers_input_size_80_node1_100_node2_0_node3_0_node4_0,0.4754951124000258
Train_U_2Layers_input_size_80_node1_100_node2_10_node3_0_node4_0,0.4021465596048197
Test_U_2Layers_input_size_80_node1_100_node2_10_node3_0_node4_0,0.46796305084579226
Train_U_2Layers_input_size_80_node1_100_node2_20_node3_0_node4_0,0.41678571391155267
Test_U_2Layers_input_size_80_node1_100_node2_20_node3_0_node4_0,0.487825608330897
Train_U_2Layers_input_size_80_node1_100_node2_30_node3_0_node4_0,0.411755957179933
Test_U_2Layers_input_size_80_node1_100_node2_30_node3_0_node4_0,0.4718260922886362
Train_U_2Layers_input_size_80_node1_100_node2_40_node3_0_node4_0,0.4091109261287575
Test_U_2Layers_input_size_80_node1_100_node2_40_node3_0_node4_0,0.4763565869342518
Train_U_2Layers_input_size_80_node1_100_node2_50_node3_0_node4_0,0.4089988181288322
Test_U_2Layers_input_size_80_node1_100_node2_50_node3_0_node4_0,0.4762987438798832
Train_U_2Layers_input_size_80_node1_100_node2_60_node3_0_node4_0,0.45204059146811015
Test_U_2Layers_input_size_80_node1_100_node2_60_node3_0_node4_0,0.5216126016422692
Train_U_2Layers_input_size_80_node1_100_node2_70_node3_0_node4_0,0.42743939195959696
Test_U_2Layers_input_size_80_node1_100_node2_70_node3_0_node4_0,0.4794790417642518
Train_U_2Layers_input_size_80_node1_100_node2_80_node3_0_node4_0,0.4266149251113185
Test_U_2Layers_input_size_80_node1_100_node2_80_node3_0_node4_0,0.49622897310174574
Train_U_2Layers_input_size_80_node1_100_node2_90_node3_0_node4_0,0.46283159805137847
Test_U_2Layers_input_size_80_node1_100_node2_90_node3_0_node4_0,0.5067169990709268
Train_U_2Layers_input_size_80_node1_100_node2_100_node3_0_node4_0,0.4079243196088406
Test_U_2Layers_input_size_80_node1_100_node2_100_node3_0_node4_0,0.4719001618049362
Train_U_1Layers_input_size_85_node1_10_node2_0_node3_0_node4_0,0.4378761819980882
Test_U_1Layers_input_size_85_node1_10_node2_0_node3_0_node4_0,0.5099106505607903
Train_U_2Layers_input_size_85_node1_10_node2_10_node3_0_node4_0,0.42484014955028276
Test_U_2Layers_input_size_85_node1_10_node2_10_node3_0_node4_0,0.496318781119428
Train_U_2Layers_input_size_85_node1_10_node2_20_node3_0_node4_0,0.4471043958291707
Test_U_2Layers_input_size_85_node1_10_node2_20_node3_0_node4_0,0.5219977491465452
Train_U_2Layers_input_size_85_node1_10_node2_30_node3_0_node4_0,0.41915010013162757
Test_U_2Layers_input_size_85_node1_10_node2_30_node3_0_node4_0,0.4835349920810076
Train_U_2Layers_input_size_85_node1_10_node2_40_node3_0_node4_0,0.41336005384396296
Test_U_2Layers_input_size_85_node1_10_node2_40_node3_0_node4_0,0.4780268138224048
Train_U_2Layers_input_size_85_node1_10_node2_50_node3_0_node4_0,0.41707052884119034
Test_U_2Layers_input_size_85_node1_10_node2_50_node3_0_node4_0,0.4864837826341876
Train_U_2Layers_input_size_85_node1_10_node2_60_node3_0_node4_0,0.5965148897990591
Test_U_2Layers_input_size_85_node1_10_node2_60_node3_0_node4_0,0.6143124651589162
Train_U_2Layers_input_size_85_node1_10_node2_70_node3_0_node4_0,0.4140105664775291
Test_U_2Layers_input_size_85_node1_10_node2_70_node3_0_node4_0,0.4826930284056338
Train_U_2Layers_input_size_85_node1_10_node2_80_node3_0_node4_0,0.42642114833414696
Test_U_2Layers_input_size_85_node1_10_node2_80_node3_0_node4_0,0.4998566153690016
Train_U_2Layers_input_size_85_node1_10_node2_90_node3_0_node4_0,0.4138867527080229
Test_U_2Layers_input_size_85_node1_10_node2_90_node3_0_node4_0,0.48180566266605057
Train_U_2Layers_input_size_85_node1_10_node2_100_node3_0_node4_0,0.4958523891564514
Test_U_2Layers_input_size_85_node1_10_node2_100_node3_0_node4_0,0.5329960012053306
Train_U_1Layers_input_size_85_node1_20_node2_0_node3_0_node4_0,0.5116269560738532
Test_U_1Layers_input_size_85_node1_20_node2_0_node3_0_node4_0,0.5803231900103071
Train_U_2Layers_input_size_85_node1_20_node2_10_node3_0_node4_0,0.4827132329773079
Test_U_2Layers_input_size_85_node1_20_node2_10_node3_0_node4_0,0.544070792663584
Train_U_2Layers_input_size_85_node1_20_node2_20_node3_0_node4_0,0.5335389920422973
Test_U_2Layers_input_size_85_node1_20_node2_20_node3_0_node4_0,0.5622176150302606
Train_U_2Layers_input_size_85_node1_20_node2_30_node3_0_node4_0,0.4466432297160072
Test_U_2Layers_input_size_85_node1_20_node2_30_node3_0_node4_0,0.5218276704809701
Train_U_2Layers_input_size_85_node1_20_node2_40_node3_0_node4_0,0.41853025634779834
Test_U_2Layers_input_size_85_node1_20_node2_40_node3_0_node4_0,0.48747284153335657
Train_U_2Layers_input_size_85_node1_20_node2_50_node3_0_node4_0,0.494648261788319
Test_U_2Layers_input_size_85_node1_20_node2_50_node3_0_node4_0,0.5646300253147258
Train_U_2Layers_input_size_85_node1_20_node2_60_node3_0_node4_0,0.8430891981505014
Test_U_2Layers_input_size_85_node1_20_node2_60_node3_0_node4_0,0.8886586282602164
Train_U_2Layers_input_size_85_node1_20_node2_70_node3_0_node4_0,0.5828504238113704
Test_U_2Layers_input_size_85_node1_20_node2_70_node3_0_node4_0,0.6460889315627294
Train_U_2Layers_input_size_85_node1_20_node2_80_node3_0_node4_0,0.4371301075072734
Test_U_2Layers_input_size_85_node1_20_node2_80_node3_0_node4_0,0.5101255410548367
Train_U_2Layers_input_size_85_node1_20_node2_90_node3_0_node4_0,0.44285586834594487
Test_U_2Layers_input_size_85_node1_20_node2_90_node3_0_node4_0,0.49179545940895353
Train_U_2Layers_input_size_85_node1_20_node2_100_node3_0_node4_0,1.1131079823362044
Test_U_2Layers_input_size_85_node1_20_node2_100_node3_0_node4_0,1.1447062700312
Train_U_1Layers_input_size_85_node1_30_node2_0_node3_0_node4_0,0.441199718533657
Test_U_1Layers_input_size_85_node1_30_node2_0_node3_0_node4_0,0.48921576526746247
Train_U_2Layers_input_size_85_node1_30_node2_10_node3_0_node4_0,0.5548664126847781
Test_U_2Layers_input_size_85_node1_30_node2_10_node3_0_node4_0,0.6240233897416599
Train_U_2Layers_input_size_85_node1_30_node2_20_node3_0_node4_0,0.41498362451440457
Test_U_2Layers_input_size_85_node1_30_node2_20_node3_0_node4_0,0.4780938138327795
Train_U_2Layers_input_size_85_node1_30_node2_30_node3_0_node4_0,0.45357331755870184
Test_U_2Layers_input_size_85_node1_30_node2_30_node3_0_node4_0,0.5021333778998625
Train_U_2Layers_input_size_85_node1_30_node2_40_node3_0_node4_0,0.45441271878541195
Test_U_2Layers_input_size_85_node1_30_node2_40_node3_0_node4_0,0.5240660921268269
Train_U_2Layers_input_size_85_node1_30_node2_50_node3_0_node4_0,0.4258653225270859
Test_U_2Layers_input_size_85_node1_30_node2_50_node3_0_node4_0,0.49855294041759757
Train_U_2Layers_input_size_85_node1_30_node2_60_node3_0_node4_0,0.6383799080959732
Test_U_2Layers_input_size_85_node1_30_node2_60_node3_0_node4_0,0.6503570593801474
Train_U_2Layers_input_size_85_node1_30_node2_70_node3_0_node4_0,0.4419616648223363
Test_U_2Layers_input_size_85_node1_30_node2_70_node3_0_node4_0,0.4917779914315068
Train_U_2Layers_input_size_85_node1_30_node2_80_node3_0_node4_0,0.48031286486560315
Test_U_2Layers_input_size_85_node1_30_node2_80_node3_0_node4_0,0.5510436981634853
Train_U_2Layers_input_size_85_node1_30_node2_90_node3_0_node4_0,0.49469245284029567
Test_U_2Layers_input_size_85_node1_30_node2_90_node3_0_node4_0,0.5661255765892187
Train_U_2Layers_input_size_85_node1_30_node2_100_node3_0_node4_0,0.43083210129933697
Test_U_2Layers_input_size_85_node1_30_node2_100_node3_0_node4_0,0.5024825395330959
Train_U_1Layers_input_size_85_node1_40_node2_0_node3_0_node4_0,0.4986820583627494
Test_U_1Layers_input_size_85_node1_40_node2_0_node3_0_node4_0,0.5389173561073298
Train_U_2Layers_input_size_85_node1_40_node2_10_node3_0_node4_0,0.4149856712556331
Test_U_2Layers_input_size_85_node1_40_node2_10_node3_0_node4_0,0.4863513956285816
Train_U_2Layers_input_size_85_node1_40_node2_20_node3_0_node4_0,0.45310507105707065
Test_U_2Layers_input_size_85_node1_40_node2_20_node3_0_node4_0,0.5274732077605866
Train_U_2Layers_input_size_85_node1_40_node2_30_node3_0_node4_0,0.4313194668147338
Test_U_2Layers_input_size_85_node1_40_node2_30_node3_0_node4_0,0.5036722867291547
Train_U_2Layers_input_size_85_node1_40_node2_40_node3_0_node4_0,0.44474143504729563
Test_U_2Layers_input_size_85_node1_40_node2_40_node3_0_node4_0,0.5171164702997629
Train_U_2Layers_input_size_85_node1_40_node2_50_node3_0_node4_0,0.4178705367449895
Test_U_2Layers_input_size_85_node1_40_node2_50_node3_0_node4_0,0.48070506355419257
Train_U_2Layers_input_size_85_node1_40_node2_60_node3_0_node4_0,0.5792809862979047
Test_U_2Layers_input_size_85_node1_40_node2_60_node3_0_node4_0,0.6004620680187838
Train_U_2Layers_input_size_85_node1_40_node2_70_node3_0_node4_0,1.0682232925251052
Test_U_2Layers_input_size_85_node1_40_node2_70_node3_0_node4_0,1.041913759806953
Train_U_2Layers_input_size_85_node1_40_node2_80_node3_0_node4_0,0.43149351832427085
Test_U_2Layers_input_size_85_node1_40_node2_80_node3_0_node4_0,0.5012697250689859
Train_U_2Layers_input_size_85_node1_40_node2_90_node3_0_node4_0,0.4080972123434794
Test_U_2Layers_input_size_85_node1_40_node2_90_node3_0_node4_0,0.4763055014622341
Train_U_2Layers_input_size_85_node1_40_node2_100_node3_0_node4_0,0.4915357240246136
Test_U_2Layers_input_size_85_node1_40_node2_100_node3_0_node4_0,0.5283828952128143
Train_U_1Layers_input_size_85_node1_50_node2_0_node3_0_node4_0,0.45388769220178593
Test_U_1Layers_input_size_85_node1_50_node2_0_node3_0_node4_0,0.5043535243571052
Train_U_2Layers_input_size_85_node1_50_node2_10_node3_0_node4_0,0.48143133797008336
Test_U_2Layers_input_size_85_node1_50_node2_10_node3_0_node4_0,0.5189800349899211
Train_U_2Layers_input_size_85_node1_50_node2_20_node3_0_node4_0,0.4179983039461068
Test_U_2Layers_input_size_85_node1_50_node2_20_node3_0_node4_0,0.48800103348579565
Train_U_2Layers_input_size_85_node1_50_node2_30_node3_0_node4_0,0.41460987114755327
Test_U_2Layers_input_size_85_node1_50_node2_30_node3_0_node4_0,0.4772906915423543
Train_U_2Layers_input_size_85_node1_50_node2_40_node3_0_node4_0,0.4109487053391387
Test_U_2Layers_input_size_85_node1_50_node2_40_node3_0_node4_0,0.48180025028081325
Train_U_2Layers_input_size_85_node1_50_node2_50_node3_0_node4_0,0.42383640474590895
Test_U_2Layers_input_size_85_node1_50_node2_50_node3_0_node4_0,0.4835463634686349
Train_U_2Layers_input_size_85_node1_50_node2_60_node3_0_node4_0,0.7516749672597037
Test_U_2Layers_input_size_85_node1_50_node2_60_node3_0_node4_0,0.7454363737989362
Train_U_2Layers_input_size_85_node1_50_node2_70_node3_0_node4_0,0.5405852606395842
Test_U_2Layers_input_size_85_node1_50_node2_70_node3_0_node4_0,0.5693471393824561
Train_U_2Layers_input_size_85_node1_50_node2_80_node3_0_node4_0,0.7601774614595409
Test_U_2Layers_input_size_85_node1_50_node2_80_node3_0_node4_0,0.758259002654742
Train_U_2Layers_input_size_85_node1_50_node2_90_node3_0_node4_0,0.4184187667960866
Test_U_2Layers_input_size_85_node1_50_node2_90_node3_0_node4_0,0.48141878685603495
Train_U_2Layers_input_size_85_node1_50_node2_100_node3_0_node4_0,0.4826933371143897
Test_U_2Layers_input_size_85_node1_50_node2_100_node3_0_node4_0,0.5527547556216642
Train_U_1Layers_input_size_85_node1_60_node2_0_node3_0_node4_0,0.4172508634532042
Test_U_1Layers_input_size_85_node1_60_node2_0_node3_0_node4_0,0.4900546713418891
Train_U_2Layers_input_size_85_node1_60_node2_10_node3_0_node4_0,0.4713988168830251
Test_U_2Layers_input_size_85_node1_60_node2_10_node3_0_node4_0,0.513680577657684
Train_U_2Layers_input_size_85_node1_60_node2_20_node3_0_node4_0,0.45027633235845044
Test_U_2Layers_input_size_85_node1_60_node2_20_node3_0_node4_0,0.5215821763813193
Train_U_2Layers_input_size_85_node1_60_node2_30_node3_0_node4_0,0.4835474266334829
Test_U_2Layers_input_size_85_node1_60_node2_30_node3_0_node4_0,0.525349640222624
Train_U_2Layers_input_size_85_node1_60_node2_40_node3_0_node4_0,0.41564471764509026
Test_U_2Layers_input_size_85_node1_60_node2_40_node3_0_node4_0,0.4756942719631702
Train_U_2Layers_input_size_85_node1_60_node2_50_node3_0_node4_0,0.4282421947097534
Test_U_2Layers_input_size_85_node1_60_node2_50_node3_0_node4_0,0.4855355081125372
Train_U_2Layers_input_size_85_node1_60_node2_60_node3_0_node4_0,0.4129975677550235
Test_U_2Layers_input_size_85_node1_60_node2_60_node3_0_node4_0,0.4809780677803456
Train_U_2Layers_input_size_85_node1_60_node2_70_node3_0_node4_0,0.4408185810939064
Test_U_2Layers_input_size_85_node1_60_node2_70_node3_0_node4_0,0.511622616422848
Train_U_2Layers_input_size_85_node1_60_node2_80_node3_0_node4_0,0.4650015683301504
Test_U_2Layers_input_size_85_node1_60_node2_80_node3_0_node4_0,0.533249877445012
Train_U_2Layers_input_size_85_node1_60_node2_90_node3_0_node4_0,0.4610998546644787
Test_U_2Layers_input_size_85_node1_60_node2_90_node3_0_node4_0,0.5320610138890185
Train_U_2Layers_input_size_85_node1_60_node2_100_node3_0_node4_0,0.45078272364754013
Test_U_2Layers_input_size_85_node1_60_node2_100_node3_0_node4_0,0.496850705302589
Train_U_1Layers_input_size_85_node1_70_node2_0_node3_0_node4_0,0.4635687259391246
Test_U_1Layers_input_size_85_node1_70_node2_0_node3_0_node4_0,0.535387921829558
Train_U_2Layers_input_size_85_node1_70_node2_10_node3_0_node4_0,0.4320629177248754
Test_U_2Layers_input_size_85_node1_70_node2_10_node3_0_node4_0,0.5061823576018221
Train_U_2Layers_input_size_85_node1_70_node2_20_node3_0_node4_0,0.4182568208032264
Test_U_2Layers_input_size_85_node1_70_node2_20_node3_0_node4_0,0.4885162855955532
Train_U_2Layers_input_size_85_node1_70_node2_30_node3_0_node4_0,0.4776980987524968
Test_U_2Layers_input_size_85_node1_70_node2_30_node3_0_node4_0,0.5476178981613945
Train_U_2Layers_input_size_85_node1_70_node2_40_node3_0_node4_0,0.4885674362733565
Test_U_2Layers_input_size_85_node1_70_node2_40_node3_0_node4_0,0.5588275180185659
Train_U_2Layers_input_size_85_node1_70_node2_50_node3_0_node4_0,0.4277081764593764
Test_U_2Layers_input_size_85_node1_70_node2_50_node3_0_node4_0,0.499793024735741
Train_U_2Layers_input_size_85_node1_70_node2_60_node3_0_node4_0,0.41777203289008086
Test_U_2Layers_input_size_85_node1_70_node2_60_node3_0_node4_0,0.4898808637123533
Train_U_2Layers_input_size_85_node1_70_node2_70_node3_0_node4_0,0.4634085707017609
Test_U_2Layers_input_size_85_node1_70_node2_70_node3_0_node4_0,0.5367080853997701
Train_U_2Layers_input_size_85_node1_70_node2_80_node3_0_node4_0,0.4543699558350622
Test_U_2Layers_input_size_85_node1_70_node2_80_node3_0_node4_0,0.5031134408606259
Train_U_2Layers_input_size_85_node1_70_node2_90_node3_0_node4_0,0.43921139320446656
Test_U_2Layers_input_size_85_node1_70_node2_90_node3_0_node4_0,0.4885418768545429
Train_U_2Layers_input_size_85_node1_70_node2_100_node3_0_node4_0,0.41774148199093863
Test_U_2Layers_input_size_85_node1_70_node2_100_node3_0_node4_0,0.47327724363155804
Train_U_1Layers_input_size_85_node1_80_node2_0_node3_0_node4_0,0.6441383320135479
Test_U_1Layers_input_size_85_node1_80_node2_0_node3_0_node4_0,0.7015593581777114
Train_U_2Layers_input_size_85_node1_80_node2_10_node3_0_node4_0,0.40812611195645004
Test_U_2Layers_input_size_85_node1_80_node2_10_node3_0_node4_0,0.4773202874743565
Train_U_2Layers_input_size_85_node1_80_node2_20_node3_0_node4_0,0.41335455635533985
Test_U_2Layers_input_size_85_node1_80_node2_20_node3_0_node4_0,0.4799633469346101
Train_U_2Layers_input_size_85_node1_80_node2_30_node3_0_node4_0,0.4096822451989934
Test_U_2Layers_input_size_85_node1_80_node2_30_node3_0_node4_0,0.47819731109430336
Train_U_2Layers_input_size_85_node1_80_node2_40_node3_0_node4_0,0.6078578941829816
Test_U_2Layers_input_size_85_node1_80_node2_40_node3_0_node4_0,0.6232939083930252
Train_U_2Layers_input_size_85_node1_80_node2_50_node3_0_node4_0,0.42414385378570024
Test_U_2Layers_input_size_85_node1_80_node2_50_node3_0_node4_0,0.494780235827733
Train_U_2Layers_input_size_85_node1_80_node2_60_node3_0_node4_0,0.5523570629711495
Test_U_2Layers_input_size_85_node1_80_node2_60_node3_0_node4_0,0.5795670386747261
Train_U_2Layers_input_size_85_node1_80_node2_70_node3_0_node4_0,0.4145878751624189
Test_U_2Layers_input_size_85_node1_80_node2_70_node3_0_node4_0,0.484142847725489
Train_U_2Layers_input_size_85_node1_80_node2_80_node3_0_node4_0,0.6666051766727626
Test_U_2Layers_input_size_85_node1_80_node2_80_node3_0_node4_0,0.6730715277214531
Train_U_2Layers_input_size_85_node1_80_node2_90_node3_0_node4_0,0.43162079157077093
Test_U_2Layers_input_size_85_node1_80_node2_90_node3_0_node4_0,0.4855087302117403
Train_U_2Layers_input_size_85_node1_80_node2_100_node3_0_node4_0,0.7527116788917717
Test_U_2Layers_input_size_85_node1_80_node2_100_node3_0_node4_0,0.8048611796081648
Train_U_1Layers_input_size_85_node1_90_node2_0_node3_0_node4_0,0.4957850389308759
Test_U_1Layers_input_size_85_node1_90_node2_0_node3_0_node4_0,0.5637465545819678
Train_U_2Layers_input_size_85_node1_90_node2_10_node3_0_node4_0,0.40344820003961335
Test_U_2Layers_input_size_85_node1_90_node2_10_node3_0_node4_0,0.47022664816865317
Train_U_2Layers_input_size_85_node1_90_node2_20_node3_0_node4_0,0.4775395461628031
Test_U_2Layers_input_size_85_node1_90_node2_20_node3_0_node4_0,0.5491788022095032
Train_U_2Layers_input_size_85_node1_90_node2_30_node3_0_node4_0,0.4148020707222211
Test_U_2Layers_input_size_85_node1_90_node2_30_node3_0_node4_0,0.48463608258130053
Train_U_2Layers_input_size_85_node1_90_node2_40_node3_0_node4_0,0.4182102717703413
Test_U_2Layers_input_size_85_node1_90_node2_40_node3_0_node4_0,0.4830329360937422
Train_U_2Layers_input_size_85_node1_90_node2_50_node3_0_node4_0,0.4149180695939785
Test_U_2Layers_input_size_85_node1_90_node2_50_node3_0_node4_0,0.47489663053382764
Train_U_2Layers_input_size_85_node1_90_node2_60_node3_0_node4_0,0.41170923413856086
Test_U_2Layers_input_size_85_node1_90_node2_60_node3_0_node4_0,0.4760169987648531
Train_U_2Layers_input_size_85_node1_90_node2_70_node3_0_node4_0,0.40961726060109155
Test_U_2Layers_input_size_85_node1_90_node2_70_node3_0_node4_0,0.47385717367393687
Train_U_2Layers_input_size_85_node1_90_node2_80_node3_0_node4_0,0.4685217460574695
Test_U_2Layers_input_size_85_node1_90_node2_80_node3_0_node4_0,0.5378120403742226
Train_U_2Layers_input_size_85_node1_90_node2_90_node3_0_node4_0,0.4125313970870253
Test_U_2Layers_input_size_85_node1_90_node2_90_node3_0_node4_0,0.48135676933541993
Train_U_2Layers_input_size_85_node1_90_node2_100_node3_0_node4_0,0.5218012843350519
Test_U_2Layers_input_size_85_node1_90_node2_100_node3_0_node4_0,0.5891362677811269
Train_U_1Layers_input_size_85_node1_100_node2_0_node3_0_node4_0,0.4139467293460476
Test_U_1Layers_input_size_85_node1_100_node2_0_node3_0_node4_0,0.47843323601654597
Train_U_2Layers_input_size_85_node1_100_node2_10_node3_0_node4_0,0.548804476082526
Test_U_2Layers_input_size_85_node1_100_node2_10_node3_0_node4_0,0.6168380182422105
Train_U_2Layers_input_size_85_node1_100_node2_20_node3_0_node4_0,0.4414428256924894
Test_U_2Layers_input_size_85_node1_100_node2_20_node3_0_node4_0,0.5179358056179838
Train_U_2Layers_input_size_85_node1_100_node2_30_node3_0_node4_0,0.4504358472395473
Test_U_2Layers_input_size_85_node1_100_node2_30_node3_0_node4_0,0.4969602061934928
Train_U_2Layers_input_size_85_node1_100_node2_40_node3_0_node4_0,0.4149928527239547
Test_U_2Layers_input_size_85_node1_100_node2_40_node3_0_node4_0,0.4817101947322918
Train_U_2Layers_input_size_85_node1_100_node2_50_node3_0_node4_0,0.4046084544040057
Test_U_2Layers_input_size_85_node1_100_node2_50_node3_0_node4_0,0.46983336188221647
Train_U_2Layers_input_size_85_node1_100_node2_60_node3_0_node4_0,0.40980631114480626
Test_U_2Layers_input_size_85_node1_100_node2_60_node3_0_node4_0,0.473027721744939
Train_U_2Layers_input_size_85_node1_100_node2_70_node3_0_node4_0,0.8459155584561123
Test_U_2Layers_input_size_85_node1_100_node2_70_node3_0_node4_0,0.8355619710064122
Train_U_2Layers_input_size_85_node1_100_node2_80_node3_0_node4_0,0.4458485605931274
Test_U_2Layers_input_size_85_node1_100_node2_80_node3_0_node4_0,0.5184264518383768
Train_U_2Layers_input_size_85_node1_100_node2_90_node3_0_node4_0,0.44683255547578277
Test_U_2Layers_input_size_85_node1_100_node2_90_node3_0_node4_0,0.5136477098473882
Train_U_2Layers_input_size_85_node1_100_node2_100_node3_0_node4_0,0.434435740004547
Test_U_2Layers_input_size_85_node1_100_node2_100_node3_0_node4_0,0.5073169050524764
Train_U_1Layers_input_size_90_node1_10_node2_0_node3_0_node4_0,0.42655929731906383
Test_U_1Layers_input_size_90_node1_10_node2_0_node3_0_node4_0,0.49339499024108124
Train_U_2Layers_input_size_90_node1_10_node2_10_node3_0_node4_0,0.4273371310654234
Test_U_2Layers_input_size_90_node1_10_node2_10_node3_0_node4_0,0.4988406568848451
Train_U_2Layers_input_size_90_node1_10_node2_20_node3_0_node4_0,0.4262984398196988
Test_U_2Layers_input_size_90_node1_10_node2_20_node3_0_node4_0,0.4990838419268918
Train_U_2Layers_input_size_90_node1_10_node2_30_node3_0_node4_0,0.42657089504602425
Test_U_2Layers_input_size_90_node1_10_node2_30_node3_0_node4_0,0.49914508986554706
Train_U_2Layers_input_size_90_node1_10_node2_40_node3_0_node4_0,0.42270552159378993
Test_U_2Layers_input_size_90_node1_10_node2_40_node3_0_node4_0,0.49760688345251786
Train_U_2Layers_input_size_90_node1_10_node2_50_node3_0_node4_0,0.4309002321710977
Test_U_2Layers_input_size_90_node1_10_node2_50_node3_0_node4_0,0.5016136654339193
Train_U_2Layers_input_size_90_node1_10_node2_60_node3_0_node4_0,0.40549975590869036
Test_U_2Layers_input_size_90_node1_10_node2_60_node3_0_node4_0,0.4733650787911449
Train_U_2Layers_input_size_90_node1_10_node2_70_node3_0_node4_0,0.42331680534355315
Test_U_2Layers_input_size_90_node1_10_node2_70_node3_0_node4_0,0.4865945752547032
Train_U_2Layers_input_size_90_node1_10_node2_80_node3_0_node4_0,0.4187384674989397
Test_U_2Layers_input_size_90_node1_10_node2_80_node3_0_node4_0,0.4893170014477789
Train_U_2Layers_input_size_90_node1_10_node2_90_node3_0_node4_0,0.41373045221118093
Test_U_2Layers_input_size_90_node1_10_node2_90_node3_0_node4_0,0.47965663412984505
Train_U_2Layers_input_size_90_node1_10_node2_100_node3_0_node4_0,0.4166471317798181
Test_U_2Layers_input_size_90_node1_10_node2_100_node3_0_node4_0,0.48610674557163686
Train_U_1Layers_input_size_90_node1_20_node2_0_node3_0_node4_0,0.43467342567832307
Test_U_1Layers_input_size_90_node1_20_node2_0_node3_0_node4_0,0.5101781469438985
Train_U_2Layers_input_size_90_node1_20_node2_10_node3_0_node4_0,0.42758754491928186
Test_U_2Layers_input_size_90_node1_20_node2_10_node3_0_node4_0,0.5030249348047511
Train_U_2Layers_input_size_90_node1_20_node2_20_node3_0_node4_0,0.4351262340774723
Test_U_2Layers_input_size_90_node1_20_node2_20_node3_0_node4_0,0.5112370560739943
Train_U_2Layers_input_size_90_node1_20_node2_30_node3_0_node4_0,0.42304193735103063
Test_U_2Layers_input_size_90_node1_20_node2_30_node3_0_node4_0,0.4937505577180827
Train_U_2Layers_input_size_90_node1_20_node2_40_node3_0_node4_0,0.4152891056598918
Test_U_2Layers_input_size_90_node1_20_node2_40_node3_0_node4_0,0.48518996743505133
Train_U_2Layers_input_size_90_node1_20_node2_50_node3_0_node4_0,0.43104413619823606
Test_U_2Layers_input_size_90_node1_20_node2_50_node3_0_node4_0,0.49121155937868344
Train_U_2Layers_input_size_90_node1_20_node2_60_node3_0_node4_0,0.42205531187643114
Test_U_2Layers_input_size_90_node1_20_node2_60_node3_0_node4_0,0.4924925963576297
Train_U_2Layers_input_size_90_node1_20_node2_70_node3_0_node4_0,0.4141533589991501
Test_U_2Layers_input_size_90_node1_20_node2_70_node3_0_node4_0,0.4828033792072483
Train_U_2Layers_input_size_90_node1_20_node2_80_node3_0_node4_0,0.4131380052871202
Test_U_2Layers_input_size_90_node1_20_node2_80_node3_0_node4_0,0.47681154716377494
Train_U_2Layers_input_size_90_node1_20_node2_90_node3_0_node4_0,0.4638579197007973
Test_U_2Layers_input_size_90_node1_20_node2_90_node3_0_node4_0,0.5090401116137913
Train_U_2Layers_input_size_90_node1_20_node2_100_node3_0_node4_0,0.4097627659671563
Test_U_2Layers_input_size_90_node1_20_node2_100_node3_0_node4_0,0.4775631982363651
Train_U_1Layers_input_size_90_node1_30_node2_0_node3_0_node4_0,0.41059985921414166
Test_U_1Layers_input_size_90_node1_30_node2_0_node3_0_node4_0,0.4769344754208758
Train_U_2Layers_input_size_90_node1_30_node2_10_node3_0_node4_0,0.415168167678287
Test_U_2Layers_input_size_90_node1_30_node2_10_node3_0_node4_0,0.4851692210258739
Train_U_2Layers_input_size_90_node1_30_node2_20_node3_0_node4_0,0.4338061353818109
Test_U_2Layers_input_size_90_node1_30_node2_20_node3_0_node4_0,0.5030730700496739
Train_U_2Layers_input_size_90_node1_30_node2_30_node3_0_node4_0,0.41336281157301347
Test_U_2Layers_input_size_90_node1_30_node2_30_node3_0_node4_0,0.4829386827087336
Train_U_2Layers_input_size_90_node1_30_node2_40_node3_0_node4_0,0.4426958605935327
Test_U_2Layers_input_size_90_node1_30_node2_40_node3_0_node4_0,0.514647887372586
Train_U_2Layers_input_size_90_node1_30_node2_50_node3_0_node4_0,0.4156371710006267
Test_U_2Layers_input_size_90_node1_30_node2_50_node3_0_node4_0,0.47800276384292795
Train_U_2Layers_input_size_90_node1_30_node2_60_node3_0_node4_0,0.44457912287852996
Test_U_2Layers_input_size_90_node1_30_node2_60_node3_0_node4_0,0.4980520210748234
Train_U_2Layers_input_size_90_node1_30_node2_70_node3_0_node4_0,0.4163693817879651
Test_U_2Layers_input_size_90_node1_30_node2_70_node3_0_node4_0,0.48781849104179453
Train_U_2Layers_input_size_90_node1_30_node2_80_node3_0_node4_0,0.4660700482471741
Test_U_2Layers_input_size_90_node1_30_node2_80_node3_0_node4_0,0.5363916769251028
Train_U_2Layers_input_size_90_node1_30_node2_90_node3_0_node4_0,0.41596658623595223
Test_U_2Layers_input_size_90_node1_30_node2_90_node3_0_node4_0,0.48333377598325694
Train_U_2Layers_input_size_90_node1_30_node2_100_node3_0_node4_0,0.46549927146907877
Test_U_2Layers_input_size_90_node1_30_node2_100_node3_0_node4_0,0.5349036407148544
Train_U_1Layers_input_size_90_node1_40_node2_0_node3_0_node4_0,0.4187015455594634
Test_U_1Layers_input_size_90_node1_40_node2_0_node3_0_node4_0,0.4878870937198238
Train_U_2Layers_input_size_90_node1_40_node2_10_node3_0_node4_0,0.42129531523229713
Test_U_2Layers_input_size_90_node1_40_node2_10_node3_0_node4_0,0.49267980386776095
Train_U_2Layers_input_size_90_node1_40_node2_20_node3_0_node4_0,0.42047182488141105
Test_U_2Layers_input_size_90_node1_40_node2_20_node3_0_node4_0,0.4912516916406057
Train_U_2Layers_input_size_90_node1_40_node2_30_node3_0_node4_0,0.428303744599706
Test_U_2Layers_input_size_90_node1_40_node2_30_node3_0_node4_0,0.5008218388764392
Train_U_2Layers_input_size_90_node1_40_node2_40_node3_0_node4_0,0.41849986761813424
Test_U_2Layers_input_size_90_node1_40_node2_40_node3_0_node4_0,0.48166077533779744
Train_U_2Layers_input_size_90_node1_40_node2_50_node3_0_node4_0,0.4283673554142707
Test_U_2Layers_input_size_90_node1_40_node2_50_node3_0_node4_0,0.50247924780815
Train_U_2Layers_input_size_90_node1_40_node2_60_node3_0_node4_0,0.4142562305037144
Test_U_2Layers_input_size_90_node1_40_node2_60_node3_0_node4_0,0.4834047259297415
Train_U_2Layers_input_size_90_node1_40_node2_70_node3_0_node4_0,0.4220060215696671
Test_U_2Layers_input_size_90_node1_40_node2_70_node3_0_node4_0,0.49424382214020895
Train_U_2Layers_input_size_90_node1_40_node2_80_node3_0_node4_0,0.42099205091247943
Test_U_2Layers_input_size_90_node1_40_node2_80_node3_0_node4_0,0.48816241534897586
Train_U_2Layers_input_size_90_node1_40_node2_90_node3_0_node4_0,0.43215450922233145
Test_U_2Layers_input_size_90_node1_40_node2_90_node3_0_node4_0,0.4844012714767779
Train_U_2Layers_input_size_90_node1_40_node2_100_node3_0_node4_0,0.41402170592110693
Test_U_2Layers_input_size_90_node1_40_node2_100_node3_0_node4_0,0.48264404926087495
Train_U_1Layers_input_size_90_node1_50_node2_0_node3_0_node4_0,0.44994742960623296
Test_U_1Layers_input_size_90_node1_50_node2_0_node3_0_node4_0,0.5208907159348134
Train_U_2Layers_input_size_90_node1_50_node2_10_node3_0_node4_0,0.4200109697793989
Test_U_2Layers_input_size_90_node1_50_node2_10_node3_0_node4_0,0.49209899712142346
Train_U_2Layers_input_size_90_node1_50_node2_20_node3_0_node4_0,0.4292601107126987
Test_U_2Layers_input_size_90_node1_50_node2_20_node3_0_node4_0,0.4942937621200552
Train_U_2Layers_input_size_90_node1_50_node2_30_node3_0_node4_0,0.41457152118181373
Test_U_2Layers_input_size_90_node1_50_node2_30_node3_0_node4_0,0.48335307515319265
Train_U_2Layers_input_size_90_node1_50_node2_40_node3_0_node4_0,0.4190857658498948
Test_U_2Layers_input_size_90_node1_50_node2_40_node3_0_node4_0,0.4825669506793144
Train_U_2Layers_input_size_90_node1_50_node2_50_node3_0_node4_0,0.4215231770640221
Test_U_2Layers_input_size_90_node1_50_node2_50_node3_0_node4_0,0.48057080557347676
Train_U_2Layers_input_size_90_node1_50_node2_60_node3_0_node4_0,0.4209254315918225
Test_U_2Layers_input_size_90_node1_50_node2_60_node3_0_node4_0,0.4935437846215491
Train_U_2Layers_input_size_90_node1_50_node2_70_node3_0_node4_0,0.42551074053009846
Test_U_2Layers_input_size_90_node1_50_node2_70_node3_0_node4_0,0.4834717203714382
Train_U_2Layers_input_size_90_node1_50_node2_80_node3_0_node4_0,0.4240084321728794
Test_U_2Layers_input_size_90_node1_50_node2_80_node3_0_node4_0,0.479370972020859
Train_U_2Layers_input_size_90_node1_50_node2_90_node3_0_node4_0,0.43386857885424573
Test_U_2Layers_input_size_90_node1_50_node2_90_node3_0_node4_0,0.48551592739725474
Train_U_2Layers_input_size_90_node1_50_node2_100_node3_0_node4_0,0.4116617637443984
Test_U_2Layers_input_size_90_node1_50_node2_100_node3_0_node4_0,0.47798608557049077
Train_U_1Layers_input_size_90_node1_60_node2_0_node3_0_node4_0,0.41272763343690433
Test_U_1Layers_input_size_90_node1_60_node2_0_node3_0_node4_0,0.480962530579085
Train_U_2Layers_input_size_90_node1_60_node2_10_node3_0_node4_0,0.41786178218329495
Test_U_2Layers_input_size_90_node1_60_node2_10_node3_0_node4_0,0.47734011072747545
Train_U_2Layers_input_size_90_node1_60_node2_20_node3_0_node4_0,0.4322543032328832
Test_U_2Layers_input_size_90_node1_60_node2_20_node3_0_node4_0,0.5050662683214892
Train_U_2Layers_input_size_90_node1_60_node2_30_node3_0_node4_0,0.42458708001836815
Test_U_2Layers_input_size_90_node1_60_node2_30_node3_0_node4_0,0.495320415734418
Train_U_2Layers_input_size_90_node1_60_node2_40_node3_0_node4_0,0.4074993546311118
Test_U_2Layers_input_size_90_node1_60_node2_40_node3_0_node4_0,0.4741215337560716
Train_U_2Layers_input_size_90_node1_60_node2_50_node3_0_node4_0,0.4174623719693419
Test_U_2Layers_input_size_90_node1_60_node2_50_node3_0_node4_0,0.48926452814849725
Train_U_2Layers_input_size_90_node1_60_node2_60_node3_0_node4_0,0.41059490543559723
Test_U_2Layers_input_size_90_node1_60_node2_60_node3_0_node4_0,0.4746172555025891
Train_U_2Layers_input_size_90_node1_60_node2_70_node3_0_node4_0,0.4072307522418706
Test_U_2Layers_input_size_90_node1_60_node2_70_node3_0_node4_0,0.47542023954405743
Train_U_2Layers_input_size_90_node1_60_node2_80_node3_0_node4_0,0.4115351070130901
Test_U_2Layers_input_size_90_node1_60_node2_80_node3_0_node4_0,0.4818077657479117
Train_U_2Layers_input_size_90_node1_60_node2_90_node3_0_node4_0,0.44010886541563177
Test_U_2Layers_input_size_90_node1_60_node2_90_node3_0_node4_0,0.495251985216663
Train_U_2Layers_input_size_90_node1_60_node2_100_node3_0_node4_0,0.4097129060562542
Test_U_2Layers_input_size_90_node1_60_node2_100_node3_0_node4_0,0.4712355993230874
Train_U_1Layers_input_size_90_node1_70_node2_0_node3_0_node4_0,0.4189908551979865
Test_U_1Layers_input_size_90_node1_70_node2_0_node3_0_node4_0,0.4881324693985063
Train_U_2Layers_input_size_90_node1_70_node2_10_node3_0_node4_0,0.4109072757527984
Test_U_2Layers_input_size_90_node1_70_node2_10_node3_0_node4_0,0.4780844477990211
Train_U_2Layers_input_size_90_node1_70_node2_20_node3_0_node4_0,0.4244395297994374
Test_U_2Layers_input_size_90_node1_70_node2_20_node3_0_node4_0,0.4949574109261081
Train_U_2Layers_input_size_90_node1_70_node2_30_node3_0_node4_0,0.4115159340469956
Test_U_2Layers_input_size_90_node1_70_node2_30_node3_0_node4_0,0.4755675294670055
Train_U_2Layers_input_size_90_node1_70_node2_40_node3_0_node4_0,0.4236664177882356
Test_U_2Layers_input_size_90_node1_70_node2_40_node3_0_node4_0,0.4955968395665795
Train_U_2Layers_input_size_90_node1_70_node2_50_node3_0_node4_0,0.43344178844659925
Test_U_2Layers_input_size_90_node1_70_node2_50_node3_0_node4_0,0.48783365715719007
Train_U_2Layers_input_size_90_node1_70_node2_60_node3_0_node4_0,0.42945867861369336
Test_U_2Layers_input_size_90_node1_70_node2_60_node3_0_node4_0,0.5016958267454258
Train_U_2Layers_input_size_90_node1_70_node2_70_node3_0_node4_0,0.43423977400489217
Test_U_2Layers_input_size_90_node1_70_node2_70_node3_0_node4_0,0.5057663408544407
Train_U_2Layers_input_size_90_node1_70_node2_80_node3_0_node4_0,0.40761454370698685
Test_U_2Layers_input_size_90_node1_70_node2_80_node3_0_node4_0,0.4731027685104962
Train_U_2Layers_input_size_90_node1_70_node2_90_node3_0_node4_0,0.40716557766504197
Test_U_2Layers_input_size_90_node1_70_node2_90_node3_0_node4_0,0.4745144847311144
Train_U_2Layers_input_size_90_node1_70_node2_100_node3_0_node4_0,0.41106724159553365
Test_U_2Layers_input_size_90_node1_70_node2_100_node3_0_node4_0,0.4765576534337476
Train_U_1Layers_input_size_90_node1_80_node2_0_node3_0_node4_0,0.4272843000495215
Test_U_1Layers_input_size_90_node1_80_node2_0_node3_0_node4_0,0.49209751335900265
Train_U_2Layers_input_size_90_node1_80_node2_10_node3_0_node4_0,0.41925977806853904
Test_U_2Layers_input_size_90_node1_80_node2_10_node3_0_node4_0,0.4741356923048985
Train_U_2Layers_input_size_90_node1_80_node2_20_node3_0_node4_0,0.4130217409865551
Test_U_2Layers_input_size_90_node1_80_node2_20_node3_0_node4_0,0.4828688215225343
Train_U_2Layers_input_size_90_node1_80_node2_30_node3_0_node4_0,0.4821571519539017
Test_U_2Layers_input_size_90_node1_80_node2_30_node3_0_node4_0,0.5226398197436901
Train_U_2Layers_input_size_90_node1_80_node2_40_node3_0_node4_0,0.4137318748641475
Test_U_2Layers_input_size_90_node1_80_node2_40_node3_0_node4_0,0.47849217571490416
Train_U_2Layers_input_size_90_node1_80_node2_50_node3_0_node4_0,0.45614108588492325
Test_U_2Layers_input_size_90_node1_80_node2_50_node3_0_node4_0,0.5039921177293116
Train_U_2Layers_input_size_90_node1_80_node2_60_node3_0_node4_0,0.40631873209606584
Test_U_2Layers_input_size_90_node1_80_node2_60_node3_0_node4_0,0.4738245939546173
Train_U_2Layers_input_size_90_node1_80_node2_70_node3_0_node4_0,0.4091174276323069
Test_U_2Layers_input_size_90_node1_80_node2_70_node3_0_node4_0,0.47587377779127066
Train_U_2Layers_input_size_90_node1_80_node2_80_node3_0_node4_0,0.40877946750335936
Test_U_2Layers_input_size_90_node1_80_node2_80_node3_0_node4_0,0.47483106231559213
Train_U_2Layers_input_size_90_node1_80_node2_90_node3_0_node4_0,0.4103428552385545
Test_U_2Layers_input_size_90_node1_80_node2_90_node3_0_node4_0,0.47364712723012115
Train_U_2Layers_input_size_90_node1_80_node2_100_node3_0_node4_0,0.4116318996545081
Test_U_2Layers_input_size_90_node1_80_node2_100_node3_0_node4_0,0.47413358662073857
Train_U_1Layers_input_size_90_node1_90_node2_0_node3_0_node4_0,0.5334968456561177
Test_U_1Layers_input_size_90_node1_90_node2_0_node3_0_node4_0,0.6026567687273946
Train_U_2Layers_input_size_90_node1_90_node2_10_node3_0_node4_0,0.42284897237429336
Test_U_2Layers_input_size_90_node1_90_node2_10_node3_0_node4_0,0.4943480226025948
Train_U_2Layers_input_size_90_node1_90_node2_20_node3_0_node4_0,0.4093106954607326
Test_U_2Layers_input_size_90_node1_90_node2_20_node3_0_node4_0,0.476118334168963
Train_U_2Layers_input_size_90_node1_90_node2_30_node3_0_node4_0,0.4181102441883964
Test_U_2Layers_input_size_90_node1_90_node2_30_node3_0_node4_0,0.4762848060634843
Train_U_2Layers_input_size_90_node1_90_node2_40_node3_0_node4_0,0.41283206939516615
Test_U_2Layers_input_size_90_node1_90_node2_40_node3_0_node4_0,0.47262530580221684
Train_U_2Layers_input_size_90_node1_90_node2_50_node3_0_node4_0,0.4094885523026206
Test_U_2Layers_input_size_90_node1_90_node2_50_node3_0_node4_0,0.47656285958198363
Train_U_2Layers_input_size_90_node1_90_node2_60_node3_0_node4_0,0.41298966604863413
Test_U_2Layers_input_size_90_node1_90_node2_60_node3_0_node4_0,0.4784477185703515
Train_U_2Layers_input_size_90_node1_90_node2_70_node3_0_node4_0,0.42587665923780393
Test_U_2Layers_input_size_90_node1_90_node2_70_node3_0_node4_0,0.49791020032708694
Train_U_2Layers_input_size_90_node1_90_node2_80_node3_0_node4_0,0.4328611215761986
Test_U_2Layers_input_size_90_node1_90_node2_80_node3_0_node4_0,0.5038204859413105
Train_U_2Layers_input_size_90_node1_90_node2_90_node3_0_node4_0,0.4136605561088402
Test_U_2Layers_input_size_90_node1_90_node2_90_node3_0_node4_0,0.47755798739200983
Train_U_2Layers_input_size_90_node1_90_node2_100_node3_0_node4_0,0.460269719043828
Test_U_2Layers_input_size_90_node1_90_node2_100_node3_0_node4_0,0.5028059723918153
Train_U_1Layers_input_size_90_node1_100_node2_0_node3_0_node4_0,0.45242806803397706
Test_U_1Layers_input_size_90_node1_100_node2_0_node3_0_node4_0,0.5250643032294114
Train_U_2Layers_input_size_90_node1_100_node2_10_node3_0_node4_0,0.4145818907586436
Test_U_2Layers_input_size_90_node1_100_node2_10_node3_0_node4_0,0.4840141305712901
Train_U_2Layers_input_size_90_node1_100_node2_20_node3_0_node4_0,0.41647056097285373
Test_U_2Layers_input_size_90_node1_100_node2_20_node3_0_node4_0,0.48784550869762583
Train_U_2Layers_input_size_90_node1_100_node2_30_node3_0_node4_0,0.4429319228484195
Test_U_2Layers_input_size_90_node1_100_node2_30_node3_0_node4_0,0.5158441540235875
Train_U_2Layers_input_size_90_node1_100_node2_40_node3_0_node4_0,0.4180981622872684
Test_U_2Layers_input_size_90_node1_100_node2_40_node3_0_node4_0,0.47750305164819995
Train_U_2Layers_input_size_90_node1_100_node2_50_node3_0_node4_0,0.45278753671224986
Test_U_2Layers_input_size_90_node1_100_node2_50_node3_0_node4_0,0.49778275311729414
Train_U_2Layers_input_size_90_node1_100_node2_60_node3_0_node4_0,0.45989309405860734
Test_U_2Layers_input_size_90_node1_100_node2_60_node3_0_node4_0,0.5298553560921287
Train_U_2Layers_input_size_90_node1_100_node2_70_node3_0_node4_0,0.4094332544359678
Test_U_2Layers_input_size_90_node1_100_node2_70_node3_0_node4_0,0.4728550295917349
Train_U_2Layers_input_size_90_node1_100_node2_80_node3_0_node4_0,0.40873203964321614
Test_U_2Layers_input_size_90_node1_100_node2_80_node3_0_node4_0,0.47333237075651824
Train_U_2Layers_input_size_90_node1_100_node2_90_node3_0_node4_0,0.41822106775951184
Test_U_2Layers_input_size_90_node1_100_node2_90_node3_0_node4_0,0.4874196041278672
Train_U_2Layers_input_size_90_node1_100_node2_100_node3_0_node4_0,0.41219075922512544
Test_U_2Layers_input_size_90_node1_100_node2_100_node3_0_node4_0,0.48262421229648206
Train_U_1Layers_input_size_95_node1_10_node2_0_node3_0_node4_0,0.46295590483618726
Test_U_1Layers_input_size_95_node1_10_node2_0_node3_0_node4_0,0.5362908802589331
Train_U_2Layers_input_size_95_node1_10_node2_10_node3_0_node4_0,0.4261054108677885
Test_U_2Layers_input_size_95_node1_10_node2_10_node3_0_node4_0,0.494063782277093
Train_U_2Layers_input_size_95_node1_10_node2_20_node3_0_node4_0,0.47068740691854094
Test_U_2Layers_input_size_95_node1_10_node2_20_node3_0_node4_0,0.5180006785498781
Train_U_2Layers_input_size_95_node1_10_node2_30_node3_0_node4_0,0.44414227635488446
Test_U_2Layers_input_size_95_node1_10_node2_30_node3_0_node4_0,0.5040369973113689
Train_U_2Layers_input_size_95_node1_10_node2_40_node3_0_node4_0,0.42345376775256516
Test_U_2Layers_input_size_95_node1_10_node2_40_node3_0_node4_0,0.4929364878500318
Train_U_2Layers_input_size_95_node1_10_node2_50_node3_0_node4_0,0.42582140741924
Test_U_2Layers_input_size_95_node1_10_node2_50_node3_0_node4_0,0.4927833371674307
Train_U_2Layers_input_size_95_node1_10_node2_60_node3_0_node4_0,0.528036213922543
Test_U_2Layers_input_size_95_node1_10_node2_60_node3_0_node4_0,0.5985302985130057
Train_U_2Layers_input_size_95_node1_10_node2_70_node3_0_node4_0,0.41425308303974956
Test_U_2Layers_input_size_95_node1_10_node2_70_node3_0_node4_0,0.4814983594040536
Train_U_2Layers_input_size_95_node1_10_node2_80_node3_0_node4_0,0.41679168454829013
Test_U_2Layers_input_size_95_node1_10_node2_80_node3_0_node4_0,0.48055272802845306
Train_U_2Layers_input_size_95_node1_10_node2_90_node3_0_node4_0,0.42050611085454404
Test_U_2Layers_input_size_95_node1_10_node2_90_node3_0_node4_0,0.4944406284748774
Train_U_2Layers_input_size_95_node1_10_node2_100_node3_0_node4_0,0.44110003965179156
Test_U_2Layers_input_size_95_node1_10_node2_100_node3_0_node4_0,0.5153493144231285
Train_U_1Layers_input_size_95_node1_20_node2_0_node3_0_node4_0,0.4391840640892213
Test_U_1Layers_input_size_95_node1_20_node2_0_node3_0_node4_0,0.49640504576933514
Train_U_2Layers_input_size_95_node1_20_node2_10_node3_0_node4_0,0.4304785642526302
Test_U_2Layers_input_size_95_node1_20_node2_10_node3_0_node4_0,0.5037344114669853
Train_U_2Layers_input_size_95_node1_20_node2_20_node3_0_node4_0,0.42914093975928536
Test_U_2Layers_input_size_95_node1_20_node2_20_node3_0_node4_0,0.49895130390108106
Train_U_2Layers_input_size_95_node1_20_node2_30_node3_0_node4_0,0.4608044189754502
Test_U_2Layers_input_size_95_node1_20_node2_30_node3_0_node4_0,0.5334949742682001
Train_U_2Layers_input_size_95_node1_20_node2_40_node3_0_node4_0,0.5048028819934414
Test_U_2Layers_input_size_95_node1_20_node2_40_node3_0_node4_0,0.5740825465590048
Train_U_2Layers_input_size_95_node1_20_node2_50_node3_0_node4_0,0.4331948275240129
Test_U_2Layers_input_size_95_node1_20_node2_50_node3_0_node4_0,0.5062564484456358
Train_U_2Layers_input_size_95_node1_20_node2_60_node3_0_node4_0,0.4427613245346669
Test_U_2Layers_input_size_95_node1_20_node2_60_node3_0_node4_0,0.49538512193925704
Train_U_2Layers_input_size_95_node1_20_node2_70_node3_0_node4_0,0.42111225405998987
Test_U_2Layers_input_size_95_node1_20_node2_70_node3_0_node4_0,0.4836924881964416
Train_U_2Layers_input_size_95_node1_20_node2_80_node3_0_node4_0,0.43995251572751654
Test_U_2Layers_input_size_95_node1_20_node2_80_node3_0_node4_0,0.5128438970426
Train_U_2Layers_input_size_95_node1_20_node2_90_node3_0_node4_0,0.4237940902053075
Test_U_2Layers_input_size_95_node1_20_node2_90_node3_0_node4_0,0.4817462004129164
Train_U_2Layers_input_size_95_node1_20_node2_100_node3_0_node4_0,0.42894852990942256
Test_U_2Layers_input_size_95_node1_20_node2_100_node3_0_node4_0,0.4890002335955446
Train_U_1Layers_input_size_95_node1_30_node2_0_node3_0_node4_0,0.43433327371538816
Test_U_1Layers_input_size_95_node1_30_node2_0_node3_0_node4_0,0.4959870922145303
Train_U_2Layers_input_size_95_node1_30_node2_10_node3_0_node4_0,0.424166794575795
Test_U_2Layers_input_size_95_node1_30_node2_10_node3_0_node4_0,0.4898074141171775
Train_U_2Layers_input_size_95_node1_30_node2_20_node3_0_node4_0,0.433903231447165
Test_U_2Layers_input_size_95_node1_30_node2_20_node3_0_node4_0,0.5044416496078764
Train_U_2Layers_input_size_95_node1_30_node2_30_node3_0_node4_0,0.41232234640537946
Test_U_2Layers_input_size_95_node1_30_node2_30_node3_0_node4_0,0.48340754644886025
Train_U_2Layers_input_size_95_node1_30_node2_40_node3_0_node4_0,0.444632915141103
Test_U_2Layers_input_size_95_node1_30_node2_40_node3_0_node4_0,0.5201311591603527
Train_U_2Layers_input_size_95_node1_30_node2_50_node3_0_node4_0,0.4145699576355952
Test_U_2Layers_input_size_95_node1_30_node2_50_node3_0_node4_0,0.47623909467191206
Train_U_2Layers_input_size_95_node1_30_node2_60_node3_0_node4_0,0.42160740948944053
Test_U_2Layers_input_size_95_node1_30_node2_60_node3_0_node4_0,0.48270789250812096
Train_U_2Layers_input_size_95_node1_30_node2_70_node3_0_node4_0,0.42673888699185947
Test_U_2Layers_input_size_95_node1_30_node2_70_node3_0_node4_0,0.4971387774788657
Train_U_2Layers_input_size_95_node1_30_node2_80_node3_0_node4_0,0.41144059138938105
Test_U_2Layers_input_size_95_node1_30_node2_80_node3_0_node4_0,0.4716091695636635
Train_U_2Layers_input_size_95_node1_30_node2_90_node3_0_node4_0,0.4187626829646422
Test_U_2Layers_input_size_95_node1_30_node2_90_node3_0_node4_0,0.477165918892703
Train_U_2Layers_input_size_95_node1_30_node2_100_node3_0_node4_0,0.41164860571239753
Test_U_2Layers_input_size_95_node1_30_node2_100_node3_0_node4_0,0.47498949942777724
Train_U_1Layers_input_size_95_node1_40_node2_0_node3_0_node4_0,0.4445764247151336
Test_U_1Layers_input_size_95_node1_40_node2_0_node3_0_node4_0,0.5040948795672259
Train_U_2Layers_input_size_95_node1_40_node2_10_node3_0_node4_0,0.4241810572899196
Test_U_2Layers_input_size_95_node1_40_node2_10_node3_0_node4_0,0.4930856321307148
Train_U_2Layers_input_size_95_node1_40_node2_20_node3_0_node4_0,0.42916206832693815
Test_U_2Layers_input_size_95_node1_40_node2_20_node3_0_node4_0,0.5048804513665777
Train_U_2Layers_input_size_95_node1_40_node2_30_node3_0_node4_0,0.43434444086722634
Test_U_2Layers_input_size_95_node1_40_node2_30_node3_0_node4_0,0.5061422315732254
Train_U_2Layers_input_size_95_node1_40_node2_40_node3_0_node4_0,0.4174502177739235
Test_U_2Layers_input_size_95_node1_40_node2_40_node3_0_node4_0,0.4811234859037374
Train_U_2Layers_input_size_95_node1_40_node2_50_node3_0_node4_0,0.46118558252930886
Test_U_2Layers_input_size_95_node1_40_node2_50_node3_0_node4_0,0.5085712339981038
Train_U_2Layers_input_size_95_node1_40_node2_60_node3_0_node4_0,0.4089183109124192
Test_U_2Layers_input_size_95_node1_40_node2_60_node3_0_node4_0,0.4761567342602623
Train_U_2Layers_input_size_95_node1_40_node2_70_node3_0_node4_0,0.41879881673917146
Test_U_2Layers_input_size_95_node1_40_node2_70_node3_0_node4_0,0.47832517921274126
Train_U_2Layers_input_size_95_node1_40_node2_80_node3_0_node4_0,0.41124174799654956
Test_U_2Layers_input_size_95_node1_40_node2_80_node3_0_node4_0,0.4790264283775661
Train_U_2Layers_input_size_95_node1_40_node2_90_node3_0_node4_0,0.4367796212290368
Test_U_2Layers_input_size_95_node1_40_node2_90_node3_0_node4_0,0.5093837784086789
Train_U_2Layers_input_size_95_node1_40_node2_100_node3_0_node4_0,0.44120118770828576
Test_U_2Layers_input_size_95_node1_40_node2_100_node3_0_node4_0,0.5158934905646212
Train_U_1Layers_input_size_95_node1_50_node2_0_node3_0_node4_0,0.42811896396475074
Test_U_1Layers_input_size_95_node1_50_node2_0_node3_0_node4_0,0.4856879989038285
Train_U_2Layers_input_size_95_node1_50_node2_10_node3_0_node4_0,0.44774525341795973
Test_U_2Layers_input_size_95_node1_50_node2_10_node3_0_node4_0,0.5229167340444494
Train_U_2Layers_input_size_95_node1_50_node2_20_node3_0_node4_0,0.4524644937600273
Test_U_2Layers_input_size_95_node1_50_node2_20_node3_0_node4_0,0.5248447688264035
Train_U_2Layers_input_size_95_node1_50_node2_30_node3_0_node4_0,0.41427175164770386
Test_U_2Layers_input_size_95_node1_50_node2_30_node3_0_node4_0,0.47831598905304923
Train_U_2Layers_input_size_95_node1_50_node2_40_node3_0_node4_0,0.41683451331532256
Test_U_2Layers_input_size_95_node1_50_node2_40_node3_0_node4_0,0.48704844677266934
Train_U_2Layers_input_size_95_node1_50_node2_50_node3_0_node4_0,0.41481753552041456
Test_U_2Layers_input_size_95_node1_50_node2_50_node3_0_node4_0,0.4800953227998625
Train_U_2Layers_input_size_95_node1_50_node2_60_node3_0_node4_0,0.44616924655830087
Test_U_2Layers_input_size_95_node1_50_node2_60_node3_0_node4_0,0.49338769657759
Train_U_2Layers_input_size_95_node1_50_node2_70_node3_0_node4_0,0.42575218381450436
Test_U_2Layers_input_size_95_node1_50_node2_70_node3_0_node4_0,0.4983126660381037
Train_U_2Layers_input_size_95_node1_50_node2_80_node3_0_node4_0,0.4191200052186154
Test_U_2Layers_input_size_95_node1_50_node2_80_node3_0_node4_0,0.4783486522598555
Train_U_2Layers_input_size_95_node1_50_node2_90_node3_0_node4_0,0.4258263415336809
Test_U_2Layers_input_size_95_node1_50_node2_90_node3_0_node4_0,0.48291186881075093
Train_U_2Layers_input_size_95_node1_50_node2_100_node3_0_node4_0,0.4423705682470549
Test_U_2Layers_input_size_95_node1_50_node2_100_node3_0_node4_0,0.5122029583444478
Train_U_1Layers_input_size_95_node1_60_node2_0_node3_0_node4_0,0.4222076658547744
Test_U_1Layers_input_size_95_node1_60_node2_0_node3_0_node4_0,0.48516244868988656
Train_U_2Layers_input_size_95_node1_60_node2_10_node3_0_node4_0,0.41522139190731394
Test_U_2Layers_input_size_95_node1_60_node2_10_node3_0_node4_0,0.4851076522542467
Train_U_2Layers_input_size_95_node1_60_node2_20_node3_0_node4_0,0.42122605533068047
Test_U_2Layers_input_size_95_node1_60_node2_20_node3_0_node4_0,0.4872106488143814
Train_U_2Layers_input_size_95_node1_60_node2_30_node3_0_node4_0,0.4245492803165642
Test_U_2Layers_input_size_95_node1_60_node2_30_node3_0_node4_0,0.4910368411776944
Train_U_2Layers_input_size_95_node1_60_node2_40_node3_0_node4_0,0.4169737121634417
Test_U_2Layers_input_size_95_node1_60_node2_40_node3_0_node4_0,0.48251504037076204
Train_U_2Layers_input_size_95_node1_60_node2_50_node3_0_node4_0,0.4431986412387721
Test_U_2Layers_input_size_95_node1_60_node2_50_node3_0_node4_0,0.49612629400725133
Train_U_2Layers_input_size_95_node1_60_node2_60_node3_0_node4_0,0.4135929360145713
Test_U_2Layers_input_size_95_node1_60_node2_60_node3_0_node4_0,0.4823627358454469
Train_U_2Layers_input_size_95_node1_60_node2_70_node3_0_node4_0,0.4235712670607593
Test_U_2Layers_input_size_95_node1_60_node2_70_node3_0_node4_0,0.478832326911991
Train_U_2Layers_input_size_95_node1_60_node2_80_node3_0_node4_0,0.4089043357667295
Test_U_2Layers_input_size_95_node1_60_node2_80_node3_0_node4_0,0.4786686399614194
Train_U_2Layers_input_size_95_node1_60_node2_90_node3_0_node4_0,0.42421551768158644
Test_U_2Layers_input_size_95_node1_60_node2_90_node3_0_node4_0,0.496580395841203
Train_U_2Layers_input_size_95_node1_60_node2_100_node3_0_node4_0,0.4092163579345797
Test_U_2Layers_input_size_95_node1_60_node2_100_node3_0_node4_0,0.4766447590359638
Train_U_1Layers_input_size_95_node1_70_node2_0_node3_0_node4_0,0.43702315842983674
Test_U_1Layers_input_size_95_node1_70_node2_0_node3_0_node4_0,0.5098135037792856
Train_U_2Layers_input_size_95_node1_70_node2_10_node3_0_node4_0,0.42025543094895074
Test_U_2Layers_input_size_95_node1_70_node2_10_node3_0_node4_0,0.4921850779640307
Train_U_2Layers_input_size_95_node1_70_node2_20_node3_0_node4_0,0.42362733998331964
Test_U_2Layers_input_size_95_node1_70_node2_20_node3_0_node4_0,0.49592525894932105
Train_U_2Layers_input_size_95_node1_70_node2_30_node3_0_node4_0,0.4107779922153028
Test_U_2Layers_input_size_95_node1_70_node2_30_node3_0_node4_0,0.47566387000138377
Train_U_2Layers_input_size_95_node1_70_node2_40_node3_0_node4_0,0.4303193734921392
Test_U_2Layers_input_size_95_node1_70_node2_40_node3_0_node4_0,0.48629633481709317
Train_U_2Layers_input_size_95_node1_70_node2_50_node3_0_node4_0,0.40958875724652377
Test_U_2Layers_input_size_95_node1_70_node2_50_node3_0_node4_0,0.47848225691315055
Train_U_2Layers_input_size_95_node1_70_node2_60_node3_0_node4_0,0.41719668374686575
Test_U_2Layers_input_size_95_node1_70_node2_60_node3_0_node4_0,0.4891862950240111
Train_U_2Layers_input_size_95_node1_70_node2_70_node3_0_node4_0,0.4742771917087698
Test_U_2Layers_input_size_95_node1_70_node2_70_node3_0_node4_0,0.5151272307331204
Train_U_2Layers_input_size_95_node1_70_node2_80_node3_0_node4_0,0.4208644136276276
Test_U_2Layers_input_size_95_node1_70_node2_80_node3_0_node4_0,0.4930101059918547
Train_U_2Layers_input_size_95_node1_70_node2_90_node3_0_node4_0,0.4140150654811284
Test_U_2Layers_input_size_95_node1_70_node2_90_node3_0_node4_0,0.48500549136326987
Train_U_2Layers_input_size_95_node1_70_node2_100_node3_0_node4_0,0.46518290993351624
Test_U_2Layers_input_size_95_node1_70_node2_100_node3_0_node4_0,0.50767512297251
Train_U_1Layers_input_size_95_node1_80_node2_0_node3_0_node4_0,0.4280074480268802
Test_U_1Layers_input_size_95_node1_80_node2_0_node3_0_node4_0,0.5027650434006541
Train_U_2Layers_input_size_95_node1_80_node2_10_node3_0_node4_0,0.4584409052872513
Test_U_2Layers_input_size_95_node1_80_node2_10_node3_0_node4_0,0.5315091679016526
Train_U_2Layers_input_size_95_node1_80_node2_20_node3_0_node4_0,0.4178862624012885
Test_U_2Layers_input_size_95_node1_80_node2_20_node3_0_node4_0,0.4778698826495154
Train_U_2Layers_input_size_95_node1_80_node2_30_node3_0_node4_0,0.43854258832434473
Test_U_2Layers_input_size_95_node1_80_node2_30_node3_0_node4_0,0.5112794635835459
Train_U_2Layers_input_size_95_node1_80_node2_40_node3_0_node4_0,0.4122568381918122
Test_U_2Layers_input_size_95_node1_80_node2_40_node3_0_node4_0,0.47337510481501593
Train_U_2Layers_input_size_95_node1_80_node2_50_node3_0_node4_0,0.41292377652816553
Test_U_2Layers_input_size_95_node1_80_node2_50_node3_0_node4_0,0.47722949582051083
Train_U_2Layers_input_size_95_node1_80_node2_60_node3_0_node4_0,0.49499897044007324
Test_U_2Layers_input_size_95_node1_80_node2_60_node3_0_node4_0,0.5641570849382087
Train_U_2Layers_input_size_95_node1_80_node2_70_node3_0_node4_0,0.4111788218797648
Test_U_2Layers_input_size_95_node1_80_node2_70_node3_0_node4_0,0.48183085265335274
Train_U_2Layers_input_size_95_node1_80_node2_80_node3_0_node4_0,0.43032448111305427
Test_U_2Layers_input_size_95_node1_80_node2_80_node3_0_node4_0,0.5035636979527148
Train_U_2Layers_input_size_95_node1_80_node2_90_node3_0_node4_0,0.4175009382260225
Test_U_2Layers_input_size_95_node1_80_node2_90_node3_0_node4_0,0.48833085380365193
Train_U_2Layers_input_size_95_node1_80_node2_100_node3_0_node4_0,0.4166309301627851
Test_U_2Layers_input_size_95_node1_80_node2_100_node3_0_node4_0,0.47610193416420515
Train_U_1Layers_input_size_95_node1_90_node2_0_node3_0_node4_0,0.41590944466383967
Test_U_1Layers_input_size_95_node1_90_node2_0_node3_0_node4_0,0.4862554258372351
Train_U_2Layers_input_size_95_node1_90_node2_10_node3_0_node4_0,0.4193273905010537
Test_U_2Layers_input_size_95_node1_90_node2_10_node3_0_node4_0,0.4874845184411061
Train_U_2Layers_input_size_95_node1_90_node2_20_node3_0_node4_0,0.44391387344791094
Test_U_2Layers_input_size_95_node1_90_node2_20_node3_0_node4_0,0.5192086788719519
Train_U_2Layers_input_size_95_node1_90_node2_30_node3_0_node4_0,0.4255067482916347
Test_U_2Layers_input_size_95_node1_90_node2_30_node3_0_node4_0,0.4978287761587352
Train_U_2Layers_input_size_95_node1_90_node2_40_node3_0_node4_0,0.41534753443568334
Test_U_2Layers_input_size_95_node1_90_node2_40_node3_0_node4_0,0.48010657391476086
Train_U_2Layers_input_size_95_node1_90_node2_50_node3_0_node4_0,0.4378306127391571
Test_U_2Layers_input_size_95_node1_90_node2_50_node3_0_node4_0,0.5117057915131507
Train_U_2Layers_input_size_95_node1_90_node2_60_node3_0_node4_0,0.4156557415944125
Test_U_2Layers_input_size_95_node1_90_node2_60_node3_0_node4_0,0.48639491591588496
Train_U_2Layers_input_size_95_node1_90_node2_70_node3_0_node4_0,0.4567974666397859
Test_U_2Layers_input_size_95_node1_90_node2_70_node3_0_node4_0,0.5042532384122578
Train_U_2Layers_input_size_95_node1_90_node2_80_node3_0_node4_0,0.42326676421022896
Test_U_2Layers_input_size_95_node1_90_node2_80_node3_0_node4_0,0.4941211138706843
Train_U_2Layers_input_size_95_node1_90_node2_90_node3_0_node4_0,0.41196694104766063
Test_U_2Layers_input_size_95_node1_90_node2_90_node3_0_node4_0,0.4822433851914619
Train_U_2Layers_input_size_95_node1_90_node2_100_node3_0_node4_0,0.4429251439128706
Test_U_2Layers_input_size_95_node1_90_node2_100_node3_0_node4_0,0.5135883509970426
Train_U_1Layers_input_size_95_node1_100_node2_0_node3_0_node4_0,0.43717573274123567
Test_U_1Layers_input_size_95_node1_100_node2_0_node3_0_node4_0,0.5097182387035509
Train_U_2Layers_input_size_95_node1_100_node2_10_node3_0_node4_0,0.4511358073296424
Test_U_2Layers_input_size_95_node1_100_node2_10_node3_0_node4_0,0.5276549374804383
Train_U_2Layers_input_size_95_node1_100_node2_20_node3_0_node4_0,0.4100959915219637
Test_U_2Layers_input_size_95_node1_100_node2_20_node3_0_node4_0,0.47825858550035183
Train_U_2Layers_input_size_95_node1_100_node2_30_node3_0_node4_0,0.42918748373017973
Test_U_2Layers_input_size_95_node1_100_node2_30_node3_0_node4_0,0.48690759843497944
Train_U_2Layers_input_size_95_node1_100_node2_40_node3_0_node4_0,0.4111281188551945
Test_U_2Layers_input_size_95_node1_100_node2_40_node3_0_node4_0,0.4819518359286525
Train_U_2Layers_input_size_95_node1_100_node2_50_node3_0_node4_0,0.4257870420009487
Test_U_2Layers_input_size_95_node1_100_node2_50_node3_0_node4_0,0.47887483465758923
Train_U_2Layers_input_size_95_node1_100_node2_60_node3_0_node4_0,0.4588736867342918
Test_U_2Layers_input_size_95_node1_100_node2_60_node3_0_node4_0,0.530663559302301
Train_U_2Layers_input_size_95_node1_100_node2_70_node3_0_node4_0,0.4159840137488861
Test_U_2Layers_input_size_95_node1_100_node2_70_node3_0_node4_0,0.48780278987372155
Train_U_2Layers_input_size_95_node1_100_node2_80_node3_0_node4_0,0.41851569424419105
Test_U_2Layers_input_size_95_node1_100_node2_80_node3_0_node4_0,0.48935256923653164
Train_U_2Layers_input_size_95_node1_100_node2_90_node3_0_node4_0,0.48267584845214
Test_U_2Layers_input_size_95_node1_100_node2_90_node3_0_node4_0,0.5543042054071341
Train_U_2Layers_input_size_95_node1_100_node2_100_node3_0_node4_0,0.41149743011084666
Test_U_2Layers_input_size_95_node1_100_node2_100_node3_0_node4_0,0.48379461834288856
Train_U_1Layers_input_size_100_node1_10_node2_0_node3_0_node4_0,0.45392490355199683
Test_U_1Layers_input_size_100_node1_10_node2_0_node3_0_node4_0,0.5123022116493262
Train_U_2Layers_input_size_100_node1_10_node2_10_node3_0_node4_0,0.4130562304914037
Test_U_2Layers_input_size_100_node1_10_node2_10_node3_0_node4_0,0.48296941349276457
Train_U_2Layers_input_size_100_node1_10_node2_20_node3_0_node4_0,0.45085192147867487
Test_U_2Layers_input_size_100_node1_10_node2_20_node3_0_node4_0,0.5138900351583165
Train_U_2Layers_input_size_100_node1_10_node2_30_node3_0_node4_0,0.46169433851949593
Test_U_2Layers_input_size_100_node1_10_node2_30_node3_0_node4_0,0.5391530499908093
Train_U_2Layers_input_size_100_node1_10_node2_40_node3_0_node4_0,0.42641695494893966
Test_U_2Layers_input_size_100_node1_10_node2_40_node3_0_node4_0,0.4894643564602441
Train_U_2Layers_input_size_100_node1_10_node2_50_node3_0_node4_0,0.4658474064590894
Test_U_2Layers_input_size_100_node1_10_node2_50_node3_0_node4_0,0.540932053263639
Train_U_2Layers_input_size_100_node1_10_node2_60_node3_0_node4_0,0.43147307376127697
Test_U_2Layers_input_size_100_node1_10_node2_60_node3_0_node4_0,0.5033975147491355
Train_U_2Layers_input_size_100_node1_10_node2_70_node3_0_node4_0,0.42062553179000184
Test_U_2Layers_input_size_100_node1_10_node2_70_node3_0_node4_0,0.4874381454058504
Train_U_2Layers_input_size_100_node1_10_node2_80_node3_0_node4_0,0.4308196844113149
Test_U_2Layers_input_size_100_node1_10_node2_80_node3_0_node4_0,0.49502865152090614
Train_U_2Layers_input_size_100_node1_10_node2_90_node3_0_node4_0,0.42185733899483857
Test_U_2Layers_input_size_100_node1_10_node2_90_node3_0_node4_0,0.4954935633407778
Train_U_2Layers_input_size_100_node1_10_node2_100_node3_0_node4_0,0.4628429146817655
Test_U_2Layers_input_size_100_node1_10_node2_100_node3_0_node4_0,0.5349239207034066
Train_U_1Layers_input_size_100_node1_20_node2_0_node3_0_node4_0,0.4666354965829936
Test_U_1Layers_input_size_100_node1_20_node2_0_node3_0_node4_0,0.5221704548965093
Train_U_2Layers_input_size_100_node1_20_node2_10_node3_0_node4_0,0.41781279961197926
Test_U_2Layers_input_size_100_node1_20_node2_10_node3_0_node4_0,0.4841906596699025
Train_U_2Layers_input_size_100_node1_20_node2_20_node3_0_node4_0,0.4191093568257539
Test_U_2Layers_input_size_100_node1_20_node2_20_node3_0_node4_0,0.491747932331798
Train_U_2Layers_input_size_100_node1_20_node2_30_node3_0_node4_0,0.41535478139889453
Test_U_2Layers_input_size_100_node1_20_node2_30_node3_0_node4_0,0.47748409337117503
Train_U_2Layers_input_size_100_node1_20_node2_40_node3_0_node4_0,0.40811806116441635
Test_U_2Layers_input_size_100_node1_20_node2_40_node3_0_node4_0,0.4752772463252975
Train_U_2Layers_input_size_100_node1_20_node2_50_node3_0_node4_0,0.43447724106492325
Test_U_2Layers_input_size_100_node1_20_node2_50_node3_0_node4_0,0.4925919036995196
Train_U_2Layers_input_size_100_node1_20_node2_60_node3_0_node4_0,0.4141635051826661
Test_U_2Layers_input_size_100_node1_20_node2_60_node3_0_node4_0,0.4799022591438543
Train_U_2Layers_input_size_100_node1_20_node2_70_node3_0_node4_0,0.4195377988677115
Test_U_2Layers_input_size_100_node1_20_node2_70_node3_0_node4_0,0.4896387836492158
Train_U_2Layers_input_size_100_node1_20_node2_80_node3_0_node4_0,0.4466810779358073
Test_U_2Layers_input_size_100_node1_20_node2_80_node3_0_node4_0,0.5005777418616953
Train_U_2Layers_input_size_100_node1_20_node2_90_node3_0_node4_0,0.41534125602374644
Test_U_2Layers_input_size_100_node1_20_node2_90_node3_0_node4_0,0.48359366433877754
Train_U_2Layers_input_size_100_node1_20_node2_100_node3_0_node4_0,0.47802915173384475
Test_U_2Layers_input_size_100_node1_20_node2_100_node3_0_node4_0,0.5520518911753061
Train_U_1Layers_input_size_100_node1_30_node2_0_node3_0_node4_0,0.41400550953912324
Test_U_1Layers_input_size_100_node1_30_node2_0_node3_0_node4_0,0.4851306742685487
Train_U_2Layers_input_size_100_node1_30_node2_10_node3_0_node4_0,0.4353100085546612
Test_U_2Layers_input_size_100_node1_30_node2_10_node3_0_node4_0,0.5064333454193761
Train_U_2Layers_input_size_100_node1_30_node2_20_node3_0_node4_0,0.427072422151825
Test_U_2Layers_input_size_100_node1_30_node2_20_node3_0_node4_0,0.5022223674488889
Train_U_2Layers_input_size_100_node1_30_node2_30_node3_0_node4_0,0.4224944511873088
Test_U_2Layers_input_size_100_node1_30_node2_30_node3_0_node4_0,0.4845443091282603
Train_U_2Layers_input_size_100_node1_30_node2_40_node3_0_node4_0,0.44807565624914997
Test_U_2Layers_input_size_100_node1_30_node2_40_node3_0_node4_0,0.49922061316869315
Train_U_2Layers_input_size_100_node1_30_node2_50_node3_0_node4_0,0.49108555977788815
Test_U_2Layers_input_size_100_node1_30_node2_50_node3_0_node4_0,0.5289505110326668
Train_U_2Layers_input_size_100_node1_30_node2_60_node3_0_node4_0,0.42255525140253747
Test_U_2Layers_input_size_100_node1_30_node2_60_node3_0_node4_0,0.49378846175648605
Train_U_2Layers_input_size_100_node1_30_node2_70_node3_0_node4_0,0.4135665262310806
Test_U_2Layers_input_size_100_node1_30_node2_70_node3_0_node4_0,0.479878287629782
Train_U_2Layers_input_size_100_node1_30_node2_80_node3_0_node4_0,0.41213182867268744
Test_U_2Layers_input_size_100_node1_30_node2_80_node3_0_node4_0,0.4807414699755833
Train_U_2Layers_input_size_100_node1_30_node2_90_node3_0_node4_0,0.4179185676753329
Test_U_2Layers_input_size_100_node1_30_node2_90_node3_0_node4_0,0.4839714430342883
Train_U_2Layers_input_size_100_node1_30_node2_100_node3_0_node4_0,0.45497254550811933
Test_U_2Layers_input_size_100_node1_30_node2_100_node3_0_node4_0,0.5268471817057795
Train_U_1Layers_input_size_100_node1_40_node2_0_node3_0_node4_0,0.4207622192589491
Test_U_1Layers_input_size_100_node1_40_node2_0_node3_0_node4_0,0.49523172050760006
Train_U_2Layers_input_size_100_node1_40_node2_10_node3_0_node4_0,0.41459416498318846
Test_U_2Layers_input_size_100_node1_40_node2_10_node3_0_node4_0,0.4857484511096976
Train_U_2Layers_input_size_100_node1_40_node2_20_node3_0_node4_0,0.443256635147194
Test_U_2Layers_input_size_100_node1_40_node2_20_node3_0_node4_0,0.49983458464967134
Train_U_2Layers_input_size_100_node1_40_node2_30_node3_0_node4_0,0.425954818345522
Test_U_2Layers_input_size_100_node1_40_node2_30_node3_0_node4_0,0.5003614609235306
Train_U_2Layers_input_size_100_node1_40_node2_40_node3_0_node4_0,0.41738783494625675
Test_U_2Layers_input_size_100_node1_40_node2_40_node3_0_node4_0,0.4874518865904698
Train_U_2Layers_input_size_100_node1_40_node2_50_node3_0_node4_0,0.48577329860399315
Test_U_2Layers_input_size_100_node1_40_node2_50_node3_0_node4_0,0.5272687788052389
Train_U_2Layers_input_size_100_node1_40_node2_60_node3_0_node4_0,0.4278957289049537
Test_U_2Layers_input_size_100_node1_40_node2_60_node3_0_node4_0,0.4828182399124619
Train_U_2Layers_input_size_100_node1_40_node2_70_node3_0_node4_0,0.41532787372042906
Test_U_2Layers_input_size_100_node1_40_node2_70_node3_0_node4_0,0.48377946421373286
Train_U_2Layers_input_size_100_node1_40_node2_80_node3_0_node4_0,0.43117133473512614
Test_U_2Layers_input_size_100_node1_40_node2_80_node3_0_node4_0,0.5035944129023389
Train_U_2Layers_input_size_100_node1_40_node2_90_node3_0_node4_0,0.42826350679492736
Test_U_2Layers_input_size_100_node1_40_node2_90_node3_0_node4_0,0.4823968857690771
Train_U_2Layers_input_size_100_node1_40_node2_100_node3_0_node4_0,0.41298255799180184
Test_U_2Layers_input_size_100_node1_40_node2_100_node3_0_node4_0,0.48046256270727916
Train_U_1Layers_input_size_100_node1_50_node2_0_node3_0_node4_0,0.4194604689633176
Test_U_1Layers_input_size_100_node1_50_node2_0_node3_0_node4_0,0.49468993764097197
Train_U_2Layers_input_size_100_node1_50_node2_10_node3_0_node4_0,0.4537728709507361
Test_U_2Layers_input_size_100_node1_50_node2_10_node3_0_node4_0,0.5297699113049955
Train_U_2Layers_input_size_100_node1_50_node2_20_node3_0_node4_0,0.4300900914106507
Test_U_2Layers_input_size_100_node1_50_node2_20_node3_0_node4_0,0.502146939513184
Train_U_2Layers_input_size_100_node1_50_node2_30_node3_0_node4_0,0.44851805730976474
Test_U_2Layers_input_size_100_node1_50_node2_30_node3_0_node4_0,0.5211413108705195
Train_U_2Layers_input_size_100_node1_50_node2_40_node3_0_node4_0,0.4225250287232407
Test_U_2Layers_input_size_100_node1_50_node2_40_node3_0_node4_0,0.481409299791897
Train_U_2Layers_input_size_100_node1_50_node2_50_node3_0_node4_0,0.4151832419893041
Test_U_2Layers_input_size_100_node1_50_node2_50_node3_0_node4_0,0.4842193107195522
Train_U_2Layers_input_size_100_node1_50_node2_60_node3_0_node4_0,0.447363330547111
Test_U_2Layers_input_size_100_node1_50_node2_60_node3_0_node4_0,0.49784781273873513
Train_U_2Layers_input_size_100_node1_50_node2_70_node3_0_node4_0,0.4241733639150284
Test_U_2Layers_input_size_100_node1_50_node2_70_node3_0_node4_0,0.4976517250418241
Train_U_2Layers_input_size_100_node1_50_node2_80_node3_0_node4_0,0.478240576344644
Test_U_2Layers_input_size_100_node1_50_node2_80_node3_0_node4_0,0.550954588540129
Train_U_2Layers_input_size_100_node1_50_node2_90_node3_0_node4_0,0.4193164630804388
Test_U_2Layers_input_size_100_node1_50_node2_90_node3_0_node4_0,0.4887721683762602
Train_U_2Layers_input_size_100_node1_50_node2_100_node3_0_node4_0,0.4502205500283092
Test_U_2Layers_input_size_100_node1_50_node2_100_node3_0_node4_0,0.49951309099502983
Train_U_1Layers_input_size_100_node1_60_node2_0_node3_0_node4_0,0.41218369161886853
Test_U_1Layers_input_size_100_node1_60_node2_0_node3_0_node4_0,0.48056813894578476
Train_U_2Layers_input_size_100_node1_60_node2_10_node3_0_node4_0,0.41731116001587604
Test_U_2Layers_input_size_100_node1_60_node2_10_node3_0_node4_0,0.4870411804479193
Train_U_2Layers_input_size_100_node1_60_node2_20_node3_0_node4_0,0.4267435136926716
Test_U_2Layers_input_size_100_node1_60_node2_20_node3_0_node4_0,0.4896126105976338
Train_U_2Layers_input_size_100_node1_60_node2_30_node3_0_node4_0,0.5229370799645959
Test_U_2Layers_input_size_100_node1_60_node2_30_node3_0_node4_0,0.5901317272388658
Train_U_2Layers_input_size_100_node1_60_node2_40_node3_0_node4_0,0.41006039907262903
Test_U_2Layers_input_size_100_node1_60_node2_40_node3_0_node4_0,0.4775416212266892
Train_U_2Layers_input_size_100_node1_60_node2_50_node3_0_node4_0,0.4526761726048194
Test_U_2Layers_input_size_100_node1_60_node2_50_node3_0_node4_0,0.5015351451413761
Train_U_2Layers_input_size_100_node1_60_node2_60_node3_0_node4_0,0.4133754824706781
Test_U_2Layers_input_size_100_node1_60_node2_60_node3_0_node4_0,0.478222769047243
Train_U_2Layers_input_size_100_node1_60_node2_70_node3_0_node4_0,0.41407315222515545
Test_U_2Layers_input_size_100_node1_60_node2_70_node3_0_node4_0,0.48492262247604745
Train_U_2Layers_input_size_100_node1_60_node2_80_node3_0_node4_0,0.41439830910096526
Test_U_2Layers_input_size_100_node1_60_node2_80_node3_0_node4_0,0.4829315551089774
Train_U_2Layers_input_size_100_node1_60_node2_90_node3_0_node4_0,0.41949918897934585
Test_U_2Layers_input_size_100_node1_60_node2_90_node3_0_node4_0,0.4926430244255489
Train_U_2Layers_input_size_100_node1_60_node2_100_node3_0_node4_0,0.4298035204915837
Test_U_2Layers_input_size_100_node1_60_node2_100_node3_0_node4_0,0.5028047573140703
Train_U_1Layers_input_size_100_node1_70_node2_0_node3_0_node4_0,0.42201859185091406
Test_U_1Layers_input_size_100_node1_70_node2_0_node3_0_node4_0,0.4857710133011092
Train_U_2Layers_input_size_100_node1_70_node2_10_node3_0_node4_0,0.4149218764077964
Test_U_2Layers_input_size_100_node1_70_node2_10_node3_0_node4_0,0.47769962724032683
Train_U_2Layers_input_size_100_node1_70_node2_20_node3_0_node4_0,0.4204626992030199
Test_U_2Layers_input_size_100_node1_70_node2_20_node3_0_node4_0,0.47836422763414704
Train_U_2Layers_input_size_100_node1_70_node2_30_node3_0_node4_0,0.41672939980639956
Test_U_2Layers_input_size_100_node1_70_node2_30_node3_0_node4_0,0.486112677102367
Train_U_2Layers_input_size_100_node1_70_node2_40_node3_0_node4_0,0.4258874883139108
Test_U_2Layers_input_size_100_node1_70_node2_40_node3_0_node4_0,0.4963200270876179
Train_U_2Layers_input_size_100_node1_70_node2_50_node3_0_node4_0,0.4121962541600642
Test_U_2Layers_input_size_100_node1_70_node2_50_node3_0_node4_0,0.483797066983845
Train_U_2Layers_input_size_100_node1_70_node2_60_node3_0_node4_0,0.4635940550728242
Test_U_2Layers_input_size_100_node1_70_node2_60_node3_0_node4_0,0.5085828659838453
Train_U_2Layers_input_size_100_node1_70_node2_70_node3_0_node4_0,0.43259736439774576
Test_U_2Layers_input_size_100_node1_70_node2_70_node3_0_node4_0,0.5042717369663543
Train_U_2Layers_input_size_100_node1_70_node2_80_node3_0_node4_0,0.42882291335102657
Test_U_2Layers_input_size_100_node1_70_node2_80_node3_0_node4_0,0.4832345549862816
Train_U_2Layers_input_size_100_node1_70_node2_90_node3_0_node4_0,0.4428353594880896
Test_U_2Layers_input_size_100_node1_70_node2_90_node3_0_node4_0,0.4915418325639866
Train_U_2Layers_input_size_100_node1_70_node2_100_node3_0_node4_0,0.4146709290494421
Test_U_2Layers_input_size_100_node1_70_node2_100_node3_0_node4_0,0.4771866541457158
Train_U_1Layers_input_size_100_node1_80_node2_0_node3_0_node4_0,0.4594521431798098
Test_U_1Layers_input_size_100_node1_80_node2_0_node3_0_node4_0,0.5318908472535555
Train_U_2Layers_input_size_100_node1_80_node2_10_node3_0_node4_0,0.42318622481424856
Test_U_2Layers_input_size_100_node1_80_node2_10_node3_0_node4_0,0.48154117334016056
Train_U_2Layers_input_size_100_node1_80_node2_20_node3_0_node4_0,0.4219270603412389
Test_U_2Layers_input_size_100_node1_80_node2_20_node3_0_node4_0,0.4834007494322081
Train_U_2Layers_input_size_100_node1_80_node2_30_node3_0_node4_0,0.4278534153111327
Test_U_2Layers_input_size_100_node1_80_node2_30_node3_0_node4_0,0.49797431566846445
Train_U_2Layers_input_size_100_node1_80_node2_40_node3_0_node4_0,0.4213839251269832
Test_U_2Layers_input_size_100_node1_80_node2_40_node3_0_node4_0,0.49550638946701764
Train_U_2Layers_input_size_100_node1_80_node2_50_node3_0_node4_0,0.43728474021625013
Test_U_2Layers_input_size_100_node1_80_node2_50_node3_0_node4_0,0.49001924574288436
Train_U_2Layers_input_size_100_node1_80_node2_60_node3_0_node4_0,0.41574870756685883
Test_U_2Layers_input_size_100_node1_80_node2_60_node3_0_node4_0,0.48143938536796654
Train_U_2Layers_input_size_100_node1_80_node2_70_node3_0_node4_0,0.41600864028439966
Test_U_2Layers_input_size_100_node1_80_node2_70_node3_0_node4_0,0.48718841327535145
Train_U_2Layers_input_size_100_node1_80_node2_80_node3_0_node4_0,0.41083445109098604
Test_U_2Layers_input_size_100_node1_80_node2_80_node3_0_node4_0,0.4772636539919954
Train_U_2Layers_input_size_100_node1_80_node2_90_node3_0_node4_0,0.4115886562322714
Test_U_2Layers_input_size_100_node1_80_node2_90_node3_0_node4_0,0.4792619606987088
Train_U_2Layers_input_size_100_node1_80_node2_100_node3_0_node4_0,0.4567843202131659
Test_U_2Layers_input_size_100_node1_80_node2_100_node3_0_node4_0,0.5048407236408186
Train_U_1Layers_input_size_100_node1_90_node2_0_node3_0_node4_0,0.41638289166006043
Test_U_1Layers_input_size_100_node1_90_node2_0_node3_0_node4_0,0.4838063070267763
Train_U_2Layers_input_size_100_node1_90_node2_10_node3_0_node4_0,0.4320180632249851
Test_U_2Layers_input_size_100_node1_90_node2_10_node3_0_node4_0,0.5028196936757197
Train_U_2Layers_input_size_100_node1_90_node2_20_node3_0_node4_0,0.4508065730606612
Test_U_2Layers_input_size_100_node1_90_node2_20_node3_0_node4_0,0.5227761146849123
Train_U_2Layers_input_size_100_node1_90_node2_30_node3_0_node4_0,0.5304517358402541
Test_U_2Layers_input_size_100_node1_90_node2_30_node3_0_node4_0,0.6005941002764008
Train_U_2Layers_input_size_100_node1_90_node2_40_node3_0_node4_0,0.4344599208564372
Test_U_2Layers_input_size_100_node1_90_node2_40_node3_0_node4_0,0.489250457160163
Train_U_2Layers_input_size_100_node1_90_node2_50_node3_0_node4_0,0.41247186492569166
Test_U_2Layers_input_size_100_node1_90_node2_50_node3_0_node4_0,0.4826590538005211
Train_U_2Layers_input_size_100_node1_90_node2_60_node3_0_node4_0,0.41096014533361697
Test_U_2Layers_input_size_100_node1_90_node2_60_node3_0_node4_0,0.48091442868303547
Train_U_2Layers_input_size_100_node1_90_node2_70_node3_0_node4_0,0.444470228086389
Test_U_2Layers_input_size_100_node1_90_node2_70_node3_0_node4_0,0.49670930654855316
Train_U_2Layers_input_size_100_node1_90_node2_80_node3_0_node4_0,0.4136942359420874
Test_U_2Layers_input_size_100_node1_90_node2_80_node3_0_node4_0,0.481024196214442
Train_U_2Layers_input_size_100_node1_90_node2_90_node3_0_node4_0,0.42682111257560124
Test_U_2Layers_input_size_100_node1_90_node2_90_node3_0_node4_0,0.49943868600997865
Train_U_2Layers_input_size_100_node1_90_node2_100_node3_0_node4_0,0.40829236820935505
Test_U_2Layers_input_size_100_node1_90_node2_100_node3_0_node4_0,0.4717026225135399
Train_U_1Layers_input_size_100_node1_100_node2_0_node3_0_node4_0,0.4363615175206136
Test_U_1Layers_input_size_100_node1_100_node2_0_node3_0_node4_0,0.4906248991656352
Train_U_2Layers_input_size_100_node1_100_node2_10_node3_0_node4_0,0.41254561056498046
Test_U_2Layers_input_size_100_node1_100_node2_10_node3_0_node4_0,0.47842685109551963
Train_U_2Layers_input_size_100_node1_100_node2_20_node3_0_node4_0,0.45686772673384296
Test_U_2Layers_input_size_100_node1_100_node2_20_node3_0_node4_0,0.5303993707830054
Train_U_2Layers_input_size_100_node1_100_node2_30_node3_0_node4_0,0.4172903419920524
Test_U_2Layers_input_size_100_node1_100_node2_30_node3_0_node4_0,0.48668591616666645
Train_U_2Layers_input_size_100_node1_100_node2_40_node3_0_node4_0,0.4122569285551378
Test_U_2Layers_input_size_100_node1_100_node2_40_node3_0_node4_0,0.4822286921748076
Train_U_2Layers_input_size_100_node1_100_node2_50_node3_0_node4_0,0.43758480067610367
Test_U_2Layers_input_size_100_node1_100_node2_50_node3_0_node4_0,0.4898413340191071
Train_U_2Layers_input_size_100_node1_100_node2_60_node3_0_node4_0,0.4105374880515173
Test_U_2Layers_input_size_100_node1_100_node2_60_node3_0_node4_0,0.4725925780987261
Train_U_2Layers_input_size_100_node1_100_node2_70_node3_0_node4_0,0.41013646759282746
Test_U_2Layers_input_size_100_node1_100_node2_70_node3_0_node4_0,0.4738126433029733
Train_U_2Layers_input_size_100_node1_100_node2_80_node3_0_node4_0,0.48612460125264073
Test_U_2Layers_input_size_100_node1_100_node2_80_node3_0_node4_0,0.5256128798276973
Train_U_2Layers_input_size_100_node1_100_node2_90_node3_0_node4_0,0.42530740391511196
Test_U_2Layers_input_size_100_node1_100_node2_90_node3_0_node4_0,0.4818230746701287
Train_U_2Layers_input_size_100_node1_100_node2_100_node3_0_node4_0,0.43424361732549077
Test_U_2Layers_input_size_100_node1_100_node2_100_node3_0_node4_0,0.5068656309981132
