Test_U_2Layers_input_size_10_node1_90_node2_90_node3_0_node4_0,0.4897398563189383
Test_U_2Layers_input_size_10_node1_100_node2_100_node3_0_node4_0,0.4909169282251474
Test_U_2Layers_input_size_10_node1_30_node2_100_node3_0_node4_0,0.49507204109536285
Test_U_2Layers_input_size_10_node1_80_node2_100_node3_0_node4_0,0.49519950889596176
Test_U_2Layers_input_size_5_node1_90_node2_80_node3_0_node4_0,0.4961045932335685
Test_U_2Layers_input_size_10_node1_40_node2_90_node3_0_node4_0,0.49653871360449764
Test_U_2Layers_input_size_5_node1_30_node2_20_node3_0_node4_0,0.49668515615269043
Test_U_2Layers_input_size_10_node1_90_node2_50_node3_0_node4_0,0.4969632796071794
Test_U_2Layers_input_size_10_node1_60_node2_90_node3_0_node4_0,0.4972887589676348
Test_U_2Layers_input_size_5_node1_10_node2_70_node3_0_node4_0,0.49782871629412795
Test_U_2Layers_input_size_10_node1_70_node2_90_node3_0_node4_0,0.49804998658648103
Test_U_2Layers_input_size_10_node1_100_node2_60_node3_0_node4_0,0.49897135781933644
Test_U_2Layers_input_size_5_node1_50_node2_50_node3_0_node4_0,0.4990210785035516
Test_U_2Layers_input_size_5_node1_50_node2_60_node3_0_node4_0,0.49905181923498276
Test_U_2Layers_input_size_10_node1_70_node2_60_node3_0_node4_0,0.49959628376575044
Test_U_2Layers_input_size_15_node1_80_node2_60_node3_0_node4_0,0.49980301254844484
Test_U_2Layers_input_size_15_node1_40_node2_90_node3_0_node4_0,0.5000309934546889
Test_U_2Layers_input_size_10_node1_80_node2_80_node3_0_node4_0,0.500196597072705
Test_U_2Layers_input_size_10_node1_60_node2_100_node3_0_node4_0,0.5006615315608695
Test_U_2Layers_input_size_5_node1_100_node2_70_node3_0_node4_0,0.5008486459880364
Test_U_2Layers_input_size_5_node1_90_node2_90_node3_0_node4_0,0.5013465630420826
Test_U_2Layers_input_size_10_node1_10_node2_20_node3_0_node4_0,0.5013765816427015
Test_U_2Layers_input_size_5_node1_80_node2_70_node3_0_node4_0,0.5015413844337101
Test_U_2Layers_input_size_10_node1_30_node2_70_node3_0_node4_0,0.5017283786264368
Test_U_2Layers_input_size_5_node1_50_node2_30_node3_0_node4_0,0.5017562955281754
Test_U_2Layers_input_size_10_node1_100_node2_10_node3_0_node4_0,0.5019500969821423
Test_U_2Layers_input_size_5_node1_70_node2_100_node3_0_node4_0,0.5020137408872204
Test_U_2Layers_input_size_5_node1_10_node2_80_node3_0_node4_0,0.5025304005569843
Test_U_2Layers_input_size_10_node1_90_node2_20_node3_0_node4_0,0.5030608663495705
Test_U_2Layers_input_size_5_node1_30_node2_50_node3_0_node4_0,0.5031193940223517
Test_U_2Layers_input_size_25_node1_50_node2_100_node3_0_node4_0,0.5031492772375884
Test_U_2Layers_input_size_5_node1_100_node2_60_node3_0_node4_0,0.5034597621852092
Test_U_2Layers_input_size_20_node1_20_node2_60_node3_0_node4_0,0.503468286199275
Test_U_2Layers_input_size_10_node1_60_node2_80_node3_0_node4_0,0.5038838936038117
Test_U_2Layers_input_size_5_node1_20_node2_70_node3_0_node4_0,0.5039522608369743
Test_U_2Layers_input_size_10_node1_70_node2_80_node3_0_node4_0,0.5042907371708896
Test_U_2Layers_input_size_5_node1_40_node2_50_node3_0_node4_0,0.5043217919515165
Test_U_2Layers_input_size_5_node1_20_node2_90_node3_0_node4_0,0.5045826829653559
Test_U_2Layers_input_size_5_node1_70_node2_40_node3_0_node4_0,0.5047492730568596
Test_U_2Layers_input_size_15_node1_90_node2_100_node3_0_node4_0,0.5048260832150822
Test_U_2Layers_input_size_5_node1_70_node2_80_node3_0_node4_0,0.504902291429427
Test_U_2Layers_input_size_5_node1_80_node2_30_node3_0_node4_0,0.5050807247699762
Test_U_2Layers_input_size_5_node1_10_node2_20_node3_0_node4_0,0.5051039132293088
Test_U_2Layers_input_size_5_node1_30_node2_60_node3_0_node4_0,0.5051722038432921
Test_U_2Layers_input_size_5_node1_40_node2_90_node3_0_node4_0,0.5052541993809913
Test_U_2Layers_input_size_10_node1_70_node2_50_node3_0_node4_0,0.505617061595111
Test_U_2Layers_input_size_10_node1_90_node2_40_node3_0_node4_0,0.5057713789237372
Test_U_2Layers_input_size_10_node1_80_node2_60_node3_0_node4_0,0.5058600230562632
Test_U_2Layers_input_size_10_node1_10_node2_70_node3_0_node4_0,0.506343300781352
Test_U_2Layers_input_size_15_node1_50_node2_70_node3_0_node4_0,0.5063835874369385
Test_U_2Layers_input_size_10_node1_50_node2_50_node3_0_node4_0,0.506503722106573
Test_U_2Layers_input_size_10_node1_60_node2_30_node3_0_node4_0,0.5065447020183891
Test_U_2Layers_input_size_15_node1_30_node2_80_node3_0_node4_0,0.5065640287946898
Test_U_2Layers_input_size_5_node1_70_node2_90_node3_0_node4_0,0.506815445031818
Test_U_2Layers_input_size_5_node1_40_node2_20_node3_0_node4_0,0.5068563703413063
Test_U_2Layers_input_size_5_node1_40_node2_80_node3_0_node4_0,0.50693565372643
Test_U_2Layers_input_size_10_node1_70_node2_40_node3_0_node4_0,0.5071598260255009
Test_U_2Layers_input_size_15_node1_20_node2_60_node3_0_node4_0,0.5072142965649954
Test_U_2Layers_input_size_5_node1_30_node2_80_node3_0_node4_0,0.5074028416823557
Test_U_2Layers_input_size_5_node1_60_node2_80_node3_0_node4_0,0.5074468910446799
Test_U_2Layers_input_size_10_node1_50_node2_30_node3_0_node4_0,0.5074789565755004
Test_U_2Layers_input_size_5_node1_40_node2_10_node3_0_node4_0,0.5076077268451998
Test_U_2Layers_input_size_5_node1_100_node2_90_node3_0_node4_0,0.5077298023671266
Test_U_2Layers_input_size_20_node1_100_node2_30_node3_0_node4_0,0.5078349475300775
Test_U_2Layers_input_size_15_node1_40_node2_20_node3_0_node4_0,0.507904337868189
Test_U_2Layers_input_size_15_node1_70_node2_100_node3_0_node4_0,0.5080260488015452
Test_U_2Layers_input_size_15_node1_90_node2_80_node3_0_node4_0,0.5080713052755039
Test_U_2Layers_input_size_15_node1_100_node2_100_node3_0_node4_0,0.508130722107522
Test_U_2Layers_input_size_10_node1_40_node2_30_node3_0_node4_0,0.5081759399367837
Test_U_2Layers_input_size_5_node1_80_node2_10_node3_0_node4_0,0.5082977324146076
Test_U_2Layers_input_size_5_node1_10_node2_90_node3_0_node4_0,0.5083303305532015
Test_U_2Layers_input_size_10_node1_100_node2_70_node3_0_node4_0,0.5086058654748451
Test_U_2Layers_input_size_15_node1_80_node2_90_node3_0_node4_0,0.5087928405738597
Test_U_2Layers_input_size_20_node1_30_node2_90_node3_0_node4_0,0.508924996929953
Test_U_2Layers_input_size_10_node1_30_node2_60_node3_0_node4_0,0.5090012062317021
Test_U_2Layers_input_size_15_node1_20_node2_40_node3_0_node4_0,0.5090128869409501
Test_U_2Layers_input_size_5_node1_80_node2_90_node3_0_node4_0,0.5091603804053022
Test_U_2Layers_input_size_5_node1_30_node2_30_node3_0_node4_0,0.5091799298144292
Test_U_2Layers_input_size_5_node1_100_node2_20_node3_0_node4_0,0.5094095206703574
Test_U_2Layers_input_size_15_node1_30_node2_40_node3_0_node4_0,0.5094258721814372
Test_U_2Layers_input_size_10_node1_100_node2_80_node3_0_node4_0,0.5096249733467085
Test_U_2Layers_input_size_20_node1_40_node2_80_node3_0_node4_0,0.5098450405187521
Test_U_2Layers_input_size_5_node1_40_node2_40_node3_0_node4_0,0.5099315738588442
Test_U_2Layers_input_size_20_node1_40_node2_60_node3_0_node4_0,0.5100149955134405
Test_U_2Layers_input_size_15_node1_80_node2_70_node3_0_node4_0,0.5102490292548777
Test_U_2Layers_input_size_25_node1_70_node2_90_node3_0_node4_0,0.5105193547345024
Test_U_2Layers_input_size_15_node1_60_node2_80_node3_0_node4_0,0.5105598664035461
Test_U_2Layers_input_size_20_node1_100_node2_90_node3_0_node4_0,0.5106023009728399
Test_U_2Layers_input_size_20_node1_10_node2_20_node3_0_node4_0,0.5107851612108188
Test_U_2Layers_input_size_20_node1_70_node2_60_node3_0_node4_0,0.5109728553042001
Test_U_2Layers_input_size_15_node1_90_node2_60_node3_0_node4_0,0.5110517916458474
Test_U_2Layers_input_size_25_node1_100_node2_90_node3_0_node4_0,0.5110857593887862
Test_U_2Layers_input_size_20_node1_40_node2_100_node3_0_node4_0,0.5110978006303278
Test_U_2Layers_input_size_5_node1_60_node2_70_node3_0_node4_0,0.5112572547285945
Test_U_2Layers_input_size_5_node1_80_node2_50_node3_0_node4_0,0.51126355025002
Test_U_2Layers_input_size_5_node1_30_node2_100_node3_0_node4_0,0.5113048189707933
Test_U_2Layers_input_size_10_node1_10_node2_50_node3_0_node4_0,0.5113753994157118
Test_U_2Layers_input_size_5_node1_10_node2_30_node3_0_node4_0,0.5114794455506743
Test_U_2Layers_input_size_25_node1_80_node2_80_node3_0_node4_0,0.5115643333816998
Test_U_2Layers_input_size_15_node1_90_node2_20_node3_0_node4_0,0.5118760893534153
Test_U_2Layers_input_size_25_node1_100_node2_40_node3_0_node4_0,0.5119011240942913
Test_U_1Layers_input_size_5_node1_90_node2_0_node3_0_node4_0,0.5120033753868689
Test_U_2Layers_input_size_5_node1_10_node2_50_node3_0_node4_0,0.5120971096266388
Test_U_2Layers_input_size_15_node1_40_node2_60_node3_0_node4_0,0.512101154275959
Test_U_2Layers_input_size_10_node1_40_node2_10_node3_0_node4_0,0.5122820832839059
Test_U_2Layers_input_size_15_node1_80_node2_40_node3_0_node4_0,0.5122952308029208
Test_U_2Layers_input_size_5_node1_50_node2_100_node3_0_node4_0,0.5123109084873998
Test_U_2Layers_input_size_10_node1_30_node2_80_node3_0_node4_0,0.5124692000461503
Test_U_2Layers_input_size_30_node1_70_node2_100_node3_0_node4_0,0.5125164192174713
Test_U_2Layers_input_size_15_node1_50_node2_60_node3_0_node4_0,0.5126175885096101
Test_U_2Layers_input_size_25_node1_90_node2_90_node3_0_node4_0,0.512656539177457
Test_U_2Layers_input_size_25_node1_60_node2_80_node3_0_node4_0,0.5126637476332412
Test_U_2Layers_input_size_20_node1_70_node2_90_node3_0_node4_0,0.5129871228239674
Test_U_2Layers_input_size_5_node1_100_node2_40_node3_0_node4_0,0.5133005693071703
Test_U_1Layers_input_size_10_node1_90_node2_0_node3_0_node4_0,0.513353807729449
Test_U_2Layers_input_size_10_node1_50_node2_40_node3_0_node4_0,0.5134304625202424
Test_U_2Layers_input_size_5_node1_70_node2_50_node3_0_node4_0,0.5135500223074548
Test_U_2Layers_input_size_25_node1_40_node2_80_node3_0_node4_0,0.5136654639478577
Test_U_2Layers_input_size_10_node1_90_node2_60_node3_0_node4_0,0.5139125941654218
Test_U_2Layers_input_size_5_node1_70_node2_60_node3_0_node4_0,0.5139216116919935
Test_U_1Layers_input_size_10_node1_50_node2_0_node3_0_node4_0,0.5139704949504803
Test_U_2Layers_input_size_10_node1_70_node2_70_node3_0_node4_0,0.5141597794896382
Test_U_2Layers_input_size_10_node1_20_node2_40_node3_0_node4_0,0.5143436636945241
Test_U_2Layers_input_size_25_node1_50_node2_90_node3_0_node4_0,0.5144160866348125
Test_U_2Layers_input_size_15_node1_70_node2_70_node3_0_node4_0,0.5146010375227034
Test_U_2Layers_input_size_15_node1_60_node2_60_node3_0_node4_0,0.5146883346467468
Test_U_1Layers_input_size_5_node1_100_node2_0_node3_0_node4_0,0.5147803352906847
Test_U_2Layers_input_size_15_node1_60_node2_30_node3_0_node4_0,0.5147856903912845
Test_U_2Layers_input_size_25_node1_20_node2_100_node3_0_node4_0,0.5150443767205454
Test_U_2Layers_input_size_25_node1_100_node2_80_node3_0_node4_0,0.5150689681639582
Test_U_1Layers_input_size_15_node1_60_node2_0_node3_0_node4_0,0.5152667274758281
Test_U_2Layers_input_size_15_node1_80_node2_100_node3_0_node4_0,0.5153275990399461
Test_U_2Layers_input_size_25_node1_90_node2_100_node3_0_node4_0,0.5153833458793938
Test_U_2Layers_input_size_25_node1_50_node2_60_node3_0_node4_0,0.5157900748296742
Test_U_2Layers_input_size_5_node1_90_node2_40_node3_0_node4_0,0.5158495558538334
Test_U_2Layers_input_size_15_node1_40_node2_70_node3_0_node4_0,0.5159200633272034
Test_U_2Layers_input_size_20_node1_10_node2_70_node3_0_node4_0,0.5160912804078192
Test_U_2Layers_input_size_15_node1_20_node2_70_node3_0_node4_0,0.5161866394859796
Test_U_2Layers_input_size_30_node1_50_node2_50_node3_0_node4_0,0.5165872265389599
Test_U_2Layers_input_size_5_node1_70_node2_10_node3_0_node4_0,0.5166098119873879
Test_U_2Layers_input_size_5_node1_20_node2_80_node3_0_node4_0,0.5167771962081749
Test_U_2Layers_input_size_30_node1_80_node2_80_node3_0_node4_0,0.5168115373003453
Test_U_2Layers_input_size_25_node1_90_node2_40_node3_0_node4_0,0.5168274816329204
Test_U_2Layers_input_size_15_node1_40_node2_100_node3_0_node4_0,0.5168284619194146
Test_U_2Layers_input_size_20_node1_80_node2_80_node3_0_node4_0,0.5168776756780115
Test_U_2Layers_input_size_20_node1_60_node2_70_node3_0_node4_0,0.5169327076590741
Test_U_2Layers_input_size_5_node1_30_node2_70_node3_0_node4_0,0.5169382422433458
Test_U_2Layers_input_size_25_node1_80_node2_50_node3_0_node4_0,0.5172808675244328
Test_U_2Layers_input_size_5_node1_100_node2_100_node3_0_node4_0,0.51731698988058
Test_U_2Layers_input_size_20_node1_30_node2_50_node3_0_node4_0,0.5173190062057175
Test_U_2Layers_input_size_25_node1_60_node2_60_node3_0_node4_0,0.5174715616179876
Test_U_2Layers_input_size_25_node1_70_node2_70_node3_0_node4_0,0.5175016526642731
Test_U_2Layers_input_size_20_node1_80_node2_40_node3_0_node4_0,0.5176356733465813
Test_U_2Layers_input_size_35_node1_50_node2_90_node3_0_node4_0,0.5178062655914474
Test_U_2Layers_input_size_20_node1_80_node2_100_node3_0_node4_0,0.5178258914631721
Test_U_2Layers_input_size_10_node1_60_node2_10_node3_0_node4_0,0.5179615831526594
Test_U_2Layers_input_size_30_node1_100_node2_90_node3_0_node4_0,0.5179977155730788
Test_U_2Layers_input_size_10_node1_30_node2_10_node3_0_node4_0,0.5180840664513203
Test_U_2Layers_input_size_35_node1_80_node2_50_node3_0_node4_0,0.5180890422625334
Test_U_2Layers_input_size_5_node1_60_node2_50_node3_0_node4_0,0.5181776209616382
Test_U_2Layers_input_size_30_node1_70_node2_40_node3_0_node4_0,0.5182539935530888
Test_U_2Layers_input_size_10_node1_40_node2_50_node3_0_node4_0,0.5182791802379646
Test_U_2Layers_input_size_10_node1_100_node2_20_node3_0_node4_0,0.5182794965013403
Test_U_2Layers_input_size_20_node1_70_node2_30_node3_0_node4_0,0.5183544454792952
Test_U_2Layers_input_size_10_node1_20_node2_10_node3_0_node4_0,0.518423577524682
Test_U_2Layers_input_size_20_node1_100_node2_40_node3_0_node4_0,0.5184930164856405
Test_U_2Layers_input_size_15_node1_60_node2_70_node3_0_node4_0,0.5187741262501628
Test_U_1Layers_input_size_5_node1_80_node2_0_node3_0_node4_0,0.5188343278295534
Test_U_1Layers_input_size_25_node1_80_node2_0_node3_0_node4_0,0.5190965368237289
Test_U_2Layers_input_size_25_node1_30_node2_90_node3_0_node4_0,0.5192170017338127
Test_U_2Layers_input_size_5_node1_50_node2_70_node3_0_node4_0,0.5195139258228217
Test_U_2Layers_input_size_5_node1_20_node2_20_node3_0_node4_0,0.5196992989563815
Test_U_1Layers_input_size_30_node1_70_node2_0_node3_0_node4_0,0.5197078146665716
Test_U_2Layers_input_size_35_node1_90_node2_40_node3_0_node4_0,0.5197459186101963
Test_U_2Layers_input_size_10_node1_50_node2_20_node3_0_node4_0,0.5197620882882701
Test_U_2Layers_input_size_5_node1_50_node2_40_node3_0_node4_0,0.5198088743104721
Test_U_2Layers_input_size_45_node1_20_node2_80_node3_0_node4_0,0.5199093410892798
Test_U_2Layers_input_size_15_node1_10_node2_100_node3_0_node4_0,0.5199626766161707
Test_U_2Layers_input_size_30_node1_60_node2_20_node3_0_node4_0,0.5201390088868806
Test_U_2Layers_input_size_25_node1_10_node2_60_node3_0_node4_0,0.5201423607413126
Test_U_2Layers_input_size_30_node1_70_node2_80_node3_0_node4_0,0.5201829823539901
Test_U_2Layers_input_size_25_node1_40_node2_100_node3_0_node4_0,0.5202051252399358
Test_U_2Layers_input_size_5_node1_90_node2_70_node3_0_node4_0,0.5203286555076083
Test_U_2Layers_input_size_20_node1_30_node2_10_node3_0_node4_0,0.520362132228342
Test_U_1Layers_input_size_5_node1_60_node2_0_node3_0_node4_0,0.5203624472257513
Test_U_2Layers_input_size_15_node1_100_node2_50_node3_0_node4_0,0.5204575677206978
Test_U_2Layers_input_size_25_node1_80_node2_70_node3_0_node4_0,0.5206116649664678
Test_U_2Layers_input_size_10_node1_50_node2_70_node3_0_node4_0,0.5209986392587329
Test_U_2Layers_input_size_20_node1_100_node2_100_node3_0_node4_0,0.5210144268553504
Test_U_2Layers_input_size_30_node1_90_node2_60_node3_0_node4_0,0.5210400520807097
Test_U_2Layers_input_size_20_node1_20_node2_30_node3_0_node4_0,0.5210728253648668
Test_U_2Layers_input_size_35_node1_100_node2_60_node3_0_node4_0,0.5211654144833637
Test_U_2Layers_input_size_20_node1_90_node2_40_node3_0_node4_0,0.5211674445113642
Test_U_2Layers_input_size_5_node1_90_node2_60_node3_0_node4_0,0.521168130716224
Test_U_2Layers_input_size_30_node1_80_node2_10_node3_0_node4_0,0.5212726234539564
Test_U_2Layers_input_size_30_node1_40_node2_10_node3_0_node4_0,0.5213114705420312
Test_U_1Layers_input_size_25_node1_50_node2_0_node3_0_node4_0,0.5213261053388345
Test_U_2Layers_input_size_15_node1_20_node2_50_node3_0_node4_0,0.5213349374685868
Test_U_2Layers_input_size_15_node1_50_node2_10_node3_0_node4_0,0.5213845260982705
Test_U_2Layers_input_size_40_node1_80_node2_40_node3_0_node4_0,0.5214460551723628
Test_U_2Layers_input_size_35_node1_100_node2_100_node3_0_node4_0,0.5215494922458099
Test_U_2Layers_input_size_5_node1_80_node2_20_node3_0_node4_0,0.5216087164495737
Test_U_2Layers_input_size_35_node1_80_node2_80_node3_0_node4_0,0.5216439677998762
Test_U_2Layers_input_size_20_node1_100_node2_20_node3_0_node4_0,0.5216440534971768
Test_U_2Layers_input_size_20_node1_40_node2_40_node3_0_node4_0,0.5217296866304272
Test_U_2Layers_input_size_25_node1_70_node2_80_node3_0_node4_0,0.5217928027904951
Test_U_1Layers_input_size_20_node1_90_node2_0_node3_0_node4_0,0.5218712732330474
Test_U_2Layers_input_size_25_node1_40_node2_90_node3_0_node4_0,0.5218960854844926
Test_U_2Layers_input_size_35_node1_100_node2_40_node3_0_node4_0,0.5219084768922163
Test_U_2Layers_input_size_5_node1_60_node2_40_node3_0_node4_0,0.5219174133700278
Test_U_2Layers_input_size_15_node1_50_node2_20_node3_0_node4_0,0.5220506715059049
Test_U_2Layers_input_size_35_node1_40_node2_100_node3_0_node4_0,0.5222378263300972
Test_U_2Layers_input_size_20_node1_50_node2_50_node3_0_node4_0,0.5224476750196795
Test_U_2Layers_input_size_25_node1_80_node2_40_node3_0_node4_0,0.5224807878092368
Test_U_2Layers_input_size_45_node1_40_node2_50_node3_0_node4_0,0.5224961313533386
Test_U_2Layers_input_size_35_node1_90_node2_80_node3_0_node4_0,0.5225663978879321
Test_U_2Layers_input_size_30_node1_70_node2_20_node3_0_node4_0,0.5226701549282659
Test_U_2Layers_input_size_15_node1_60_node2_20_node3_0_node4_0,0.5227299933306192
Test_U_2Layers_input_size_5_node1_70_node2_70_node3_0_node4_0,0.5227558765199654
Test_U_2Layers_input_size_25_node1_100_node2_50_node3_0_node4_0,0.5229649474612934
Test_U_2Layers_input_size_25_node1_70_node2_30_node3_0_node4_0,0.52297594588053
Test_U_2Layers_input_size_5_node1_100_node2_10_node3_0_node4_0,0.5230581987450041
Test_U_2Layers_input_size_50_node1_80_node2_10_node3_0_node4_0,0.5230807326898754
Test_U_2Layers_input_size_15_node1_100_node2_80_node3_0_node4_0,0.5231273358474046
Test_U_2Layers_input_size_35_node1_80_node2_60_node3_0_node4_0,0.5231796882327828
Test_U_2Layers_input_size_15_node1_100_node2_20_node3_0_node4_0,0.5232374178963424
Test_U_2Layers_input_size_30_node1_70_node2_90_node3_0_node4_0,0.5233135361277921
Test_U_1Layers_input_size_10_node1_80_node2_0_node3_0_node4_0,0.5233160134150509
Test_U_2Layers_input_size_30_node1_40_node2_90_node3_0_node4_0,0.5233862552894871
Test_U_2Layers_input_size_20_node1_20_node2_70_node3_0_node4_0,0.5233955081778293
Test_U_2Layers_input_size_30_node1_90_node2_80_node3_0_node4_0,0.5234377562109477
Test_U_1Layers_input_size_20_node1_80_node2_0_node3_0_node4_0,0.5234698100580014
Test_U_2Layers_input_size_10_node1_70_node2_100_node3_0_node4_0,0.5234904475975575
Test_U_2Layers_input_size_15_node1_50_node2_40_node3_0_node4_0,0.5235180294663068
Test_U_2Layers_input_size_20_node1_80_node2_90_node3_0_node4_0,0.5235832922291541
Test_U_2Layers_input_size_25_node1_70_node2_20_node3_0_node4_0,0.5238882088676445
Test_U_2Layers_input_size_35_node1_70_node2_90_node3_0_node4_0,0.5239144045829125
Test_U_2Layers_input_size_25_node1_50_node2_80_node3_0_node4_0,0.5239921591769058
Test_U_2Layers_input_size_25_node1_30_node2_80_node3_0_node4_0,0.5239964248229504
Test_U_2Layers_input_size_5_node1_100_node2_80_node3_0_node4_0,0.5240416385363192
Test_U_2Layers_input_size_15_node1_60_node2_10_node3_0_node4_0,0.5240553724956396
Test_U_2Layers_input_size_10_node1_30_node2_40_node3_0_node4_0,0.5240720916125067
Test_U_2Layers_input_size_25_node1_60_node2_90_node3_0_node4_0,0.5241833113446938
Test_U_2Layers_input_size_40_node1_60_node2_80_node3_0_node4_0,0.5244329580529257
Test_U_2Layers_input_size_65_node1_70_node2_10_node3_0_node4_0,0.5244590697341557
Test_U_2Layers_input_size_30_node1_80_node2_20_node3_0_node4_0,0.5245947783961084
Test_U_2Layers_input_size_35_node1_90_node2_90_node3_0_node4_0,0.5247037858008897
Test_U_2Layers_input_size_20_node1_40_node2_70_node3_0_node4_0,0.5247045241792452
Test_U_2Layers_input_size_5_node1_80_node2_80_node3_0_node4_0,0.524713895814239
Test_U_1Layers_input_size_20_node1_50_node2_0_node3_0_node4_0,0.5247294012427546
Test_U_2Layers_input_size_15_node1_60_node2_40_node3_0_node4_0,0.5248285569958608
Test_U_2Layers_input_size_30_node1_60_node2_100_node3_0_node4_0,0.5249213636633995
Test_U_2Layers_input_size_5_node1_40_node2_30_node3_0_node4_0,0.5249485297176933
Test_U_1Layers_input_size_25_node1_40_node2_0_node3_0_node4_0,0.524988240155709
Test_U_2Layers_input_size_10_node1_80_node2_20_node3_0_node4_0,0.5250107480265921
Test_U_2Layers_input_size_30_node1_80_node2_30_node3_0_node4_0,0.5250511632693731
Test_U_2Layers_input_size_45_node1_90_node2_10_node3_0_node4_0,0.5250962010300123
Test_U_2Layers_input_size_20_node1_30_node2_60_node3_0_node4_0,0.525409485432342
Test_U_2Layers_input_size_35_node1_70_node2_100_node3_0_node4_0,0.5254577820694111
Test_U_2Layers_input_size_25_node1_20_node2_80_node3_0_node4_0,0.5254669701225362
Train_U_2Layers_input_size_10_node1_30_node2_100_node3_0_node4_0,0.5255068115188546
Test_U_2Layers_input_size_10_node1_10_node2_80_node3_0_node4_0,0.5255207340276932
Test_U_2Layers_input_size_30_node1_40_node2_50_node3_0_node4_0,0.5255758533339665
Test_U_2Layers_input_size_15_node1_80_node2_10_node3_0_node4_0,0.5256131916783593
Test_U_1Layers_input_size_20_node1_10_node2_0_node3_0_node4_0,0.5256175575681994
Test_U_1Layers_input_size_10_node1_70_node2_0_node3_0_node4_0,0.5256611010823864
Test_U_2Layers_input_size_10_node1_30_node2_30_node3_0_node4_0,0.5256717312753676
Test_U_2Layers_input_size_20_node1_50_node2_90_node3_0_node4_0,0.5256871234138218
Test_U_2Layers_input_size_40_node1_90_node2_100_node3_0_node4_0,0.52573304203309
Test_U_2Layers_input_size_15_node1_40_node2_10_node3_0_node4_0,0.5257360464449246
Test_U_2Layers_input_size_30_node1_10_node2_70_node3_0_node4_0,0.5257854467170632
Test_U_2Layers_input_size_15_node1_90_node2_70_node3_0_node4_0,0.5257864669835728
Test_U_2Layers_input_size_25_node1_80_node2_30_node3_0_node4_0,0.5258338221755781
Test_U_2Layers_input_size_20_node1_30_node2_30_node3_0_node4_0,0.5258519016086761
Test_U_2Layers_input_size_15_node1_20_node2_80_node3_0_node4_0,0.5259416944729781
Test_U_2Layers_input_size_35_node1_10_node2_90_node3_0_node4_0,0.5260530288023167
Test_U_1Layers_input_size_30_node1_90_node2_0_node3_0_node4_0,0.526119704800145
Test_U_2Layers_input_size_40_node1_40_node2_100_node3_0_node4_0,0.5262884530541212
Test_U_2Layers_input_size_45_node1_80_node2_80_node3_0_node4_0,0.5263046482281015
Test_U_2Layers_input_size_40_node1_60_node2_70_node3_0_node4_0,0.5263817100432395
Test_U_2Layers_input_size_20_node1_10_node2_40_node3_0_node4_0,0.5264010445033671
Test_U_2Layers_input_size_35_node1_100_node2_80_node3_0_node4_0,0.5265136401772457
Test_U_1Layers_input_size_15_node1_100_node2_0_node3_0_node4_0,0.5265769186790786
Test_U_2Layers_input_size_35_node1_80_node2_100_node3_0_node4_0,0.5266517903041732
Test_U_2Layers_input_size_30_node1_80_node2_40_node3_0_node4_0,0.5266528088923449
Test_U_2Layers_input_size_10_node1_20_node2_90_node3_0_node4_0,0.5268976373210097
Test_U_2Layers_input_size_25_node1_90_node2_20_node3_0_node4_0,0.5269203747072816
Test_U_2Layers_input_size_30_node1_90_node2_40_node3_0_node4_0,0.5269213362169188
Test_U_2Layers_input_size_30_node1_90_node2_70_node3_0_node4_0,0.5269406508771305
Test_U_1Layers_input_size_20_node1_40_node2_0_node3_0_node4_0,0.5269468155830287
Test_U_2Layers_input_size_5_node1_60_node2_30_node3_0_node4_0,0.5269526974370196
Test_U_2Layers_input_size_25_node1_30_node2_20_node3_0_node4_0,0.5269621139223447
Test_U_2Layers_input_size_10_node1_70_node2_30_node3_0_node4_0,0.526968759088494
Test_U_2Layers_input_size_25_node1_20_node2_40_node3_0_node4_0,0.5269865168234638
Test_U_1Layers_input_size_40_node1_40_node2_0_node3_0_node4_0,0.5269887506362877
Test_U_2Layers_input_size_30_node1_30_node2_70_node3_0_node4_0,0.5270566653364425
Test_U_2Layers_input_size_40_node1_90_node2_40_node3_0_node4_0,0.5271517934052822
Test_U_2Layers_input_size_30_node1_50_node2_60_node3_0_node4_0,0.5272127907231746
Test_U_2Layers_input_size_5_node1_50_node2_80_node3_0_node4_0,0.527291980604151
Test_U_2Layers_input_size_25_node1_70_node2_50_node3_0_node4_0,0.5273785614956719
Test_U_2Layers_input_size_30_node1_40_node2_40_node3_0_node4_0,0.5274124665876883
Test_U_2Layers_input_size_20_node1_60_node2_80_node3_0_node4_0,0.5274847054185123
Test_U_1Layers_input_size_40_node1_100_node2_0_node3_0_node4_0,0.5275350435648324
Test_U_2Layers_input_size_5_node1_10_node2_60_node3_0_node4_0,0.5275846425618002
Test_U_2Layers_input_size_45_node1_30_node2_100_node3_0_node4_0,0.5275957423821394
Test_U_2Layers_input_size_10_node1_90_node2_10_node3_0_node4_0,0.5276508990946418
Test_U_2Layers_input_size_15_node1_90_node2_30_node3_0_node4_0,0.5276814827436431
Test_U_2Layers_input_size_25_node1_100_node2_70_node3_0_node4_0,0.5277281878692468
Test_U_2Layers_input_size_45_node1_70_node2_70_node3_0_node4_0,0.5277956403949764
Test_U_2Layers_input_size_30_node1_100_node2_60_node3_0_node4_0,0.5278786383703769
Test_U_2Layers_input_size_35_node1_60_node2_40_node3_0_node4_0,0.5278934862918266
Test_U_2Layers_input_size_45_node1_30_node2_30_node3_0_node4_0,0.5279582928617952
Test_U_2Layers_input_size_40_node1_70_node2_70_node3_0_node4_0,0.5280956135987873
Test_U_2Layers_input_size_35_node1_20_node2_100_node3_0_node4_0,0.5281311091233344
Test_U_2Layers_input_size_35_node1_80_node2_40_node3_0_node4_0,0.5281763638681243
Test_U_2Layers_input_size_15_node1_40_node2_80_node3_0_node4_0,0.5281764485055354
Test_U_1Layers_input_size_35_node1_40_node2_0_node3_0_node4_0,0.5281915983836193
Test_U_2Layers_input_size_45_node1_70_node2_60_node3_0_node4_0,0.5284309764890274
Test_U_2Layers_input_size_5_node1_30_node2_10_node3_0_node4_0,0.5284464010507528
Test_U_2Layers_input_size_10_node1_10_node2_90_node3_0_node4_0,0.5284579057323556
Test_U_2Layers_input_size_35_node1_60_node2_90_node3_0_node4_0,0.5285194853580348
Test_U_2Layers_input_size_25_node1_50_node2_30_node3_0_node4_0,0.5285316932868982
Test_U_2Layers_input_size_40_node1_30_node2_80_node3_0_node4_0,0.5286048221809838
Test_U_2Layers_input_size_10_node1_50_node2_10_node3_0_node4_0,0.5286767853443588
Test_U_2Layers_input_size_10_node1_60_node2_20_node3_0_node4_0,0.5286972760005684
Test_U_2Layers_input_size_40_node1_50_node2_20_node3_0_node4_0,0.5287379167407084
Test_U_2Layers_input_size_25_node1_50_node2_50_node3_0_node4_0,0.5287950677806161
Test_U_2Layers_input_size_40_node1_40_node2_30_node3_0_node4_0,0.5288103408291489
Test_U_2Layers_input_size_5_node1_10_node2_100_node3_0_node4_0,0.5288793458392642
Test_U_2Layers_input_size_35_node1_30_node2_40_node3_0_node4_0,0.5289127884746617
Test_U_2Layers_input_size_35_node1_100_node2_70_node3_0_node4_0,0.5289749630535947
Test_U_2Layers_input_size_45_node1_30_node2_80_node3_0_node4_0,0.5291391116449694
Test_U_2Layers_input_size_15_node1_80_node2_80_node3_0_node4_0,0.5293280391738651
Test_U_2Layers_input_size_45_node1_100_node2_100_node3_0_node4_0,0.5293566680580467
Test_U_2Layers_input_size_15_node1_10_node2_10_node3_0_node4_0,0.5294060400968099
Test_U_2Layers_input_size_35_node1_50_node2_80_node3_0_node4_0,0.5294062089784359
Test_U_2Layers_input_size_15_node1_60_node2_90_node3_0_node4_0,0.5294290637948565
Test_U_2Layers_input_size_35_node1_40_node2_10_node3_0_node4_0,0.5294294859804599
Test_U_2Layers_input_size_35_node1_40_node2_20_node3_0_node4_0,0.529434214436218
Test_U_1Layers_input_size_25_node1_70_node2_0_node3_0_node4_0,0.5295134097932688
Test_U_2Layers_input_size_10_node1_60_node2_40_node3_0_node4_0,0.5295358941625034
Test_U_2Layers_input_size_15_node1_50_node2_80_node3_0_node4_0,0.5295996275175144
Test_U_2Layers_input_size_30_node1_30_node2_50_node3_0_node4_0,0.5296501022685199
Test_U_2Layers_input_size_40_node1_60_node2_90_node3_0_node4_0,0.5296620590716956
Test_U_2Layers_input_size_30_node1_100_node2_20_node3_0_node4_0,0.5296735654815378
Test_U_2Layers_input_size_35_node1_20_node2_60_node3_0_node4_0,0.5298514188471919
Test_U_2Layers_input_size_40_node1_100_node2_70_node3_0_node4_0,0.5298811162013831
Test_U_2Layers_input_size_25_node1_60_node2_10_node3_0_node4_0,0.5298973421775593
Test_U_2Layers_input_size_25_node1_70_node2_40_node3_0_node4_0,0.5298989169425572
Train_U_2Layers_input_size_10_node1_100_node2_100_node3_0_node4_0,0.5300258388608552
Test_U_2Layers_input_size_5_node1_60_node2_60_node3_0_node4_0,0.5300425383303226
Test_U_2Layers_input_size_50_node1_60_node2_90_node3_0_node4_0,0.5300972717920177
Test_U_2Layers_input_size_50_node1_40_node2_10_node3_0_node4_0,0.5301882006177283
Test_U_2Layers_input_size_35_node1_40_node2_90_node3_0_node4_0,0.5303023244390703
Test_U_2Layers_input_size_15_node1_10_node2_40_node3_0_node4_0,0.5303459328681862
Train_U_2Layers_input_size_10_node1_40_node2_10_node3_0_node4_0,0.5304530561370072
Test_U_2Layers_input_size_15_node1_30_node2_10_node3_0_node4_0,0.5306398028857681
Test_U_2Layers_input_size_30_node1_20_node2_90_node3_0_node4_0,0.5307381071087002
Test_U_2Layers_input_size_20_node1_100_node2_10_node3_0_node4_0,0.5307437504145724
Test_U_2Layers_input_size_25_node1_60_node2_40_node3_0_node4_0,0.5307485513887478
Test_U_2Layers_input_size_35_node1_70_node2_60_node3_0_node4_0,0.5308670178130587
Test_U_2Layers_input_size_30_node1_60_node2_40_node3_0_node4_0,0.5308671300909672
Test_U_2Layers_input_size_45_node1_100_node2_10_node3_0_node4_0,0.5310500834673367
Test_U_2Layers_input_size_10_node1_100_node2_40_node3_0_node4_0,0.5310514022764816
Test_U_2Layers_input_size_35_node1_30_node2_30_node3_0_node4_0,0.5311916263149403
Test_U_2Layers_input_size_35_node1_30_node2_10_node3_0_node4_0,0.531200771294818
Test_U_2Layers_input_size_40_node1_50_node2_100_node3_0_node4_0,0.5312246989788844
Test_U_2Layers_input_size_45_node1_60_node2_60_node3_0_node4_0,0.5312633512726589
Test_U_2Layers_input_size_5_node1_70_node2_20_node3_0_node4_0,0.5313392171555901
Test_U_2Layers_input_size_15_node1_70_node2_20_node3_0_node4_0,0.531348163286895
Test_U_2Layers_input_size_15_node1_10_node2_90_node3_0_node4_0,0.5314040521645235
Test_U_1Layers_input_size_60_node1_80_node2_0_node3_0_node4_0,0.5314087910915279
Test_U_2Layers_input_size_30_node1_80_node2_70_node3_0_node4_0,0.5314755521931035
Test_U_2Layers_input_size_10_node1_70_node2_10_node3_0_node4_0,0.5315082146915002
Test_U_2Layers_input_size_45_node1_60_node2_80_node3_0_node4_0,0.5316174022078717
Test_U_2Layers_input_size_30_node1_90_node2_10_node3_0_node4_0,0.5316746361004647
Test_U_2Layers_input_size_15_node1_10_node2_80_node3_0_node4_0,0.5316815306589735
Train_U_2Layers_input_size_10_node1_90_node2_40_node3_0_node4_0,0.5317373844976369
Test_U_2Layers_input_size_45_node1_50_node2_100_node3_0_node4_0,0.5317732534126213
Test_U_2Layers_input_size_30_node1_50_node2_100_node3_0_node4_0,0.531785610814374
Test_U_2Layers_input_size_35_node1_60_node2_30_node3_0_node4_0,0.5317891134270383
Test_U_2Layers_input_size_35_node1_80_node2_20_node3_0_node4_0,0.5318191789052341
Test_U_2Layers_input_size_35_node1_90_node2_30_node3_0_node4_0,0.5318373630713312
Test_U_2Layers_input_size_10_node1_30_node2_90_node3_0_node4_0,0.5318811818356439
Test_U_2Layers_input_size_25_node1_20_node2_90_node3_0_node4_0,0.5319095052157042
Test_U_2Layers_input_size_75_node1_70_node2_10_node3_0_node4_0,0.5319811613952914
Train_U_2Layers_input_size_10_node1_90_node2_60_node3_0_node4_0,0.5320123643926172
Test_U_2Layers_input_size_50_node1_50_node2_40_node3_0_node4_0,0.5321388382316459
Test_U_2Layers_input_size_50_node1_90_node2_80_node3_0_node4_0,0.5321770881266004
Train_U_2Layers_input_size_10_node1_30_node2_70_node3_0_node4_0,0.5322955445548363
Test_U_2Layers_input_size_55_node1_60_node2_20_node3_0_node4_0,0.5323282407175844
Test_U_2Layers_input_size_45_node1_100_node2_30_node3_0_node4_0,0.5323960060781627
Test_U_2Layers_input_size_25_node1_30_node2_70_node3_0_node4_0,0.5324366723493118
Test_U_2Layers_input_size_55_node1_100_node2_20_node3_0_node4_0,0.5324886971380023
Test_U_2Layers_input_size_30_node1_30_node2_20_node3_0_node4_0,0.5325232282685457
Test_U_2Layers_input_size_45_node1_30_node2_50_node3_0_node4_0,0.5326167085293616
Test_U_2Layers_input_size_30_node1_40_node2_80_node3_0_node4_0,0.5326476504906519
Test_U_2Layers_input_size_15_node1_20_node2_100_node3_0_node4_0,0.5327840982065989
Test_U_2Layers_input_size_35_node1_100_node2_30_node3_0_node4_0,0.5327958448385476
Test_U_2Layers_input_size_25_node1_70_node2_100_node3_0_node4_0,0.5328465201963771
Test_U_2Layers_input_size_35_node1_60_node2_70_node3_0_node4_0,0.5328845515154623
Test_U_2Layers_input_size_25_node1_60_node2_50_node3_0_node4_0,0.5329127936064653
Test_U_2Layers_input_size_5_node1_10_node2_10_node3_0_node4_0,0.5329326181010315
Test_U_1Layers_input_size_45_node1_90_node2_0_node3_0_node4_0,0.5329650235500143
Test_U_2Layers_input_size_50_node1_90_node2_50_node3_0_node4_0,0.5330054507093148
Test_U_2Layers_input_size_40_node1_60_node2_50_node3_0_node4_0,0.5330077431672786
Test_U_2Layers_input_size_55_node1_80_node2_10_node3_0_node4_0,0.5330169688130609
Test_U_2Layers_input_size_15_node1_70_node2_60_node3_0_node4_0,0.5331219062849575
Test_U_2Layers_input_size_40_node1_60_node2_60_node3_0_node4_0,0.5331447974640121
Test_U_2Layers_input_size_55_node1_20_node2_90_node3_0_node4_0,0.5331715165714923
Test_U_2Layers_input_size_20_node1_70_node2_50_node3_0_node4_0,0.5332030132139878
Test_U_2Layers_input_size_35_node1_100_node2_20_node3_0_node4_0,0.5332118162907009
Test_U_2Layers_input_size_35_node1_50_node2_100_node3_0_node4_0,0.5332360449608956
Test_U_2Layers_input_size_35_node1_30_node2_70_node3_0_node4_0,0.5332648552454212
Test_U_2Layers_input_size_25_node1_80_node2_60_node3_0_node4_0,0.5332663641795993
Test_U_2Layers_input_size_40_node1_10_node2_90_node3_0_node4_0,0.5332665318386888
Test_U_2Layers_input_size_40_node1_20_node2_100_node3_0_node4_0,0.533368794062047
Test_U_2Layers_input_size_45_node1_80_node2_30_node3_0_node4_0,0.5334526288703504
Test_U_2Layers_input_size_35_node1_40_node2_40_node3_0_node4_0,0.5334701987079218
Test_U_2Layers_input_size_35_node1_20_node2_30_node3_0_node4_0,0.5335334341607425
Test_U_2Layers_input_size_30_node1_70_node2_60_node3_0_node4_0,0.5336321826682853
Test_U_2Layers_input_size_35_node1_100_node2_90_node3_0_node4_0,0.5336704372185042
Train_U_2Layers_input_size_10_node1_10_node2_20_node3_0_node4_0,0.5336709118927787
Test_U_2Layers_input_size_45_node1_80_node2_100_node3_0_node4_0,0.5337509024386851
Test_U_2Layers_input_size_20_node1_100_node2_50_node3_0_node4_0,0.533757546838299
Test_U_2Layers_input_size_15_node1_40_node2_40_node3_0_node4_0,0.5338754572150742
Train_U_2Layers_input_size_10_node1_100_node2_70_node3_0_node4_0,0.5338918967211349
Test_U_2Layers_input_size_50_node1_50_node2_90_node3_0_node4_0,0.5339035910701214
Test_U_2Layers_input_size_40_node1_70_node2_50_node3_0_node4_0,0.5339900766443613
Test_U_2Layers_input_size_30_node1_90_node2_30_node3_0_node4_0,0.534040750291686
Train_U_2Layers_input_size_10_node1_60_node2_90_node3_0_node4_0,0.5340467772337388
Train_U_2Layers_input_size_10_node1_70_node2_90_node3_0_node4_0,0.5341414415242504
Test_U_2Layers_input_size_40_node1_90_node2_20_node3_0_node4_0,0.5341870239423507
Test_U_2Layers_input_size_25_node1_20_node2_20_node3_0_node4_0,0.5342575658067035
Test_U_2Layers_input_size_50_node1_40_node2_60_node3_0_node4_0,0.5342803246581073
Test_U_2Layers_input_size_40_node1_70_node2_40_node3_0_node4_0,0.5343861573153198
Test_U_2Layers_input_size_20_node1_50_node2_70_node3_0_node4_0,0.5344156584413671
Test_U_2Layers_input_size_40_node1_60_node2_100_node3_0_node4_0,0.5344240511862828
Test_U_2Layers_input_size_40_node1_40_node2_50_node3_0_node4_0,0.534436068475274
Test_U_2Layers_input_size_5_node1_50_node2_10_node3_0_node4_0,0.5344745164082946
Test_U_2Layers_input_size_40_node1_90_node2_60_node3_0_node4_0,0.5345681014483897
Test_U_2Layers_input_size_40_node1_60_node2_30_node3_0_node4_0,0.534578554524058
Test_U_2Layers_input_size_30_node1_90_node2_50_node3_0_node4_0,0.5345907634576537
Test_U_2Layers_input_size_30_node1_30_node2_100_node3_0_node4_0,0.5347963779877473
Test_U_2Layers_input_size_25_node1_40_node2_10_node3_0_node4_0,0.5349097136492164
Test_U_2Layers_input_size_55_node1_20_node2_40_node3_0_node4_0,0.5349126665189933
Train_U_2Layers_input_size_10_node1_40_node2_30_node3_0_node4_0,0.5349214693170711
Test_U_2Layers_input_size_40_node1_100_node2_40_node3_0_node4_0,0.5349488239232973
Test_U_2Layers_input_size_60_node1_70_node2_80_node3_0_node4_0,0.5349565676412831
Test_U_2Layers_input_size_5_node1_90_node2_10_node3_0_node4_0,0.5349626678293968
Test_U_2Layers_input_size_30_node1_40_node2_70_node3_0_node4_0,0.5350246685348075
Test_U_2Layers_input_size_55_node1_70_node2_100_node3_0_node4_0,0.5351043174772648
Test_U_2Layers_input_size_30_node1_40_node2_100_node3_0_node4_0,0.5351255923211986
Test_U_2Layers_input_size_20_node1_10_node2_60_node3_0_node4_0,0.5352244925320914
Test_U_2Layers_input_size_45_node1_90_node2_40_node3_0_node4_0,0.5352310072759924
Test_U_2Layers_input_size_30_node1_50_node2_30_node3_0_node4_0,0.5353406045620992
Test_U_2Layers_input_size_45_node1_60_node2_100_node3_0_node4_0,0.5353569434089329
Test_U_2Layers_input_size_20_node1_90_node2_20_node3_0_node4_0,0.535376232070093
Test_U_2Layers_input_size_50_node1_90_node2_40_node3_0_node4_0,0.5353846932548371
Test_U_1Layers_input_size_30_node1_50_node2_0_node3_0_node4_0,0.5353984145629431
Test_U_2Layers_input_size_5_node1_60_node2_20_node3_0_node4_0,0.5355415906026326
Test_U_1Layers_input_size_60_node1_50_node2_0_node3_0_node4_0,0.5355589249672208
Test_U_2Layers_input_size_10_node1_20_node2_30_node3_0_node4_0,0.5355894465537056
Train_U_2Layers_input_size_10_node1_70_node2_100_node3_0_node4_0,0.5356024949054143
Test_U_2Layers_input_size_60_node1_90_node2_10_node3_0_node4_0,0.5356057499883882
Test_U_2Layers_input_size_45_node1_90_node2_30_node3_0_node4_0,0.5356159324279084
Test_U_2Layers_input_size_40_node1_50_node2_90_node3_0_node4_0,0.5356912653382017
Test_U_2Layers_input_size_60_node1_70_node2_50_node3_0_node4_0,0.5357640010608098
Test_U_1Layers_input_size_40_node1_70_node2_0_node3_0_node4_0,0.5358687898949184
Test_U_2Layers_input_size_50_node1_10_node2_100_node3_0_node4_0,0.5359214824807538
Test_U_2Layers_input_size_5_node1_40_node2_100_node3_0_node4_0,0.5359359407541264
Test_U_1Layers_input_size_35_node1_90_node2_0_node3_0_node4_0,0.5359564875139166
Test_U_2Layers_input_size_50_node1_70_node2_40_node3_0_node4_0,0.5359693323140776
Test_U_2Layers_input_size_35_node1_10_node2_40_node3_0_node4_0,0.5359988019043784
Test_U_2Layers_input_size_40_node1_70_node2_100_node3_0_node4_0,0.5359992745166822
Test_U_2Layers_input_size_25_node1_60_node2_20_node3_0_node4_0,0.5360045288254017
Train_U_2Layers_input_size_10_node1_70_node2_60_node3_0_node4_0,0.5360525380334511
Test_U_2Layers_input_size_55_node1_70_node2_40_node3_0_node4_0,0.536070189440544
Test_U_1Layers_input_size_50_node1_50_node2_0_node3_0_node4_0,0.5361527402749259
Test_U_2Layers_input_size_45_node1_100_node2_40_node3_0_node4_0,0.5361556029209413
Test_U_2Layers_input_size_30_node1_30_node2_10_node3_0_node4_0,0.5362032651209921
Test_U_2Layers_input_size_15_node1_30_node2_50_node3_0_node4_0,0.5362614545065614
Test_U_2Layers_input_size_25_node1_60_node2_30_node3_0_node4_0,0.5362817942924043
Train_U_2Layers_input_size_10_node1_60_node2_80_node3_0_node4_0,0.5363903434655114
Test_U_2Layers_input_size_35_node1_20_node2_40_node3_0_node4_0,0.5366885391905868
Test_U_2Layers_input_size_60_node1_40_node2_100_node3_0_node4_0,0.5367804334973745
Test_U_2Layers_input_size_55_node1_100_node2_90_node3_0_node4_0,0.5367865129585804
Test_U_2Layers_input_size_45_node1_70_node2_30_node3_0_node4_0,0.5368931560532745
Test_U_2Layers_input_size_15_node1_10_node2_30_node3_0_node4_0,0.536932787910382
Test_U_2Layers_input_size_45_node1_90_node2_80_node3_0_node4_0,0.5371641651298105
Test_U_2Layers_input_size_75_node1_90_node2_10_node3_0_node4_0,0.537206661776922
Test_U_2Layers_input_size_60_node1_70_node2_60_node3_0_node4_0,0.5374142145852245
Test_U_2Layers_input_size_25_node1_10_node2_80_node3_0_node4_0,0.537424612303111
Test_U_2Layers_input_size_65_node1_50_node2_20_node3_0_node4_0,0.537488408296368
Test_U_2Layers_input_size_20_node1_90_node2_30_node3_0_node4_0,0.5375014659950313
Test_U_2Layers_input_size_55_node1_90_node2_90_node3_0_node4_0,0.5375488979808378
Test_U_2Layers_input_size_50_node1_100_node2_80_node3_0_node4_0,0.5375872618790346
Test_U_2Layers_input_size_25_node1_30_node2_10_node3_0_node4_0,0.5375880934361078
Test_U_2Layers_input_size_50_node1_80_node2_80_node3_0_node4_0,0.5376496805212618
Test_U_2Layers_input_size_40_node1_90_node2_70_node3_0_node4_0,0.5376547524105146
Test_U_2Layers_input_size_75_node1_50_node2_90_node3_0_node4_0,0.5376750672031594
Test_U_2Layers_input_size_50_node1_100_node2_40_node3_0_node4_0,0.5377221513362256
Test_U_2Layers_input_size_45_node1_40_node2_40_node3_0_node4_0,0.5377611956155846
Train_U_2Layers_input_size_10_node1_80_node2_20_node3_0_node4_0,0.537924048134026
Test_U_2Layers_input_size_60_node1_60_node2_10_node3_0_node4_0,0.5379275107774246
Test_U_2Layers_input_size_65_node1_30_node2_90_node3_0_node4_0,0.538014928213569
Test_U_2Layers_input_size_20_node1_80_node2_10_node3_0_node4_0,0.5380624534065438
Test_U_2Layers_input_size_50_node1_90_node2_30_node3_0_node4_0,0.538065610525911
Test_U_1Layers_input_size_40_node1_50_node2_0_node3_0_node4_0,0.5381121343476959
Train_U_2Layers_input_size_15_node1_20_node2_40_node3_0_node4_0,0.5381132973917044
Train_U_2Layers_input_size_10_node1_20_node2_90_node3_0_node4_0,0.5381355608923951
Test_U_1Layers_input_size_35_node1_100_node2_0_node3_0_node4_0,0.5381930152983473
Test_U_2Layers_input_size_20_node1_20_node2_10_node3_0_node4_0,0.5382068034431339
Train_U_2Layers_input_size_5_node1_80_node2_90_node3_0_node4_0,0.5382310010601796
Test_U_2Layers_input_size_35_node1_70_node2_50_node3_0_node4_0,0.5383042794271686
Test_U_2Layers_input_size_70_node1_90_node2_10_node3_0_node4_0,0.5383152135756024
Test_U_2Layers_input_size_55_node1_80_node2_80_node3_0_node4_0,0.5383289432297419
Test_U_2Layers_input_size_15_node1_20_node2_30_node3_0_node4_0,0.538390196473055
Test_U_2Layers_input_size_55_node1_70_node2_50_node3_0_node4_0,0.5383958979567978
Test_U_2Layers_input_size_50_node1_40_node2_70_node3_0_node4_0,0.5384245705228358
Test_U_2Layers_input_size_70_node1_80_node2_10_node3_0_node4_0,0.538439847173905
Test_U_2Layers_input_size_40_node1_60_node2_10_node3_0_node4_0,0.5384845953042289
Test_U_2Layers_input_size_35_node1_90_node2_60_node3_0_node4_0,0.5385070924955959
Test_U_2Layers_input_size_45_node1_50_node2_40_node3_0_node4_0,0.5385330751669598
Test_U_2Layers_input_size_15_node1_70_node2_50_node3_0_node4_0,0.5385492341513974
Test_U_2Layers_input_size_45_node1_100_node2_60_node3_0_node4_0,0.5386256507255216
Test_U_2Layers_input_size_65_node1_60_node2_50_node3_0_node4_0,0.5387307403910069
Test_U_2Layers_input_size_45_node1_80_node2_50_node3_0_node4_0,0.5387815489681033
Test_U_2Layers_input_size_60_node1_90_node2_90_node3_0_node4_0,0.5388171425422372
Test_U_2Layers_input_size_25_node1_10_node2_100_node3_0_node4_0,0.5388830134911556
Test_U_2Layers_input_size_25_node1_30_node2_60_node3_0_node4_0,0.5389069595398605
Test_U_2Layers_input_size_45_node1_90_node2_20_node3_0_node4_0,0.5389268400351699
Test_U_2Layers_input_size_50_node1_100_node2_100_node3_0_node4_0,0.538938812218871
Test_U_2Layers_input_size_30_node1_80_node2_90_node3_0_node4_0,0.5389566455790554
Test_U_2Layers_input_size_25_node1_90_node2_60_node3_0_node4_0,0.538964663486689
Test_U_2Layers_input_size_25_node1_90_node2_50_node3_0_node4_0,0.539027116139433
Test_U_2Layers_input_size_30_node1_80_node2_100_node3_0_node4_0,0.5390310416510099
Test_U_2Layers_input_size_50_node1_20_node2_90_node3_0_node4_0,0.5390513322198596
Test_U_2Layers_input_size_30_node1_70_node2_70_node3_0_node4_0,0.5390937630253855
Test_U_2Layers_input_size_60_node1_80_node2_80_node3_0_node4_0,0.5391013919234947
Test_U_2Layers_input_size_45_node1_60_node2_50_node3_0_node4_0,0.5391164006361762
Test_U_2Layers_input_size_45_node1_100_node2_80_node3_0_node4_0,0.5391335095061928
Train_U_1Layers_input_size_10_node1_70_node2_0_node3_0_node4_0,0.5391719541138108
Test_U_2Layers_input_size_65_node1_20_node2_40_node3_0_node4_0,0.5392792583817189
Test_U_2Layers_input_size_55_node1_30_node2_80_node3_0_node4_0,0.5392829333750645
Test_U_2Layers_input_size_25_node1_10_node2_30_node3_0_node4_0,0.539285862299196
Test_U_2Layers_input_size_20_node1_70_node2_10_node3_0_node4_0,0.5393092102293497
Test_U_2Layers_input_size_70_node1_10_node2_80_node3_0_node4_0,0.5393105641019856
Test_U_2Layers_input_size_40_node1_20_node2_80_node3_0_node4_0,0.5393107851420932
Test_U_2Layers_input_size_10_node1_40_node2_40_node3_0_node4_0,0.5393121390107755
Test_U_2Layers_input_size_15_node1_30_node2_60_node3_0_node4_0,0.5393370882680831
Train_U_2Layers_input_size_10_node1_30_node2_80_node3_0_node4_0,0.5393878949813067
Test_U_2Layers_input_size_40_node1_70_node2_10_node3_0_node4_0,0.5395228866339905
Test_U_2Layers_input_size_25_node1_90_node2_70_node3_0_node4_0,0.5395696162047616
Test_U_2Layers_input_size_60_node1_30_node2_80_node3_0_node4_0,0.5395944154796803
Test_U_2Layers_input_size_55_node1_70_node2_10_node3_0_node4_0,0.5396222511700427
Test_U_2Layers_input_size_60_node1_10_node2_90_node3_0_node4_0,0.5396337661101837
Test_U_2Layers_input_size_40_node1_40_node2_70_node3_0_node4_0,0.5396458054491126
Test_U_2Layers_input_size_20_node1_90_node2_60_node3_0_node4_0,0.5396522392058961
Test_U_2Layers_input_size_40_node1_20_node2_50_node3_0_node4_0,0.5397357330238921
Test_U_2Layers_input_size_40_node1_30_node2_70_node3_0_node4_0,0.5397829962853274
Test_U_1Layers_input_size_75_node1_100_node2_0_node3_0_node4_0,0.5397927962683584
Test_U_2Layers_input_size_20_node1_10_node2_100_node3_0_node4_0,0.5398008845710361
Test_U_2Layers_input_size_45_node1_40_node2_90_node3_0_node4_0,0.5398207045410054
Test_U_2Layers_input_size_45_node1_20_node2_30_node3_0_node4_0,0.5398309454938215
Test_U_2Layers_input_size_50_node1_30_node2_70_node3_0_node4_0,0.539869395639204
Test_U_2Layers_input_size_20_node1_10_node2_30_node3_0_node4_0,0.5399540425541811
Test_U_2Layers_input_size_30_node1_60_node2_50_node3_0_node4_0,0.5399781894694374
Test_U_2Layers_input_size_65_node1_50_node2_50_node3_0_node4_0,0.5399928702660822
Test_U_2Layers_input_size_45_node1_30_node2_90_node3_0_node4_0,0.5399945259699817
Test_U_2Layers_input_size_60_node1_20_node2_30_node3_0_node4_0,0.5400130143186782
Test_U_2Layers_input_size_95_node1_60_node2_10_node3_0_node4_0,0.5400172913838176
Test_U_2Layers_input_size_35_node1_70_node2_70_node3_0_node4_0,0.5400257626321989
Train_U_2Layers_input_size_15_node1_100_node2_50_node3_0_node4_0,0.5400476161838131
Test_U_2Layers_input_size_50_node1_70_node2_60_node3_0_node4_0,0.5400605292304711
Test_U_2Layers_input_size_50_node1_50_node2_100_node3_0_node4_0,0.5402095311783313
Test_U_2Layers_input_size_65_node1_100_node2_30_node3_0_node4_0,0.5402226334383322
Test_U_2Layers_input_size_35_node1_70_node2_10_node3_0_node4_0,0.540222881688612
Train_U_2Layers_input_size_10_node1_50_node2_70_node3_0_node4_0,0.5402383833134499
Test_U_2Layers_input_size_55_node1_60_node2_60_node3_0_node4_0,0.5402427137590519
Train_U_2Layers_input_size_10_node1_30_node2_90_node3_0_node4_0,0.540281327662809
Test_U_2Layers_input_size_55_node1_80_node2_60_node3_0_node4_0,0.540284058112956
Test_U_2Layers_input_size_40_node1_80_node2_20_node3_0_node4_0,0.54031522287948
Test_U_1Layers_input_size_30_node1_10_node2_0_node3_0_node4_0,0.5403852680950573
Test_U_2Layers_input_size_50_node1_80_node2_40_node3_0_node4_0,0.5404893539573008
Test_U_2Layers_input_size_55_node1_70_node2_70_node3_0_node4_0,0.5405266545540294
Test_U_2Layers_input_size_50_node1_70_node2_30_node3_0_node4_0,0.5405804643313258
Test_U_2Layers_input_size_60_node1_60_node2_40_node3_0_node4_0,0.5406123010985132
Test_U_2Layers_input_size_25_node1_90_node2_10_node3_0_node4_0,0.5406420137230952
Test_U_2Layers_input_size_25_node1_10_node2_90_node3_0_node4_0,0.540654003048902
Test_U_2Layers_input_size_80_node1_80_node2_100_node3_0_node4_0,0.5406598735873328
Train_U_2Layers_input_size_15_node1_40_node2_20_node3_0_node4_0,0.5407299568299343
Test_U_1Layers_input_size_45_node1_30_node2_0_node3_0_node4_0,0.5407942170817942
Test_U_2Layers_input_size_10_node1_80_node2_70_node3_0_node4_0,0.5408105013788488
Test_U_2Layers_input_size_55_node1_60_node2_90_node3_0_node4_0,0.5408177203181377
Train_U_2Layers_input_size_10_node1_60_node2_40_node3_0_node4_0,0.5408871770201682
Test_U_2Layers_input_size_25_node1_10_node2_50_node3_0_node4_0,0.5408977559175521
Test_U_1Layers_input_size_55_node1_100_node2_0_node3_0_node4_0,0.5409694059715152
Test_U_2Layers_input_size_60_node1_70_node2_30_node3_0_node4_0,0.5410386779500881
Test_U_2Layers_input_size_50_node1_10_node2_40_node3_0_node4_0,0.5410996244476826
Test_U_2Layers_input_size_70_node1_90_node2_20_node3_0_node4_0,0.5411242434539758
Test_U_2Layers_input_size_35_node1_80_node2_90_node3_0_node4_0,0.5411981212870236
Test_U_2Layers_input_size_25_node1_50_node2_20_node3_0_node4_0,0.5411983690898425
Test_U_2Layers_input_size_30_node1_100_node2_30_node3_0_node4_0,0.5412185784044539
Train_U_2Layers_input_size_10_node1_50_node2_40_node3_0_node4_0,0.5412255441104956
Test_U_2Layers_input_size_35_node1_50_node2_10_node3_0_node4_0,0.5412933518137304
Test_U_2Layers_input_size_60_node1_100_node2_50_node3_0_node4_0,0.5412970681901623
Test_U_2Layers_input_size_70_node1_70_node2_80_node3_0_node4_0,0.5413187603079231
Test_U_2Layers_input_size_60_node1_40_node2_70_node3_0_node4_0,0.541340121239392
Test_U_2Layers_input_size_55_node1_10_node2_60_node3_0_node4_0,0.5413503059228498
Test_U_2Layers_input_size_25_node1_20_node2_70_node3_0_node4_0,0.5413536090222818
Test_U_2Layers_input_size_45_node1_20_node2_100_node3_0_node4_0,0.5413771980714887
Train_U_2Layers_input_size_10_node1_10_node2_80_node3_0_node4_0,0.5414859641484828
Test_U_2Layers_input_size_30_node1_20_node2_50_node3_0_node4_0,0.5414963387183261
Test_U_2Layers_input_size_40_node1_100_node2_30_node3_0_node4_0,0.5415393484089999
Test_U_2Layers_input_size_30_node1_80_node2_60_node3_0_node4_0,0.5415526386206214
Test_U_2Layers_input_size_40_node1_90_node2_10_node3_0_node4_0,0.5415836203320462
Test_U_2Layers_input_size_40_node1_30_node2_10_node3_0_node4_0,0.5415887379219864
Test_U_2Layers_input_size_65_node1_70_node2_30_node3_0_node4_0,0.5416049433044499
Test_U_2Layers_input_size_35_node1_40_node2_30_node3_0_node4_0,0.5416146277837194
Test_U_2Layers_input_size_45_node1_20_node2_90_node3_0_node4_0,0.5416768574367359
Test_U_2Layers_input_size_55_node1_60_node2_100_node3_0_node4_0,0.5416862380331182
Test_U_2Layers_input_size_55_node1_70_node2_80_node3_0_node4_0,0.5417414454659198
Train_U_2Layers_input_size_15_node1_30_node2_80_node3_0_node4_0,0.5417924117583123
Test_U_2Layers_input_size_55_node1_100_node2_100_node3_0_node4_0,0.5418244523316295
Test_U_1Layers_input_size_65_node1_40_node2_0_node3_0_node4_0,0.5418958973622456
Test_U_2Layers_input_size_45_node1_40_node2_80_node3_0_node4_0,0.5419466016689434
Test_U_2Layers_input_size_60_node1_40_node2_90_node3_0_node4_0,0.5420296595911054
Train_U_2Layers_input_size_10_node1_70_node2_50_node3_0_node4_0,0.5420328485856245
Train_U_2Layers_input_size_5_node1_100_node2_40_node3_0_node4_0,0.542044669694734
Test_U_2Layers_input_size_65_node1_100_node2_20_node3_0_node4_0,0.542049892893382
Train_U_2Layers_input_size_20_node1_40_node2_80_node3_0_node4_0,0.5420648749471121
Test_U_2Layers_input_size_70_node1_70_node2_20_node3_0_node4_0,0.542074633676836
Test_U_1Layers_input_size_35_node1_80_node2_0_node3_0_node4_0,0.5420890652790641
Train_U_2Layers_input_size_15_node1_70_node2_100_node3_0_node4_0,0.542095415062331
Test_U_2Layers_input_size_70_node1_100_node2_80_node3_0_node4_0,0.5421021770874088
Train_U_2Layers_input_size_15_node1_40_node2_60_node3_0_node4_0,0.5421259534571036
Train_U_2Layers_input_size_5_node1_10_node2_30_node3_0_node4_0,0.5421388170004534
Test_U_2Layers_input_size_50_node1_100_node2_90_node3_0_node4_0,0.5421811161160132
Test_U_2Layers_input_size_30_node1_70_node2_10_node3_0_node4_0,0.5421837820315888
Test_U_2Layers_input_size_30_node1_30_node2_90_node3_0_node4_0,0.5422457814841753
Test_U_2Layers_input_size_65_node1_50_node2_30_node3_0_node4_0,0.5422832635303443
Train_U_2Layers_input_size_30_node1_20_node2_90_node3_0_node4_0,0.5423403334887791
Test_U_1Layers_input_size_25_node1_100_node2_0_node3_0_node4_0,0.5423556921679119
Test_U_2Layers_input_size_25_node1_30_node2_50_node3_0_node4_0,0.5423782760545793
Test_U_2Layers_input_size_70_node1_30_node2_100_node3_0_node4_0,0.5424016831782621
Test_U_2Layers_input_size_25_node1_100_node2_60_node3_0_node4_0,0.5425059589814618
Test_U_2Layers_input_size_40_node1_30_node2_20_node3_0_node4_0,0.5425204340430818
Test_U_2Layers_input_size_10_node1_20_node2_50_node3_0_node4_0,0.5425499323090348
Test_U_1Layers_input_size_75_node1_80_node2_0_node3_0_node4_0,0.5425578971151657
Test_U_1Layers_input_size_25_node1_30_node2_0_node3_0_node4_0,0.5425651202692803
Test_U_2Layers_input_size_30_node1_30_node2_80_node3_0_node4_0,0.5425767649996736
Train_U_2Layers_input_size_10_node1_40_node2_90_node3_0_node4_0,0.542600767735614
Test_U_2Layers_input_size_55_node1_70_node2_20_node3_0_node4_0,0.542609857739415
Test_U_2Layers_input_size_70_node1_40_node2_80_node3_0_node4_0,0.5426101598215191
Train_U_2Layers_input_size_25_node1_50_node2_50_node3_0_node4_0,0.5426413282983931
Test_U_2Layers_input_size_40_node1_40_node2_60_node3_0_node4_0,0.5427617014480591
Test_U_2Layers_input_size_25_node1_100_node2_100_node3_0_node4_0,0.542790088487383
Train_U_2Layers_input_size_5_node1_50_node2_100_node3_0_node4_0,0.5428042265459718
Train_U_2Layers_input_size_25_node1_100_node2_90_node3_0_node4_0,0.5428211093762282
Test_U_1Layers_input_size_20_node1_100_node2_0_node3_0_node4_0,0.5428221799770273
Test_U_2Layers_input_size_35_node1_20_node2_70_node3_0_node4_0,0.5428437288005513
Test_U_2Layers_input_size_30_node1_60_node2_10_node3_0_node4_0,0.5428562459409446
Test_U_2Layers_input_size_20_node1_10_node2_50_node3_0_node4_0,0.5428800716299391
Train_U_2Layers_input_size_5_node1_80_node2_50_node3_0_node4_0,0.5429014534720531
Test_U_1Layers_input_size_45_node1_100_node2_0_node3_0_node4_0,0.542930821253521
Test_U_2Layers_input_size_60_node1_90_node2_100_node3_0_node4_0,0.5429979769298459
Test_U_2Layers_input_size_40_node1_30_node2_30_node3_0_node4_0,0.5430069779585236
Test_U_2Layers_input_size_55_node1_90_node2_100_node3_0_node4_0,0.543052063183017
Test_U_2Layers_input_size_10_node1_10_node2_30_node3_0_node4_0,0.543081806954348
Test_U_2Layers_input_size_55_node1_90_node2_60_node3_0_node4_0,0.5430897913979
Test_U_2Layers_input_size_25_node1_40_node2_40_node3_0_node4_0,0.5431765151971154
Test_U_2Layers_input_size_40_node1_10_node2_40_node3_0_node4_0,0.543184635413327
Test_U_2Layers_input_size_40_node1_30_node2_40_node3_0_node4_0,0.5432424061503827
Test_U_2Layers_input_size_50_node1_50_node2_30_node3_0_node4_0,0.543242653020691
Test_U_2Layers_input_size_25_node1_80_node2_100_node3_0_node4_0,0.5433191774090259
Test_U_2Layers_input_size_65_node1_90_node2_70_node3_0_node4_0,0.5433554061645974
Test_U_2Layers_input_size_60_node1_90_node2_60_node3_0_node4_0,0.5433743286269073
Test_U_2Layers_input_size_50_node1_80_node2_100_node3_0_node4_0,0.5434226190548815
Train_U_2Layers_input_size_5_node1_90_node2_60_node3_0_node4_0,0.5434542619029704
Test_U_2Layers_input_size_65_node1_60_node2_60_node3_0_node4_0,0.5434709874474982
Test_U_2Layers_input_size_60_node1_100_node2_90_node3_0_node4_0,0.5434779242846235
Train_U_2Layers_input_size_15_node1_80_node2_40_node3_0_node4_0,0.5434795967894182
Test_U_2Layers_input_size_75_node1_90_node2_40_node3_0_node4_0,0.5435559233344035
Train_U_2Layers_input_size_5_node1_90_node2_90_node3_0_node4_0,0.5435927393838907
Train_U_2Layers_input_size_5_node1_10_node2_70_node3_0_node4_0,0.5436065550389969
Train_U_2Layers_input_size_15_node1_60_node2_90_node3_0_node4_0,0.5436329518322315
Test_U_2Layers_input_size_65_node1_60_node2_90_node3_0_node4_0,0.5436610192904677
Test_U_2Layers_input_size_50_node1_10_node2_60_node3_0_node4_0,0.5436673781226388
Test_U_2Layers_input_size_80_node1_90_node2_20_node3_0_node4_0,0.543685357866322
Test_U_2Layers_input_size_95_node1_70_node2_50_node3_0_node4_0,0.543685494904768
Train_U_2Layers_input_size_5_node1_70_node2_70_node3_0_node4_0,0.5436859334275632
Test_U_2Layers_input_size_55_node1_90_node2_50_node3_0_node4_0,0.5437022955565538
Test_U_2Layers_input_size_20_node1_20_node2_80_node3_0_node4_0,0.5437636560062581
Test_U_2Layers_input_size_55_node1_50_node2_30_node3_0_node4_0,0.5437816051637423
Test_U_2Layers_input_size_30_node1_20_node2_30_node3_0_node4_0,0.5437823450399624
Train_U_2Layers_input_size_10_node1_70_node2_80_node3_0_node4_0,0.5437827560818718
Test_U_1Layers_input_size_60_node1_70_node2_0_node3_0_node4_0,0.5437860992111951
Test_U_2Layers_input_size_75_node1_90_node2_50_node3_0_node4_0,0.5438183785337716
Test_U_2Layers_input_size_75_node1_90_node2_20_node3_0_node4_0,0.5438532862728903
Train_U_2Layers_input_size_5_node1_60_node2_50_node3_0_node4_0,0.5438991506497316
Train_U_2Layers_input_size_10_node1_40_node2_50_node3_0_node4_0,0.5439007944624117
Test_U_2Layers_input_size_45_node1_100_node2_50_node3_0_node4_0,0.5439276153041508
Train_U_2Layers_input_size_10_node1_100_node2_40_node3_0_node4_0,0.5439393678405384
Test_U_2Layers_input_size_70_node1_80_node2_100_node3_0_node4_0,0.5439533938453064
Test_U_2Layers_input_size_55_node1_100_node2_60_node3_0_node4_0,0.5439653649734608
Test_U_2Layers_input_size_60_node1_70_node2_10_node3_0_node4_0,0.543972870763832
Test_U_2Layers_input_size_10_node1_50_node2_80_node3_0_node4_0,0.543976075759554
Test_U_2Layers_input_size_40_node1_40_node2_80_node3_0_node4_0,0.5440343924267357
Test_U_2Layers_input_size_35_node1_100_node2_50_node3_0_node4_0,0.5440779135688211
Test_U_2Layers_input_size_20_node1_60_node2_60_node3_0_node4_0,0.544092976715115
Test_U_2Layers_input_size_45_node1_70_node2_40_node3_0_node4_0,0.5441004533583175
Train_U_2Layers_input_size_25_node1_40_node2_90_node3_0_node4_0,0.5441197606979643
Test_U_2Layers_input_size_10_node1_20_node2_70_node3_0_node4_0,0.5441480495058642
Test_U_2Layers_input_size_25_node1_60_node2_70_node3_0_node4_0,0.5442161502168184
Train_U_2Layers_input_size_15_node1_90_node2_70_node3_0_node4_0,0.5442684453397745
Train_U_2Layers_input_size_15_node1_90_node2_20_node3_0_node4_0,0.5442717307294782
Train_U_2Layers_input_size_15_node1_60_node2_40_node3_0_node4_0,0.5442872813049905
Train_U_2Layers_input_size_20_node1_70_node2_90_node3_0_node4_0,0.5442940708535506
Train_U_2Layers_input_size_10_node1_10_node2_50_node3_0_node4_0,0.544295056426141
Test_U_2Layers_input_size_60_node1_60_node2_60_node3_0_node4_0,0.5443023112805683
Test_U_2Layers_input_size_60_node1_40_node2_80_node3_0_node4_0,0.5443235277527687
Train_U_2Layers_input_size_15_node1_50_node2_80_node3_0_node4_0,0.5443868984844755
Test_U_2Layers_input_size_60_node1_20_node2_100_node3_0_node4_0,0.5443872543252071
Train_U_2Layers_input_size_25_node1_90_node2_100_node3_0_node4_0,0.54441916955563
Test_U_2Layers_input_size_55_node1_100_node2_40_node3_0_node4_0,0.5444552430095138
Test_U_2Layers_input_size_25_node1_40_node2_70_node3_0_node4_0,0.5444612641423392
Test_U_2Layers_input_size_15_node1_20_node2_10_node3_0_node4_0,0.5444803123785614
Test_U_2Layers_input_size_40_node1_30_node2_100_node3_0_node4_0,0.544487044785423
Test_U_2Layers_input_size_55_node1_60_node2_70_node3_0_node4_0,0.5444903288561237
Test_U_2Layers_input_size_50_node1_20_node2_70_node3_0_node4_0,0.5444979642439408
Train_U_1Layers_input_size_20_node1_50_node2_0_node3_0_node4_0,0.5445147398275088
Test_U_2Layers_input_size_40_node1_10_node2_100_node3_0_node4_0,0.5445484809940466
Test_U_2Layers_input_size_75_node1_100_node2_20_node3_0_node4_0,0.5445866254236621
Test_U_1Layers_input_size_50_node1_70_node2_0_node3_0_node4_0,0.5445900457046846
Train_U_2Layers_input_size_10_node1_100_node2_20_node3_0_node4_0,0.5446073930392649
Test_U_1Layers_input_size_20_node1_70_node2_0_node3_0_node4_0,0.5446090620754396
Test_U_2Layers_input_size_55_node1_80_node2_30_node3_0_node4_0,0.5446207178248245
Test_U_2Layers_input_size_90_node1_10_node2_40_node3_0_node4_0,0.5446247398212994
Test_U_2Layers_input_size_10_node1_90_node2_80_node3_0_node4_0,0.5446277220988281
Test_U_2Layers_input_size_75_node1_40_node2_90_node3_0_node4_0,0.5447033679902854
Test_U_2Layers_input_size_40_node1_100_node2_10_node3_0_node4_0,0.5447298484093116
Train_U_2Layers_input_size_10_node1_90_node2_50_node3_0_node4_0,0.5447393132054797
Train_U_2Layers_input_size_20_node1_100_node2_100_node3_0_node4_0,0.544740872419129
Train_U_2Layers_input_size_20_node1_80_node2_90_node3_0_node4_0,0.5447491607957164
Test_U_2Layers_input_size_5_node1_90_node2_50_node3_0_node4_0,0.54477610398694
Train_U_2Layers_input_size_25_node1_70_node2_90_node3_0_node4_0,0.5447777178007651
Train_U_2Layers_input_size_20_node1_70_node2_30_node3_0_node4_0,0.5448033193602669
Test_U_2Layers_input_size_65_node1_40_node2_20_node3_0_node4_0,0.5448060818497955
Test_U_2Layers_input_size_70_node1_100_node2_10_node3_0_node4_0,0.5448277436583577
Train_U_2Layers_input_size_15_node1_50_node2_20_node3_0_node4_0,0.5448568435202752
Test_U_2Layers_input_size_50_node1_10_node2_90_node3_0_node4_0,0.5448990410289982
Test_U_2Layers_input_size_40_node1_100_node2_20_node3_0_node4_0,0.5449724618271393
Test_U_2Layers_input_size_25_node1_10_node2_70_node3_0_node4_0,0.5449780124201137
Train_U_2Layers_input_size_15_node1_10_node2_100_node3_0_node4_0,0.5450217316170756
Train_U_2Layers_input_size_5_node1_80_node2_80_node3_0_node4_0,0.5450867434248547
Test_U_2Layers_input_size_65_node1_40_node2_80_node3_0_node4_0,0.5450982796134666
Train_U_2Layers_input_size_15_node1_90_node2_60_node3_0_node4_0,0.5451524034945537
Test_U_2Layers_input_size_20_node1_20_node2_100_node3_0_node4_0,0.545180310729438
Test_U_2Layers_input_size_75_node1_100_node2_90_node3_0_node4_0,0.54518533989311
Test_U_2Layers_input_size_40_node1_10_node2_80_node3_0_node4_0,0.5452026956179528
Train_U_2Layers_input_size_10_node1_40_node2_40_node3_0_node4_0,0.5452611543807878
Test_U_2Layers_input_size_70_node1_50_node2_100_node3_0_node4_0,0.5452869245330213
Test_U_2Layers_input_size_25_node1_20_node2_30_node3_0_node4_0,0.5454189535471409
Train_U_2Layers_input_size_5_node1_70_node2_90_node3_0_node4_0,0.5454328322243089
Test_U_2Layers_input_size_45_node1_30_node2_20_node3_0_node4_0,0.5454381868951047
Test_U_2Layers_input_size_45_node1_80_node2_40_node3_0_node4_0,0.545441574516827
Train_U_2Layers_input_size_10_node1_20_node2_40_node3_0_node4_0,0.5454516006610591
Test_U_1Layers_input_size_15_node1_30_node2_0_node3_0_node4_0,0.5454725265700011
Test_U_2Layers_input_size_40_node1_20_node2_30_node3_0_node4_0,0.5454815414008511
Test_U_1Layers_input_size_50_node1_100_node2_0_node3_0_node4_0,0.5454839726479056
Train_U_2Layers_input_size_20_node1_50_node2_70_node3_0_node4_0,0.5455113439175884
Test_U_2Layers_input_size_50_node1_20_node2_50_node3_0_node4_0,0.5455415545229659
Test_U_2Layers_input_size_45_node1_10_node2_50_node3_0_node4_0,0.5455506774691162
Train_U_2Layers_input_size_25_node1_50_node2_80_node3_0_node4_0,0.5455839448844513
Train_U_2Layers_input_size_5_node1_30_node2_30_node3_0_node4_0,0.5456028173685047
Test_U_2Layers_input_size_5_node1_40_node2_60_node3_0_node4_0,0.5456187942868598
Test_U_2Layers_input_size_30_node1_50_node2_90_node3_0_node4_0,0.5456255945768318
Test_U_2Layers_input_size_70_node1_30_node2_60_node3_0_node4_0,0.5456583658702452
Test_U_2Layers_input_size_55_node1_90_node2_80_node3_0_node4_0,0.5457493232062316
Test_U_2Layers_input_size_45_node1_20_node2_50_node3_0_node4_0,0.5457614733686524
Test_U_2Layers_input_size_45_node1_60_node2_90_node3_0_node4_0,0.5457878205444185
Train_U_2Layers_input_size_10_node1_90_node2_80_node3_0_node4_0,0.5457908510706382
Train_U_2Layers_input_size_5_node1_30_node2_70_node3_0_node4_0,0.5458057031360064
Test_U_2Layers_input_size_30_node1_40_node2_30_node3_0_node4_0,0.5458210189051443
Test_U_2Layers_input_size_45_node1_100_node2_70_node3_0_node4_0,0.5458247317541545
Train_U_2Layers_input_size_20_node1_90_node2_40_node3_0_node4_0,0.5458699664230402
Test_U_2Layers_input_size_75_node1_10_node2_20_node3_0_node4_0,0.5458786471196784
Test_U_2Layers_input_size_20_node1_80_node2_60_node3_0_node4_0,0.5459262247127648
Test_U_2Layers_input_size_65_node1_100_node2_60_node3_0_node4_0,0.5459464773696628
Train_U_2Layers_input_size_15_node1_40_node2_80_node3_0_node4_0,0.545955566255807
Train_U_1Layers_input_size_10_node1_90_node2_0_node3_0_node4_0,0.54597745538461
Test_U_2Layers_input_size_25_node1_20_node2_60_node3_0_node4_0,0.5460530234500541
Test_U_2Layers_input_size_65_node1_40_node2_50_node3_0_node4_0,0.5460532963385252
Test_U_2Layers_input_size_5_node1_90_node2_20_node3_0_node4_0,0.5460677865204622
Test_U_2Layers_input_size_30_node1_10_node2_40_node3_0_node4_0,0.5460790291085904
Test_U_2Layers_input_size_30_node1_30_node2_60_node3_0_node4_0,0.5461083351556036
Train_U_2Layers_input_size_15_node1_80_node2_90_node3_0_node4_0,0.5461269166667865
Train_U_2Layers_input_size_10_node1_80_node2_100_node3_0_node4_0,0.5461314459848358
Test_U_2Layers_input_size_70_node1_30_node2_10_node3_0_node4_0,0.546247994792409
Train_U_2Layers_input_size_5_node1_30_node2_50_node3_0_node4_0,0.5462561784652363
Test_U_2Layers_input_size_65_node1_10_node2_80_node3_0_node4_0,0.5463409268278395
Test_U_1Layers_input_size_10_node1_40_node2_0_node3_0_node4_0,0.5463465453405142
Test_U_2Layers_input_size_60_node1_100_node2_10_node3_0_node4_0,0.5463536365847081
Test_U_2Layers_input_size_5_node1_60_node2_100_node3_0_node4_0,0.5464022091330779
Test_U_2Layers_input_size_5_node1_50_node2_90_node3_0_node4_0,0.5464050180815635
Test_U_2Layers_input_size_45_node1_10_node2_60_node3_0_node4_0,0.5464141266113013
Test_U_2Layers_input_size_80_node1_90_node2_10_node3_0_node4_0,0.5464497684103745
Test_U_2Layers_input_size_50_node1_30_node2_100_node3_0_node4_0,0.5464511045917548
Train_U_2Layers_input_size_15_node1_80_node2_80_node3_0_node4_0,0.5464581126732428
Train_U_2Layers_input_size_5_node1_100_node2_80_node3_0_node4_0,0.5464729466037468
Test_U_2Layers_input_size_40_node1_50_node2_80_node3_0_node4_0,0.5465522358597437
Test_U_2Layers_input_size_40_node1_50_node2_40_node3_0_node4_0,0.5465620780493894
Test_U_2Layers_input_size_15_node1_20_node2_90_node3_0_node4_0,0.546562350683699
Train_U_2Layers_input_size_5_node1_70_node2_60_node3_0_node4_0,0.5465805623476248
Train_U_2Layers_input_size_30_node1_90_node2_70_node3_0_node4_0,0.5465842700371923
Train_U_2Layers_input_size_20_node1_100_node2_50_node3_0_node4_0,0.546630859375
Test_U_2Layers_input_size_30_node1_10_node2_50_node3_0_node4_0,0.546638192267768
Test_U_2Layers_input_size_60_node1_40_node2_20_node3_0_node4_0,0.5466498047517354
Train_U_2Layers_input_size_10_node1_30_node2_60_node3_0_node4_0,0.5466542207020241
Test_U_2Layers_input_size_45_node1_70_node2_100_node3_0_node4_0,0.5467072365794889
Test_U_2Layers_input_size_80_node1_60_node2_100_node3_0_node4_0,0.5467258249911465
Test_U_2Layers_input_size_55_node1_10_node2_80_node3_0_node4_0,0.5467475742657805
Train_U_2Layers_input_size_10_node1_90_node2_10_node3_0_node4_0,0.5467651801877819
Test_U_1Layers_input_size_5_node1_70_node2_0_node3_0_node4_0,0.5467992730162363
Test_U_2Layers_input_size_25_node1_80_node2_10_node3_0_node4_0,0.5468075301920851
Test_U_2Layers_input_size_60_node1_50_node2_70_node3_0_node4_0,0.546813470921345
Train_U_2Layers_input_size_5_node1_100_node2_100_node3_0_node4_0,0.5468906672822027
Test_U_2Layers_input_size_70_node1_90_node2_100_node3_0_node4_0,0.5468975607441827
Train_U_2Layers_input_size_5_node1_90_node2_40_node3_0_node4_0,0.546964447335838
Train_U_2Layers_input_size_5_node1_10_node2_90_node3_0_node4_0,0.5469711219236202
Test_U_2Layers_input_size_30_node1_40_node2_20_node3_0_node4_0,0.5469716122982863
Test_U_2Layers_input_size_40_node1_70_node2_90_node3_0_node4_0,0.5469961849546855
Test_U_2Layers_input_size_25_node1_50_node2_70_node3_0_node4_0,0.5470549968412824
Train_U_2Layers_input_size_5_node1_70_node2_20_node3_0_node4_0,0.5470793478511413
Test_U_2Layers_input_size_65_node1_70_node2_100_node3_0_node4_0,0.5471035343584525
Test_U_2Layers_input_size_60_node1_50_node2_60_node3_0_node4_0,0.5471236889644583
Test_U_2Layers_input_size_55_node1_70_node2_60_node3_0_node4_0,0.5471375788688755
Test_U_2Layers_input_size_60_node1_60_node2_90_node3_0_node4_0,0.5471390223093044
Test_U_2Layers_input_size_55_node1_80_node2_100_node3_0_node4_0,0.5472567452058161
Train_U_2Layers_input_size_15_node1_80_node2_60_node3_0_node4_0,0.5472621909448351
Test_U_2Layers_input_size_20_node1_60_node2_90_node3_0_node4_0,0.5472689163577362
Test_U_2Layers_input_size_70_node1_90_node2_60_node3_0_node4_0,0.5472713396643966
Test_U_1Layers_input_size_15_node1_50_node2_0_node3_0_node4_0,0.5473519833680843
Test_U_2Layers_input_size_90_node1_80_node2_70_node3_0_node4_0,0.5473683175800443
Train_U_2Layers_input_size_10_node1_20_node2_30_node3_0_node4_0,0.5473742250000144
Test_U_2Layers_input_size_60_node1_50_node2_10_node3_0_node4_0,0.5473844879697511
Test_U_2Layers_input_size_25_node1_60_node2_100_node3_0_node4_0,0.5473923552088361
Test_U_2Layers_input_size_65_node1_30_node2_100_node3_0_node4_0,0.547411110904046
Train_U_2Layers_input_size_5_node1_100_node2_60_node3_0_node4_0,0.5474434758973028
Test_U_2Layers_input_size_100_node1_10_node2_100_node3_0_node4_0,0.5474967419514325
Test_U_2Layers_input_size_15_node1_40_node2_30_node3_0_node4_0,0.5475070570573666
Train_U_2Layers_input_size_5_node1_80_node2_20_node3_0_node4_0,0.5475153307749695
Train_U_2Layers_input_size_35_node1_100_node2_80_node3_0_node4_0,0.5475780872067931
Test_U_1Layers_input_size_40_node1_60_node2_0_node3_0_node4_0,0.5476052721706719
Test_U_2Layers_input_size_75_node1_60_node2_40_node3_0_node4_0,0.5476066327440118
Test_U_2Layers_input_size_80_node1_30_node2_70_node3_0_node4_0,0.5476352856333394
Test_U_2Layers_input_size_65_node1_40_node2_100_node3_0_node4_0,0.5476541962632704
Train_U_2Layers_input_size_5_node1_50_node2_40_node3_0_node4_0,0.5476765888698308
Train_U_2Layers_input_size_10_node1_100_node2_60_node3_0_node4_0,0.5476786838785289
Test_U_2Layers_input_size_55_node1_50_node2_90_node3_0_node4_0,0.5477000688335856
Test_U_2Layers_input_size_45_node1_30_node2_10_node3_0_node4_0,0.5477455294943302
Train_U_2Layers_input_size_25_node1_20_node2_80_node3_0_node4_0,0.5477492292982884
Test_U_2Layers_input_size_65_node1_70_node2_80_node3_0_node4_0,0.5477628313038981
Train_U_2Layers_input_size_35_node1_100_node2_100_node3_0_node4_0,0.5477680815877132
Test_U_2Layers_input_size_15_node1_50_node2_90_node3_0_node4_0,0.5477818191388697
Test_U_1Layers_input_size_65_node1_10_node2_0_node3_0_node4_0,0.5478875731466564
Test_U_2Layers_input_size_25_node1_80_node2_20_node3_0_node4_0,0.5479045985044727
Test_U_2Layers_input_size_60_node1_40_node2_10_node3_0_node4_0,0.5480152232464173
Train_U_2Layers_input_size_5_node1_80_node2_10_node3_0_node4_0,0.5480277582207321
Test_U_2Layers_input_size_10_node1_10_node2_60_node3_0_node4_0,0.5480286011262873
Test_U_2Layers_input_size_60_node1_20_node2_80_node3_0_node4_0,0.5480568513077783
Train_U_2Layers_input_size_15_node1_20_node2_100_node3_0_node4_0,0.5480942350168255
Test_U_2Layers_input_size_45_node1_50_node2_20_node3_0_node4_0,0.5481070400501382
Test_U_2Layers_input_size_30_node1_20_node2_70_node3_0_node4_0,0.5481292238583819
Test_U_2Layers_input_size_40_node1_20_node2_90_node3_0_node4_0,0.548142435846991
Test_U_2Layers_input_size_40_node1_80_node2_60_node3_0_node4_0,0.5481565717784602
Train_U_2Layers_input_size_10_node1_50_node2_50_node3_0_node4_0,0.5481568164356033
Test_U_2Layers_input_size_5_node1_20_node2_50_node3_0_node4_0,0.5482039244929878
Test_U_1Layers_input_size_60_node1_10_node2_0_node3_0_node4_0,0.5482280885672643
Test_U_2Layers_input_size_60_node1_50_node2_40_node3_0_node4_0,0.5482341498046329
Test_U_2Layers_input_size_50_node1_90_node2_100_node3_0_node4_0,0.5482362698628712
Test_U_2Layers_input_size_70_node1_80_node2_50_node3_0_node4_0,0.5482591279187998
Train_U_2Layers_input_size_25_node1_90_node2_60_node3_0_node4_0,0.5482695645739236
Test_U_2Layers_input_size_50_node1_20_node2_40_node3_0_node4_0,0.5482856812057522
Test_U_2Layers_input_size_75_node1_30_node2_70_node3_0_node4_0,0.5482891871219455
Train_U_2Layers_input_size_5_node1_30_node2_100_node3_0_node4_0,0.5483022593715188
Test_U_2Layers_input_size_45_node1_10_node2_30_node3_0_node4_0,0.5483209567668511
Test_U_2Layers_input_size_65_node1_50_node2_100_node3_0_node4_0,0.548325386434245
Test_U_2Layers_input_size_75_node1_50_node2_20_node3_0_node4_0,0.5483587844308493
Test_U_2Layers_input_size_50_node1_10_node2_20_node3_0_node4_0,0.5483591920423277
Test_U_2Layers_input_size_75_node1_80_node2_10_node3_0_node4_0,0.5484554342179606
Test_U_2Layers_input_size_65_node1_80_node2_40_node3_0_node4_0,0.5484665191884969
Test_U_2Layers_input_size_45_node1_10_node2_90_node3_0_node4_0,0.5485167791117816
Test_U_1Layers_input_size_100_node1_20_node2_0_node3_0_node4_0,0.5485911010226249
Test_U_2Layers_input_size_55_node1_40_node2_70_node3_0_node4_0,0.5485915627866477
Train_U_2Layers_input_size_25_node1_70_node2_50_node3_0_node4_0,0.548593138213918
Train_U_2Layers_input_size_10_node1_50_node2_100_node3_0_node4_0,0.548621712419903
Test_U_2Layers_input_size_80_node1_100_node2_70_node3_0_node4_0,0.5486303224164188
Test_U_2Layers_input_size_25_node1_80_node2_90_node3_0_node4_0,0.548677607086366
Train_U_2Layers_input_size_5_node1_10_node2_80_node3_0_node4_0,0.5486984371212406
Train_U_2Layers_input_size_25_node1_70_node2_100_node3_0_node4_0,0.5486998221411538
Test_U_2Layers_input_size_15_node1_30_node2_70_node3_0_node4_0,0.548708132187217
Test_U_2Layers_input_size_65_node1_90_node2_40_node3_0_node4_0,0.5487096529663371
Test_U_2Layers_input_size_20_node1_10_node2_10_node3_0_node4_0,0.5487217104230324
Train_U_2Layers_input_size_10_node1_20_node2_50_node3_0_node4_0,0.5487253764890964
Test_U_1Layers_input_size_40_node1_90_node2_0_node3_0_node4_0,0.5487502507793575
Train_U_2Layers_input_size_10_node1_100_node2_80_node3_0_node4_0,0.5487928277336646
Test_U_2Layers_input_size_15_node1_100_node2_30_node3_0_node4_0,0.5488163685472781
Test_U_2Layers_input_size_5_node1_20_node2_30_node3_0_node4_0,0.5488213915428802
Train_U_2Layers_input_size_5_node1_60_node2_30_node3_0_node4_0,0.5488638272330901
Train_U_2Layers_input_size_15_node1_50_node2_60_node3_0_node4_0,0.5488676280945067
Test_U_1Layers_input_size_45_node1_70_node2_0_node3_0_node4_0,0.5488822611652309
Test_U_2Layers_input_size_35_node1_60_node2_10_node3_0_node4_0,0.5488864148229413
Test_U_2Layers_input_size_10_node1_10_node2_10_node3_0_node4_0,0.5489584608518198
Test_U_2Layers_input_size_60_node1_90_node2_80_node3_0_node4_0,0.5489649483308107
Train_U_2Layers_input_size_5_node1_60_node2_70_node3_0_node4_0,0.5489805831115933
Train_U_2Layers_input_size_25_node1_60_node2_80_node3_0_node4_0,0.5490048215703002
Test_U_2Layers_input_size_45_node1_50_node2_90_node3_0_node4_0,0.5490062601013979
Test_U_2Layers_input_size_70_node1_10_node2_100_node3_0_node4_0,0.5490097614160533
Train_U_2Layers_input_size_25_node1_100_node2_60_node3_0_node4_0,0.5490566877340809
Test_U_2Layers_input_size_90_node1_20_node2_30_node3_0_node4_0,0.5491365265377861
Test_U_2Layers_input_size_75_node1_30_node2_40_node3_0_node4_0,0.5491439616478714
Train_U_2Layers_input_size_35_node1_90_node2_90_node3_0_node4_0,0.5491668090569288
Train_U_2Layers_input_size_10_node1_70_node2_30_node3_0_node4_0,0.5491986093314583
Train_U_2Layers_input_size_50_node1_100_node2_100_node3_0_node4_0,0.549242155355031
Test_U_2Layers_input_size_80_node1_50_node2_10_node3_0_node4_0,0.5492574566893622
Test_U_2Layers_input_size_70_node1_70_node2_70_node3_0_node4_0,0.5492625299100177
Train_U_2Layers_input_size_20_node1_100_node2_30_node3_0_node4_0,0.5492975257171956
Test_U_2Layers_input_size_55_node1_40_node2_10_node3_0_node4_0,0.5493209363962508
Train_U_2Layers_input_size_25_node1_20_node2_100_node3_0_node4_0,0.5493599700607696
Test_U_2Layers_input_size_55_node1_10_node2_90_node3_0_node4_0,0.5493607295486241
Train_U_2Layers_input_size_15_node1_40_node2_70_node3_0_node4_0,0.5493709282838093
Train_U_2Layers_input_size_15_node1_70_node2_60_node3_0_node4_0,0.549384680001968
Train_U_2Layers_input_size_30_node1_70_node2_100_node3_0_node4_0,0.5493955834864935
Train_U_2Layers_input_size_20_node1_80_node2_80_node3_0_node4_0,0.5494233294375725
Test_U_2Layers_input_size_30_node1_10_node2_60_node3_0_node4_0,0.5494303538500269
Train_U_2Layers_input_size_25_node1_60_node2_30_node3_0_node4_0,0.5494422327678967
Test_U_2Layers_input_size_55_node1_40_node2_60_node3_0_node4_0,0.5494427480576087
Test_U_2Layers_input_size_65_node1_60_node2_70_node3_0_node4_0,0.5494609184911122
Test_U_2Layers_input_size_90_node1_90_node2_20_node3_0_node4_0,0.5494724713199323
Train_U_2Layers_input_size_30_node1_40_node2_70_node3_0_node4_0,0.5494754544052869
Test_U_2Layers_input_size_75_node1_70_node2_50_node3_0_node4_0,0.5494867899819381
Test_U_2Layers_input_size_60_node1_30_node2_60_node3_0_node4_0,0.549491318723502
Train_U_2Layers_input_size_5_node1_100_node2_10_node3_0_node4_0,0.5494941661167514
Test_U_2Layers_input_size_55_node1_20_node2_30_node3_0_node4_0,0.5495084842134511
Test_U_2Layers_input_size_10_node1_60_node2_50_node3_0_node4_0,0.5495277913591857
Train_U_2Layers_input_size_10_node1_90_node2_90_node3_0_node4_0,0.5495336755650766
Test_U_2Layers_input_size_65_node1_20_node2_50_node3_0_node4_0,0.549554879876587
Test_U_2Layers_input_size_60_node1_80_node2_30_node3_0_node4_0,0.5495572659883046
Train_U_2Layers_input_size_5_node1_50_node2_80_node3_0_node4_0,0.5495588928767174
Test_U_2Layers_input_size_55_node1_80_node2_70_node3_0_node4_0,0.5495666205309088
Test_U_2Layers_input_size_30_node1_10_node2_90_node3_0_node4_0,0.5495746734443947
Train_U_2Layers_input_size_30_node1_60_node2_100_node3_0_node4_0,0.549640475154394
Train_U_2Layers_input_size_35_node1_70_node2_50_node3_0_node4_0,0.5496593439070511
Test_U_1Layers_input_size_70_node1_40_node2_0_node3_0_node4_0,0.5497100911315341
Train_U_2Layers_input_size_30_node1_50_node2_60_node3_0_node4_0,0.5497129916059244
Train_U_2Layers_input_size_20_node1_50_node2_90_node3_0_node4_0,0.5497148891042539
Train_U_2Layers_input_size_35_node1_80_node2_80_node3_0_node4_0,0.5497246204570425
Test_U_2Layers_input_size_50_node1_50_node2_50_node3_0_node4_0,0.5497300688551058
Test_U_2Layers_input_size_85_node1_50_node2_20_node3_0_node4_0,0.54973923071617
Train_U_1Layers_input_size_25_node1_70_node2_0_node3_0_node4_0,0.5497416702392327
Train_U_2Layers_input_size_30_node1_80_node2_90_node3_0_node4_0,0.5497556295241104
Train_U_2Layers_input_size_25_node1_90_node2_90_node3_0_node4_0,0.549759044751491
Test_U_1Layers_input_size_30_node1_100_node2_0_node3_0_node4_0,0.5497637609829946
Test_U_2Layers_input_size_55_node1_30_node2_30_node3_0_node4_0,0.5497833844084195
Train_U_2Layers_input_size_5_node1_60_node2_20_node3_0_node4_0,0.5498095659544334
Test_U_2Layers_input_size_90_node1_60_node2_100_node3_0_node4_0,0.5498386189643304
Train_U_2Layers_input_size_5_node1_90_node2_50_node3_0_node4_0,0.5498529009912564
Train_U_2Layers_input_size_25_node1_30_node2_70_node3_0_node4_0,0.5498804612735104
Test_U_2Layers_input_size_5_node1_30_node2_40_node3_0_node4_0,0.5498808948559014
Test_U_2Layers_input_size_75_node1_100_node2_70_node3_0_node4_0,0.5498875882406845
Train_U_2Layers_input_size_30_node1_100_node2_60_node3_0_node4_0,0.5498961242204828
Test_U_2Layers_input_size_50_node1_70_node2_80_node3_0_node4_0,0.5499078033940397
Test_U_2Layers_input_size_5_node1_100_node2_30_node3_0_node4_0,0.549934981577834
Train_U_2Layers_input_size_10_node1_90_node2_20_node3_0_node4_0,0.549974459358552
Test_U_2Layers_input_size_70_node1_50_node2_80_node3_0_node4_0,0.5499869225854647
Test_U_2Layers_input_size_75_node1_40_node2_80_node3_0_node4_0,0.550011197973177
Test_U_2Layers_input_size_65_node1_30_node2_80_node3_0_node4_0,0.5500389399615397
Test_U_2Layers_input_size_100_node1_80_node2_30_node3_0_node4_0,0.5500432745208292
Train_U_2Layers_input_size_20_node1_90_node2_60_node3_0_node4_0,0.5500445207003031
Train_U_2Layers_input_size_5_node1_40_node2_100_node3_0_node4_0,0.5500511037319772
Train_U_2Layers_input_size_5_node1_10_node2_50_node3_0_node4_0,0.5500540565889016
Test_U_2Layers_input_size_60_node1_100_node2_20_node3_0_node4_0,0.5500653802418988
Train_U_2Layers_input_size_10_node1_60_node2_50_node3_0_node4_0,0.5500800356285224
Test_U_1Layers_input_size_70_node1_90_node2_0_node3_0_node4_0,0.550089570901464
Test_U_2Layers_input_size_60_node1_80_node2_10_node3_0_node4_0,0.5501057967388338
Train_U_2Layers_input_size_20_node1_90_node2_30_node3_0_node4_0,0.5501349153637077
Test_U_2Layers_input_size_100_node1_60_node2_10_node3_0_node4_0,0.5501687993766466
Test_U_2Layers_input_size_100_node1_60_node2_30_node3_0_node4_0,0.5501783872796769
Train_U_1Layers_input_size_15_node1_60_node2_0_node3_0_node4_0,0.5501878666805565
Test_U_2Layers_input_size_30_node1_10_node2_100_node3_0_node4_0,0.5502123769457233
Train_U_2Layers_input_size_30_node1_60_node2_20_node3_0_node4_0,0.5502209349689788
Train_U_2Layers_input_size_5_node1_60_node2_100_node3_0_node4_0,0.5502232640282148
Test_U_1Layers_input_size_5_node1_40_node2_0_node3_0_node4_0,0.5502463915930587
Test_U_2Layers_input_size_45_node1_50_node2_70_node3_0_node4_0,0.550247149857415
Train_U_2Layers_input_size_25_node1_90_node2_50_node3_0_node4_0,0.5502530263707476
Train_U_2Layers_input_size_25_node1_80_node2_70_node3_0_node4_0,0.5502927791997927
Train_U_2Layers_input_size_30_node1_100_node2_90_node3_0_node4_0,0.5503131960897468
Test_U_2Layers_input_size_65_node1_10_node2_10_node3_0_node4_0,0.5503244331794682
Train_U_2Layers_input_size_5_node1_50_node2_90_node3_0_node4_0,0.5503315543970662
Test_U_2Layers_input_size_55_node1_30_node2_90_node3_0_node4_0,0.5503476647964554
Train_U_2Layers_input_size_5_node1_90_node2_70_node3_0_node4_0,0.5503601195719127
Train_U_2Layers_input_size_15_node1_30_node2_10_node3_0_node4_0,0.5504079866073814
Train_U_2Layers_input_size_35_node1_80_node2_90_node3_0_node4_0,0.5504267749055531
Test_U_2Layers_input_size_50_node1_60_node2_60_node3_0_node4_0,0.5504441277928024
Train_U_2Layers_input_size_25_node1_10_node2_50_node3_0_node4_0,0.5504509496829129
Test_U_2Layers_input_size_10_node1_50_node2_100_node3_0_node4_0,0.5504727412654897
Test_U_2Layers_input_size_50_node1_50_node2_10_node3_0_node4_0,0.5504802395360293
Test_U_2Layers_input_size_100_node1_80_node2_80_node3_0_node4_0,0.5504865466664562
Test_U_2Layers_input_size_70_node1_100_node2_90_node3_0_node4_0,0.5505127489067186
Train_U_2Layers_input_size_25_node1_50_node2_60_node3_0_node4_0,0.5505158887609228
Train_U_2Layers_input_size_40_node1_50_node2_20_node3_0_node4_0,0.5505542963901897
Test_U_2Layers_input_size_80_node1_90_node2_30_node3_0_node4_0,0.5505596283157776
Test_U_2Layers_input_size_40_node1_50_node2_30_node3_0_node4_0,0.5506333768122976
Test_U_2Layers_input_size_100_node1_60_node2_20_node3_0_node4_0,0.5506393303884486
Test_U_2Layers_input_size_95_node1_90_node2_10_node3_0_node4_0,0.5506532669172759
Test_U_2Layers_input_size_70_node1_60_node2_100_node3_0_node4_0,0.5506747798955086
Test_U_2Layers_input_size_70_node1_30_node2_20_node3_0_node4_0,0.5506992143721317
Test_U_2Layers_input_size_20_node1_40_node2_20_node3_0_node4_0,0.5507143669912926
Test_U_2Layers_input_size_35_node1_90_node2_20_node3_0_node4_0,0.5507172892341751
Test_U_2Layers_input_size_65_node1_50_node2_10_node3_0_node4_0,0.5507683177539002
Test_U_2Layers_input_size_60_node1_60_node2_20_node3_0_node4_0,0.5507735934976611
Train_U_2Layers_input_size_15_node1_30_node2_50_node3_0_node4_0,0.550777570563397
Test_U_2Layers_input_size_60_node1_80_node2_100_node3_0_node4_0,0.5508278360347397
Test_U_2Layers_input_size_20_node1_40_node2_90_node3_0_node4_0,0.5508618667799376
Train_U_2Layers_input_size_40_node1_70_node2_50_node3_0_node4_0,0.550894137237715
Test_U_2Layers_input_size_35_node1_80_node2_70_node3_0_node4_0,0.5509325455449849
Train_U_2Layers_input_size_10_node1_60_node2_60_node3_0_node4_0,0.550932978299389
Test_U_2Layers_input_size_60_node1_50_node2_90_node3_0_node4_0,0.5509363050875199
Test_U_2Layers_input_size_55_node1_100_node2_50_node3_0_node4_0,0.5509573201873118
Test_U_2Layers_input_size_70_node1_100_node2_50_node3_0_node4_0,0.5509861233654864
Train_U_2Layers_input_size_25_node1_80_node2_100_node3_0_node4_0,0.5509922353955512
Train_U_2Layers_input_size_25_node1_40_node2_80_node3_0_node4_0,0.5510237680663971
Train_U_2Layers_input_size_35_node1_70_node2_100_node3_0_node4_0,0.5510462130363227
Test_U_2Layers_input_size_25_node1_20_node2_10_node3_0_node4_0,0.5510554611796611
Train_U_2Layers_input_size_10_node1_30_node2_40_node3_0_node4_0,0.551073145793524
Train_U_2Layers_input_size_30_node1_90_node2_50_node3_0_node4_0,0.5510800680566317
Test_U_2Layers_input_size_55_node1_60_node2_30_node3_0_node4_0,0.5510893697107604
Train_U_2Layers_input_size_10_node1_60_node2_30_node3_0_node4_0,0.5510985089738224
Test_U_2Layers_input_size_40_node1_60_node2_20_node3_0_node4_0,0.5511123798142762
Train_U_2Layers_input_size_30_node1_30_node2_10_node3_0_node4_0,0.5511252499114985
Train_U_2Layers_input_size_40_node1_70_node2_70_node3_0_node4_0,0.5511546391117896
Test_U_2Layers_input_size_50_node1_30_node2_20_node3_0_node4_0,0.5511839186057526
Train_U_2Layers_input_size_5_node1_50_node2_30_node3_0_node4_0,0.5512057893458708
Train_U_2Layers_input_size_30_node1_30_node2_70_node3_0_node4_0,0.5512086549162464
Train_U_2Layers_input_size_15_node1_60_node2_30_node3_0_node4_0,0.5512416079048897
Test_U_2Layers_input_size_80_node1_70_node2_20_node3_0_node4_0,0.5512542317026903
Test_U_2Layers_input_size_70_node1_100_node2_30_node3_0_node4_0,0.5512689636065362
Test_U_2Layers_input_size_10_node1_60_node2_70_node3_0_node4_0,0.551290668795239
Train_U_2Layers_input_size_10_node1_60_node2_70_node3_0_node4_0,0.551292155420729
Test_U_2Layers_input_size_15_node1_60_node2_50_node3_0_node4_0,0.5513317792700269
Test_U_2Layers_input_size_60_node1_60_node2_100_node3_0_node4_0,0.5513338874168717
Test_U_2Layers_input_size_60_node1_10_node2_100_node3_0_node4_0,0.5513348333775795
Test_U_2Layers_input_size_25_node1_90_node2_80_node3_0_node4_0,0.5513670221018365
Train_U_2Layers_input_size_25_node1_60_node2_50_node3_0_node4_0,0.5513902638410481
Test_U_2Layers_input_size_5_node1_20_node2_60_node3_0_node4_0,0.5513915340008884
Test_U_2Layers_input_size_65_node1_20_node2_90_node3_0_node4_0,0.5514067756907594
Train_U_2Layers_input_size_10_node1_10_node2_60_node3_0_node4_0,0.5514085592652304
Test_U_2Layers_input_size_55_node1_90_node2_40_node3_0_node4_0,0.5514228546764272
Train_U_2Layers_input_size_5_node1_60_node2_40_node3_0_node4_0,0.5514294482761714
Train_U_2Layers_input_size_30_node1_50_node2_30_node3_0_node4_0,0.551458037644977
Train_U_2Layers_input_size_5_node1_10_node2_60_node3_0_node4_0,0.5514688731148172
Test_U_2Layers_input_size_50_node1_60_node2_30_node3_0_node4_0,0.5514962175434956
Test_U_2Layers_input_size_30_node1_60_node2_70_node3_0_node4_0,0.551518508194197
Train_U_2Layers_input_size_15_node1_10_node2_30_node3_0_node4_0,0.5515438238769698
Test_U_2Layers_input_size_80_node1_40_node2_100_node3_0_node4_0,0.5515477413547952
Test_U_2Layers_input_size_90_node1_100_node2_100_node3_0_node4_0,0.5515730827115983
Test_U_2Layers_input_size_80_node1_30_node2_10_node3_0_node4_0,0.5515738391521144
Test_U_2Layers_input_size_70_node1_20_node2_40_node3_0_node4_0,0.5516173867643147
Train_U_2Layers_input_size_20_node1_40_node2_100_node3_0_node4_0,0.5516223572409034
Test_U_2Layers_input_size_50_node1_20_node2_30_node3_0_node4_0,0.5516337027261965
Test_U_2Layers_input_size_50_node1_20_node2_60_node3_0_node4_0,0.551681945446104
Train_U_2Layers_input_size_15_node1_30_node2_70_node3_0_node4_0,0.5516835120482545
Train_U_1Layers_input_size_35_node1_90_node2_0_node3_0_node4_0,0.5517035533591462
Test_U_2Layers_input_size_60_node1_40_node2_60_node3_0_node4_0,0.5517096844503369
Test_U_2Layers_input_size_50_node1_90_node2_20_node3_0_node4_0,0.5517577584865847
Train_U_2Layers_input_size_15_node1_80_node2_10_node3_0_node4_0,0.5517628897374252
Test_U_2Layers_input_size_80_node1_80_node2_40_node3_0_node4_0,0.5517745564038501
Train_U_2Layers_input_size_55_node1_70_node2_70_node3_0_node4_0,0.5517748804743962
Test_U_2Layers_input_size_70_node1_70_node2_60_node3_0_node4_0,0.5517821990168778
Test_U_2Layers_input_size_5_node1_90_node2_30_node3_0_node4_0,0.5517841704157845
Test_U_2Layers_input_size_35_node1_60_node2_80_node3_0_node4_0,0.5518251361115201
Train_U_2Layers_input_size_5_node1_40_node2_60_node3_0_node4_0,0.5518252711285608
Train_U_2Layers_input_size_30_node1_70_node2_90_node3_0_node4_0,0.5518474674809266
Test_U_2Layers_input_size_85_node1_100_node2_10_node3_0_node4_0,0.5518595373853926
Test_U_2Layers_input_size_35_node1_10_node2_50_node3_0_node4_0,0.551861832527511
Test_U_2Layers_input_size_90_node1_50_node2_50_node3_0_node4_0,0.5518697979466959
Train_U_2Layers_input_size_25_node1_100_node2_100_node3_0_node4_0,0.5518888064825086
Train_U_1Layers_input_size_45_node1_90_node2_0_node3_0_node4_0,0.5519158601161235
Train_U_2Layers_input_size_45_node1_70_node2_40_node3_0_node4_0,0.5519247157080969
Train_U_2Layers_input_size_5_node1_70_node2_100_node3_0_node4_0,0.5519277125378363
Train_U_2Layers_input_size_25_node1_50_node2_70_node3_0_node4_0,0.5519705843205779
Test_U_2Layers_input_size_45_node1_50_node2_80_node3_0_node4_0,0.5519787641376104
Test_U_2Layers_input_size_60_node1_100_node2_80_node3_0_node4_0,0.5519943945399682
Test_U_1Layers_input_size_35_node1_20_node2_0_node3_0_node4_0,0.5520040317177389
Test_U_2Layers_input_size_70_node1_10_node2_70_node3_0_node4_0,0.5520146675113436
Train_U_2Layers_input_size_15_node1_30_node2_60_node3_0_node4_0,0.5520463307294236
Test_U_2Layers_input_size_65_node1_60_node2_40_node3_0_node4_0,0.5520754819587614
Test_U_2Layers_input_size_75_node1_20_node2_30_node3_0_node4_0,0.5520861163758961
Test_U_2Layers_input_size_80_node1_70_node2_80_node3_0_node4_0,0.5520896791297358
Test_U_2Layers_input_size_70_node1_40_node2_20_node3_0_node4_0,0.5520916224403216
Train_U_2Layers_input_size_25_node1_20_node2_90_node3_0_node4_0,0.55210034026336
Test_U_2Layers_input_size_100_node1_70_node2_70_node3_0_node4_0,0.5521305411926328
Train_U_1Layers_input_size_30_node1_50_node2_0_node3_0_node4_0,0.5521310539734159
Test_U_2Layers_input_size_50_node1_70_node2_20_node3_0_node4_0,0.5521369104359471
Test_U_2Layers_input_size_95_node1_60_node2_90_node3_0_node4_0,0.5521411205733963
Test_U_2Layers_input_size_100_node1_70_node2_50_node3_0_node4_0,0.5521661378434022
Test_U_1Layers_input_size_55_node1_60_node2_0_node3_0_node4_0,0.5521825455344552
Test_U_2Layers_input_size_65_node1_30_node2_20_node3_0_node4_0,0.5522155483442954
Train_U_2Layers_input_size_15_node1_20_node2_80_node3_0_node4_0,0.5522514633066072
Test_U_2Layers_input_size_60_node1_30_node2_70_node3_0_node4_0,0.5522853793497798
Test_U_2Layers_input_size_35_node1_30_node2_50_node3_0_node4_0,0.5522862697190372
Test_U_2Layers_input_size_30_node1_10_node2_80_node3_0_node4_0,0.5522889677989302
Test_U_2Layers_input_size_55_node1_10_node2_40_node3_0_node4_0,0.5522994362241322
Test_U_1Layers_input_size_75_node1_40_node2_0_node3_0_node4_0,0.5523269283857227
Test_U_2Layers_input_size_95_node1_40_node2_30_node3_0_node4_0,0.5523467305277002
Train_U_2Layers_input_size_10_node1_50_node2_80_node3_0_node4_0,0.5523531782109075
Train_U_2Layers_input_size_20_node1_100_node2_40_node3_0_node4_0,0.5523618919058607
Test_U_2Layers_input_size_60_node1_70_node2_40_node3_0_node4_0,0.552368501273205
Test_U_2Layers_input_size_10_node1_60_node2_60_node3_0_node4_0,0.5523691487171818
Test_U_2Layers_input_size_80_node1_70_node2_70_node3_0_node4_0,0.5523734919675712
Train_U_2Layers_input_size_35_node1_80_node2_100_node3_0_node4_0,0.5523788872621093
Test_U_2Layers_input_size_80_node1_40_node2_20_node3_0_node4_0,0.5524375307143757
Test_U_1Layers_input_size_55_node1_50_node2_0_node3_0_node4_0,0.5524430872227553
Train_U_2Layers_input_size_15_node1_70_node2_50_node3_0_node4_0,0.5524770993885082
Train_U_2Layers_input_size_25_node1_80_node2_40_node3_0_node4_0,0.552479553793692
Test_U_2Layers_input_size_65_node1_40_node2_90_node3_0_node4_0,0.5524855414177343
Train_U_2Layers_input_size_40_node1_50_node2_80_node3_0_node4_0,0.5525221670027815
Train_U_2Layers_input_size_20_node1_40_node2_40_node3_0_node4_0,0.5525372696298292
Test_U_2Layers_input_size_95_node1_90_node2_80_node3_0_node4_0,0.5525432296601183
Test_U_2Layers_input_size_50_node1_50_node2_80_node3_0_node4_0,0.5525824941351569
Test_U_2Layers_input_size_50_node1_10_node2_80_node3_0_node4_0,0.5525889390674422
Test_U_2Layers_input_size_80_node1_70_node2_40_node3_0_node4_0,0.5526208120626146
Train_U_2Layers_input_size_25_node1_90_node2_70_node3_0_node4_0,0.5526303574242633
Test_U_2Layers_input_size_55_node1_30_node2_50_node3_0_node4_0,0.5526371792907467
Train_U_2Layers_input_size_5_node1_40_node2_90_node3_0_node4_0,0.5526411968723185
Test_U_2Layers_input_size_60_node1_100_node2_60_node3_0_node4_0,0.5526434887681856
Test_U_2Layers_input_size_55_node1_50_node2_80_node3_0_node4_0,0.5526863050282894
Test_U_2Layers_input_size_70_node1_50_node2_90_node3_0_node4_0,0.5526977365165482
Train_U_2Layers_input_size_35_node1_50_node2_100_node3_0_node4_0,0.5526980600457942
Train_U_2Layers_input_size_15_node1_60_node2_70_node3_0_node4_0,0.5527025624748118
Test_U_2Layers_input_size_65_node1_10_node2_70_node3_0_node4_0,0.5527161504214496
Test_U_2Layers_input_size_25_node1_100_node2_20_node3_0_node4_0,0.5527404137810582
Test_U_2Layers_input_size_60_node1_100_node2_70_node3_0_node4_0,0.5527527068100746
Train_U_2Layers_input_size_35_node1_100_node2_30_node3_0_node4_0,0.5527581253610517
Test_U_2Layers_input_size_85_node1_30_node2_30_node3_0_node4_0,0.5527702023382718
Test_U_2Layers_input_size_10_node1_90_node2_30_node3_0_node4_0,0.5527926033540952
Test_U_2Layers_input_size_30_node1_90_node2_90_node3_0_node4_0,0.5528415805117922
Train_U_2Layers_input_size_30_node1_30_node2_90_node3_0_node4_0,0.5528717139981082
Test_U_2Layers_input_size_80_node1_60_node2_20_node3_0_node4_0,0.552877562615055
Train_U_2Layers_input_size_25_node1_100_node2_50_node3_0_node4_0,0.5529109820965078
Test_U_2Layers_input_size_80_node1_10_node2_60_node3_0_node4_0,0.5529111168483924
Test_U_2Layers_input_size_30_node1_20_node2_60_node3_0_node4_0,0.5529151863398376
Test_U_2Layers_input_size_70_node1_80_node2_70_node3_0_node4_0,0.5529491425180311
Test_U_1Layers_input_size_20_node1_60_node2_0_node3_0_node4_0,0.55299473753455
Test_U_2Layers_input_size_70_node1_60_node2_70_node3_0_node4_0,0.5530013932301939
Train_U_1Layers_input_size_10_node1_80_node2_0_node3_0_node4_0,0.5530023902303352
Test_U_2Layers_input_size_65_node1_60_node2_30_node3_0_node4_0,0.5530094769633264
Test_U_2Layers_input_size_40_node1_30_node2_90_node3_0_node4_0,0.5530164288793127
Train_U_2Layers_input_size_30_node1_20_node2_70_node3_0_node4_0,0.5530306827283373
Train_U_2Layers_input_size_5_node1_20_node2_60_node3_0_node4_0,0.5530341046752127
Test_U_2Layers_input_size_90_node1_50_node2_90_node3_0_node4_0,0.553049408871423
Test_U_1Layers_input_size_65_node1_60_node2_0_node3_0_node4_0,0.5530750316743842
Test_U_2Layers_input_size_15_node1_50_node2_30_node3_0_node4_0,0.5530915471106431
Train_U_2Layers_input_size_15_node1_60_node2_50_node3_0_node4_0,0.5531299914118669
Test_U_2Layers_input_size_70_node1_40_node2_70_node3_0_node4_0,0.5531449966264379
Test_U_2Layers_input_size_70_node1_80_node2_90_node3_0_node4_0,0.5531471517405228
Test_U_2Layers_input_size_40_node1_90_node2_80_node3_0_node4_0,0.5531663588239214
Test_U_2Layers_input_size_45_node1_40_node2_30_node3_0_node4_0,0.5532484056990208
Test_U_2Layers_input_size_65_node1_70_node2_60_node3_0_node4_0,0.5532528767155438
Train_U_2Layers_input_size_30_node1_80_node2_60_node3_0_node4_0,0.5533010051898799
Train_U_2Layers_input_size_5_node1_90_node2_30_node3_0_node4_0,0.5533283129381982
Train_U_2Layers_input_size_60_node1_40_node2_100_node3_0_node4_0,0.5533457633378427
Test_U_1Layers_input_size_45_node1_80_node2_0_node3_0_node4_0,0.5533477291662758
Test_U_2Layers_input_size_30_node1_100_node2_50_node3_0_node4_0,0.5533675486353997
Test_U_2Layers_input_size_75_node1_80_node2_40_node3_0_node4_0,0.5533756270197195
Test_U_1Layers_input_size_100_node1_70_node2_0_node3_0_node4_0,0.5533931297811889
Train_U_2Layers_input_size_65_node1_50_node2_60_node3_0_node4_0,0.5534004807759311
Train_U_2Layers_input_size_5_node1_10_node2_10_node3_0_node4_0,0.553424283327017
Test_U_2Layers_input_size_45_node1_90_node2_90_node3_0_node4_0,0.5534496733814502
Train_U_2Layers_input_size_5_node1_30_node2_10_node3_0_node4_0,0.5534546274026022
Train_U_2Layers_input_size_30_node1_80_node2_70_node3_0_node4_0,0.5534549774132891
Train_U_2Layers_input_size_10_node1_30_node2_30_node3_0_node4_0,0.5534895735312568
Train_U_2Layers_input_size_5_node1_40_node2_10_node3_0_node4_0,0.5534978385872753
Train_U_2Layers_input_size_55_node1_90_node2_100_node3_0_node4_0,0.5535343433518315
Train_U_2Layers_input_size_35_node1_60_node2_10_node3_0_node4_0,0.5535356893517008
Test_U_2Layers_input_size_80_node1_80_node2_70_node3_0_node4_0,0.5535488799772181
Test_U_2Layers_input_size_50_node1_10_node2_30_node3_0_node4_0,0.5535617472641456
Train_U_2Layers_input_size_5_node1_90_node2_20_node3_0_node4_0,0.5535693921214323
Train_U_2Layers_input_size_45_node1_100_node2_70_node3_0_node4_0,0.5535702535071845
Test_U_1Layers_input_size_70_node1_30_node2_0_node3_0_node4_0,0.5535937526701804
Train_U_2Layers_input_size_30_node1_100_node2_30_node3_0_node4_0,0.5535971442195794
Test_U_2Layers_input_size_70_node1_30_node2_30_node3_0_node4_0,0.5536099296356668
Train_U_2Layers_input_size_30_node1_90_node2_30_node3_0_node4_0,0.5536137786609988
Train_U_2Layers_input_size_30_node1_60_node2_70_node3_0_node4_0,0.5536251909983881
Test_U_2Layers_input_size_55_node1_10_node2_100_node3_0_node4_0,0.5536458348883997
Train_U_2Layers_input_size_30_node1_90_node2_90_node3_0_node4_0,0.5536459963760303
Test_U_2Layers_input_size_85_node1_100_node2_40_node3_0_node4_0,0.5536496029208432
Train_U_1Layers_input_size_20_node1_40_node2_0_node3_0_node4_0,0.553667850600869
Train_U_2Layers_input_size_35_node1_80_node2_60_node3_0_node4_0,0.5537091882533409
Test_U_2Layers_input_size_95_node1_100_node2_30_node3_0_node4_0,0.5537486391502864
Train_U_2Layers_input_size_45_node1_50_node2_70_node3_0_node4_0,0.5538695039383913
Train_U_2Layers_input_size_5_node1_70_node2_10_node3_0_node4_0,0.553874642528917
Train_U_2Layers_input_size_45_node1_100_node2_60_node3_0_node4_0,0.553901168735371
Train_U_2Layers_input_size_70_node1_90_node2_100_node3_0_node4_0,0.5539058496987601
Test_U_1Layers_input_size_10_node1_100_node2_0_node3_0_node4_0,0.5539062263262788
Train_U_2Layers_input_size_35_node1_20_node2_70_node3_0_node4_0,0.5539128710696734
Train_U_2Layers_input_size_35_node1_90_node2_40_node3_0_node4_0,0.5539147003777485
Train_U_2Layers_input_size_20_node1_100_node2_10_node3_0_node4_0,0.5539165296797824
Test_U_2Layers_input_size_75_node1_90_node2_70_node3_0_node4_0,0.5539405790594402
Train_U_2Layers_input_size_30_node1_70_node2_10_node3_0_node4_0,0.5539413860674968
Train_U_2Layers_input_size_20_node1_70_node2_10_node3_0_node4_0,0.5539594627398507
Train_U_2Layers_input_size_40_node1_80_node2_60_node3_0_node4_0,0.5539677476842126
Test_U_2Layers_input_size_80_node1_40_node2_10_node3_0_node4_0,0.5539690926310229
Test_U_2Layers_input_size_60_node1_60_node2_30_node3_0_node4_0,0.5540054318578336
Test_U_2Layers_input_size_15_node1_80_node2_30_node3_0_node4_0,0.5540103271155323
Train_U_2Layers_input_size_40_node1_90_node2_10_node3_0_node4_0,0.5540210319789037
Train_U_2Layers_input_size_5_node1_30_node2_20_node3_0_node4_0,0.554098326788226
Train_U_2Layers_input_size_20_node1_90_node2_20_node3_0_node4_0,0.5541075777756636
Train_U_2Layers_input_size_5_node1_10_node2_100_node3_0_node4_0,0.5541132519967709
Test_U_2Layers_input_size_35_node1_100_node2_10_node3_0_node4_0,0.554118737918331
Test_U_2Layers_input_size_85_node1_80_node2_70_node3_0_node4_0,0.5541315381907626
Train_U_2Layers_input_size_5_node1_50_node2_70_node3_0_node4_0,0.5541598805989632
Test_U_2Layers_input_size_90_node1_40_node2_80_node3_0_node4_0,0.5541691843372413
Test_U_2Layers_input_size_65_node1_90_node2_90_node3_0_node4_0,0.5541773585911005
Train_U_2Layers_input_size_5_node1_70_node2_40_node3_0_node4_0,0.5542033056705032
Test_U_2Layers_input_size_70_node1_90_node2_30_node3_0_node4_0,0.5542044349458543
Test_U_2Layers_input_size_100_node1_40_node2_40_node3_0_node4_0,0.5542078496454167
Test_U_2Layers_input_size_95_node1_50_node2_20_node3_0_node4_0,0.5542833440848295
Train_U_2Layers_input_size_70_node1_50_node2_100_node3_0_node4_0,0.5542871615504372
Test_U_2Layers_input_size_25_node1_70_node2_60_node3_0_node4_0,0.5543045548813624
Test_U_2Layers_input_size_75_node1_10_node2_60_node3_0_node4_0,0.5543117324956264
Test_U_2Layers_input_size_70_node1_30_node2_90_node3_0_node4_0,0.5543182648502961
Train_U_2Layers_input_size_25_node1_30_node2_20_node3_0_node4_0,0.5543518662813608
Train_U_2Layers_input_size_40_node1_40_node2_80_node3_0_node4_0,0.554355952076489
Train_U_2Layers_input_size_15_node1_90_node2_80_node3_0_node4_0,0.5543594464826418
Test_U_2Layers_input_size_75_node1_90_node2_30_node3_0_node4_0,0.5543644461331418
Train_U_2Layers_input_size_45_node1_50_node2_80_node3_0_node4_0,0.5543678329675397
Train_U_2Layers_input_size_10_node1_90_node2_30_node3_0_node4_0,0.5543932066876902
Train_U_2Layers_input_size_40_node1_80_node2_40_node3_0_node4_0,0.554425647877677
Train_U_2Layers_input_size_30_node1_90_node2_80_node3_0_node4_0,0.5544390592152156
Test_U_2Layers_input_size_70_node1_100_node2_60_node3_0_node4_0,0.5544402955145695
Train_U_2Layers_input_size_30_node1_90_node2_60_node3_0_node4_0,0.5544588665492266
Train_U_2Layers_input_size_55_node1_80_node2_70_node3_0_node4_0,0.5544612315567458
Train_U_2Layers_input_size_30_node1_30_node2_60_node3_0_node4_0,0.5544727608239448
Test_U_2Layers_input_size_35_node1_90_node2_10_node3_0_node4_0,0.5544965173458877
Test_U_2Layers_input_size_55_node1_20_node2_50_node3_0_node4_0,0.5545177737329318
Test_U_2Layers_input_size_30_node1_20_node2_40_node3_0_node4_0,0.5545385187510514
Train_U_2Layers_input_size_15_node1_50_node2_10_node3_0_node4_0,0.554541931393428
Test_U_2Layers_input_size_90_node1_60_node2_60_node3_0_node4_0,0.5546023075068824
Test_U_2Layers_input_size_55_node1_90_node2_70_node3_0_node4_0,0.5546362141285149
Train_U_2Layers_input_size_55_node1_90_node2_70_node3_0_node4_0,0.5546663844428047
Test_U_2Layers_input_size_65_node1_40_node2_40_node3_0_node4_0,0.5546864523004658
Test_U_2Layers_input_size_100_node1_70_node2_100_node3_0_node4_0,0.5546928459232237
Train_U_2Layers_input_size_55_node1_70_node2_10_node3_0_node4_0,0.554694753250195
Train_U_2Layers_input_size_45_node1_30_node2_90_node3_0_node4_0,0.5547071641472082
Test_U_2Layers_input_size_90_node1_100_node2_20_node3_0_node4_0,0.5547136381196457
Train_U_2Layers_input_size_30_node1_80_node2_80_node3_0_node4_0,0.5547399093153731
Test_U_2Layers_input_size_55_node1_30_node2_20_node3_0_node4_0,0.554775580276709
Train_U_2Layers_input_size_40_node1_20_node2_80_node3_0_node4_0,0.5547757145756934
Test_U_1Layers_input_size_45_node1_40_node2_0_node3_0_node4_0,0.5547856257510032
Test_U_2Layers_input_size_40_node1_10_node2_30_node3_0_node4_0,0.5548015799539783
Train_U_2Layers_input_size_25_node1_100_node2_80_node3_0_node4_0,0.5548173994093164
Test_U_2Layers_input_size_85_node1_30_node2_60_node3_0_node4_0,0.5548685879681673
Train_U_2Layers_input_size_10_node1_70_node2_10_node3_0_node4_0,0.5548768056284552
Train_U_2Layers_input_size_45_node1_80_node2_50_node3_0_node4_0,0.5548770204676146
Train_U_2Layers_input_size_30_node1_30_node2_80_node3_0_node4_0,0.55487779925887
Test_U_2Layers_input_size_100_node1_70_node2_80_node3_0_node4_0,0.5549130854124673
Train_U_2Layers_input_size_10_node1_20_node2_10_node3_0_node4_0,0.5549682390300985
Train_U_2Layers_input_size_40_node1_70_node2_100_node3_0_node4_0,0.5549728572926961
Test_U_2Layers_input_size_55_node1_40_node2_50_node3_0_node4_0,0.5549735553988148
Train_U_2Layers_input_size_45_node1_60_node2_90_node3_0_node4_0,0.554988403370991
Test_U_2Layers_input_size_30_node1_50_node2_20_node3_0_node4_0,0.55499331680776
Train_U_2Layers_input_size_25_node1_70_node2_30_node3_0_node4_0,0.5549936121495679
Test_U_2Layers_input_size_40_node1_30_node2_60_node3_0_node4_0,0.5550287835501442
Train_U_2Layers_input_size_45_node1_70_node2_100_node3_0_node4_0,0.555045321392536
Test_U_2Layers_input_size_35_node1_90_node2_70_node3_0_node4_0,0.5550528384307319
Test_U_2Layers_input_size_60_node1_10_node2_70_node3_0_node4_0,0.5550887040399238
Train_U_2Layers_input_size_55_node1_60_node2_70_node3_0_node4_0,0.5550997907690727
Test_U_2Layers_input_size_90_node1_90_node2_10_node3_0_node4_0,0.5551171317948409
Train_U_2Layers_input_size_5_node1_30_node2_40_node3_0_node4_0,0.5551255873617094
Test_U_1Layers_input_size_75_node1_90_node2_0_node3_0_node4_0,0.5551277884722747
Test_U_2Layers_input_size_50_node1_10_node2_10_node3_0_node4_0,0.5551408070575219
Test_U_2Layers_input_size_60_node1_50_node2_30_node3_0_node4_0,0.555155382142273
Test_U_2Layers_input_size_30_node1_100_node2_10_node3_0_node4_0,0.555192234194762
Train_U_2Layers_input_size_35_node1_80_node2_70_node3_0_node4_0,0.5552075057414211
Test_U_1Layers_input_size_65_node1_70_node2_0_node3_0_node4_0,0.5552160672859277
Test_U_2Layers_input_size_40_node1_20_node2_20_node3_0_node4_0,0.5552219717224608
Train_U_1Layers_input_size_20_node1_70_node2_0_node3_0_node4_0,0.5552393357696859
Test_U_1Layers_input_size_90_node1_90_node2_0_node3_0_node4_0,0.5552481383559111
Train_U_2Layers_input_size_10_node1_50_node2_10_node3_0_node4_0,0.5552641061058474
Test_U_2Layers_input_size_45_node1_20_node2_10_node3_0_node4_0,0.5552801807381891
Train_U_1Layers_input_size_30_node1_100_node2_0_node3_0_node4_0,0.5552809857993587
Test_U_2Layers_input_size_75_node1_90_node2_60_node3_0_node4_0,0.555283454646334
Test_U_2Layers_input_size_65_node1_10_node2_100_node3_0_node4_0,0.5552843133731438
Test_U_2Layers_input_size_95_node1_60_node2_20_node3_0_node4_0,0.5553153071549906
Test_U_2Layers_input_size_65_node1_10_node2_40_node3_0_node4_0,0.5553283213442293
Test_U_2Layers_input_size_45_node1_50_node2_50_node3_0_node4_0,0.5553436964778907
Test_U_2Layers_input_size_35_node1_70_node2_30_node3_0_node4_0,0.5553479359686726
Train_U_2Layers_input_size_25_node1_60_node2_10_node3_0_node4_0,0.5554287752556749
Train_U_2Layers_input_size_25_node1_80_node2_80_node3_0_node4_0,0.5554552540702228
Train_U_2Layers_input_size_25_node1_80_node2_60_node3_0_node4_0,0.5554791563537403
Test_U_2Layers_input_size_30_node1_60_node2_80_node3_0_node4_0,0.5554857018052991
Test_U_2Layers_input_size_30_node1_100_node2_100_node3_0_node4_0,0.555509656427337
Test_U_2Layers_input_size_75_node1_80_node2_80_node3_0_node4_0,0.555519044855218
Test_U_2Layers_input_size_90_node1_80_node2_100_node3_0_node4_0,0.5555331003763725
Train_U_2Layers_input_size_45_node1_100_node2_90_node3_0_node4_0,0.5555520103924277
Train_U_2Layers_input_size_50_node1_90_node2_50_node3_0_node4_0,0.5555855372074158
Test_U_2Layers_input_size_85_node1_90_node2_90_node3_0_node4_0,0.555586019978775
Train_U_2Layers_input_size_25_node1_60_node2_100_node3_0_node4_0,0.555604981833122
Train_U_2Layers_input_size_35_node1_10_node2_90_node3_0_node4_0,0.5556169432923809
Test_U_2Layers_input_size_75_node1_70_node2_90_node3_0_node4_0,0.5556322031659138
Test_U_2Layers_input_size_95_node1_90_node2_60_node3_0_node4_0,0.5556487230486525
Train_U_2Layers_input_size_55_node1_100_node2_40_node3_0_node4_0,0.555675325463896
Test_U_2Layers_input_size_65_node1_50_node2_60_node3_0_node4_0,0.5556840675118417
Train_U_2Layers_input_size_10_node1_40_node2_80_node3_0_node4_0,0.555697716630724
Train_U_2Layers_input_size_35_node1_90_node2_70_node3_0_node4_0,0.5557140468648732
Train_U_2Layers_input_size_5_node1_100_node2_30_node3_0_node4_0,0.5557250674906036
Train_U_2Layers_input_size_5_node1_60_node2_80_node3_0_node4_0,0.555743595592613
Train_U_2Layers_input_size_45_node1_100_node2_50_node3_0_node4_0,0.5557474030276569
Test_U_2Layers_input_size_100_node1_20_node2_80_node3_0_node4_0,0.5557484219143007
Test_U_2Layers_input_size_35_node1_10_node2_60_node3_0_node4_0,0.5557508886847553
Train_U_2Layers_input_size_15_node1_80_node2_100_node3_0_node4_0,0.5557563316286553
Test_U_2Layers_input_size_90_node1_60_node2_30_node3_0_node4_0,0.5557815615245857
Train_U_2Layers_input_size_15_node1_80_node2_30_node3_0_node4_0,0.5557920445983016
Test_U_2Layers_input_size_70_node1_20_node2_100_node3_0_node4_0,0.555792393136998
Train_U_2Layers_input_size_30_node1_80_node2_100_node3_0_node4_0,0.5558166294457102
Test_U_2Layers_input_size_85_node1_40_node2_100_node3_0_node4_0,0.5558393902379509
Test_U_2Layers_input_size_95_node1_10_node2_20_node3_0_node4_0,0.5558467088812427
Test_U_2Layers_input_size_65_node1_60_node2_10_node3_0_node4_0,0.5558467624973215
Test_U_2Layers_input_size_35_node1_30_node2_90_node3_0_node4_0,0.5558811829525258
Test_U_1Layers_input_size_10_node1_60_node2_0_node3_0_node4_0,0.5559113661148762
Test_U_2Layers_input_size_70_node1_70_node2_100_node3_0_node4_0,0.555954627576785
Train_U_2Layers_input_size_35_node1_40_node2_90_node3_0_node4_0,0.5559672783718559
Test_U_2Layers_input_size_90_node1_80_node2_20_node3_0_node4_0,0.5559726655933803
Train_U_2Layers_input_size_35_node1_30_node2_10_node3_0_node4_0,0.5559773559178706
Test_U_2Layers_input_size_90_node1_50_node2_70_node3_0_node4_0,0.5559810545458506
Train_U_2Layers_input_size_15_node1_100_node2_30_node3_0_node4_0,0.5559862004221098
Train_U_2Layers_input_size_45_node1_70_node2_60_node3_0_node4_0,0.5560107230843657
Test_U_1Layers_input_size_25_node1_10_node2_0_node3_0_node4_0,0.5560196206572497
Train_U_2Layers_input_size_15_node1_20_node2_60_node3_0_node4_0,0.5560220058257807
Train_U_2Layers_input_size_40_node1_50_node2_100_node3_0_node4_0,0.5560320019825973
Test_U_2Layers_input_size_20_node1_30_node2_70_node3_0_node4_0,0.5560401488514843
Train_U_2Layers_input_size_20_node1_70_node2_50_node3_0_node4_0,0.5560662501867799
Train_U_2Layers_input_size_45_node1_90_node2_80_node3_0_node4_0,0.556073565844303
Train_U_2Layers_input_size_45_node1_40_node2_70_node3_0_node4_0,0.5560997192028141
Test_U_2Layers_input_size_45_node1_100_node2_90_node3_0_node4_0,0.5561279613049909
Test_U_2Layers_input_size_60_node1_60_node2_50_node3_0_node4_0,0.55614942327173
Test_U_2Layers_input_size_25_node1_30_node2_40_node3_0_node4_0,0.5561522097834425
Test_U_2Layers_input_size_85_node1_70_node2_90_node3_0_node4_0,0.5561734296838867
Test_U_2Layers_input_size_80_node1_50_node2_30_node3_0_node4_0,0.5561909783586041
Train_U_2Layers_input_size_30_node1_60_node2_90_node3_0_node4_0,0.556208204992336
Train_U_1Layers_input_size_70_node1_100_node2_0_node3_0_node4_0,0.5562134827189169
Test_U_2Layers_input_size_75_node1_50_node2_10_node3_0_node4_0,0.5562542293687829
Train_U_2Layers_input_size_50_node1_50_node2_50_node3_0_node4_0,0.5562562920718133
Test_U_2Layers_input_size_80_node1_30_node2_80_node3_0_node4_0,0.5562752846532509
Train_U_2Layers_input_size_15_node1_50_node2_50_node3_0_node4_0,0.5562778562364356
Test_U_2Layers_input_size_55_node1_60_node2_10_node3_0_node4_0,0.5562799992133418
Train_U_2Layers_input_size_55_node1_90_node2_60_node3_0_node4_0,0.5562834011722252
Test_U_2Layers_input_size_80_node1_70_node2_30_node3_0_node4_0,0.5562916247191861
Test_U_2Layers_input_size_80_node1_80_node2_80_node3_0_node4_0,0.5562996606411226
Test_U_2Layers_input_size_75_node1_10_node2_40_node3_0_node4_0,0.5563164285577434
Test_U_2Layers_input_size_70_node1_70_node2_50_node3_0_node4_0,0.5563554803084841
Test_U_2Layers_input_size_20_node1_20_node2_50_node3_0_node4_0,0.556366970322276
Train_U_2Layers_input_size_55_node1_90_node2_50_node3_0_node4_0,0.5563745498518279
Test_U_2Layers_input_size_55_node1_50_node2_20_node3_0_node4_0,0.5564178556427939
Train_U_2Layers_input_size_60_node1_40_node2_90_node3_0_node4_0,0.5564206408102177
Train_U_1Layers_input_size_25_node1_100_node2_0_node3_0_node4_0,0.5564657103795632
Test_U_2Layers_input_size_95_node1_10_node2_90_node3_0_node4_0,0.5564982717423795
Test_U_2Layers_input_size_15_node1_50_node2_50_node3_0_node4_0,0.5565310989509055
Test_U_2Layers_input_size_90_node1_40_node2_40_node3_0_node4_0,0.556543067280161
Test_U_2Layers_input_size_100_node1_80_node2_40_node3_0_node4_0,0.5565483953797414
Test_U_1Layers_input_size_5_node1_30_node2_0_node3_0_node4_0,0.5565632548854534
Train_U_2Layers_input_size_70_node1_80_node2_90_node3_0_node4_0,0.5565633084325043
Test_U_2Layers_input_size_95_node1_20_node2_80_node3_0_node4_0,0.5565747941558612
Test_U_2Layers_input_size_30_node1_60_node2_90_node3_0_node4_0,0.5566124892234823
Test_U_2Layers_input_size_75_node1_10_node2_50_node3_0_node4_0,0.5566149521646188
Train_U_2Layers_input_size_5_node1_60_node2_60_node3_0_node4_0,0.5566152198749552
Test_U_2Layers_input_size_90_node1_90_node2_80_node3_0_node4_0,0.5566451490787233
Train_U_2Layers_input_size_15_node1_50_node2_70_node3_0_node4_0,0.5566596580062259
Test_U_2Layers_input_size_70_node1_70_node2_90_node3_0_node4_0,0.556684418678857
Test_U_2Layers_input_size_75_node1_30_node2_30_node3_0_node4_0,0.5567222401533378
Train_U_2Layers_input_size_25_node1_50_node2_20_node3_0_node4_0,0.5567424212617815
Train_U_2Layers_input_size_35_node1_90_node2_20_node3_0_node4_0,0.55674622186613
Test_U_2Layers_input_size_35_node1_10_node2_30_node3_0_node4_0,0.5567815501862124
Test_U_2Layers_input_size_95_node1_50_node2_40_node3_0_node4_0,0.5567862336967211
Test_U_2Layers_input_size_80_node1_80_node2_10_node3_0_node4_0,0.5568066533422185
Test_U_2Layers_input_size_95_node1_90_node2_20_node3_0_node4_0,0.5568112028335703
Train_U_2Layers_input_size_15_node1_40_node2_30_node3_0_node4_0,0.5568112563567768
Test_U_2Layers_input_size_70_node1_40_node2_90_node3_0_node4_0,0.5568280623891648
Train_U_2Layers_input_size_85_node1_80_node2_50_node3_0_node4_0,0.5568603349717693
Test_U_2Layers_input_size_95_node1_30_node2_60_node3_0_node4_0,0.5568818222295898
Train_U_2Layers_input_size_30_node1_100_node2_50_node3_0_node4_0,0.5568913480711642
Test_U_2Layers_input_size_100_node1_80_node2_90_node3_0_node4_0,0.5569103457518219
Train_U_2Layers_input_size_40_node1_100_node2_70_node3_0_node4_0,0.556917382756367
Test_U_2Layers_input_size_75_node1_40_node2_30_node3_0_node4_0,0.5569297708791183
Train_U_2Layers_input_size_15_node1_20_node2_10_node3_0_node4_0,0.556939028346024
Train_U_2Layers_input_size_10_node1_40_node2_100_node3_0_node4_0,0.5569607266032945
Train_U_2Layers_input_size_5_node1_90_node2_10_node3_0_node4_0,0.5569608068665487
Train_U_2Layers_input_size_45_node1_50_node2_90_node3_0_node4_0,0.55698122011197
Test_U_2Layers_input_size_85_node1_50_node2_70_node3_0_node4_0,0.5569859019435202
Train_U_2Layers_input_size_35_node1_50_node2_90_node3_0_node4_0,0.5570000542121875
Test_U_2Layers_input_size_95_node1_100_node2_90_node3_0_node4_0,0.5570005090050281
Train_U_1Layers_input_size_25_node1_80_node2_0_node3_0_node4_0,0.5570174163341838
Train_U_2Layers_input_size_65_node1_30_node2_100_node3_0_node4_0,0.5570230074108146
Train_U_2Layers_input_size_45_node1_80_node2_30_node3_0_node4_0,0.5570231679193629
Train_U_2Layers_input_size_30_node1_60_node2_10_node3_0_node4_0,0.5570466551717003
Test_U_2Layers_input_size_40_node1_70_node2_20_node3_0_node4_0,0.5570673862629454
Test_U_2Layers_input_size_10_node1_20_node2_20_node3_0_node4_0,0.5570717731304479
Test_U_2Layers_input_size_20_node1_40_node2_50_node3_0_node4_0,0.5571066795950459
Test_U_2Layers_input_size_20_node1_60_node2_20_node3_0_node4_0,0.5571095950551896
Train_U_2Layers_input_size_30_node1_40_node2_10_node3_0_node4_0,0.5571428944121338
Test_U_2Layers_input_size_60_node1_20_node2_70_node3_0_node4_0,0.557175977826327
Test_U_2Layers_input_size_80_node1_100_node2_20_node3_0_node4_0,0.5571819417251569
Test_U_2Layers_input_size_60_node1_20_node2_50_node3_0_node4_0,0.5571906333916535
Test_U_2Layers_input_size_30_node1_10_node2_30_node3_0_node4_0,0.5571941367635026
Train_U_2Layers_input_size_30_node1_50_node2_50_node3_0_node4_0,0.5571945379115455
Train_U_2Layers_input_size_5_node1_80_node2_30_node3_0_node4_0,0.5571991109788215
Train_U_1Layers_input_size_15_node1_30_node2_0_node3_0_node4_0,0.5572030421820936
Train_U_2Layers_input_size_25_node1_60_node2_40_node3_0_node4_0,0.5572302924137318
Test_U_1Layers_input_size_65_node1_50_node2_0_node3_0_node4_0,0.5572401064494634
Train_U_2Layers_input_size_45_node1_20_node2_80_node3_0_node4_0,0.5572608570839892
Train_U_1Layers_input_size_75_node1_90_node2_0_node3_0_node4_0,0.5573156981471088
Test_U_2Layers_input_size_80_node1_50_node2_20_node3_0_node4_0,0.5573204841174482
Test_U_1Layers_input_size_90_node1_60_node2_0_node3_0_node4_0,0.5573431567591832
Train_U_2Layers_input_size_15_node1_50_node2_100_node3_0_node4_0,0.5573435577999689
Train_U_2Layers_input_size_70_node1_90_node2_50_node3_0_node4_0,0.557350295242022
Train_U_2Layers_input_size_45_node1_70_node2_30_node3_0_node4_0,0.5573632886502747
Test_U_2Layers_input_size_55_node1_40_node2_100_node3_0_node4_0,0.5573846228488142
Train_U_2Layers_input_size_55_node1_70_node2_80_node3_0_node4_0,0.5573930707518612
Train_U_2Layers_input_size_60_node1_30_node2_100_node3_0_node4_0,0.5574095919137245
Train_U_2Layers_input_size_40_node1_40_node2_70_node3_0_node4_0,0.5574135750979345
Train_U_2Layers_input_size_55_node1_60_node2_100_node3_0_node4_0,0.5574159810343399
Train_U_2Layers_input_size_35_node1_60_node2_70_node3_0_node4_0,0.5574306837534052
Train_U_1Layers_input_size_50_node1_100_node2_0_node3_0_node4_0,0.557443087200278
Train_U_2Layers_input_size_15_node1_70_node2_20_node3_0_node4_0,0.5574701653182487
Train_U_2Layers_input_size_25_node1_40_node2_70_node3_0_node4_0,0.5574798682131779
Train_U_2Layers_input_size_15_node1_20_node2_90_node3_0_node4_0,0.5574866841954084
Test_U_2Layers_input_size_100_node1_10_node2_40_node3_0_node4_0,0.5574867911121129
Train_U_2Layers_input_size_60_node1_30_node2_80_node3_0_node4_0,0.5574914152399602
Test_U_2Layers_input_size_70_node1_90_node2_50_node3_0_node4_0,0.5575031223979463
Train_U_2Layers_input_size_25_node1_100_node2_20_node3_0_node4_0,0.5575064367085241
Test_U_1Layers_input_size_95_node1_80_node2_0_node3_0_node4_0,0.5575304114168278
Train_U_2Layers_input_size_20_node1_40_node2_90_node3_0_node4_0,0.5575305183251468
Train_U_2Layers_input_size_5_node1_10_node2_20_node3_0_node4_0,0.5575375475021345
Train_U_2Layers_input_size_20_node1_30_node2_70_node3_0_node4_0,0.557543053183435
Train_U_2Layers_input_size_50_node1_50_node2_90_node3_0_node4_0,0.5575511512469418
Train_U_2Layers_input_size_50_node1_80_node2_60_node3_0_node4_0,0.5575619217564202
Test_U_2Layers_input_size_100_node1_20_node2_90_node3_0_node4_0,0.5575710351019381
Train_U_2Layers_input_size_5_node1_20_node2_80_node3_0_node4_0,0.5576122971836375
Train_U_2Layers_input_size_35_node1_10_node2_70_node3_0_node4_0,0.5576170271624387
Train_U_2Layers_input_size_40_node1_60_node2_50_node3_0_node4_0,0.557618924487293
Train_U_2Layers_input_size_65_node1_50_node2_90_node3_0_node4_0,0.5576268076693136
Test_U_2Layers_input_size_20_node1_70_node2_20_node3_0_node4_0,0.5576431882979415
Test_U_2Layers_input_size_45_node1_80_node2_20_node3_0_node4_0,0.5576586866552679
Test_U_2Layers_input_size_80_node1_40_node2_90_node3_0_node4_0,0.5576668364807131
Test_U_2Layers_input_size_70_node1_20_node2_20_node3_0_node4_0,0.557675894671534
Train_U_2Layers_input_size_5_node1_90_node2_80_node3_0_node4_0,0.5576899759916742
Test_U_2Layers_input_size_20_node1_70_node2_40_node3_0_node4_0,0.5576899759916742
Test_U_2Layers_input_size_50_node1_100_node2_20_node3_0_node4_0,0.5576905638189397
Train_U_2Layers_input_size_65_node1_70_node2_80_node3_0_node4_0,0.5577268208757463
Test_U_2Layers_input_size_100_node1_40_node2_60_node3_0_node4_0,0.5577275155347358
Test_U_2Layers_input_size_75_node1_20_node2_60_node3_0_node4_0,0.5577330193407602
Test_U_2Layers_input_size_30_node1_50_node2_10_node3_0_node4_0,0.5577546867095042
Train_U_2Layers_input_size_55_node1_50_node2_90_node3_0_node4_0,0.5577553546174855
Train_U_2Layers_input_size_70_node1_60_node2_70_node3_0_node4_0,0.5577581865384407
Test_U_1Layers_input_size_55_node1_70_node2_0_node3_0_node4_0,0.5577976449222574
Test_U_2Layers_input_size_80_node1_30_node2_20_node3_0_node4_0,0.5578030678942716
Test_U_2Layers_input_size_95_node1_80_node2_70_node3_0_node4_0,0.5578178672639162
Train_U_2Layers_input_size_15_node1_40_node2_90_node3_0_node4_0,0.557825854486199
Test_U_2Layers_input_size_95_node1_70_node2_80_node3_0_node4_0,0.557836753253846
Train_U_2Layers_input_size_45_node1_30_node2_60_node3_0_node4_0,0.5578431107699732
Train_U_1Layers_input_size_85_node1_100_node2_0_node3_0_node4_0,0.5578475716729071
Test_U_2Layers_input_size_65_node1_80_node2_50_node3_0_node4_0,0.5578770875269907
Test_U_2Layers_input_size_70_node1_80_node2_60_node3_0_node4_0,0.5578840856271697
Train_U_2Layers_input_size_15_node1_60_node2_10_node3_0_node4_0,0.5578848869307492
Train_U_2Layers_input_size_40_node1_100_node2_30_node3_0_node4_0,0.5578965324128623
Test_U_2Layers_input_size_50_node1_40_node2_30_node3_0_node4_0,0.5579173654671078
Test_U_2Layers_input_size_95_node1_60_node2_50_node3_0_node4_0,0.5579344853819388
Train_U_2Layers_input_size_35_node1_10_node2_30_node3_0_node4_0,0.5579380909132582
Train_U_2Layers_input_size_15_node1_90_node2_30_node3_0_node4_0,0.5579408951992871
Train_U_2Layers_input_size_70_node1_70_node2_90_node3_0_node4_0,0.5579449012977357
Test_U_2Layers_input_size_25_node1_40_node2_60_node3_0_node4_0,0.5579599105574897
Train_U_1Layers_input_size_5_node1_70_node2_0_node3_0_node4_0,0.5579603378614649
Train_U_2Layers_input_size_20_node1_20_node2_70_node3_0_node4_0,0.5579744921206933
Train_U_2Layers_input_size_15_node1_100_node2_90_node3_0_node4_0,0.5579782843329341
Train_U_2Layers_input_size_25_node1_70_node2_60_node3_0_node4_0,0.5579923046121498
Train_U_2Layers_input_size_35_node1_10_node2_60_node3_0_node4_0,0.5580214389609983
Train_U_2Layers_input_size_60_node1_60_node2_90_node3_0_node4_0,0.5580246166760632
Train_U_2Layers_input_size_45_node1_90_node2_90_node3_0_node4_0,0.5580274205272694
Train_U_2Layers_input_size_15_node1_20_node2_70_node3_0_node4_0,0.5580429616185009
Train_U_2Layers_input_size_20_node1_30_node2_60_node3_0_node4_0,0.5580447239829665
Train_U_2Layers_input_size_55_node1_30_node2_90_node3_0_node4_0,0.5580485157179474
Test_U_1Layers_input_size_70_node1_100_node2_0_node3_0_node4_0,0.558067741019962
Train_U_2Layers_input_size_15_node1_70_node2_80_node3_0_node4_0,0.5580783947562888
Train_U_2Layers_input_size_5_node1_40_node2_40_node3_0_node4_0,0.5580985268255386
Train_U_1Layers_input_size_95_node1_100_node2_0_node3_0_node4_0,0.5581128911737132
Test_U_2Layers_input_size_5_node1_20_node2_10_node3_0_node4_0,0.5581164154554462
Train_U_1Layers_input_size_45_node1_80_node2_0_node3_0_node4_0,0.5581510430098406
Test_U_1Layers_input_size_55_node1_80_node2_0_node3_0_node4_0,0.5581984555133895
Test_U_2Layers_input_size_70_node1_20_node2_60_node3_0_node4_0,0.5582046220464366
Train_U_2Layers_input_size_70_node1_100_node2_90_node3_0_node4_0,0.5582203717567229
Test_U_2Layers_input_size_90_node1_70_node2_70_node3_0_node4_0,0.5582299548375661
Test_U_2Layers_input_size_85_node1_80_node2_10_node3_0_node4_0,0.5582524570798806
Train_U_2Layers_input_size_55_node1_60_node2_80_node3_0_node4_0,0.5582620663020043
Train_U_2Layers_input_size_15_node1_20_node2_30_node3_0_node4_0,0.5582863288518123
Train_U_2Layers_input_size_25_node1_50_node2_100_node3_0_node4_0,0.5582959908718118
Train_U_2Layers_input_size_15_node1_50_node2_40_node3_0_node4_0,0.5583071740508254
Test_U_2Layers_input_size_75_node1_70_node2_60_node3_0_node4_0,0.5583126187633464
Train_U_2Layers_input_size_25_node1_60_node2_70_node3_0_node4_0,0.5583207857325718
Train_U_2Layers_input_size_35_node1_40_node2_10_node3_0_node4_0,0.558326684024939
Train_U_1Layers_input_size_60_node1_90_node2_0_node3_0_node4_0,0.5583425637331483
Train_U_2Layers_input_size_30_node1_100_node2_100_node3_0_node4_0,0.5583609516040944
Test_U_2Layers_input_size_65_node1_20_node2_10_node3_0_node4_0,0.5583713862513761
Train_U_2Layers_input_size_40_node1_60_node2_70_node3_0_node4_0,0.5584184331472708
Train_U_2Layers_input_size_20_node1_80_node2_60_node3_0_node4_0,0.5584204344871632
Train_U_2Layers_input_size_45_node1_60_node2_80_node3_0_node4_0,0.5584643020559482
Train_U_2Layers_input_size_40_node1_60_node2_30_node3_0_node4_0,0.5584894362998521
Train_U_2Layers_input_size_20_node1_80_node2_10_node3_0_node4_0,0.5584901566914416
Train_U_2Layers_input_size_70_node1_90_node2_80_node3_0_node4_0,0.5585152630918854
Train_U_2Layers_input_size_55_node1_70_node2_40_node3_0_node4_0,0.5585679001595677
Test_U_2Layers_input_size_70_node1_60_node2_20_node3_0_node4_0,0.5585749429591156
Test_U_2Layers_input_size_90_node1_90_node2_70_node3_0_node4_0,0.5585775306320966
Train_U_1Layers_input_size_20_node1_10_node2_0_node3_0_node4_0,0.5585962575576092
Test_U_2Layers_input_size_70_node1_10_node2_30_node3_0_node4_0,0.558599485354557
Test_U_2Layers_input_size_90_node1_60_node2_20_node3_0_node4_0,0.5586118895246378
Test_U_2Layers_input_size_90_node1_20_node2_40_node3_0_node4_0,0.5586293615980547
Train_U_2Layers_input_size_50_node1_30_node2_70_node3_0_node4_0,0.5586357100939559
Train_U_2Layers_input_size_85_node1_80_node2_70_node3_0_node4_0,0.5586385375521021
Test_U_2Layers_input_size_20_node1_90_node2_10_node3_0_node4_0,0.5586430454510599
Train_U_2Layers_input_size_65_node1_40_node2_80_node3_0_node4_0,0.5586607566071743
Train_U_2Layers_input_size_40_node1_70_node2_40_node3_0_node4_0,0.5586616634886106
Train_U_2Layers_input_size_90_node1_60_node2_20_node3_0_node4_0,0.5586673981459586
Test_U_2Layers_input_size_90_node1_80_node2_90_node3_0_node4_0,0.5586743863465019
Test_U_2Layers_input_size_70_node1_40_node2_60_node3_0_node4_0,0.558716393725297
Test_U_2Layers_input_size_90_node1_90_node2_50_node3_0_node4_0,0.5587164737363381
Test_U_1Layers_input_size_95_node1_100_node2_0_node3_0_node4_0,0.5587386896921648
Train_U_2Layers_input_size_40_node1_70_node2_10_node3_0_node4_0,0.558753010914518
Test_U_2Layers_input_size_30_node1_70_node2_30_node3_0_node4_0,0.5587558911160198
Train_U_2Layers_input_size_50_node1_30_node2_100_node3_0_node4_0,0.5587719186328285
Test_U_2Layers_input_size_50_node1_80_node2_20_node3_0_node4_0,0.5587765054581867
Train_U_2Layers_input_size_60_node1_80_node2_10_node3_0_node4_0,0.558788185692279
Train_U_2Layers_input_size_90_node1_20_node2_30_node3_0_node4_0,0.5588065588997627
Train_U_2Layers_input_size_30_node1_40_node2_80_node3_0_node4_0,0.5588271447078043
Test_U_2Layers_input_size_25_node1_40_node2_50_node3_0_node4_0,0.5588378372958963
Test_U_2Layers_input_size_100_node1_80_node2_10_node3_0_node4_0,0.5588610349756297
Train_U_1Layers_input_size_40_node1_70_node2_0_node3_0_node4_0,0.5588932701525388
Train_U_2Layers_input_size_50_node1_70_node2_80_node3_0_node4_0,0.5588994290194527
Train_U_2Layers_input_size_20_node1_100_node2_20_node3_0_node4_0,0.5589030016643945
Train_U_2Layers_input_size_70_node1_100_node2_60_node3_0_node4_0,0.5589170520688813
Train_U_2Layers_input_size_10_node1_80_node2_80_node3_0_node4_0,0.5589188916592579
Train_U_1Layers_input_size_25_node1_40_node2_0_node3_0_node4_0,0.55893760714764
Test_U_2Layers_input_size_15_node1_100_node2_90_node3_0_node4_0,0.5589584013997748
Train_U_2Layers_input_size_35_node1_80_node2_40_node3_0_node4_0,0.5589601608779193
Train_U_2Layers_input_size_40_node1_20_node2_90_node3_0_node4_0,0.5589648261340666
Train_U_2Layers_input_size_60_node1_80_node2_80_node3_0_node4_0,0.5589651726943982
Test_U_2Layers_input_size_75_node1_20_node2_20_node3_0_node4_0,0.5589687449191397
Train_U_2Layers_input_size_70_node1_100_node2_80_node3_0_node4_0,0.5589753028245396
Train_U_2Layers_input_size_70_node1_40_node2_90_node3_0_node4_0,0.5589768756440704
Train_U_2Layers_input_size_10_node1_100_node2_10_node3_0_node4_0,0.5589820205990773
Test_U_2Layers_input_size_15_node1_50_node2_100_node3_0_node4_0,0.5589864990705844
Train_U_2Layers_input_size_10_node1_20_node2_100_node3_0_node4_0,0.5589919105091175
Test_U_2Layers_input_size_35_node1_20_node2_20_node3_0_node4_0,0.5589926035959826
Train_U_2Layers_input_size_65_node1_40_node2_40_node3_0_node4_0,0.5589979616615924
Test_U_2Layers_input_size_75_node1_70_node2_40_node3_0_node4_0,0.5590022534084452
Train_U_1Layers_input_size_55_node1_80_node2_0_node3_0_node4_0,0.5590060919615666
Train_U_2Layers_input_size_50_node1_100_node2_30_node3_0_node4_0,0.5590079845718064
Train_U_2Layers_input_size_20_node1_40_node2_70_node3_0_node4_0,0.5590105702402277
Test_U_2Layers_input_size_60_node1_30_node2_100_node3_0_node4_0,0.5590160347578539
Train_U_2Layers_input_size_40_node1_30_node2_20_node3_0_node4_0,0.5590269636328582
Test_U_2Layers_input_size_65_node1_50_node2_90_node3_0_node4_0,0.5590357065790308
Train_U_2Layers_input_size_20_node1_20_node2_100_node3_0_node4_0,0.559045222374191
Train_U_2Layers_input_size_90_node1_30_node2_90_node3_0_node4_0,0.5590688645590688
Train_U_2Layers_input_size_90_node1_60_node2_80_node3_0_node4_0,0.5590945846281026
Train_U_2Layers_input_size_80_node1_80_node2_60_node3_0_node4_0,0.5590984491994382
Test_U_2Layers_input_size_80_node1_90_node2_80_node3_0_node4_0,0.5591129211154696
Test_U_1Layers_input_size_70_node1_80_node2_0_node3_0_node4_0,0.5591320565177315
Train_U_2Layers_input_size_75_node1_70_node2_70_node3_0_node4_0,0.5591381328037394
Train_U_2Layers_input_size_25_node1_80_node2_30_node3_0_node4_0,0.5591647291031463
Train_U_1Layers_input_size_15_node1_50_node2_0_node3_0_node4_0,0.5591684332969868
Train_U_2Layers_input_size_25_node1_80_node2_10_node3_0_node4_0,0.5591688596774369
Train_U_1Layers_input_size_5_node1_30_node2_0_node3_0_node4_0,0.5591868206585832
Train_U_2Layers_input_size_20_node1_60_node2_20_node3_0_node4_0,0.5592175981499619
Train_U_2Layers_input_size_35_node1_90_node2_30_node3_0_node4_0,0.5592213552861415
Train_U_2Layers_input_size_5_node1_20_node2_50_node3_0_node4_0,0.5592305215266511
Train_U_2Layers_input_size_70_node1_30_node2_90_node3_0_node4_0,0.5592376625633955
Train_U_2Layers_input_size_80_node1_90_node2_40_node3_0_node4_0,0.559255381533122
Train_U_1Layers_input_size_60_node1_80_node2_0_node3_0_node4_0,0.5593015547971021
Test_U_2Layers_input_size_35_node1_10_node2_70_node3_0_node4_0,0.5593167940683182
Test_U_2Layers_input_size_85_node1_40_node2_10_node3_0_node4_0,0.5593214563498162
Train_U_1Layers_input_size_75_node1_80_node2_0_node3_0_node4_0,0.5593320062833388
Train_U_2Layers_input_size_40_node1_40_node2_50_node3_0_node4_0,0.5593616569248937
Train_U_2Layers_input_size_30_node1_60_node2_50_node3_0_node4_0,0.559375749086699
Train_U_2Layers_input_size_90_node1_90_node2_70_node3_0_node4_0,0.5593906666783445
Test_U_2Layers_input_size_45_node1_40_node2_70_node3_0_node4_0,0.559408274252304
Train_U_1Layers_input_size_10_node1_60_node2_0_node3_0_node4_0,0.5594219923259816
Train_U_1Layers_input_size_90_node1_60_node2_0_node3_0_node4_0,0.5594456984953013
Test_U_2Layers_input_size_90_node1_80_node2_60_node3_0_node4_0,0.5594653019394259
Train_U_2Layers_input_size_65_node1_100_node2_30_node3_0_node4_0,0.5594728661282252
Train_U_2Layers_input_size_15_node1_100_node2_10_node3_0_node4_0,0.5594756094531173
Test_U_2Layers_input_size_70_node1_40_node2_100_node3_0_node4_0,0.5594794447585727
Train_U_2Layers_input_size_55_node1_60_node2_30_node3_0_node4_0,0.5594930279206154
Train_U_2Layers_input_size_20_node1_20_node2_80_node3_0_node4_0,0.5595128427655929
Train_U_2Layers_input_size_35_node1_70_node2_30_node3_0_node4_0,0.5595616577970399
Test_U_2Layers_input_size_65_node1_50_node2_40_node3_0_node4_0,0.559576756838028
Train_U_1Layers_input_size_30_node1_90_node2_0_node3_0_node4_0,0.5595900713509482
Test_U_2Layers_input_size_65_node1_20_node2_30_node3_0_node4_0,0.5596037583400121
Test_U_2Layers_input_size_30_node1_10_node2_20_node3_0_node4_0,0.5596169923282291
Train_U_2Layers_input_size_80_node1_100_node2_100_node3_0_node4_0,0.559625486413311
Test_U_2Layers_input_size_100_node1_20_node2_40_node3_0_node4_0,0.5596323295166109
Test_U_2Layers_input_size_95_node1_30_node2_30_node3_0_node4_0,0.5596355779643749
Train_U_2Layers_input_size_30_node1_60_node2_60_node3_0_node4_0,0.5596621772494415
Train_U_2Layers_input_size_20_node1_70_node2_20_node3_0_node4_0,0.5596669165289031
Test_U_2Layers_input_size_100_node1_80_node2_70_node3_0_node4_0,0.5596743182446323
Train_U_2Layers_input_size_30_node1_50_node2_90_node3_0_node4_0,0.5596918103996187
Train_U_2Layers_input_size_55_node1_20_node2_50_node3_0_node4_0,0.5596943396614169
Train_U_2Layers_input_size_60_node1_80_node2_90_node3_0_node4_0,0.5596949253835719
Test_U_2Layers_input_size_60_node1_10_node2_60_node3_0_node4_0,0.5596954578577262
Train_U_2Layers_input_size_20_node1_20_node2_50_node3_0_node4_0,0.5596978273615705
Train_U_2Layers_input_size_15_node1_50_node2_30_node3_0_node4_0,0.5597241840875077
Train_U_2Layers_input_size_25_node1_90_node2_10_node3_0_node4_0,0.5597312123381512
Train_U_2Layers_input_size_90_node1_60_node2_100_node3_0_node4_0,0.5597389326632809
Test_U_2Layers_input_size_10_node1_40_node2_60_node3_0_node4_0,0.5597413286046009
Train_U_2Layers_input_size_60_node1_40_node2_40_node3_0_node4_0,0.5597428460287991
Train_U_2Layers_input_size_20_node1_10_node2_50_node3_0_node4_0,0.559764728425633
Test_U_2Layers_input_size_90_node1_40_node2_70_node3_0_node4_0,0.5597679494848125
Test_U_2Layers_input_size_75_node1_100_node2_60_node3_0_node4_0,0.559791774099056
Train_U_2Layers_input_size_55_node1_80_node2_40_node3_0_node4_0,0.5597957669519542
Train_U_2Layers_input_size_70_node1_40_node2_30_node3_0_node4_0,0.5598130956035247
Train_U_2Layers_input_size_75_node1_30_node2_70_node3_0_node4_0,0.5598187652302035
Train_U_2Layers_input_size_30_node1_50_node2_20_node3_0_node4_0,0.5598328725027989
Train_U_2Layers_input_size_25_node1_80_node2_20_node3_0_node4_0,0.5598378765065329
Train_U_2Layers_input_size_25_node1_100_node2_40_node3_0_node4_0,0.5598581050019359
Train_U_2Layers_input_size_25_node1_80_node2_90_node3_0_node4_0,0.5598741275808662
Test_U_2Layers_input_size_55_node1_20_node2_100_node3_0_node4_0,0.5598816862462945
Test_U_2Layers_input_size_50_node1_80_node2_70_node3_0_node4_0,0.559895712091004
Test_U_1Layers_input_size_75_node1_60_node2_0_node3_0_node4_0,0.5599007953749204
Test_U_2Layers_input_size_65_node1_30_node2_10_node3_0_node4_0,0.5599022325253556
Test_U_2Layers_input_size_15_node1_70_node2_80_node3_0_node4_0,0.5599059850674344
Train_U_1Layers_input_size_10_node1_100_node2_0_node3_0_node4_0,0.5599480597216397
Train_U_2Layers_input_size_100_node1_80_node2_100_node3_0_node4_0,0.5599544198781538
Train_U_2Layers_input_size_15_node1_30_node2_30_node3_0_node4_0,0.5599798597818338
Train_U_2Layers_input_size_45_node1_30_node2_20_node3_0_node4_0,0.5599956127829359
Test_U_2Layers_input_size_100_node1_20_node2_20_node3_0_node4_0,0.5600114185582595
Test_U_2Layers_input_size_100_node1_90_node2_100_node3_0_node4_0,0.5600261861775387
Test_U_1Layers_input_size_95_node1_20_node2_0_node3_0_node4_0,0.5600453968039762
Train_U_2Layers_input_size_30_node1_70_node2_60_node3_0_node4_0,0.5600476051855605
Train_U_2Layers_input_size_100_node1_70_node2_100_node3_0_node4_0,0.5600538311783253
Train_U_2Layers_input_size_15_node1_60_node2_60_node3_0_node4_0,0.5600825656326921
Test_U_2Layers_input_size_90_node1_30_node2_100_node3_0_node4_0,0.5600898022258469
Train_U_2Layers_input_size_30_node1_20_node2_40_node3_0_node4_0,0.5601215410319415
Train_U_2Layers_input_size_20_node1_30_node2_50_node3_0_node4_0,0.5601336454674752
Test_U_2Layers_input_size_90_node1_90_node2_30_node3_0_node4_0,0.5601398971064678
Test_U_2Layers_input_size_95_node1_30_node2_50_node3_0_node4_0,0.5601441801039699
Train_U_1Layers_input_size_35_node1_80_node2_0_node3_0_node4_0,0.5601507508501425
Train_U_1Layers_input_size_5_node1_60_node2_0_node3_0_node4_0,0.5601750912018163
Test_U_1Layers_input_size_85_node1_90_node2_0_node3_0_node4_0,0.5601768202576026
Train_U_2Layers_input_size_25_node1_90_node2_20_node3_0_node4_0,0.5601920357183992
Train_U_2Layers_input_size_20_node1_70_node2_40_node3_0_node4_0,0.5601975419109392
Test_U_2Layers_input_size_10_node1_30_node2_20_node3_0_node4_0,0.5601998028922015
Test_U_2Layers_input_size_80_node1_90_node2_40_node3_0_node4_0,0.5602079423491888
Test_U_2Layers_input_size_60_node1_40_node2_40_node3_0_node4_0,0.5602137941732935
Train_U_2Layers_input_size_15_node1_90_node2_50_node3_0_node4_0,0.5602143793523421
Test_U_2Layers_input_size_85_node1_80_node2_50_node3_0_node4_0,0.5602168796559368
Test_U_2Layers_input_size_100_node1_60_node2_90_node3_0_node4_0,0.5602198853252749
Train_U_2Layers_input_size_25_node1_30_node2_80_node3_0_node4_0,0.560292495268304
Test_U_2Layers_input_size_55_node1_20_node2_60_node3_0_node4_0,0.5603090107219277
Test_U_2Layers_input_size_50_node1_100_node2_30_node3_0_node4_0,0.560315499752459
Train_U_2Layers_input_size_75_node1_50_node2_100_node3_0_node4_0,0.5603229194944591
Train_U_2Layers_input_size_40_node1_100_node2_40_node3_0_node4_0,0.5603487415581769
Test_U_2Layers_input_size_15_node1_30_node2_30_node3_0_node4_0,0.5603492202257763
Train_U_2Layers_input_size_70_node1_50_node2_50_node3_0_node4_0,0.5603663722115876
Test_U_2Layers_input_size_80_node1_30_node2_100_node3_0_node4_0,0.5603750676689643
Test_U_2Layers_input_size_95_node1_90_node2_30_node3_0_node4_0,0.560386209357508
Train_U_2Layers_input_size_30_node1_30_node2_20_node3_0_node4_0,0.5604165487277487
Test_U_2Layers_input_size_55_node1_30_node2_10_node3_0_node4_0,0.5604211752708999
Train_U_2Layers_input_size_50_node1_90_node2_80_node3_0_node4_0,0.5604539056433417
Train_U_2Layers_input_size_45_node1_30_node2_80_node3_0_node4_0,0.5604739523849045
Train_U_2Layers_input_size_60_node1_60_node2_100_node3_0_node4_0,0.5604999801744632
Train_U_2Layers_input_size_60_node1_50_node2_60_node3_0_node4_0,0.5605137778689235
Train_U_2Layers_input_size_60_node1_60_node2_60_node3_0_node4_0,0.5605303399707642
Train_U_2Layers_input_size_60_node1_50_node2_70_node3_0_node4_0,0.5605577474463467
Train_U_2Layers_input_size_5_node1_50_node2_50_node3_0_node4_0,0.5605835321117079
Train_U_2Layers_input_size_20_node1_90_node2_10_node3_0_node4_0,0.5605954405052435
Train_U_2Layers_input_size_50_node1_50_node2_10_node3_0_node4_0,0.5606087574046487
Train_U_2Layers_input_size_30_node1_20_node2_60_node3_0_node4_0,0.5606112825295358
Train_U_2Layers_input_size_10_node1_20_node2_70_node3_0_node4_0,0.5606308717962388
Test_U_2Layers_input_size_65_node1_80_node2_20_node3_0_node4_0,0.5606481214792755
Train_U_2Layers_input_size_40_node1_30_node2_40_node3_0_node4_0,0.5606730515163361
Test_U_2Layers_input_size_80_node1_80_node2_60_node3_0_node4_0,0.5606944989660652
Test_U_2Layers_input_size_90_node1_30_node2_80_node3_0_node4_0,0.560761972023201
Train_U_2Layers_input_size_65_node1_30_node2_50_node3_0_node4_0,0.5607706347736547
Train_U_1Layers_input_size_80_node1_50_node2_0_node3_0_node4_0,0.5607891290323213
Train_U_2Layers_input_size_45_node1_90_node2_10_node3_0_node4_0,0.5608113691649519
Train_U_2Layers_input_size_90_node1_80_node2_90_node3_0_node4_0,0.560845670913907
Test_U_2Layers_input_size_70_node1_50_node2_40_node3_0_node4_0,0.560867457147612
Test_U_2Layers_input_size_100_node1_60_node2_100_node3_0_node4_0,0.560879359512951
Train_U_2Layers_input_size_25_node1_30_node2_50_node3_0_node4_0,0.5608838228348356
Test_U_2Layers_input_size_35_node1_30_node2_80_node3_0_node4_0,0.5608925634039774
Train_U_2Layers_input_size_40_node1_60_node2_80_node3_0_node4_0,0.5608994176151914
Train_U_2Layers_input_size_75_node1_50_node2_60_node3_0_node4_0,0.560899895812848
Test_U_2Layers_input_size_50_node1_40_node2_90_node3_0_node4_0,0.5609105223222496
Test_U_2Layers_input_size_65_node1_50_node2_80_node3_0_node4_0,0.5609483244975214
Train_U_2Layers_input_size_75_node1_90_node2_40_node3_0_node4_0,0.560970372376437
Train_U_2Layers_input_size_65_node1_30_node2_80_node3_0_node4_0,0.5609870538101729
Test_U_1Layers_input_size_60_node1_30_node2_0_node3_0_node4_0,0.560987691307354
Train_U_2Layers_input_size_35_node1_100_node2_50_node3_0_node4_0,0.5609880897427243
Train_U_2Layers_input_size_30_node1_100_node2_10_node3_0_node4_0,0.5610020613640977
Train_U_2Layers_input_size_55_node1_50_node2_100_node3_0_node4_0,0.561043681983808
Test_U_2Layers_input_size_10_node1_40_node2_80_node3_0_node4_0,0.5610639201228393
Test_U_2Layers_input_size_95_node1_90_node2_50_node3_0_node4_0,0.5610786069240995
Train_U_2Layers_input_size_75_node1_80_node2_80_node3_0_node4_0,0.5610853526316425
Train_U_2Layers_input_size_10_node1_100_node2_30_node3_0_node4_0,0.5610931074393196
Test_U_2Layers_input_size_50_node1_80_node2_60_node3_0_node4_0,0.5611061204031568
Train_U_2Layers_input_size_60_node1_30_node2_90_node3_0_node4_0,0.561112812667046
Train_U_2Layers_input_size_45_node1_90_node2_40_node3_0_node4_0,0.5611134234649341
Train_U_2Layers_input_size_65_node1_80_node2_90_node3_0_node4_0,0.5611197173001001
Train_U_2Layers_input_size_55_node1_100_node2_30_node3_0_node4_0,0.5611717648766946
Train_U_2Layers_input_size_95_node1_90_node2_70_node3_0_node4_0,0.5611737829508125
Train_U_2Layers_input_size_60_node1_80_node2_20_node3_0_node4_0,0.5611844839330894
Train_U_2Layers_input_size_30_node1_10_node2_100_node3_0_node4_0,0.5611847760165934
Test_U_2Layers_input_size_95_node1_70_node2_40_node3_0_node4_0,0.5611927949770518
Test_U_2Layers_input_size_45_node1_50_node2_10_node3_0_node4_0,0.5611959281821252
Train_U_2Layers_input_size_70_node1_60_node2_100_node3_0_node4_0,0.561224020035924
Test_U_2Layers_input_size_80_node1_50_node2_100_node3_0_node4_0,0.5612336314815671
Test_U_2Layers_input_size_80_node1_40_node2_70_node3_0_node4_0,0.5612416762943313
Test_U_1Layers_input_size_70_node1_70_node2_0_node3_0_node4_0,0.5612558805501715
Train_U_2Layers_input_size_90_node1_60_node2_90_node3_0_node4_0,0.5612581372680056
Train_U_2Layers_input_size_70_node1_100_node2_70_node3_0_node4_0,0.561267721580293
Test_U_2Layers_input_size_30_node1_20_node2_20_node3_0_node4_0,0.5612738543923144
Train_U_2Layers_input_size_20_node1_40_node2_60_node3_0_node4_0,0.5612752614782621
Train_U_2Layers_input_size_55_node1_40_node2_70_node3_0_node4_0,0.5612762703301666
Train_U_2Layers_input_size_30_node1_100_node2_20_node3_0_node4_0,0.5612796951033684
Train_U_2Layers_input_size_70_node1_90_node2_60_node3_0_node4_0,0.5612944293543767
Train_U_2Layers_input_size_5_node1_50_node2_10_node3_0_node4_0,0.5612999512803399
Train_U_2Layers_input_size_50_node1_40_node2_60_node3_0_node4_0,0.5613013583008672
Test_U_2Layers_input_size_65_node1_70_node2_50_node3_0_node4_0,0.5613034820987569
Train_U_2Layers_input_size_95_node1_40_node2_80_node3_0_node4_0,0.561308765011152
Test_U_2Layers_input_size_60_node1_10_node2_30_node3_0_node4_0,0.5613135700289963
Train_U_2Layers_input_size_25_node1_60_node2_20_node3_0_node4_0,0.5613387094241747
Test_U_2Layers_input_size_90_node1_70_node2_30_node3_0_node4_0,0.5613447883697014
Train_U_2Layers_input_size_45_node1_50_node2_50_node3_0_node4_0,0.5613631575343336
Test_U_2Layers_input_size_95_node1_60_node2_60_node3_0_node4_0,0.5613741468917015
Train_U_2Layers_input_size_25_node1_10_node2_90_node3_0_node4_0,0.5613902854613689
Test_U_2Layers_input_size_95_node1_90_node2_70_node3_0_node4_0,0.5613990712310697
Train_U_1Layers_input_size_60_node1_70_node2_0_node3_0_node4_0,0.5614028668533936
Test_U_2Layers_input_size_100_node1_30_node2_20_node3_0_node4_0,0.5614139616022807
Test_U_1Layers_input_size_5_node1_20_node2_0_node3_0_node4_0,0.5614334432384659
Train_U_2Layers_input_size_80_node1_100_node2_70_node3_0_node4_0,0.561436415853752
Test_U_2Layers_input_size_55_node1_50_node2_50_node3_0_node4_0,0.5614554455269439
Train_U_2Layers_input_size_20_node1_10_node2_100_node3_0_node4_0,0.5614996067463558
Train_U_2Layers_input_size_70_node1_60_node2_30_node3_0_node4_0,0.5615035874548536
Test_U_2Layers_input_size_40_node1_60_node2_40_node3_0_node4_0,0.5615171481899823
Train_U_2Layers_input_size_65_node1_90_node2_30_node3_0_node4_0,0.5615555729170781
Test_U_2Layers_input_size_90_node1_50_node2_20_node3_0_node4_0,0.5615784460572949
Test_U_2Layers_input_size_80_node1_20_node2_70_node3_0_node4_0,0.5616134173406411
Test_U_2Layers_input_size_65_node1_80_node2_60_node3_0_node4_0,0.5616501905598025
Test_U_2Layers_input_size_20_node1_10_node2_80_node3_0_node4_0,0.561663853876936
Train_U_2Layers_input_size_35_node1_60_node2_50_node3_0_node4_0,0.5616884735394415
Train_U_2Layers_input_size_55_node1_40_node2_50_node3_0_node4_0,0.5616930630770163
Train_U_2Layers_input_size_90_node1_70_node2_40_node3_0_node4_0,0.5616970689433242
Train_U_2Layers_input_size_25_node1_90_node2_40_node3_0_node4_0,0.5616970954721449
Test_U_2Layers_input_size_90_node1_100_node2_30_node3_0_node4_0,0.5617033562387956
Train_U_2Layers_input_size_95_node1_90_node2_60_node3_0_node4_0,0.5617178406263692
Train_U_2Layers_input_size_50_node1_60_node2_60_node3_0_node4_0,0.5617180528490519
Test_U_2Layers_input_size_70_node1_90_node2_80_node3_0_node4_0,0.5617476306011379
Train_U_2Layers_input_size_30_node1_70_node2_40_node3_0_node4_0,0.5617511320794535
Train_U_2Layers_input_size_65_node1_40_node2_100_node3_0_node4_0,0.5617613180740949
Test_U_2Layers_input_size_60_node1_90_node2_30_node3_0_node4_0,0.5617614507030154
Train_U_2Layers_input_size_75_node1_70_node2_60_node3_0_node4_0,0.561764050223535
Train_U_2Layers_input_size_80_node1_30_node2_80_node3_0_node4_0,0.5617661192210658
Train_U_2Layers_input_size_30_node1_10_node2_50_node3_0_node4_0,0.5617685860927778
Train_U_2Layers_input_size_45_node1_80_node2_70_node3_0_node4_0,0.5617753765654115
Train_U_2Layers_input_size_40_node1_30_node2_90_node3_0_node4_0,0.5617993812892382
Train_U_2Layers_input_size_65_node1_30_node2_90_node3_0_node4_0,0.5618276816738016
Test_U_2Layers_input_size_90_node1_70_node2_90_node3_0_node4_0,0.5618465124425476
Test_U_2Layers_input_size_10_node1_10_node2_40_node3_0_node4_0,0.5618576514734462
Test_U_2Layers_input_size_10_node1_20_node2_100_node3_0_node4_0,0.5618762690749386
Train_U_2Layers_input_size_60_node1_100_node2_80_node3_0_node4_0,0.5618851798453978
Train_U_2Layers_input_size_95_node1_100_node2_90_node3_0_node4_0,0.5618880174718006
Train_U_2Layers_input_size_40_node1_80_node2_100_node3_0_node4_0,0.561893745720689
Test_U_2Layers_input_size_80_node1_20_node2_60_node3_0_node4_0,0.5618980153496991
Train_U_2Layers_input_size_90_node1_30_node2_80_node3_0_node4_0,0.561899129160627
Train_U_2Layers_input_size_20_node1_10_node2_40_node3_0_node4_0,0.5619197342645711
Train_U_2Layers_input_size_60_node1_70_node2_30_node3_0_node4_0,0.5619223065346648
Test_U_2Layers_input_size_50_node1_30_node2_60_node3_0_node4_0,0.5619248522749167
Train_U_2Layers_input_size_5_node1_60_node2_90_node3_0_node4_0,0.5619371300060644
Test_U_2Layers_input_size_75_node1_40_node2_50_node3_0_node4_0,0.561957574617527
Train_U_2Layers_input_size_25_node1_30_node2_40_node3_0_node4_0,0.5619578928157181
Test_U_2Layers_input_size_60_node1_90_node2_20_node3_0_node4_0,0.5619844617290718
Train_U_2Layers_input_size_95_node1_80_node2_70_node3_0_node4_0,0.5619908518691474
Test_U_2Layers_input_size_100_node1_100_node2_100_node3_0_node4_0,0.5620020410680531
Train_U_2Layers_input_size_10_node1_70_node2_40_node3_0_node4_0,0.5620242066905782
Train_U_2Layers_input_size_85_node1_100_node2_10_node3_0_node4_0,0.5620382320934376
Train_U_2Layers_input_size_35_node1_60_node2_80_node3_0_node4_0,0.562069834364915
Train_U_2Layers_input_size_35_node1_60_node2_100_node3_0_node4_0,0.5620848130088127
Train_U_2Layers_input_size_85_node1_100_node2_60_node3_0_node4_0,0.5620918912733304
Train_U_2Layers_input_size_50_node1_10_node2_90_node3_0_node4_0,0.5621282885817683
Train_U_2Layers_input_size_35_node1_100_node2_10_node3_0_node4_0,0.562131018947606
Train_U_2Layers_input_size_95_node1_70_node2_50_node3_0_node4_0,0.5621338553330241
Train_U_2Layers_input_size_10_node1_10_node2_30_node3_0_node4_0,0.5621604159300099
Train_U_2Layers_input_size_100_node1_60_node2_100_node3_0_node4_0,0.5621881680275223
Test_U_2Layers_input_size_70_node1_50_node2_60_node3_0_node4_0,0.562227554039474
Test_U_2Layers_input_size_60_node1_30_node2_20_node3_0_node4_0,0.5622302574195854
Test_U_2Layers_input_size_55_node1_100_node2_10_node3_0_node4_0,0.5622313175651004
Test_U_2Layers_input_size_80_node1_10_node2_30_node3_0_node4_0,0.562232298197922
Train_U_2Layers_input_size_95_node1_90_node2_80_node3_0_node4_0,0.5622855413422917
Train_U_2Layers_input_size_20_node1_10_node2_60_node3_0_node4_0,0.5623276234461061
Train_U_1Layers_input_size_10_node1_40_node2_0_node3_0_node4_0,0.5623348841454529
Train_U_2Layers_input_size_50_node1_50_node2_20_node3_0_node4_0,0.562349776235451
Train_U_2Layers_input_size_55_node1_20_node2_100_node3_0_node4_0,0.5623514721068085
Train_U_2Layers_input_size_70_node1_90_node2_30_node3_0_node4_0,0.562354360375942
Train_U_2Layers_input_size_10_node1_70_node2_20_node3_0_node4_0,0.5623704178219208
Train_U_2Layers_input_size_20_node1_40_node2_50_node3_0_node4_0,0.562372458091633
Train_U_2Layers_input_size_40_node1_60_node2_40_node3_0_node4_0,0.5623824738537717
Test_U_1Layers_input_size_60_node1_90_node2_0_node3_0_node4_0,0.5623960663885134
Test_U_2Layers_input_size_75_node1_90_node2_80_node3_0_node4_0,0.5624019484362079
Test_U_2Layers_input_size_85_node1_50_node2_40_node3_0_node4_0,0.5624421672760922
Train_U_2Layers_input_size_45_node1_30_node2_100_node3_0_node4_0,0.5624577983284047
Train_U_2Layers_input_size_40_node1_30_node2_60_node3_0_node4_0,0.5624597323097634
Test_U_1Layers_input_size_65_node1_20_node2_0_node3_0_node4_0,0.5624708327042844
Test_U_2Layers_input_size_30_node1_60_node2_60_node3_0_node4_0,0.5624855357535661
Train_U_2Layers_input_size_85_node1_40_node2_10_node3_0_node4_0,0.5624966091477658
Train_U_2Layers_input_size_35_node1_50_node2_10_node3_0_node4_0,0.5625008212189507
Test_U_2Layers_input_size_60_node1_20_node2_40_node3_0_node4_0,0.5625050067678787
Test_U_2Layers_input_size_90_node1_20_node2_100_node3_0_node4_0,0.5625107552241907
Train_U_2Layers_input_size_65_node1_50_node2_80_node3_0_node4_0,0.5625158148767602
Train_U_2Layers_input_size_30_node1_20_node2_20_node3_0_node4_0,0.5625410594789512
Train_U_2Layers_input_size_25_node1_40_node2_50_node3_0_node4_0,0.5625834403139869
Test_U_1Layers_input_size_65_node1_90_node2_0_node3_0_node4_0,0.5625869895640329
Train_U_2Layers_input_size_100_node1_50_node2_80_node3_0_node4_0,0.5625999414880603
Train_U_2Layers_input_size_35_node1_10_node2_40_node3_0_node4_0,0.5626106418302211
Train_U_2Layers_input_size_95_node1_30_node2_80_node3_0_node4_0,0.5626242288526138
Test_U_2Layers_input_size_80_node1_100_node2_100_node3_0_node4_0,0.5626321213582369
Test_U_2Layers_input_size_90_node1_40_node2_90_node3_0_node4_0,0.5626466348044199
Train_U_2Layers_input_size_80_node1_100_node2_60_node3_0_node4_0,0.562703996331135
Test_U_2Layers_input_size_75_node1_80_node2_70_node3_0_node4_0,0.5627043935512374
Train_U_2Layers_input_size_70_node1_20_node2_100_node3_0_node4_0,0.5627083127745486
Train_U_2Layers_input_size_60_node1_100_node2_10_node3_0_node4_0,0.56271980547471
Train_U_2Layers_input_size_55_node1_10_node2_100_node3_0_node4_0,0.5627222681656356
Test_U_2Layers_input_size_75_node1_50_node2_60_node3_0_node4_0,0.5627292060111534
Test_U_2Layers_input_size_35_node1_20_node2_10_node3_0_node4_0,0.562746391374634
Train_U_2Layers_input_size_15_node1_30_node2_40_node3_0_node4_0,0.5627554472410101
Train_U_2Layers_input_size_15_node1_90_node2_90_node3_0_node4_0,0.5627564004816251
Test_U_2Layers_input_size_10_node1_40_node2_100_node3_0_node4_0,0.5627610077885022
Train_U_2Layers_input_size_90_node1_100_node2_20_node3_0_node4_0,0.5627652178807698
Train_U_2Layers_input_size_60_node1_10_node2_90_node3_0_node4_0,0.5627678921997519
Train_U_2Layers_input_size_75_node1_90_node2_20_node3_0_node4_0,0.562802789573629
Train_U_2Layers_input_size_95_node1_100_node2_40_node3_0_node4_0,0.5628226732248548
Train_U_2Layers_input_size_35_node1_100_node2_60_node3_0_node4_0,0.5628480629114233
Train_U_2Layers_input_size_75_node1_90_node2_50_node3_0_node4_0,0.5628576995728943
Train_U_2Layers_input_size_5_node1_20_node2_90_node3_0_node4_0,0.5628740603400784
Test_U_2Layers_input_size_95_node1_70_node2_30_node3_0_node4_0,0.5629050597776166
Test_U_2Layers_input_size_15_node1_30_node2_20_node3_0_node4_0,0.5629068598633032
Test_U_2Layers_input_size_100_node1_50_node2_40_node3_0_node4_0,0.5629085540563381
Test_U_2Layers_input_size_100_node1_40_node2_90_node3_0_node4_0,0.562930789867283
Train_U_1Layers_input_size_80_node1_90_node2_0_node3_0_node4_0,0.5629416427417517
Train_U_2Layers_input_size_65_node1_60_node2_50_node3_0_node4_0,0.5629498219649774
Test_U_1Layers_input_size_100_node1_40_node2_0_node3_0_node4_0,0.5629667094350101
Train_U_1Layers_input_size_40_node1_50_node2_0_node3_0_node4_0,0.5629686151991913
Test_U_2Layers_input_size_40_node1_90_node2_30_node3_0_node4_0,0.5629805525475031
Test_U_2Layers_input_size_25_node1_100_node2_30_node3_0_node4_0,0.5629963803928758
Test_U_2Layers_input_size_75_node1_30_node2_80_node3_0_node4_0,0.5630060674499642
Train_U_2Layers_input_size_20_node1_20_node2_60_node3_0_node4_0,0.5630289875278727
Test_U_2Layers_input_size_25_node1_40_node2_30_node3_0_node4_0,0.5630325075033759
Test_U_2Layers_input_size_35_node1_60_node2_50_node3_0_node4_0,0.5630412147166534
Test_U_2Layers_input_size_75_node1_30_node2_10_node3_0_node4_0,0.5630413205786002
Train_U_2Layers_input_size_75_node1_60_node2_50_node3_0_node4_0,0.5630456079707228
Train_U_2Layers_input_size_10_node1_80_node2_50_node3_0_node4_0,0.5630513773727948
Train_U_2Layers_input_size_50_node1_70_node2_90_node3_0_node4_0,0.5630586287392598
Train_U_2Layers_input_size_55_node1_50_node2_50_node3_0_node4_0,0.5630622543874724
Train_U_1Layers_input_size_45_node1_100_node2_0_node3_0_node4_0,0.5630692145080307
Test_U_1Layers_input_size_100_node1_30_node2_0_node3_0_node4_0,0.5630731047280465
Train_U_2Layers_input_size_30_node1_20_node2_30_node3_0_node4_0,0.5630830551004882
Train_U_2Layers_input_size_35_node1_100_node2_70_node3_0_node4_0,0.563097054129963
Test_U_2Layers_input_size_55_node1_60_node2_80_node3_0_node4_0,0.5631115555931266
Train_U_2Layers_input_size_95_node1_100_node2_80_node3_0_node4_0,0.5631323280238716
Train_U_2Layers_input_size_50_node1_10_node2_100_node3_0_node4_0,0.5631367999501266
Train_U_2Layers_input_size_40_node1_60_node2_20_node3_0_node4_0,0.5631641070369924
Train_U_2Layers_input_size_10_node1_40_node2_60_node3_0_node4_0,0.5631762519147526
Train_U_2Layers_input_size_10_node1_70_node2_70_node3_0_node4_0,0.5631866238034466
Test_U_2Layers_input_size_70_node1_60_node2_30_node3_0_node4_0,0.563187126517688
Test_U_2Layers_input_size_90_node1_50_node2_30_node3_0_node4_0,0.5632006467165945
Train_U_2Layers_input_size_30_node1_10_node2_40_node3_0_node4_0,0.5632181087241125
Train_U_2Layers_input_size_50_node1_70_node2_50_node3_0_node4_0,0.5632359405791285
Test_U_2Layers_input_size_45_node1_20_node2_70_node3_0_node4_0,0.5632442213524812
Test_U_2Layers_input_size_35_node1_10_node2_100_node3_0_node4_0,0.5633012574937417
Train_U_2Layers_input_size_25_node1_40_node2_60_node3_0_node4_0,0.5633113625528806
Train_U_2Layers_input_size_65_node1_50_node2_50_node3_0_node4_0,0.563325752690716
Train_U_2Layers_input_size_50_node1_20_node2_70_node3_0_node4_0,0.5633378676320413
Train_U_2Layers_input_size_35_node1_50_node2_60_node3_0_node4_0,0.5634043364621678
Train_U_1Layers_input_size_90_node1_100_node2_0_node3_0_node4_0,0.5634240137518386
Test_U_2Layers_input_size_65_node1_20_node2_100_node3_0_node4_0,0.5634256270475259
Train_U_2Layers_input_size_60_node1_30_node2_40_node3_0_node4_0,0.563434830678836
Test_U_2Layers_input_size_75_node1_40_node2_40_node3_0_node4_0,0.5634378456288154
Test_U_2Layers_input_size_15_node1_90_node2_50_node3_0_node4_0,0.5634638951826396
Test_U_2Layers_input_size_55_node1_80_node2_40_node3_0_node4_0,0.563490419531466
Train_U_2Layers_input_size_95_node1_100_node2_70_node3_0_node4_0,0.5635183970030027
Train_U_2Layers_input_size_55_node1_50_node2_20_node3_0_node4_0,0.5635345006076983
Train_U_2Layers_input_size_45_node1_90_node2_20_node3_0_node4_0,0.563534659261613
Train_U_2Layers_input_size_15_node1_40_node2_40_node3_0_node4_0,0.5635389693425392
Train_U_2Layers_input_size_30_node1_60_node2_80_node3_0_node4_0,0.5635427241100983
Train_U_2Layers_input_size_75_node1_100_node2_70_node3_0_node4_0,0.5635437553446968
Test_U_2Layers_input_size_45_node1_30_node2_60_node3_0_node4_0,0.563550921050947
Test_U_2Layers_input_size_45_node1_10_node2_40_node3_0_node4_0,0.5635981436849797
Train_U_2Layers_input_size_90_node1_80_node2_80_node3_0_node4_0,0.5636052293827257
Train_U_2Layers_input_size_95_node1_70_node2_30_node3_0_node4_0,0.5636109666175003
Train_U_2Layers_input_size_10_node1_80_node2_40_node3_0_node4_0,0.5636157520082855
Train_U_2Layers_input_size_40_node1_80_node2_20_node3_0_node4_0,0.5636266974455111
Train_U_2Layers_input_size_55_node1_60_node2_10_node3_0_node4_0,0.5636947976128611
Test_U_2Layers_input_size_80_node1_100_node2_80_node3_0_node4_0,0.5637322809179461
Test_U_1Layers_input_size_80_node1_10_node2_0_node3_0_node4_0,0.5637337611665669
Train_U_2Layers_input_size_25_node1_40_node2_30_node3_0_node4_0,0.5637363780251549
Test_U_2Layers_input_size_95_node1_100_node2_60_node3_0_node4_0,0.5637383604856949
Train_U_2Layers_input_size_50_node1_10_node2_30_node3_0_node4_0,0.5637440435006056
Test_U_2Layers_input_size_75_node1_50_node2_40_node3_0_node4_0,0.5637659556124972
Train_U_2Layers_input_size_25_node1_30_node2_90_node3_0_node4_0,0.5637714268995959
Train_U_2Layers_input_size_35_node1_100_node2_40_node3_0_node4_0,0.5637746779290996
Test_U_2Layers_input_size_75_node1_50_node2_100_node3_0_node4_0,0.5637838758622412
Train_U_2Layers_input_size_20_node1_30_node2_90_node3_0_node4_0,0.5637934172377618
Train_U_2Layers_input_size_75_node1_90_node2_80_node3_0_node4_0,0.5638074779178999
Test_U_2Layers_input_size_95_node1_30_node2_70_node3_0_node4_0,0.563820269660624
Train_U_2Layers_input_size_95_node1_30_node2_30_node3_0_node4_0,0.5638356510826612
Test_U_2Layers_input_size_75_node1_60_node2_60_node3_0_node4_0,0.5638375010536064
Train_U_2Layers_input_size_5_node1_30_node2_80_node3_0_node4_0,0.56384587870319
Train_U_2Layers_input_size_85_node1_100_node2_30_node3_0_node4_0,0.5638462751188558
Train_U_2Layers_input_size_70_node1_80_node2_40_node3_0_node4_0,0.5638744463451715
Train_U_2Layers_input_size_10_node1_80_node2_30_node3_0_node4_0,0.5638852546315875
Test_U_2Layers_input_size_85_node1_90_node2_100_node3_0_node4_0,0.5638854131868145
Test_U_2Layers_input_size_95_node1_100_node2_80_node3_0_node4_0,0.5638931294873185
Train_U_2Layers_input_size_90_node1_70_node2_90_node3_0_node4_0,0.5638983617132032
Train_U_2Layers_input_size_75_node1_60_node2_70_node3_0_node4_0,0.5639028275645708
Test_U_2Layers_input_size_95_node1_80_node2_40_node3_0_node4_0,0.5639108607229727
Test_U_2Layers_input_size_40_node1_80_node2_100_node3_0_node4_0,0.5639227781254458
Test_U_2Layers_input_size_90_node1_10_node2_20_node3_0_node4_0,0.5639298333204213
Train_U_2Layers_input_size_15_node1_90_node2_100_node3_0_node4_0,0.5639475898250145
Test_U_2Layers_input_size_85_node1_20_node2_40_node3_0_node4_0,0.5639536934943457
Test_U_2Layers_input_size_100_node1_50_node2_10_node3_0_node4_0,0.563955120316611
Train_U_2Layers_input_size_80_node1_80_node2_90_node3_0_node4_0,0.563967089627901
Train_U_2Layers_input_size_35_node1_40_node2_40_node3_0_node4_0,0.5639698110914899
Train_U_2Layers_input_size_90_node1_80_node2_60_node3_0_node4_0,0.5639733780384435
Train_U_2Layers_input_size_5_node1_20_node2_10_node3_0_node4_0,0.5639840787439484
Test_U_2Layers_input_size_45_node1_30_node2_40_node3_0_node4_0,0.5639846864322426
Train_U_2Layers_input_size_40_node1_80_node2_90_node3_0_node4_0,0.5639849242231361
Test_U_1Layers_input_size_40_node1_80_node2_0_node3_0_node4_0,0.5639942772520851
Test_U_2Layers_input_size_45_node1_20_node2_20_node3_0_node4_0,0.5640060079504845
Test_U_2Layers_input_size_75_node1_60_node2_30_node3_0_node4_0,0.5640084650253256
Test_U_2Layers_input_size_65_node1_80_node2_90_node3_0_node4_0,0.5640124544466235
Train_U_2Layers_input_size_60_node1_60_node2_30_node3_0_node4_0,0.5640188480298529
Test_U_2Layers_input_size_65_node1_30_node2_50_node3_0_node4_0,0.5640374471326202
Train_U_2Layers_input_size_30_node1_10_node2_90_node3_0_node4_0,0.5640471955650913
Train_U_2Layers_input_size_70_node1_60_node2_20_node3_0_node4_0,0.564049890224019
Test_U_2Layers_input_size_100_node1_80_node2_100_node3_0_node4_0,0.5640558078611927
Train_U_2Layers_input_size_65_node1_80_node2_60_node3_0_node4_0,0.5640644200257992
Train_U_2Layers_input_size_50_node1_100_node2_20_node3_0_node4_0,0.564086900854286
Train_U_2Layers_input_size_95_node1_60_node2_20_node3_0_node4_0,0.5641108336306584
Train_U_2Layers_input_size_45_node1_100_node2_30_node3_0_node4_0,0.5641207921137249
Test_U_2Layers_input_size_50_node1_80_node2_30_node3_0_node4_0,0.5641247543260043
Test_U_2Layers_input_size_65_node1_60_node2_20_node3_0_node4_0,0.5641249656432108
Train_U_2Layers_input_size_55_node1_60_node2_40_node3_0_node4_0,0.5641441159364199
Train_U_2Layers_input_size_60_node1_20_node2_30_node3_0_node4_0,0.5641571905907667
Train_U_2Layers_input_size_90_node1_70_node2_50_node3_0_node4_0,0.5641838408165869
Test_U_1Layers_input_size_100_node1_60_node2_0_node3_0_node4_0,0.5642086146249059
Train_U_2Layers_input_size_10_node1_30_node2_50_node3_0_node4_0,0.5642106218367898
Train_U_2Layers_input_size_35_node1_20_node2_50_node3_0_node4_0,0.5642288448811391
Train_U_2Layers_input_size_90_node1_70_node2_70_node3_0_node4_0,0.5642567329224756
Train_U_2Layers_input_size_10_node1_10_node2_10_node3_0_node4_0,0.5642579213027084
Train_U_2Layers_input_size_65_node1_100_node2_60_node3_0_node4_0,0.5642579741195495
Test_U_2Layers_input_size_75_node1_60_node2_90_node3_0_node4_0,0.5642615656531489
Test_U_2Layers_input_size_80_node1_60_node2_50_node3_0_node4_0,0.5642648138587029
Train_U_2Layers_input_size_40_node1_20_node2_50_node3_0_node4_0,0.5643041869609658
Train_U_2Layers_input_size_70_node1_70_node2_80_node3_0_node4_0,0.5643530100174637
Test_U_2Layers_input_size_10_node1_10_node2_100_node3_0_node4_0,0.5643540397714405
Train_U_2Layers_input_size_95_node1_70_node2_80_node3_0_node4_0,0.564354752676939
Train_U_2Layers_input_size_65_node1_100_node2_100_node3_0_node4_0,0.5643835057814228
Train_U_2Layers_input_size_70_node1_20_node2_90_node3_0_node4_0,0.5643915320981837
Train_U_2Layers_input_size_40_node1_60_node2_60_node3_0_node4_0,0.5643965484881962
Train_U_2Layers_input_size_100_node1_60_node2_10_node3_0_node4_0,0.564404601021038
Train_U_2Layers_input_size_50_node1_80_node2_70_node3_0_node4_0,0.5644136830841527
Test_U_2Layers_input_size_50_node1_60_node2_100_node3_0_node4_0,0.5644152407489005
Train_U_2Layers_input_size_20_node1_10_node2_20_node3_0_node4_0,0.5644193064976489
Train_U_2Layers_input_size_55_node1_70_node2_100_node3_0_node4_0,0.564424533845863
Train_U_1Layers_input_size_60_node1_60_node2_0_node3_0_node4_0,0.564435833200818
Train_U_2Layers_input_size_50_node1_40_node2_10_node3_0_node4_0,0.5644388428039426
Test_U_2Layers_input_size_75_node1_20_node2_40_node3_0_node4_0,0.564441984390086
Test_U_2Layers_input_size_40_node1_10_node2_70_node3_0_node4_0,0.5644423275875128
Test_U_2Layers_input_size_70_node1_30_node2_40_node3_0_node4_0,0.5644558969185426
Train_U_2Layers_input_size_30_node1_90_node2_10_node3_0_node4_0,0.5644563985023482
Train_U_2Layers_input_size_95_node1_60_node2_100_node3_0_node4_0,0.5644582992369354
Train_U_1Layers_input_size_55_node1_50_node2_0_node3_0_node4_0,0.5644647669664056
Test_U_2Layers_input_size_100_node1_80_node2_20_node3_0_node4_0,0.5645024103209512
Train_U_2Layers_input_size_5_node1_40_node2_20_node3_0_node4_0,0.56453105032226
Train_U_2Layers_input_size_70_node1_80_node2_60_node3_0_node4_0,0.5645506619458418
Train_U_2Layers_input_size_50_node1_90_node2_60_node3_0_node4_0,0.5645523248112602
Train_U_2Layers_input_size_45_node1_90_node2_100_node3_0_node4_0,0.5645553337933765
Train_U_2Layers_input_size_35_node1_80_node2_20_node3_0_node4_0,0.5645587914635495
Train_U_2Layers_input_size_5_node1_40_node2_50_node3_0_node4_0,0.5645725691450745
Test_U_2Layers_input_size_100_node1_40_node2_10_node3_0_node4_0,0.5645756571999799
Test_U_2Layers_input_size_100_node1_50_node2_80_node3_0_node4_0,0.56458645206261
Train_U_2Layers_input_size_40_node1_10_node2_90_node3_0_node4_0,0.5645984079898627
Train_U_2Layers_input_size_60_node1_70_node2_40_node3_0_node4_0,0.564629497494118
Train_U_2Layers_input_size_65_node1_80_node2_70_node3_0_node4_0,0.5646299197506438
Train_U_1Layers_input_size_70_node1_90_node2_0_node3_0_node4_0,0.5646555184626592
Test_U_2Layers_input_size_90_node1_80_node2_80_node3_0_node4_0,0.5646609019616123
Train_U_2Layers_input_size_65_node1_70_node2_70_node3_0_node4_0,0.5646614561424144
Train_U_1Layers_input_size_100_node1_40_node2_0_node3_0_node4_0,0.564668370161936
Train_U_2Layers_input_size_70_node1_70_node2_50_node3_0_node4_0,0.5646881353462331
Train_U_2Layers_input_size_15_node1_40_node2_50_node3_0_node4_0,0.5646933602059072
Test_U_1Layers_input_size_25_node1_20_node2_0_node3_0_node4_0,0.5647105121831808
Test_U_2Layers_input_size_100_node1_60_node2_40_node3_0_node4_0,0.5647188241078409
Train_U_2Layers_input_size_75_node1_100_node2_90_node3_0_node4_0,0.5647207239591571
Test_U_2Layers_input_size_95_node1_30_node2_40_node3_0_node4_0,0.564723890363814
Train_U_2Layers_input_size_40_node1_100_node2_50_node3_0_node4_0,0.5647298273246936
Train_U_2Layers_input_size_45_node1_70_node2_50_node3_0_node4_0,0.5647400651372848
Test_U_1Layers_input_size_90_node1_100_node2_0_node3_0_node4_0,0.5647831516287678
Test_U_1Layers_input_size_90_node1_50_node2_0_node3_0_node4_0,0.5647836529219389
Test_U_2Layers_input_size_50_node1_10_node2_70_node3_0_node4_0,0.564786106613673
Train_U_2Layers_input_size_70_node1_30_node2_50_node3_0_node4_0,0.5647957893576646
Train_U_2Layers_input_size_20_node1_60_node2_70_node3_0_node4_0,0.5648053400215439
Train_U_2Layers_input_size_30_node1_50_node2_10_node3_0_node4_0,0.5648057357638001
Train_U_1Layers_input_size_20_node1_60_node2_0_node3_0_node4_0,0.5648130965192236
Train_U_2Layers_input_size_35_node1_30_node2_40_node3_0_node4_0,0.5648191908355322
Train_U_1Layers_input_size_60_node1_40_node2_0_node3_0_node4_0,0.5648243353370771
Train_U_2Layers_input_size_25_node1_100_node2_30_node3_0_node4_0,0.5648317749948956
Train_U_2Layers_input_size_85_node1_50_node2_40_node3_0_node4_0,0.564836998525873
Test_U_2Layers_input_size_90_node1_30_node2_90_node3_0_node4_0,0.5648481841064991
Test_U_2Layers_input_size_95_node1_60_node2_70_node3_0_node4_0,0.5648745379360577
Train_U_2Layers_input_size_55_node1_20_node2_70_node3_0_node4_0,0.5648880441269201
Train_U_2Layers_input_size_45_node1_40_node2_50_node3_0_node4_0,0.5648937947117296
Train_U_2Layers_input_size_90_node1_50_node2_90_node3_0_node4_0,0.5648939529838782
Train_U_2Layers_input_size_100_node1_20_node2_80_node3_0_node4_0,0.5648955620815389
Train_U_2Layers_input_size_30_node1_80_node2_30_node3_0_node4_0,0.5648989385338614
Test_U_2Layers_input_size_50_node1_50_node2_20_node3_0_node4_0,0.5649183791206328
Test_U_2Layers_input_size_75_node1_10_node2_90_node3_0_node4_0,0.5649272155298264
Train_U_2Layers_input_size_70_node1_50_node2_40_node3_0_node4_0,0.5649367903485395
Train_U_2Layers_input_size_40_node1_40_node2_40_node3_0_node4_0,0.5649376607785574
Train_U_2Layers_input_size_40_node1_50_node2_30_node3_0_node4_0,0.5649441757727733
Train_U_2Layers_input_size_55_node1_40_node2_80_node3_0_node4_0,0.5649508225720359
Train_U_2Layers_input_size_85_node1_90_node2_90_node3_0_node4_0,0.5649570736571282
Train_U_2Layers_input_size_95_node1_20_node2_80_node3_0_node4_0,0.5649590782098535
Train_U_2Layers_input_size_65_node1_50_node2_20_node3_0_node4_0,0.5649692063675013
Train_U_2Layers_input_size_45_node1_60_node2_100_node3_0_node4_0,0.5649869829551947
Train_U_2Layers_input_size_5_node1_100_node2_20_node3_0_node4_0,0.5649916775689696
Train_U_2Layers_input_size_90_node1_40_node2_30_node3_0_node4_0,0.565005708429312
Test_U_1Layers_input_size_85_node1_100_node2_0_node3_0_node4_0,0.565008055663281
Test_U_2Layers_input_size_45_node1_10_node2_20_node3_0_node4_0,0.5650119589071674
Train_U_2Layers_input_size_30_node1_10_node2_80_node3_0_node4_0,0.5650186840276377
Train_U_2Layers_input_size_80_node1_60_node2_50_node3_0_node4_0,0.5650327405895663
Train_U_2Layers_input_size_65_node1_60_node2_20_node3_0_node4_0,0.5650423927354036
Train_U_2Layers_input_size_25_node1_30_node2_60_node3_0_node4_0,0.5650482736068154
Train_U_2Layers_input_size_60_node1_60_node2_20_node3_0_node4_0,0.5650569233871802
Test_U_2Layers_input_size_90_node1_20_node2_10_node3_0_node4_0,0.565072297517528
Train_U_2Layers_input_size_100_node1_30_node2_80_node3_0_node4_0,0.5650915211846292
Test_U_2Layers_input_size_75_node1_80_node2_20_node3_0_node4_0,0.565111350674532
Test_U_2Layers_input_size_80_node1_80_node2_30_node3_0_node4_0,0.5651132492062151
Test_U_1Layers_input_size_5_node1_10_node2_0_node3_0_node4_0,0.5651140138907856
Train_U_2Layers_input_size_35_node1_60_node2_90_node3_0_node4_0,0.5651142775748803
Test_U_2Layers_input_size_10_node1_70_node2_20_node3_0_node4_0,0.5651274088871712
Train_U_2Layers_input_size_60_node1_50_node2_100_node3_0_node4_0,0.5651293864680079
Test_U_2Layers_input_size_95_node1_30_node2_80_node3_0_node4_0,0.5651360838237048
Train_U_1Layers_input_size_50_node1_90_node2_0_node3_0_node4_0,0.5651425701634065
Train_U_2Layers_input_size_20_node1_80_node2_40_node3_0_node4_0,0.5651523522666315
Train_U_2Layers_input_size_90_node1_90_node2_10_node3_0_node4_0,0.5651538287958071
Test_U_2Layers_input_size_90_node1_60_node2_90_node3_0_node4_0,0.565206664908178
Test_U_2Layers_input_size_85_node1_10_node2_30_node3_0_node4_0,0.565235796480428
Train_U_2Layers_input_size_60_node1_100_node2_60_node3_0_node4_0,0.5652557263563005
Train_U_2Layers_input_size_40_node1_70_node2_20_node3_0_node4_0,0.5652558318035104
Train_U_2Layers_input_size_55_node1_90_node2_10_node3_0_node4_0,0.5652663237025435
Test_U_2Layers_input_size_95_node1_10_node2_40_node3_0_node4_0,0.5652778171171674
Train_U_2Layers_input_size_75_node1_50_node2_20_node3_0_node4_0,0.5652832210501557
Test_U_2Layers_input_size_55_node1_30_node2_40_node3_0_node4_0,0.5652844599933661
Test_U_2Layers_input_size_85_node1_10_node2_20_node3_0_node4_0,0.5652865951869944
Train_U_2Layers_input_size_80_node1_80_node2_70_node3_0_node4_0,0.5652917881551219
Test_U_2Layers_input_size_100_node1_30_node2_60_node3_0_node4_0,0.5652997488562828
Test_U_1Layers_input_size_75_node1_70_node2_0_node3_0_node4_0,0.5652998279355332
Train_U_2Layers_input_size_60_node1_20_node2_80_node3_0_node4_0,0.5653001969718894
Train_U_2Layers_input_size_75_node1_60_node2_30_node3_0_node4_0,0.5653145364837489
Test_U_2Layers_input_size_70_node1_20_node2_30_node3_0_node4_0,0.5653146946381017
Train_U_2Layers_input_size_45_node1_90_node2_60_node3_0_node4_0,0.5653192547362448
Test_U_2Layers_input_size_95_node1_100_node2_10_node3_0_node4_0,0.5653478533569698
Train_U_2Layers_input_size_20_node1_30_node2_40_node3_0_node4_0,0.5653600303950368
Train_U_2Layers_input_size_65_node1_20_node2_100_node3_0_node4_0,0.5653668568016482
Train_U_2Layers_input_size_5_node1_50_node2_20_node3_0_node4_0,0.5653720226761875
Train_U_2Layers_input_size_50_node1_30_node2_60_node3_0_node4_0,0.5653722335272068
Train_U_2Layers_input_size_90_node1_100_node2_30_node3_0_node4_0,0.5653766350242829
Test_U_2Layers_input_size_80_node1_50_node2_70_node3_0_node4_0,0.5653841991937044
Train_U_2Layers_input_size_95_node1_40_node2_70_node3_0_node4_0,0.5653857278288912
Train_U_2Layers_input_size_70_node1_80_node2_80_node3_0_node4_0,0.5654116349311465
Test_U_2Layers_input_size_60_node1_30_node2_40_node3_0_node4_0,0.5654362495318302
Train_U_2Layers_input_size_25_node1_90_node2_30_node3_0_node4_0,0.5654418100694766
Train_U_2Layers_input_size_100_node1_100_node2_80_node3_0_node4_0,0.565442179013168
Train_U_2Layers_input_size_5_node1_80_node2_60_node3_0_node4_0,0.5654449724361624
Test_U_2Layers_input_size_90_node1_20_node2_80_node3_0_node4_0,0.5654466326715926
Test_U_2Layers_input_size_95_node1_60_node2_30_node3_0_node4_0,0.565446817141895
Train_U_2Layers_input_size_40_node1_40_node2_100_node3_0_node4_0,0.5654550918907083
Train_U_2Layers_input_size_70_node1_40_node2_20_node3_0_node4_0,0.5654790721666915
Train_U_2Layers_input_size_55_node1_100_node2_20_node3_0_node4_0,0.565486977529296
Test_U_2Layers_input_size_70_node1_10_node2_60_node3_0_node4_0,0.5654886376414021
Test_U_2Layers_input_size_65_node1_30_node2_60_node3_0_node4_0,0.565501101502038
Test_U_2Layers_input_size_80_node1_60_node2_60_node3_0_node4_0,0.5655018393118144
Test_U_2Layers_input_size_60_node1_20_node2_60_node3_0_node4_0,0.5655071093536514
Test_U_2Layers_input_size_70_node1_10_node2_40_node3_0_node4_0,0.565530217907281
Train_U_2Layers_input_size_60_node1_50_node2_50_node3_0_node4_0,0.5655416532618733
Train_U_2Layers_input_size_20_node1_10_node2_80_node3_0_node4_0,0.5655719795456996
Train_U_2Layers_input_size_30_node1_70_node2_30_node3_0_node4_0,0.5655732705503667
Train_U_2Layers_input_size_90_node1_80_node2_50_node3_0_node4_0,0.5655736394083016
Test_U_2Layers_input_size_65_node1_80_node2_70_node3_0_node4_0,0.565574350776497
Test_U_2Layers_input_size_75_node1_70_node2_80_node3_0_node4_0,0.5656031736093321
Test_U_2Layers_input_size_40_node1_80_node2_10_node3_0_node4_0,0.565611393380237
Train_U_2Layers_input_size_90_node1_70_node2_80_node3_0_node4_0,0.5656159247413247
Train_U_2Layers_input_size_65_node1_90_node2_40_node3_0_node4_0,0.5656257513473326
Train_U_1Layers_input_size_70_node1_30_node2_0_node3_0_node4_0,0.5656315998092792
Train_U_2Layers_input_size_75_node1_50_node2_40_node3_0_node4_0,0.5656339444459615
Train_U_2Layers_input_size_85_node1_40_node2_80_node3_0_node4_0,0.5656488287105756
Train_U_2Layers_input_size_55_node1_100_node2_80_node3_0_node4_0,0.5656661097724809
Train_U_2Layers_input_size_55_node1_60_node2_60_node3_0_node4_0,0.565705227299411
Train_U_2Layers_input_size_45_node1_20_node2_50_node3_0_node4_0,0.5657293550110205
Test_U_2Layers_input_size_70_node1_90_node2_40_node3_0_node4_0,0.565736888125026
Train_U_1Layers_input_size_100_node1_60_node2_0_node3_0_node4_0,0.5657566423182135
Train_U_2Layers_input_size_50_node1_40_node2_20_node3_0_node4_0,0.5657771069349432
Train_U_2Layers_input_size_90_node1_100_node2_80_node3_0_node4_0,0.565790986633379
Test_U_2Layers_input_size_55_node1_10_node2_10_node3_0_node4_0,0.5658010735630032
Test_U_2Layers_input_size_85_node1_20_node2_70_node3_0_node4_0,0.5658049186637701
Train_U_2Layers_input_size_75_node1_30_node2_60_node3_0_node4_0,0.5658138729067426
Train_U_2Layers_input_size_5_node1_20_node2_20_node3_0_node4_0,0.5658176652492843
Train_U_2Layers_input_size_50_node1_80_node2_20_node3_0_node4_0,0.5658301218622429
Train_U_2Layers_input_size_70_node1_10_node2_30_node3_0_node4_0,0.5658446586198359
Train_U_1Layers_input_size_5_node1_40_node2_0_node3_0_node4_0,0.5658471603792189
Train_U_2Layers_input_size_65_node1_10_node2_50_node3_0_node4_0,0.5658638297146203
Test_U_2Layers_input_size_85_node1_90_node2_10_node3_0_node4_0,0.5658743630067119
Train_U_2Layers_input_size_40_node1_60_node2_10_node3_0_node4_0,0.5658784709374836
Test_U_2Layers_input_size_70_node1_20_node2_50_node3_0_node4_0,0.5658821838492542
Train_U_2Layers_input_size_10_node1_50_node2_90_node3_0_node4_0,0.5658857124094945
Train_U_2Layers_input_size_80_node1_60_node2_20_node3_0_node4_0,0.5659332141682342
Train_U_2Layers_input_size_55_node1_40_node2_90_node3_0_node4_0,0.5659429036161043
Test_U_2Layers_input_size_35_node1_60_node2_100_node3_0_node4_0,0.5659443254233018
Train_U_2Layers_input_size_40_node1_30_node2_80_node3_0_node4_0,0.5659479852439162
Train_U_2Layers_input_size_40_node1_90_node2_30_node3_0_node4_0,0.5659508024997786
Test_U_2Layers_input_size_15_node1_90_node2_90_node3_0_node4_0,0.5659533827778905
Train_U_2Layers_input_size_25_node1_40_node2_100_node3_0_node4_0,0.565953725058797
Test_U_2Layers_input_size_80_node1_60_node2_90_node3_0_node4_0,0.5659546465832859
Test_U_2Layers_input_size_35_node1_20_node2_50_node3_0_node4_0,0.5659662839919949
Test_U_2Layers_input_size_85_node1_10_node2_70_node3_0_node4_0,0.5659875045330522
Train_U_2Layers_input_size_10_node1_20_node2_20_node3_0_node4_0,0.5660000890438562
Train_U_2Layers_input_size_90_node1_60_node2_70_node3_0_node4_0,0.5660023268459734
Train_U_2Layers_input_size_35_node1_60_node2_60_node3_0_node4_0,0.5660228089060314
Train_U_2Layers_input_size_55_node1_60_node2_20_node3_0_node4_0,0.566024888662453
Test_U_2Layers_input_size_95_node1_50_node2_50_node3_0_node4_0,0.5660342343090125
Train_U_2Layers_input_size_45_node1_30_node2_30_node3_0_node4_0,0.5660430006484889
Test_U_2Layers_input_size_95_node1_20_node2_50_node3_0_node4_0,0.5660496871945356
Test_U_2Layers_input_size_65_node1_20_node2_70_node3_0_node4_0,0.5660516615532638
Train_U_1Layers_input_size_35_node1_70_node2_0_node3_0_node4_0,0.5660880674939835
Train_U_2Layers_input_size_75_node1_70_node2_50_node3_0_node4_0,0.5661417639573535
Train_U_2Layers_input_size_65_node1_90_node2_100_node3_0_node4_0,0.5661448434530364
Train_U_2Layers_input_size_95_node1_80_node2_40_node3_0_node4_0,0.5661815855452351
Train_U_2Layers_input_size_100_node1_100_node2_50_node3_0_node4_0,0.5661908496505369
Test_U_2Layers_input_size_55_node1_50_node2_100_node3_0_node4_0,0.5662062193090704
Test_U_2Layers_input_size_35_node1_80_node2_30_node3_0_node4_0,0.5662123775825728
Train_U_1Layers_input_size_10_node1_50_node2_0_node3_0_node4_0,0.5662152198400603
Train_U_2Layers_input_size_25_node1_20_node2_60_node3_0_node4_0,0.5662260623950045
Train_U_1Layers_input_size_40_node1_80_node2_0_node3_0_node4_0,0.5662408521473291
Test_U_2Layers_input_size_45_node1_50_node2_30_node3_0_node4_0,0.5662617729344191
Train_U_2Layers_input_size_80_node1_80_node2_80_node3_0_node4_0,0.5662631149962651
Train_U_2Layers_input_size_50_node1_70_node2_40_node3_0_node4_0,0.5662822192964625
Test_U_2Layers_input_size_95_node1_80_node2_30_node3_0_node4_0,0.5662825876926116
Test_U_1Layers_input_size_20_node1_30_node2_0_node3_0_node4_0,0.5662905344654822
Train_U_2Layers_input_size_90_node1_20_node2_60_node3_0_node4_0,0.5662981390543073
Test_U_2Layers_input_size_25_node1_10_node2_20_node3_0_node4_0,0.5662984548135728
Train_U_2Layers_input_size_10_node1_60_node2_10_node3_0_node4_0,0.566310479847911
Train_U_2Layers_input_size_95_node1_50_node2_40_node3_0_node4_0,0.5663164791131154
Train_U_2Layers_input_size_25_node1_10_node2_60_node3_0_node4_0,0.5663407386514916
Train_U_2Layers_input_size_75_node1_40_node2_50_node3_0_node4_0,0.5663504474380489
Test_U_1Layers_input_size_65_node1_30_node2_0_node3_0_node4_0,0.5663748633797707
Test_U_2Layers_input_size_55_node1_40_node2_40_node3_0_node4_0,0.5663875445203972
Test_U_2Layers_input_size_70_node1_40_node2_30_node3_0_node4_0,0.5664200879741452
Test_U_2Layers_input_size_50_node1_40_node2_20_node3_0_node4_0,0.566461126365758
Train_U_2Layers_input_size_60_node1_70_node2_80_node3_0_node4_0,0.5664867212417661
Test_U_1Layers_input_size_80_node1_90_node2_0_node3_0_node4_0,0.5665054234466463
Train_U_2Layers_input_size_85_node1_50_node2_70_node3_0_node4_0,0.5665132618805456
Train_U_2Layers_input_size_25_node1_30_node2_10_node3_0_node4_0,0.5665284649767174
Test_U_2Layers_input_size_95_node1_40_node2_80_node3_0_node4_0,0.5665388807032941
Test_U_2Layers_input_size_90_node1_10_node2_90_node3_0_node4_0,0.5665528206437656
Train_U_2Layers_input_size_10_node1_90_node2_70_node3_0_node4_0,0.5665811728984124
Train_U_2Layers_input_size_55_node1_50_node2_80_node3_0_node4_0,0.5665829613047528
Test_U_2Layers_input_size_95_node1_100_node2_40_node3_0_node4_0,0.5666011606482599
Test_U_2Layers_input_size_90_node1_20_node2_60_node3_0_node4_0,0.5666305886966456
Test_U_2Layers_input_size_45_node1_80_node2_70_node3_0_node4_0,0.5666641963409358
Train_U_2Layers_input_size_30_node1_40_node2_30_node3_0_node4_0,0.5666766606412605
Train_U_2Layers_input_size_45_node1_50_node2_40_node3_0_node4_0,0.5666812097796287
Train_U_2Layers_input_size_100_node1_90_node2_50_node3_0_node4_0,0.5666943310782057
Train_U_2Layers_input_size_5_node1_80_node2_100_node3_0_node4_0,0.5667132893718096
Train_U_2Layers_input_size_100_node1_60_node2_70_node3_0_node4_0,0.5667179170975245
Train_U_2Layers_input_size_65_node1_20_node2_80_node3_0_node4_0,0.5667200731841007
Test_U_2Layers_input_size_65_node1_60_node2_100_node3_0_node4_0,0.56673532331837
Train_U_2Layers_input_size_95_node1_80_node2_60_node3_0_node4_0,0.5667375056316067
Train_U_2Layers_input_size_65_node1_20_node2_40_node3_0_node4_0,0.5667652176495415
Train_U_2Layers_input_size_20_node1_50_node2_60_node3_0_node4_0,0.5667653753990857
Train_U_2Layers_input_size_55_node1_40_node2_40_node3_0_node4_0,0.56677223746176
Test_U_1Layers_input_size_35_node1_50_node2_0_node3_0_node4_0,0.5667781266753548
Test_U_2Layers_input_size_75_node1_80_node2_100_node3_0_node4_0,0.5667920081510017
Test_U_2Layers_input_size_70_node1_70_node2_10_node3_0_node4_0,0.5668014988884796
Train_U_2Layers_input_size_60_node1_100_node2_20_node3_0_node4_0,0.5668043907713576
Train_U_2Layers_input_size_65_node1_90_node2_70_node3_0_node4_0,0.5668073615084049
Train_U_2Layers_input_size_15_node1_80_node2_20_node3_0_node4_0,0.5668395128256319
Test_U_2Layers_input_size_100_node1_90_node2_10_node3_0_node4_0,0.5668439029294031
Train_U_2Layers_input_size_100_node1_100_node2_40_node3_0_node4_0,0.5668455853553693
Train_U_2Layers_input_size_50_node1_70_node2_30_node3_0_node4_0,0.566852998485308
Train_U_2Layers_input_size_60_node1_70_node2_60_node3_0_node4_0,0.5668658003644138
Train_U_2Layers_input_size_65_node1_30_node2_40_node3_0_node4_0,0.5668660106598089
Train_U_1Layers_input_size_50_node1_60_node2_0_node3_0_node4_0,0.5668867243739335
Test_U_2Layers_input_size_50_node1_50_node2_60_node3_0_node4_0,0.5668959769559919
Train_U_2Layers_input_size_80_node1_100_node2_20_node3_0_node4_0,0.5669021014513925
Train_U_2Layers_input_size_90_node1_90_node2_40_node3_0_node4_0,0.5669023117333215
Train_U_1Layers_input_size_40_node1_100_node2_0_node3_0_node4_0,0.5669141136815489
Train_U_2Layers_input_size_45_node1_50_node2_10_node3_0_node4_0,0.5669152702066872
Train_U_2Layers_input_size_40_node1_10_node2_40_node3_0_node4_0,0.5669261519413173
Test_U_2Layers_input_size_50_node1_70_node2_10_node3_0_node4_0,0.5669334588826218
Train_U_2Layers_input_size_40_node1_40_node2_20_node3_0_node4_0,0.5670221334624862
Test_U_2Layers_input_size_60_node1_30_node2_90_node3_0_node4_0,0.5670470197749483
Train_U_2Layers_input_size_5_node1_20_node2_70_node3_0_node4_0,0.5670782378073128
Train_U_2Layers_input_size_45_node1_90_node2_30_node3_0_node4_0,0.5670915864077162
Train_U_2Layers_input_size_70_node1_10_node2_100_node3_0_node4_0,0.567097130714346
Test_U_2Layers_input_size_95_node1_50_node2_30_node3_0_node4_0,0.567127321271747
Test_U_2Layers_input_size_60_node1_70_node2_20_node3_0_node4_0,0.5671307632610845
Train_U_2Layers_input_size_90_node1_80_node2_100_node3_0_node4_0,0.5671330491508566
Test_U_2Layers_input_size_20_node1_90_node2_80_node3_0_node4_0,0.5671371216902646
Train_U_2Layers_input_size_45_node1_70_node2_70_node3_0_node4_0,0.5671376734514189
Train_U_2Layers_input_size_60_node1_70_node2_50_node3_0_node4_0,0.5671463701872723
Train_U_2Layers_input_size_55_node1_40_node2_30_node3_0_node4_0,0.5671791590978448
Test_U_2Layers_input_size_85_node1_30_node2_10_node3_0_node4_0,0.5671916120816228
Train_U_2Layers_input_size_80_node1_80_node2_50_node3_0_node4_0,0.5672098707090785
Train_U_2Layers_input_size_5_node1_10_node2_40_node3_0_node4_0,0.5672264999979117
Train_U_2Layers_input_size_60_node1_90_node2_100_node3_0_node4_0,0.5672328310840059
Test_U_2Layers_input_size_70_node1_20_node2_90_node3_0_node4_0,0.5672374020316995
Test_U_2Layers_input_size_60_node1_90_node2_70_node3_0_node4_0,0.567246491278014
Train_U_1Layers_input_size_65_node1_40_node2_0_node3_0_node4_0,0.5672676901969518
Test_U_2Layers_input_size_85_node1_60_node2_10_node3_0_node4_0,0.5672706847759164
Train_U_2Layers_input_size_95_node1_70_node2_70_node3_0_node4_0,0.5672764112074621
Train_U_2Layers_input_size_100_node1_40_node2_40_node3_0_node4_0,0.5672885205810517
Train_U_2Layers_input_size_10_node1_30_node2_10_node3_0_node4_0,0.5672938528262782
Train_U_2Layers_input_size_45_node1_20_node2_20_node3_0_node4_0,0.5673088511389245
Train_U_2Layers_input_size_5_node1_40_node2_70_node3_0_node4_0,0.5673122920268864
Train_U_2Layers_input_size_65_node1_30_node2_60_node3_0_node4_0,0.5673294173573198
Test_U_1Layers_input_size_5_node1_50_node2_0_node3_0_node4_0,0.5673490110430238
Test_U_2Layers_input_size_70_node1_50_node2_50_node3_0_node4_0,0.5673546578911736
Train_U_2Layers_input_size_70_node1_30_node2_20_node3_0_node4_0,0.5673578095959348
Train_U_2Layers_input_size_100_node1_100_node2_60_node3_0_node4_0,0.5673917943667028
Train_U_2Layers_input_size_55_node1_30_node2_50_node3_0_node4_0,0.5673950246524201
Test_U_2Layers_input_size_90_node1_60_node2_50_node3_0_node4_0,0.5674117010381762
Test_U_2Layers_input_size_10_node1_80_node2_30_node3_0_node4_0,0.5674152988712974
Test_U_2Layers_input_size_100_node1_100_node2_90_node3_0_node4_0,0.5674408507085889
Train_U_2Layers_input_size_90_node1_50_node2_50_node3_0_node4_0,0.5674412971333401
Train_U_2Layers_input_size_90_node1_70_node2_100_node3_0_node4_0,0.5674653247709082
Train_U_2Layers_input_size_55_node1_30_node2_60_node3_0_node4_0,0.5674683183069381
Test_U_2Layers_input_size_90_node1_70_node2_80_node3_0_node4_0,0.5674696049973967
Train_U_2Layers_input_size_35_node1_10_node2_100_node3_0_node4_0,0.5674793469876304
Test_U_2Layers_input_size_90_node1_90_node2_40_node3_0_node4_0,0.5675072065811682
Test_U_2Layers_input_size_55_node1_90_node2_10_node3_0_node4_0,0.5675131669386558
Train_U_2Layers_input_size_60_node1_40_node2_60_node3_0_node4_0,0.5675187071267047
Test_U_2Layers_input_size_50_node1_40_node2_40_node3_0_node4_0,0.5675404735030145
Test_U_2Layers_input_size_100_node1_20_node2_10_node3_0_node4_0,0.5675463547449149
Train_U_2Layers_input_size_25_node1_20_node2_70_node3_0_node4_0,0.5675502405320203
Train_U_2Layers_input_size_15_node1_80_node2_70_node3_0_node4_0,0.5675518946089992
Train_U_2Layers_input_size_10_node1_60_node2_20_node3_0_node4_0,0.5675682250785271
Train_U_2Layers_input_size_35_node1_30_node2_80_node3_0_node4_0,0.567581378378736
Train_U_2Layers_input_size_30_node1_10_node2_30_node3_0_node4_0,0.5676455915118748
Train_U_2Layers_input_size_65_node1_90_node2_50_node3_0_node4_0,0.5676600292782463
Train_U_2Layers_input_size_45_node1_20_node2_60_node3_0_node4_0,0.5676613155341629
Train_U_2Layers_input_size_40_node1_100_node2_20_node3_0_node4_0,0.5676650167849284
Train_U_2Layers_input_size_35_node1_80_node2_50_node3_0_node4_0,0.5676907936209797
Train_U_2Layers_input_size_100_node1_60_node2_60_node3_0_node4_0,0.5676908461184332
Test_U_2Layers_input_size_90_node1_100_node2_80_node3_0_node4_0,0.5677012405185743
Test_U_2Layers_input_size_80_node1_10_node2_80_node3_0_node4_0,0.5677084324921221
Train_U_2Layers_input_size_95_node1_40_node2_90_node3_0_node4_0,0.5677444172395321
Test_U_2Layers_input_size_40_node1_40_node2_40_node3_0_node4_0,0.567764075339506
Train_U_2Layers_input_size_70_node1_80_node2_20_node3_0_node4_0,0.5677664636604223
Test_U_2Layers_input_size_100_node1_90_node2_80_node3_0_node4_0,0.5677752032546126
Train_U_2Layers_input_size_35_node1_30_node2_90_node3_0_node4_0,0.5678027071656835
Train_U_2Layers_input_size_35_node1_20_node2_90_node3_0_node4_0,0.5678363241636252
Train_U_2Layers_input_size_75_node1_90_node2_70_node3_0_node4_0,0.567843671876271
Train_U_2Layers_input_size_55_node1_80_node2_10_node3_0_node4_0,0.5678477918021175
Test_U_2Layers_input_size_75_node1_40_node2_70_node3_0_node4_0,0.5678650584273275
Test_U_2Layers_input_size_65_node1_10_node2_90_node3_0_node4_0,0.567869991652386
Test_U_2Layers_input_size_45_node1_90_node2_60_node3_0_node4_0,0.5678830067638803
Train_U_2Layers_input_size_80_node1_80_node2_40_node3_0_node4_0,0.5679037096229863
Test_U_2Layers_input_size_75_node1_60_node2_50_node3_0_node4_0,0.5679038932951648
Train_U_2Layers_input_size_60_node1_90_node2_30_node3_0_node4_0,0.567931758300398
Test_U_2Layers_input_size_40_node1_90_node2_90_node3_0_node4_0,0.5679442472563995
Test_U_2Layers_input_size_85_node1_100_node2_60_node3_0_node4_0,0.5679854116396515
Test_U_2Layers_input_size_55_node1_70_node2_30_node3_0_node4_0,0.5679933345883784
Test_U_2Layers_input_size_75_node1_20_node2_70_node3_0_node4_0,0.5679967975643707
Train_U_2Layers_input_size_70_node1_50_node2_90_node3_0_node4_0,0.5680196998967775
Train_U_2Layers_input_size_45_node1_60_node2_30_node3_0_node4_0,0.5680214050735943
Train_U_2Layers_input_size_55_node1_20_node2_40_node3_0_node4_0,0.5680226905111955
Train_U_2Layers_input_size_90_node1_50_node2_60_node3_0_node4_0,0.568028881557673
Test_U_2Layers_input_size_35_node1_20_node2_90_node3_0_node4_0,0.568044385111051
Test_U_2Layers_input_size_15_node1_40_node2_50_node3_0_node4_0,0.5680643476081992
Test_U_2Layers_input_size_40_node1_80_node2_90_node3_0_node4_0,0.5681005983389463
Test_U_2Layers_input_size_90_node1_30_node2_50_node3_0_node4_0,0.5681008606368175
Train_U_2Layers_input_size_45_node1_30_node2_10_node3_0_node4_0,0.568105975421099
Train_U_2Layers_input_size_100_node1_80_node2_10_node3_0_node4_0,0.5681066311593432
Test_U_2Layers_input_size_55_node1_40_node2_80_node3_0_node4_0,0.5681214768706508
Train_U_2Layers_input_size_15_node1_10_node2_40_node3_0_node4_0,0.5681439807604214
Train_U_2Layers_input_size_55_node1_10_node2_40_node3_0_node4_0,0.5681797543401516
Test_U_2Layers_input_size_55_node1_60_node2_40_node3_0_node4_0,0.5681802264104567
Train_U_2Layers_input_size_50_node1_10_node2_80_node3_0_node4_0,0.5681992662525105
Test_U_2Layers_input_size_70_node1_60_node2_50_node3_0_node4_0,0.5681999743335051
Test_U_2Layers_input_size_90_node1_10_node2_10_node3_0_node4_0,0.5682101233974628
Test_U_2Layers_input_size_95_node1_60_node2_80_node3_0_node4_0,0.5682294244762737
Train_U_2Layers_input_size_70_node1_100_node2_20_node3_0_node4_0,0.5682490920207687
Test_U_2Layers_input_size_10_node1_100_node2_30_node3_0_node4_0,0.5682584273103198
Train_U_2Layers_input_size_90_node1_60_node2_60_node3_0_node4_0,0.5682701748725052
Train_U_2Layers_input_size_45_node1_20_node2_70_node3_0_node4_0,0.5682736099396667
Train_U_2Layers_input_size_100_node1_70_node2_60_node3_0_node4_0,0.5682779627430372
Train_U_1Layers_input_size_35_node1_100_node2_0_node3_0_node4_0,0.5683027940620018
Test_U_2Layers_input_size_30_node1_60_node2_30_node3_0_node4_0,0.5683152748643437
Train_U_2Layers_input_size_60_node1_90_node2_20_node3_0_node4_0,0.5683797721217815
Test_U_2Layers_input_size_45_node1_60_node2_30_node3_0_node4_0,0.5684085051286136
Train_U_2Layers_input_size_85_node1_60_node2_10_node3_0_node4_0,0.5684192796317227
Test_U_2Layers_input_size_50_node1_80_node2_50_node3_0_node4_0,0.5684215079097988
Train_U_2Layers_input_size_80_node1_90_node2_20_node3_0_node4_0,0.5684245488399022
Train_U_2Layers_input_size_100_node1_80_node2_80_node3_0_node4_0,0.5684318627344817
Train_U_2Layers_input_size_100_node1_20_node2_40_node3_0_node4_0,0.5684379182534045
Train_U_2Layers_input_size_45_node1_40_node2_90_node3_0_node4_0,0.5684466999519515
Train_U_2Layers_input_size_65_node1_40_node2_90_node3_0_node4_0,0.568447093159161
Train_U_2Layers_input_size_5_node1_70_node2_30_node3_0_node4_0,0.5684476436487973
Test_U_2Layers_input_size_85_node1_60_node2_30_node3_0_node4_0,0.5684477485039057
Test_U_2Layers_input_size_70_node1_80_node2_40_node3_0_node4_0,0.568471602538361
Train_U_2Layers_input_size_40_node1_90_node2_60_node3_0_node4_0,0.5684737257610467
Train_U_2Layers_input_size_65_node1_40_node2_30_node3_0_node4_0,0.5684749839633406
Train_U_1Layers_input_size_80_node1_70_node2_0_node3_0_node4_0,0.568495743899153
Test_U_2Layers_input_size_50_node1_70_node2_50_node3_0_node4_0,0.5685245758857552
Train_U_2Layers_input_size_85_node1_40_node2_100_node3_0_node4_0,0.5685246545164466
Train_U_2Layers_input_size_10_node1_90_node2_100_node3_0_node4_0,0.5685294247580504
Test_U_2Layers_input_size_45_node1_80_node2_10_node3_0_node4_0,0.568531678814334
Train_U_2Layers_input_size_40_node1_80_node2_10_node3_0_node4_0,0.5685581764106281
Train_U_2Layers_input_size_35_node1_20_node2_20_node3_0_node4_0,0.5685687646200972
Train_U_2Layers_input_size_45_node1_10_node2_40_node3_0_node4_0,0.568572407547566
Test_U_2Layers_input_size_80_node1_100_node2_30_node3_0_node4_0,0.568579614709402
Test_U_2Layers_input_size_50_node1_70_node2_90_node3_0_node4_0,0.5686147843485397
Train_U_2Layers_input_size_90_node1_10_node2_90_node3_0_node4_0,0.5686192917754259
Train_U_2Layers_input_size_30_node1_40_node2_50_node3_0_node4_0,0.5686376355860192
Train_U_2Layers_input_size_100_node1_100_node2_90_node3_0_node4_0,0.5686379238411774
Train_U_2Layers_input_size_35_node1_90_node2_10_node3_0_node4_0,0.5686450777632885
Test_U_2Layers_input_size_40_node1_10_node2_50_node3_0_node4_0,0.5686489560424163
Train_U_2Layers_input_size_100_node1_80_node2_30_node3_0_node4_0,0.5686684256521228
Train_U_2Layers_input_size_70_node1_10_node2_70_node3_0_node4_0,0.5686742952287177
Train_U_2Layers_input_size_80_node1_50_node2_60_node3_0_node4_0,0.5686825230153539
Test_U_1Layers_input_size_50_node1_90_node2_0_node3_0_node4_0,0.5687071270555967
Test_U_2Layers_input_size_55_node1_30_node2_60_node3_0_node4_0,0.5687208828441981
Train_U_2Layers_input_size_60_node1_50_node2_90_node3_0_node4_0,0.5687234243534863
Train_U_2Layers_input_size_45_node1_80_node2_40_node3_0_node4_0,0.5687244461942258
Test_U_1Layers_input_size_75_node1_20_node2_0_node3_0_node4_0,0.5687305772001076
Train_U_2Layers_input_size_65_node1_70_node2_50_node3_0_node4_0,0.5687313108203156
Test_U_2Layers_input_size_30_node1_100_node2_40_node3_0_node4_0,0.5687353981155796
Train_U_2Layers_input_size_30_node1_100_node2_40_node3_0_node4_0,0.56873940678048
Test_U_2Layers_input_size_35_node1_50_node2_60_node3_0_node4_0,0.5687848625397435
Train_U_2Layers_input_size_55_node1_10_node2_70_node3_0_node4_0,0.5687991665978235
Train_U_2Layers_input_size_30_node1_40_node2_60_node3_0_node4_0,0.5688008956354201
Train_U_2Layers_input_size_55_node1_30_node2_70_node3_0_node4_0,0.5688060041248877
Test_U_2Layers_input_size_45_node1_70_node2_50_node3_0_node4_0,0.5688357896344749
Train_U_2Layers_input_size_55_node1_90_node2_30_node3_0_node4_0,0.568857374640361
Train_U_2Layers_input_size_25_node1_40_node2_40_node3_0_node4_0,0.5688733009157098
Train_U_2Layers_input_size_85_node1_20_node2_70_node3_0_node4_0,0.5688774657727228
Test_U_2Layers_input_size_65_node1_80_node2_30_node3_0_node4_0,0.5688795874806097
Train_U_2Layers_input_size_80_node1_40_node2_100_node3_0_node4_0,0.5688965346657453
Test_U_2Layers_input_size_10_node1_80_node2_40_node3_0_node4_0,0.5689091334051177
Test_U_2Layers_input_size_100_node1_10_node2_60_node3_0_node4_0,0.5689341990900944
Train_U_2Layers_input_size_65_node1_50_node2_10_node3_0_node4_0,0.5689403540267188
Train_U_2Layers_input_size_75_node1_80_node2_90_node3_0_node4_0,0.5689698182265334
Test_U_1Layers_input_size_35_node1_70_node2_0_node3_0_node4_0,0.5689880197919758
Train_U_2Layers_input_size_65_node1_70_node2_60_node3_0_node4_0,0.5690028163189905
Test_U_2Layers_input_size_90_node1_70_node2_40_node3_0_node4_0,0.5690102799078619
Train_U_2Layers_input_size_40_node1_90_node2_40_node3_0_node4_0,0.5690223000083559
Test_U_2Layers_input_size_5_node1_60_node2_90_node3_0_node4_0,0.5690346602826284
Train_U_2Layers_input_size_35_node1_50_node2_80_node3_0_node4_0,0.5690593014689533
Train_U_2Layers_input_size_5_node1_90_node2_100_node3_0_node4_0,0.5691022704219088
Train_U_2Layers_input_size_75_node1_30_node2_100_node3_0_node4_0,0.5691023489727823
Test_U_2Layers_input_size_80_node1_80_node2_90_node3_0_node4_0,0.5691047316774618
Train_U_2Layers_input_size_35_node1_70_node2_90_node3_0_node4_0,0.5691108585865451
Train_U_2Layers_input_size_100_node1_50_node2_100_node3_0_node4_0,0.5691247093473079
Train_U_2Layers_input_size_55_node1_100_node2_10_node3_0_node4_0,0.5691330353512937
Train_U_2Layers_input_size_90_node1_90_node2_20_node3_0_node4_0,0.5691450266775864
Train_U_2Layers_input_size_65_node1_60_node2_40_node3_0_node4_0,0.5691774910092555
Train_U_2Layers_input_size_65_node1_30_node2_10_node3_0_node4_0,0.5691886436507042
Train_U_2Layers_input_size_20_node1_70_node2_60_node3_0_node4_0,0.5692174405405678
Train_U_2Layers_input_size_45_node1_100_node2_40_node3_0_node4_0,0.5692183567813308
Train_U_2Layers_input_size_75_node1_90_node2_30_node3_0_node4_0,0.5692326761239067
Test_U_2Layers_input_size_30_node1_40_node2_60_node3_0_node4_0,0.5692780139699406
Train_U_2Layers_input_size_10_node1_60_node2_100_node3_0_node4_0,0.569294425798898
Test_U_2Layers_input_size_100_node1_10_node2_70_node3_0_node4_0,0.5693023567045726
Train_U_2Layers_input_size_55_node1_70_node2_50_node3_0_node4_0,0.5693166215868651
Train_U_2Layers_input_size_35_node1_70_node2_40_node3_0_node4_0,0.5693418001949433
Train_U_2Layers_input_size_70_node1_100_node2_30_node3_0_node4_0,0.5693464327281601
Train_U_2Layers_input_size_65_node1_80_node2_30_node3_0_node4_0,0.5693542582212548
Test_U_2Layers_input_size_35_node1_60_node2_60_node3_0_node4_0,0.5693579222947631
Train_U_2Layers_input_size_90_node1_20_node2_40_node3_0_node4_0,0.5693592570585388
Train_U_2Layers_input_size_40_node1_10_node2_50_node3_0_node4_0,0.5693636800769214
Train_U_2Layers_input_size_35_node1_10_node2_50_node3_0_node4_0,0.5693788594053345
Test_U_2Layers_input_size_35_node1_10_node2_80_node3_0_node4_0,0.5693930700305161
Test_U_2Layers_input_size_50_node1_90_node2_60_node3_0_node4_0,0.569400188295074
Test_U_2Layers_input_size_95_node1_30_node2_10_node3_0_node4_0,0.5694006331836542
Train_U_2Layers_input_size_95_node1_100_node2_10_node3_0_node4_0,0.5694037212242189
Train_U_2Layers_input_size_90_node1_20_node2_100_node3_0_node4_0,0.5694132469387564
Test_U_2Layers_input_size_40_node1_100_node2_50_node3_0_node4_0,0.569426331451691
Train_U_1Layers_input_size_75_node1_100_node2_0_node3_0_node4_0,0.569434129678405
Test_U_2Layers_input_size_100_node1_90_node2_20_node3_0_node4_0,0.5694462193355451
Train_U_2Layers_input_size_100_node1_40_node2_50_node3_0_node4_0,0.569463515996103
Train_U_2Layers_input_size_65_node1_100_node2_90_node3_0_node4_0,0.5695231736687173
Train_U_2Layers_input_size_40_node1_80_node2_30_node3_0_node4_0,0.5695321741083547
Train_U_2Layers_input_size_90_node1_20_node2_80_node3_0_node4_0,0.5695429011907428
Test_U_2Layers_input_size_60_node1_50_node2_100_node3_0_node4_0,0.5695432151510865
Test_U_2Layers_input_size_65_node1_90_node2_30_node3_0_node4_0,0.569557500163645
Test_U_2Layers_input_size_60_node1_80_node2_90_node3_0_node4_0,0.5695584943453229
Train_U_2Layers_input_size_10_node1_20_node2_60_node3_0_node4_0,0.5695618431550492
Train_U_2Layers_input_size_45_node1_60_node2_50_node3_0_node4_0,0.5695959841930882
Train_U_2Layers_input_size_100_node1_80_node2_50_node3_0_node4_0,0.569596716698683
Train_U_1Layers_input_size_5_node1_50_node2_0_node3_0_node4_0,0.5696147412717167
Train_U_2Layers_input_size_65_node1_20_node2_30_node3_0_node4_0,0.5696276380399584
Test_U_2Layers_input_size_55_node1_40_node2_90_node3_0_node4_0,0.5696405083573294
Test_U_2Layers_input_size_80_node1_100_node2_60_node3_0_node4_0,0.5696520704676602
Train_U_2Layers_input_size_70_node1_30_node2_40_node3_0_node4_0,0.569663606185497
Test_U_2Layers_input_size_55_node1_10_node2_70_node3_0_node4_0,0.5696786728937291
Train_U_2Layers_input_size_90_node1_50_node2_70_node3_0_node4_0,0.5696862060984169
Test_U_2Layers_input_size_85_node1_40_node2_80_node3_0_node4_0,0.5696907835178886
Train_U_2Layers_input_size_15_node1_100_node2_100_node3_0_node4_0,0.5696947854602069
Train_U_2Layers_input_size_70_node1_80_node2_50_node3_0_node4_0,0.5697012983650517
Test_U_2Layers_input_size_40_node1_80_node2_80_node3_0_node4_0,0.5697195811819835
Train_U_2Layers_input_size_95_node1_20_node2_40_node3_0_node4_0,0.5697241583333048
Train_U_2Layers_input_size_35_node1_80_node2_30_node3_0_node4_0,0.5697778521112017
Test_U_2Layers_input_size_65_node1_70_node2_70_node3_0_node4_0,0.5697886268725256
Train_U_2Layers_input_size_85_node1_70_node2_20_node3_0_node4_0,0.5698023304008236
Test_U_2Layers_input_size_40_node1_10_node2_20_node3_0_node4_0,0.5698196424024272
Train_U_2Layers_input_size_80_node1_50_node2_90_node3_0_node4_0,0.5698307563256346
Test_U_2Layers_input_size_70_node1_100_node2_70_node3_0_node4_0,0.5698387320663392
Train_U_2Layers_input_size_10_node1_10_node2_100_node3_0_node4_0,0.5698522774947643
Test_U_2Layers_input_size_45_node1_20_node2_60_node3_0_node4_0,0.5698582656220725
Train_U_2Layers_input_size_90_node1_50_node2_80_node3_0_node4_0,0.5698599652973981
Train_U_2Layers_input_size_95_node1_10_node2_100_node3_0_node4_0,0.5698618741574892
Test_U_2Layers_input_size_55_node1_40_node2_30_node3_0_node4_0,0.5698625017265335
Test_U_1Layers_input_size_90_node1_80_node2_0_node3_0_node4_0,0.5698678621839566
Train_U_2Layers_input_size_65_node1_10_node2_40_node3_0_node4_0,0.569899344047936
Train_U_2Layers_input_size_75_node1_80_node2_60_node3_0_node4_0,0.5699487597456288
Train_U_2Layers_input_size_85_node1_60_node2_30_node3_0_node4_0,0.5699498316788929
Train_U_1Layers_input_size_35_node1_40_node2_0_node3_0_node4_0,0.5699564723912562
Train_U_2Layers_input_size_35_node1_50_node2_50_node3_0_node4_0,0.5699572044335537
Test_U_2Layers_input_size_20_node1_60_node2_10_node3_0_node4_0,0.5699707993339249
Test_U_2Layers_input_size_60_node1_20_node2_20_node3_0_node4_0,0.5700347433042249
Train_U_2Layers_input_size_50_node1_40_node2_30_node3_0_node4_0,0.5700424809269397
Train_U_2Layers_input_size_30_node1_80_node2_10_node3_0_node4_0,0.5700809060784708
Train_U_2Layers_input_size_65_node1_60_node2_10_node3_0_node4_0,0.5700908386895527
Train_U_2Layers_input_size_35_node1_20_node2_100_node3_0_node4_0,0.5701016859486985
Train_U_2Layers_input_size_100_node1_30_node2_40_node3_0_node4_0,0.5701134216665141
Train_U_1Layers_input_size_70_node1_40_node2_0_node3_0_node4_0,0.5701176558751073
Train_U_2Layers_input_size_70_node1_20_node2_60_node3_0_node4_0,0.5701194593247735
Train_U_2Layers_input_size_85_node1_80_node2_10_node3_0_node4_0,0.5701509011609159
Train_U_2Layers_input_size_60_node1_30_node2_20_node3_0_node4_0,0.570164831195714
Train_U_2Layers_input_size_55_node1_90_node2_20_node3_0_node4_0,0.5701654322964976
Train_U_2Layers_input_size_95_node1_90_node2_10_node3_0_node4_0,0.5701935787844893
Train_U_2Layers_input_size_60_node1_20_node2_50_node3_0_node4_0,0.5702172029906692
Train_U_2Layers_input_size_60_node1_20_node2_40_node3_0_node4_0,0.5702221419985665
Test_U_2Layers_input_size_95_node1_40_node2_50_node3_0_node4_0,0.5702322289399951
Train_U_2Layers_input_size_55_node1_70_node2_30_node3_0_node4_0,0.5702877561871278
Train_U_1Layers_input_size_25_node1_50_node2_0_node3_0_node4_0,0.5703184310395658
Train_U_2Layers_input_size_55_node1_80_node2_60_node3_0_node4_0,0.5703273928017232
Train_U_2Layers_input_size_40_node1_20_node2_20_node3_0_node4_0,0.5703398031727622
Train_U_2Layers_input_size_90_node1_70_node2_20_node3_0_node4_0,0.5703817090407572
Test_U_2Layers_input_size_95_node1_10_node2_10_node3_0_node4_0,0.5703821270388941
Train_U_2Layers_input_size_75_node1_10_node2_50_node3_0_node4_0,0.5703841909002053
Test_U_2Layers_input_size_20_node1_50_node2_60_node3_0_node4_0,0.5703856800106906
Train_U_2Layers_input_size_5_node1_40_node2_30_node3_0_node4_0,0.5704107853057062
Train_U_2Layers_input_size_50_node1_50_node2_30_node3_0_node4_0,0.570419850109497
Train_U_2Layers_input_size_20_node1_20_node2_90_node3_0_node4_0,0.5704476444599991
Train_U_2Layers_input_size_95_node1_50_node2_30_node3_0_node4_0,0.5704535218512536
Test_U_2Layers_input_size_95_node1_30_node2_90_node3_0_node4_0,0.570462507612376
Test_U_2Layers_input_size_55_node1_100_node2_30_node3_0_node4_0,0.5704695341699874
Train_U_2Layers_input_size_70_node1_70_node2_20_node3_0_node4_0,0.5704737657354186
Train_U_2Layers_input_size_55_node1_10_node2_10_node3_0_node4_0,0.5704769785696904
Train_U_2Layers_input_size_30_node1_60_node2_30_node3_0_node4_0,0.5704998335758672
Train_U_2Layers_input_size_35_node1_70_node2_60_node3_0_node4_0,0.5705008783542648
Train_U_2Layers_input_size_55_node1_30_node2_80_node3_0_node4_0,0.57050991560755
Train_U_1Layers_input_size_95_node1_20_node2_0_node3_0_node4_0,0.5705131282382444
Train_U_2Layers_input_size_40_node1_60_node2_90_node3_0_node4_0,0.5705220085866971
Train_U_2Layers_input_size_80_node1_70_node2_60_node3_0_node4_0,0.5705427462739099
Train_U_2Layers_input_size_80_node1_40_node2_60_node3_0_node4_0,0.5705618639777487
Test_U_1Layers_input_size_50_node1_10_node2_0_node3_0_node4_0,0.5705740342041474
Test_U_2Layers_input_size_75_node1_70_node2_70_node3_0_node4_0,0.5706000974638354
Train_U_2Layers_input_size_40_node1_30_node2_30_node3_0_node4_0,0.5706311211148014
Train_U_2Layers_input_size_95_node1_50_node2_20_node3_0_node4_0,0.5706422714594448
Train_U_2Layers_input_size_25_node1_20_node2_30_node3_0_node4_0,0.5706634225684424
Test_U_2Layers_input_size_60_node1_50_node2_50_node3_0_node4_0,0.5706879934280162
Train_U_2Layers_input_size_75_node1_60_node2_10_node3_0_node4_0,0.5707001087440613
Test_U_1Layers_input_size_80_node1_50_node2_0_node3_0_node4_0,0.5707048869122117
Train_U_2Layers_input_size_90_node1_10_node2_40_node3_0_node4_0,0.5707207355223478
Train_U_2Layers_input_size_95_node1_20_node2_50_node3_0_node4_0,0.5707308397606824
Train_U_2Layers_input_size_65_node1_60_node2_90_node3_0_node4_0,0.5707313619386808
Test_U_2Layers_input_size_60_node1_10_node2_20_node3_0_node4_0,0.5707412310130082
Train_U_2Layers_input_size_65_node1_40_node2_60_node3_0_node4_0,0.5707423536746741
Train_U_1Layers_input_size_5_node1_90_node2_0_node3_0_node4_0,0.5707646498000956
Train_U_2Layers_input_size_15_node1_30_node2_20_node3_0_node4_0,0.5707965260029717
Train_U_2Layers_input_size_15_node1_10_node2_10_node3_0_node4_0,0.5708371975575358
Train_U_2Layers_input_size_20_node1_60_node2_10_node3_0_node4_0,0.5708474563559336
Train_U_2Layers_input_size_55_node1_10_node2_90_node3_0_node4_0,0.5708524682209388
Train_U_2Layers_input_size_100_node1_90_node2_100_node3_0_node4_0,0.5709052467527391
Train_U_2Layers_input_size_5_node1_30_node2_90_node3_0_node4_0,0.5709242740178653
Train_U_2Layers_input_size_100_node1_100_node2_30_node3_0_node4_0,0.5709490685421028
Test_U_2Layers_input_size_10_node1_50_node2_90_node3_0_node4_0,0.5709560630131664
Train_U_2Layers_input_size_70_node1_20_node2_40_node3_0_node4_0,0.5709641535258014
Train_U_2Layers_input_size_50_node1_70_node2_10_node3_0_node4_0,0.570985292711265
Train_U_2Layers_input_size_95_node1_60_node2_60_node3_0_node4_0,0.5709936176818534
Train_U_2Layers_input_size_85_node1_30_node2_80_node3_0_node4_0,0.5710167390637915
Test_U_2Layers_input_size_80_node1_40_node2_30_node3_0_node4_0,0.5710243589980933
Test_U_2Layers_input_size_85_node1_50_node2_10_node3_0_node4_0,0.5710260291070943
Train_U_2Layers_input_size_75_node1_100_node2_20_node3_0_node4_0,0.5710401204573156
Test_U_2Layers_input_size_65_node1_10_node2_50_node3_0_node4_0,0.5710573427464893
Train_U_1Layers_input_size_60_node1_30_node2_0_node3_0_node4_0,0.5710673627484575
Test_U_2Layers_input_size_40_node1_50_node2_10_node3_0_node4_0,0.5710785045754548
Train_U_2Layers_input_size_20_node1_30_node2_10_node3_0_node4_0,0.5710874805028028
Train_U_2Layers_input_size_90_node1_100_node2_100_node3_0_node4_0,0.5710978130817038
Train_U_2Layers_input_size_90_node1_30_node2_20_node3_0_node4_0,0.5711273225239055
Train_U_2Layers_input_size_70_node1_90_node2_70_node3_0_node4_0,0.5711389328060098
Test_U_2Layers_input_size_65_node1_40_node2_60_node3_0_node4_0,0.5711418288171273
Train_U_2Layers_input_size_30_node1_70_node2_80_node3_0_node4_0,0.5711437333930112
Train_U_2Layers_input_size_95_node1_50_node2_10_node3_0_node4_0,0.5711581349119218
Test_U_2Layers_input_size_70_node1_30_node2_50_node3_0_node4_0,0.5711675270112304
Test_U_1Layers_input_size_50_node1_60_node2_0_node3_0_node4_0,0.57116995327845
Train_U_2Layers_input_size_80_node1_40_node2_90_node3_0_node4_0,0.5711746492502415
Test_U_2Layers_input_size_80_node1_60_node2_70_node3_0_node4_0,0.5711778842305718
Test_U_2Layers_input_size_85_node1_30_node2_70_node3_0_node4_0,0.571185293310035
Train_U_2Layers_input_size_10_node1_10_node2_40_node3_0_node4_0,0.571193276224713
Train_U_2Layers_input_size_65_node1_70_node2_30_node3_0_node4_0,0.5712178764660056
Train_U_2Layers_input_size_70_node1_50_node2_30_node3_0_node4_0,0.5712348586231475
Train_U_2Layers_input_size_65_node1_90_node2_20_node3_0_node4_0,0.5712357977138803
Test_U_2Layers_input_size_90_node1_40_node2_10_node3_0_node4_0,0.5712387714910162
Train_U_2Layers_input_size_50_node1_10_node2_50_node3_0_node4_0,0.571280194075129
Train_U_2Layers_input_size_80_node1_70_node2_40_node3_0_node4_0,0.5712872888260394
Train_U_2Layers_input_size_50_node1_40_node2_40_node3_0_node4_0,0.5713427656966745
Train_U_2Layers_input_size_80_node1_30_node2_60_node3_0_node4_0,0.5713563276288859
Train_U_2Layers_input_size_50_node1_70_node2_60_node3_0_node4_0,0.5713920565629504
Train_U_2Layers_input_size_40_node1_90_node2_100_node3_0_node4_0,0.5713948991340211
Test_U_2Layers_input_size_55_node1_20_node2_70_node3_0_node4_0,0.5714111719292405
Test_U_2Layers_input_size_90_node1_40_node2_30_node3_0_node4_0,0.5714243932341344
Test_U_2Layers_input_size_80_node1_10_node2_50_node3_0_node4_0,0.5714252277046534
Train_U_2Layers_input_size_10_node1_30_node2_20_node3_0_node4_0,0.5714460890715984
Train_U_2Layers_input_size_75_node1_20_node2_70_node3_0_node4_0,0.5714527123963205
Test_U_2Layers_input_size_95_node1_80_node2_80_node3_0_node4_0,0.5714559197267672
Train_U_2Layers_input_size_45_node1_10_node2_30_node3_0_node4_0,0.5714859582405818
Train_U_2Layers_input_size_100_node1_10_node2_100_node3_0_node4_0,0.571505461569093
Test_U_1Layers_input_size_30_node1_40_node2_0_node3_0_node4_0,0.5715214965612146
Train_U_2Layers_input_size_100_node1_70_node2_80_node3_0_node4_0,0.5715236605988667
Train_U_2Layers_input_size_80_node1_40_node2_40_node3_0_node4_0,0.5715358103448648
Train_U_2Layers_input_size_90_node1_40_node2_100_node3_0_node4_0,0.5715368010852949
Test_U_2Layers_input_size_40_node1_40_node2_20_node3_0_node4_0,0.5715466823234975
Train_U_1Layers_input_size_40_node1_40_node2_0_node3_0_node4_0,0.5715514794857207
Test_U_2Layers_input_size_50_node1_100_node2_70_node3_0_node4_0,0.5715570848144825
Train_U_2Layers_input_size_75_node1_40_node2_90_node3_0_node4_0,0.571557528024179
Test_U_2Layers_input_size_90_node1_60_node2_80_node3_0_node4_0,0.5715672785505511
Test_U_2Layers_input_size_25_node1_90_node2_30_node3_0_node4_0,0.571576559645734
Test_U_2Layers_input_size_20_node1_30_node2_40_node3_0_node4_0,0.571595382078282
Train_U_2Layers_input_size_75_node1_80_node2_10_node3_0_node4_0,0.5716296884080456
Train_U_2Layers_input_size_60_node1_90_node2_60_node3_0_node4_0,0.5716345891442262
Test_U_2Layers_input_size_90_node1_80_node2_50_node3_0_node4_0,0.5716355015106845
Train_U_2Layers_input_size_35_node1_40_node2_70_node3_0_node4_0,0.571648769761177
Train_U_2Layers_input_size_90_node1_50_node2_40_node3_0_node4_0,0.5716835941954056
Test_U_2Layers_input_size_65_node1_40_node2_30_node3_0_node4_0,0.5716982427621752
Train_U_2Layers_input_size_80_node1_40_node2_70_node3_0_node4_0,0.57170546264721
Train_U_2Layers_input_size_80_node1_50_node2_70_node3_0_node4_0,0.5717063488362024
Train_U_2Layers_input_size_80_node1_90_node2_30_node3_0_node4_0,0.5717601431483571
Train_U_2Layers_input_size_95_node1_40_node2_100_node3_0_node4_0,0.5717753891622361
Train_U_2Layers_input_size_70_node1_90_node2_10_node3_0_node4_0,0.571816616517607
Train_U_2Layers_input_size_90_node1_30_node2_50_node3_0_node4_0,0.5718195872741647
Train_U_2Layers_input_size_95_node1_10_node2_80_node3_0_node4_0,0.5719181346780904
Train_U_2Layers_input_size_25_node1_10_node2_30_node3_0_node4_0,0.5719281395992536
Train_U_2Layers_input_size_30_node1_10_node2_20_node3_0_node4_0,0.5719310055600465
Test_U_2Layers_input_size_15_node1_80_node2_20_node3_0_node4_0,0.5719560430249343
Train_U_2Layers_input_size_45_node1_30_node2_40_node3_0_node4_0,0.5720089281359055
Train_U_2Layers_input_size_5_node1_80_node2_70_node3_0_node4_0,0.5720113247837382
Test_U_2Layers_input_size_90_node1_70_node2_100_node3_0_node4_0,0.5720378956412614
Train_U_2Layers_input_size_45_node1_100_node2_10_node3_0_node4_0,0.5720539417574827
Train_U_2Layers_input_size_75_node1_50_node2_30_node3_0_node4_0,0.5720643350243976
Train_U_2Layers_input_size_65_node1_70_node2_10_node3_0_node4_0,0.5720690757501061
Train_U_2Layers_input_size_55_node1_60_node2_90_node3_0_node4_0,0.5720788175576453
Train_U_2Layers_input_size_95_node1_40_node2_50_node3_0_node4_0,0.5721093442865551
Test_U_2Layers_input_size_85_node1_100_node2_30_node3_0_node4_0,0.5721292951763098
Train_U_2Layers_input_size_65_node1_70_node2_20_node3_0_node4_0,0.5721505475781784
Train_U_2Layers_input_size_25_node1_70_node2_70_node3_0_node4_0,0.5721693250851979
Train_U_2Layers_input_size_55_node1_70_node2_60_node3_0_node4_0,0.5722045865885417
Test_U_2Layers_input_size_85_node1_50_node2_30_node3_0_node4_0,0.5722186489158259
Train_U_2Layers_input_size_80_node1_20_node2_100_node3_0_node4_0,0.5722264611705488
Test_U_2Layers_input_size_25_node1_30_node2_30_node3_0_node4_0,0.5722311745126455
Test_U_1Layers_input_size_60_node1_60_node2_0_node3_0_node4_0,0.5722434915161649
Train_U_1Layers_input_size_5_node1_80_node2_0_node3_0_node4_0,0.5722782276835947
Train_U_2Layers_input_size_90_node1_90_node2_60_node3_0_node4_0,0.572278488066693
Train_U_2Layers_input_size_30_node1_20_node2_50_node3_0_node4_0,0.5722909602783569
Train_U_1Layers_input_size_100_node1_80_node2_0_node3_0_node4_0,0.5722948659254965
Train_U_2Layers_input_size_50_node1_50_node2_40_node3_0_node4_0,0.5722964281768892
Train_U_2Layers_input_size_20_node1_10_node2_70_node3_0_node4_0,0.5723071294842714
Train_U_2Layers_input_size_60_node1_90_node2_50_node3_0_node4_0,0.5723082230372607
Test_U_2Layers_input_size_90_node1_70_node2_20_node3_0_node4_0,0.5723152790075012
Train_U_2Layers_input_size_95_node1_80_node2_50_node3_0_node4_0,0.5723354830757977
Train_U_1Layers_input_size_15_node1_20_node2_0_node3_0_node4_0,0.5723382949256712
Train_U_2Layers_input_size_85_node1_100_node2_100_node3_0_node4_0,0.5723757328696056
Train_U_2Layers_input_size_55_node1_30_node2_20_node3_0_node4_0,0.5723800284437012
Train_U_1Layers_input_size_90_node1_20_node2_0_node3_0_node4_0,0.5723955963754438
Train_U_2Layers_input_size_80_node1_10_node2_30_node3_0_node4_0,0.5724019744191882
Test_U_2Layers_input_size_5_node1_80_node2_60_node3_0_node4_0,0.5724640850395787
Train_U_2Layers_input_size_65_node1_10_node2_70_node3_0_node4_0,0.572471061000119
Train_U_2Layers_input_size_75_node1_100_node2_100_node3_0_node4_0,0.5725051066324955
Train_U_2Layers_input_size_75_node1_30_node2_80_node3_0_node4_0,0.5725156999292655
Train_U_2Layers_input_size_85_node1_70_node2_100_node3_0_node4_0,0.5725190314415429
Test_U_2Layers_input_size_70_node1_60_node2_80_node3_0_node4_0,0.5725257985161745
Train_U_2Layers_input_size_65_node1_90_node2_60_node3_0_node4_0,0.5725271258945073
Test_U_1Layers_input_size_15_node1_20_node2_0_node3_0_node4_0,0.5725558069256623
Train_U_2Layers_input_size_45_node1_80_node2_10_node3_0_node4_0,0.5725949222049083
Test_U_2Layers_input_size_35_node1_80_node2_10_node3_0_node4_0,0.5725954687068482
Test_U_2Layers_input_size_95_node1_40_node2_70_node3_0_node4_0,0.5726485810020037
Test_U_2Layers_input_size_90_node1_30_node2_20_node3_0_node4_0,0.5726796758213633
Train_U_2Layers_input_size_45_node1_80_node2_80_node3_0_node4_0,0.572680586522841
Train_U_2Layers_input_size_100_node1_100_node2_100_node3_0_node4_0,0.5726884965547598
Test_U_2Layers_input_size_70_node1_100_node2_20_node3_0_node4_0,0.5726904740456685
Train_U_2Layers_input_size_75_node1_40_node2_30_node3_0_node4_0,0.5726918791008491
Test_U_2Layers_input_size_50_node1_20_node2_80_node3_0_node4_0,0.5727014541999175
Train_U_2Layers_input_size_15_node1_70_node2_70_node3_0_node4_0,0.5727066579909629
Test_U_2Layers_input_size_10_node1_20_node2_60_node3_0_node4_0,0.5727131366447362
Train_U_1Layers_input_size_30_node1_70_node2_0_node3_0_node4_0,0.5727148538659792
Test_U_1Layers_input_size_95_node1_90_node2_0_node3_0_node4_0,0.572761268926129
Train_U_2Layers_input_size_15_node1_80_node2_50_node3_0_node4_0,0.5728048706795285
Test_U_2Layers_input_size_65_node1_100_node2_100_node3_0_node4_0,0.5728554143818408
Test_U_2Layers_input_size_100_node1_40_node2_70_node3_0_node4_0,0.5728682121825275
Train_U_2Layers_input_size_70_node1_100_node2_50_node3_0_node4_0,0.5728885007928399
Train_U_2Layers_input_size_85_node1_90_node2_70_node3_0_node4_0,0.5728985407880782
Test_U_2Layers_input_size_45_node1_50_node2_60_node3_0_node4_0,0.5729134704038298
Train_U_2Layers_input_size_60_node1_10_node2_100_node3_0_node4_0,0.5729177099276205
Train_U_2Layers_input_size_70_node1_60_node2_10_node3_0_node4_0,0.5729327170695759
Train_U_2Layers_input_size_100_node1_90_node2_20_node3_0_node4_0,0.572968087634184
Train_U_2Layers_input_size_95_node1_10_node2_90_node3_0_node4_0,0.5729744332985868
Train_U_2Layers_input_size_100_node1_100_node2_70_node3_0_node4_0,0.5730142221333514
Test_U_1Layers_input_size_90_node1_20_node2_0_node3_0_node4_0,0.5730472473684192
Test_U_2Layers_input_size_75_node1_20_node2_50_node3_0_node4_0,0.5730530980974271
Test_U_2Layers_input_size_55_node1_90_node2_20_node3_0_node4_0,0.5730549443150709
Train_U_2Layers_input_size_10_node1_50_node2_30_node3_0_node4_0,0.5730645393504208
Test_U_2Layers_input_size_100_node1_30_node2_80_node3_0_node4_0,0.5730655794530025
Train_U_2Layers_input_size_70_node1_40_node2_50_node3_0_node4_0,0.5730717420220713
Train_U_2Layers_input_size_90_node1_100_node2_60_node3_0_node4_0,0.5730733281578171
Train_U_1Layers_input_size_95_node1_90_node2_0_node3_0_node4_0,0.5731223921888087
Test_U_2Layers_input_size_70_node1_80_node2_20_node3_0_node4_0,0.5731229121878398
Train_U_2Layers_input_size_75_node1_80_node2_50_node3_0_node4_0,0.573128294150101
Train_U_2Layers_input_size_95_node1_70_node2_90_node3_0_node4_0,0.5731353660236769
Test_U_2Layers_input_size_45_node1_90_node2_100_node3_0_node4_0,0.5731658364809722
Train_U_2Layers_input_size_55_node1_70_node2_20_node3_0_node4_0,0.5731758976158161
Train_U_2Layers_input_size_60_node1_40_node2_70_node3_0_node4_0,0.5731832548713651
Train_U_1Layers_input_size_65_node1_70_node2_0_node3_0_node4_0,0.5731907420168089
Train_U_2Layers_input_size_85_node1_80_node2_30_node3_0_node4_0,0.5732254467782877
Test_U_2Layers_input_size_10_node1_30_node2_50_node3_0_node4_0,0.5732272404504275
Train_U_2Layers_input_size_65_node1_40_node2_10_node3_0_node4_0,0.5732302558865933
Train_U_2Layers_input_size_45_node1_30_node2_70_node3_0_node4_0,0.5732306978026297
Train_U_2Layers_input_size_75_node1_70_node2_10_node3_0_node4_0,0.5732390941425933
Train_U_2Layers_input_size_70_node1_100_node2_100_node3_0_node4_0,0.5732611371991003
Test_U_2Layers_input_size_50_node1_70_node2_100_node3_0_node4_0,0.5732737699838413
Train_U_2Layers_input_size_50_node1_60_node2_10_node3_0_node4_0,0.5732809960195
Train_U_2Layers_input_size_5_node1_50_node2_60_node3_0_node4_0,0.5732814898819212
Test_U_2Layers_input_size_85_node1_70_node2_20_node3_0_node4_0,0.5732871822654316
Train_U_2Layers_input_size_80_node1_20_node2_80_node3_0_node4_0,0.5733660120670218
Test_U_2Layers_input_size_65_node1_100_node2_90_node3_0_node4_0,0.5733765114930021
Train_U_2Layers_input_size_75_node1_60_node2_40_node3_0_node4_0,0.5733988351285829
Train_U_1Layers_input_size_55_node1_100_node2_0_node3_0_node4_0,0.573425757472412
Train_U_2Layers_input_size_40_node1_20_node2_40_node3_0_node4_0,0.5734599802875472
Train_U_2Layers_input_size_95_node1_30_node2_40_node3_0_node4_0,0.5734624748092444
Train_U_2Layers_input_size_90_node1_20_node2_70_node3_0_node4_0,0.573464631522382
Train_U_2Layers_input_size_95_node1_40_node2_40_node3_0_node4_0,0.5734646575068283
Train_U_2Layers_input_size_5_node1_20_node2_30_node3_0_node4_0,0.5734662685401922
Test_U_2Layers_input_size_20_node1_20_node2_90_node3_0_node4_0,0.5734693606721949
Train_U_2Layers_input_size_30_node1_10_node2_70_node3_0_node4_0,0.5734901736647355
Train_U_2Layers_input_size_10_node1_80_node2_60_node3_0_node4_0,0.573493941229334
Train_U_2Layers_input_size_75_node1_50_node2_90_node3_0_node4_0,0.5734956820956499
Test_U_2Layers_input_size_65_node1_10_node2_30_node3_0_node4_0,0.5734962797052564
Train_U_2Layers_input_size_85_node1_90_node2_10_node3_0_node4_0,0.5734963056882686
Train_U_2Layers_input_size_30_node1_50_node2_70_node3_0_node4_0,0.5735003590237625
Train_U_2Layers_input_size_40_node1_50_node2_10_node3_0_node4_0,0.5735046201917262
Train_U_2Layers_input_size_10_node1_20_node2_80_node3_0_node4_0,0.5735138439529631
Train_U_2Layers_input_size_95_node1_90_node2_40_node3_0_node4_0,0.5735209110724675
Train_U_2Layers_input_size_35_node1_20_node2_80_node3_0_node4_0,0.5735277702522377
Train_U_2Layers_input_size_35_node1_40_node2_100_node3_0_node4_0,0.5735287055885777
Test_U_2Layers_input_size_5_node1_80_node2_100_node3_0_node4_0,0.5735348891626714
Train_U_2Layers_input_size_70_node1_20_node2_50_node3_0_node4_0,0.5735389682065662
Train_U_2Layers_input_size_70_node1_70_node2_40_node3_0_node4_0,0.5735653903552069
Test_U_1Layers_input_size_15_node1_40_node2_0_node3_0_node4_0,0.5735996827743829
Train_U_1Layers_input_size_50_node1_70_node2_0_node3_0_node4_0,0.5736022806013863
Test_U_2Layers_input_size_50_node1_30_node2_90_node3_0_node4_0,0.5736141265433761
Train_U_1Layers_input_size_35_node1_20_node2_0_node3_0_node4_0,0.5736248552227025
Train_U_2Layers_input_size_40_node1_10_node2_70_node3_0_node4_0,0.5736341030273884
Test_U_1Layers_input_size_85_node1_50_node2_0_node3_0_node4_0,0.573640675112566
Train_U_2Layers_input_size_25_node1_40_node2_10_node3_0_node4_0,0.5736465457652997
Train_U_2Layers_input_size_80_node1_20_node2_60_node3_0_node4_0,0.5736919244033956
Train_U_2Layers_input_size_40_node1_80_node2_50_node3_0_node4_0,0.5736929373944257
Test_U_2Layers_input_size_95_node1_60_node2_100_node3_0_node4_0,0.5737053788563152
Train_U_2Layers_input_size_30_node1_20_node2_100_node3_0_node4_0,0.5737100021282994
Train_U_2Layers_input_size_100_node1_60_node2_40_node3_0_node4_0,0.573724806737354
Test_U_2Layers_input_size_5_node1_30_node2_90_node3_0_node4_0,0.5737402602638539
Test_U_1Layers_input_size_80_node1_70_node2_0_node3_0_node4_0,0.5737468051613679
Train_U_2Layers_input_size_25_node1_20_node2_40_node3_0_node4_0,0.5737503113257534
Train_U_2Layers_input_size_75_node1_70_node2_100_node3_0_node4_0,0.5737533240128513
Train_U_2Layers_input_size_55_node1_20_node2_20_node3_0_node4_0,0.5737586221483412
Train_U_1Layers_input_size_40_node1_90_node2_0_node3_0_node4_0,0.5737668029967533
Test_U_2Layers_input_size_10_node1_80_node2_50_node3_0_node4_0,0.5737786455420975
Test_U_2Layers_input_size_80_node1_10_node2_90_node3_0_node4_0,0.5738278570103134
Test_U_2Layers_input_size_5_node1_50_node2_20_node3_0_node4_0,0.5738306875152189
Train_U_1Layers_input_size_90_node1_90_node2_0_node3_0_node4_0,0.5738336218771245
Train_U_2Layers_input_size_40_node1_10_node2_100_node3_0_node4_0,0.5738495658468034
Test_U_2Layers_input_size_55_node1_20_node2_10_node3_0_node4_0,0.5738663922268596
Test_U_2Layers_input_size_65_node1_30_node2_40_node3_0_node4_0,0.5739110264837716
Test_U_2Layers_input_size_90_node1_10_node2_50_node3_0_node4_0,0.5739261634335975
Train_U_2Layers_input_size_95_node1_60_node2_30_node3_0_node4_0,0.5739387815806567
Train_U_2Layers_input_size_100_node1_30_node2_90_node3_0_node4_0,0.5739589804237812
Train_U_2Layers_input_size_40_node1_50_node2_60_node3_0_node4_0,0.5739829429109111
Train_U_2Layers_input_size_55_node1_80_node2_80_node3_0_node4_0,0.5740278276948589
Train_U_2Layers_input_size_95_node1_40_node2_30_node3_0_node4_0,0.5740759535756443
Train_U_2Layers_input_size_100_node1_90_node2_10_node3_0_node4_0,0.5741308495331315
Train_U_2Layers_input_size_45_node1_40_node2_30_node3_0_node4_0,0.5741373640241111
Train_U_1Layers_input_size_35_node1_60_node2_0_node3_0_node4_0,0.5741440341633869
Test_U_2Layers_input_size_35_node1_70_node2_40_node3_0_node4_0,0.5741549605665125
Train_U_2Layers_input_size_55_node1_100_node2_90_node3_0_node4_0,0.5741566215692077
Train_U_2Layers_input_size_90_node1_90_node2_50_node3_0_node4_0,0.574165030321614
Test_U_2Layers_input_size_35_node1_20_node2_80_node3_0_node4_0,0.5741726344268591
Test_U_2Layers_input_size_85_node1_40_node2_50_node3_0_node4_0,0.5741915274674277
Train_U_1Layers_input_size_15_node1_70_node2_0_node3_0_node4_0,0.5741945897423796
Test_U_1Layers_input_size_55_node1_20_node2_0_node3_0_node4_0,0.5741961987277585
Test_U_2Layers_input_size_80_node1_50_node2_60_node3_0_node4_0,0.5742139491704471
Test_U_2Layers_input_size_30_node1_30_node2_40_node3_0_node4_0,0.574222357083364
Train_U_2Layers_input_size_70_node1_30_node2_60_node3_0_node4_0,0.5742390168434632
Train_U_2Layers_input_size_30_node1_70_node2_20_node3_0_node4_0,0.5742858536106014
Train_U_2Layers_input_size_70_node1_20_node2_10_node3_0_node4_0,0.5742897197436959
Train_U_2Layers_input_size_25_node1_40_node2_20_node3_0_node4_0,0.5742999428158718
Train_U_1Layers_input_size_95_node1_30_node2_0_node3_0_node4_0,0.5743234500021716
Train_U_2Layers_input_size_80_node1_30_node2_10_node3_0_node4_0,0.5743282758617766
Train_U_2Layers_input_size_40_node1_20_node2_100_node3_0_node4_0,0.5743886475710999
Test_U_1Layers_input_size_60_node1_40_node2_0_node3_0_node4_0,0.5744057435202147
Train_U_2Layers_input_size_65_node1_50_node2_30_node3_0_node4_0,0.5744138373277541
Test_U_2Layers_input_size_60_node1_80_node2_20_node3_0_node4_0,0.5744381440065351
Train_U_2Layers_input_size_100_node1_20_node2_100_node3_0_node4_0,0.5744399079517327
Test_U_2Layers_input_size_25_node1_20_node2_50_node3_0_node4_0,0.57445946662813
Train_U_2Layers_input_size_50_node1_20_node2_90_node3_0_node4_0,0.574464602615782
Test_U_2Layers_input_size_65_node1_20_node2_80_node3_0_node4_0,0.5744739406575096
Train_U_2Layers_input_size_65_node1_10_node2_90_node3_0_node4_0,0.5744978038523425
Train_U_2Layers_input_size_20_node1_10_node2_10_node3_0_node4_0,0.5745089828994092
Train_U_2Layers_input_size_35_node1_40_node2_50_node3_0_node4_0,0.5745317034477082
Train_U_2Layers_input_size_35_node1_90_node2_80_node3_0_node4_0,0.5745519592519984
Test_U_2Layers_input_size_95_node1_80_node2_90_node3_0_node4_0,0.5745575093733446
Train_U_2Layers_input_size_80_node1_40_node2_50_node3_0_node4_0,0.5745664828206107
Train_U_2Layers_input_size_60_node1_60_node2_40_node3_0_node4_0,0.574573407321401
Test_U_2Layers_input_size_100_node1_60_node2_60_node3_0_node4_0,0.5745929355201669
Train_U_2Layers_input_size_100_node1_70_node2_70_node3_0_node4_0,0.5746220061510691
Train_U_2Layers_input_size_20_node1_50_node2_30_node3_0_node4_0,0.5746872217074992
Test_U_2Layers_input_size_100_node1_90_node2_60_node3_0_node4_0,0.5747085350879061
Train_U_2Layers_input_size_80_node1_100_node2_40_node3_0_node4_0,0.5747121131691731
Test_U_2Layers_input_size_75_node1_60_node2_70_node3_0_node4_0,0.5747721334578635
Train_U_2Layers_input_size_5_node1_100_node2_70_node3_0_node4_0,0.5747816479777519
Train_U_2Layers_input_size_70_node1_50_node2_20_node3_0_node4_0,0.5748094388070014
Test_U_2Layers_input_size_95_node1_40_node2_100_node3_0_node4_0,0.5748598062606388
Train_U_2Layers_input_size_100_node1_30_node2_30_node3_0_node4_0,0.5748628649756922
Train_U_2Layers_input_size_15_node1_10_node2_80_node3_0_node4_0,0.574873881399282
Train_U_2Layers_input_size_45_node1_20_node2_100_node3_0_node4_0,0.5749050113751517
Train_U_2Layers_input_size_80_node1_10_node2_40_node3_0_node4_0,0.5749191890819173
Test_U_2Layers_input_size_90_node1_70_node2_50_node3_0_node4_0,0.5749536080926358
Train_U_1Layers_input_size_35_node1_50_node2_0_node3_0_node4_0,0.5749864960204285
Train_U_2Layers_input_size_35_node1_10_node2_80_node3_0_node4_0,0.5750086794073757
Test_U_2Layers_input_size_35_node1_10_node2_10_node3_0_node4_0,0.5750349821976378
Test_U_2Layers_input_size_65_node1_90_node2_20_node3_0_node4_0,0.5750359409958354
Train_U_2Layers_input_size_100_node1_30_node2_70_node3_0_node4_0,0.5750452697597168
Train_U_2Layers_input_size_60_node1_20_node2_100_node3_0_node4_0,0.5750636417994085
Train_U_2Layers_input_size_35_node1_20_node2_10_node3_0_node4_0,0.5750650410562334
Train_U_2Layers_input_size_95_node1_100_node2_50_node3_0_node4_0,0.5750734106139307
Train_U_1Layers_input_size_65_node1_100_node2_0_node3_0_node4_0,0.5750857185657393
Train_U_2Layers_input_size_25_node1_100_node2_10_node3_0_node4_0,0.5750858999441122
Test_U_2Layers_input_size_100_node1_100_node2_10_node3_0_node4_0,0.5751202830681056
Test_U_2Layers_input_size_80_node1_40_node2_40_node3_0_node4_0,0.5751317091071495
Train_U_2Layers_input_size_50_node1_10_node2_40_node3_0_node4_0,0.5751434199138769
Train_U_2Layers_input_size_40_node1_10_node2_20_node3_0_node4_0,0.5751483943436934
Test_U_2Layers_input_size_40_node1_20_node2_10_node3_0_node4_0,0.5751811934132334
Test_U_2Layers_input_size_90_node1_10_node2_100_node3_0_node4_0,0.5751852607820251
Train_U_2Layers_input_size_70_node1_80_node2_10_node3_0_node4_0,0.5751927218678397
Test_U_2Layers_input_size_100_node1_30_node2_50_node3_0_node4_0,0.5752248966918412
Test_U_2Layers_input_size_100_node1_70_node2_60_node3_0_node4_0,0.5752333934464189
Train_U_2Layers_input_size_90_node1_80_node2_20_node3_0_node4_0,0.5752905360416334
Train_U_2Layers_input_size_20_node1_50_node2_100_node3_0_node4_0,0.5753353447136726
Train_U_2Layers_input_size_45_node1_10_node2_70_node3_0_node4_0,0.5753587060013903
Test_U_2Layers_input_size_50_node1_20_node2_100_node3_0_node4_0,0.5753711373420988
Train_U_2Layers_input_size_95_node1_20_node2_30_node3_0_node4_0,0.5753886184605601
Train_U_2Layers_input_size_60_node1_50_node2_30_node3_0_node4_0,0.5754248997980685
Test_U_2Layers_input_size_50_node1_60_node2_40_node3_0_node4_0,0.5754543168191978
Test_U_2Layers_input_size_30_node1_10_node2_10_node3_0_node4_0,0.5754814278301165
Train_U_2Layers_input_size_70_node1_10_node2_50_node3_0_node4_0,0.5755224673793145
Train_U_2Layers_input_size_90_node1_10_node2_50_node3_0_node4_0,0.5756074371309412
Train_U_2Layers_input_size_45_node1_50_node2_20_node3_0_node4_0,0.5756290011934765
Test_U_2Layers_input_size_90_node1_50_node2_80_node3_0_node4_0,0.5756313827690939
Train_U_2Layers_input_size_70_node1_10_node2_60_node3_0_node4_0,0.5756328324189932
Train_U_2Layers_input_size_65_node1_30_node2_20_node3_0_node4_0,0.5756487783269444
Train_U_2Layers_input_size_95_node1_50_node2_90_node3_0_node4_0,0.5756507456486138
Test_U_2Layers_input_size_95_node1_50_node2_10_node3_0_node4_0,0.5756793745952393
Train_U_2Layers_input_size_70_node1_40_node2_80_node3_0_node4_0,0.5756899612501701
Train_U_2Layers_input_size_100_node1_50_node2_20_node3_0_node4_0,0.57570021122446
Test_U_2Layers_input_size_75_node1_80_node2_90_node3_0_node4_0,0.5757339106111753
Test_U_2Layers_input_size_75_node1_30_node2_100_node3_0_node4_0,0.5758009152826161
Train_U_2Layers_input_size_45_node1_10_node2_80_node3_0_node4_0,0.5758081872402384
Test_U_2Layers_input_size_65_node1_80_node2_80_node3_0_node4_0,0.575868403801672
Train_U_2Layers_input_size_30_node1_30_node2_40_node3_0_node4_0,0.5758691283287484
Train_U_2Layers_input_size_60_node1_70_node2_20_node3_0_node4_0,0.5758713795320619
Train_U_2Layers_input_size_10_node1_50_node2_20_node3_0_node4_0,0.5759169451004935
Test_U_2Layers_input_size_65_node1_100_node2_80_node3_0_node4_0,0.5759172038384587
Train_U_2Layers_input_size_35_node1_80_node2_10_node3_0_node4_0,0.5759408002521842
Train_U_2Layers_input_size_95_node1_100_node2_100_node3_0_node4_0,0.5759784438450805
Train_U_2Layers_input_size_75_node1_30_node2_30_node3_0_node4_0,0.5760060734527983
Train_U_2Layers_input_size_5_node1_40_node2_80_node3_0_node4_0,0.5760078584661457
Train_U_2Layers_input_size_35_node1_20_node2_60_node3_0_node4_0,0.5760172490974398
Train_U_2Layers_input_size_55_node1_30_node2_10_node3_0_node4_0,0.5760228109694054
Train_U_2Layers_input_size_85_node1_30_node2_60_node3_0_node4_0,0.5760570864369772
Test_U_2Layers_input_size_100_node1_40_node2_50_node3_0_node4_0,0.576083263760123
Test_U_2Layers_input_size_70_node1_10_node2_50_node3_0_node4_0,0.5760839104180702
Train_U_2Layers_input_size_80_node1_70_node2_90_node3_0_node4_0,0.5761013440427512
Train_U_2Layers_input_size_95_node1_10_node2_20_node3_0_node4_0,0.5761346837341267
Test_U_2Layers_input_size_90_node1_20_node2_50_node3_0_node4_0,0.5761371408111517
Train_U_2Layers_input_size_30_node1_70_node2_50_node3_0_node4_0,0.57615550389712
Train_U_2Layers_input_size_35_node1_90_node2_50_node3_0_node4_0,0.5761567453240645
Train_U_2Layers_input_size_15_node1_90_node2_10_node3_0_node4_0,0.5761733750145993
Test_U_2Layers_input_size_65_node1_90_node2_50_node3_0_node4_0,0.5761931851858916
Train_U_2Layers_input_size_30_node1_80_node2_50_node3_0_node4_0,0.576206684677425
Train_U_2Layers_input_size_55_node1_20_node2_60_node3_0_node4_0,0.5762142359791943
Train_U_2Layers_input_size_80_node1_80_node2_100_node3_0_node4_0,0.576215761743904
Test_U_2Layers_input_size_65_node1_80_node2_100_node3_0_node4_0,0.5762417249850836
Train_U_2Layers_input_size_100_node1_30_node2_50_node3_0_node4_0,0.576298431463058
Test_U_2Layers_input_size_95_node1_100_node2_70_node3_0_node4_0,0.5763255027658597
Train_U_2Layers_input_size_100_node1_20_node2_10_node3_0_node4_0,0.5763280624507515
Train_U_2Layers_input_size_90_node1_40_node2_80_node3_0_node4_0,0.5763422568606505
Train_U_2Layers_input_size_90_node1_30_node2_70_node3_0_node4_0,0.5763563216505976
Test_U_2Layers_input_size_5_node1_40_node2_70_node3_0_node4_0,0.5763763065062726
Train_U_2Layers_input_size_65_node1_20_node2_60_node3_0_node4_0,0.576403219039778
Test_U_2Layers_input_size_100_node1_10_node2_80_node3_0_node4_0,0.5764068641566259
Test_U_1Layers_input_size_100_node1_100_node2_0_node3_0_node4_0,0.5764492854171243
Train_U_2Layers_input_size_95_node1_50_node2_80_node3_0_node4_0,0.5765201098151351
Train_U_2Layers_input_size_30_node1_20_node2_80_node3_0_node4_0,0.5765264422298777
Train_U_2Layers_input_size_70_node1_40_node2_10_node3_0_node4_0,0.5765466796441291
Train_U_2Layers_input_size_25_node1_20_node2_50_node3_0_node4_0,0.5765529083860088
Test_U_2Layers_input_size_70_node1_80_node2_80_node3_0_node4_0,0.5765980582915423
Test_U_2Layers_input_size_15_node1_100_node2_10_node3_0_node4_0,0.5766243402662127
Test_U_2Layers_input_size_5_node1_70_node2_30_node3_0_node4_0,0.5766325579829537
Train_U_2Layers_input_size_35_node1_30_node2_70_node3_0_node4_0,0.5766370285784095
Train_U_2Layers_input_size_35_node1_50_node2_20_node3_0_node4_0,0.576638398175862
Test_U_2Layers_input_size_100_node1_90_node2_50_node3_0_node4_0,0.5766556341525301
Train_U_2Layers_input_size_45_node1_40_node2_20_node3_0_node4_0,0.5766613190693319
Train_U_1Layers_input_size_65_node1_80_node2_0_node3_0_node4_0,0.5766678566543708
Train_U_2Layers_input_size_75_node1_10_node2_60_node3_0_node4_0,0.5766700530595887
Train_U_2Layers_input_size_90_node1_20_node2_50_node3_0_node4_0,0.5766824044531359
Train_U_2Layers_input_size_40_node1_20_node2_60_node3_0_node4_0,0.5766942129648791
Train_U_2Layers_input_size_75_node1_10_node2_100_node3_0_node4_0,0.5767005693065412
Train_U_2Layers_input_size_70_node1_20_node2_20_node3_0_node4_0,0.5767058662044094
Train_U_2Layers_input_size_60_node1_100_node2_90_node3_0_node4_0,0.5767293528385985
Train_U_2Layers_input_size_70_node1_100_node2_10_node3_0_node4_0,0.5767313939860542
Train_U_2Layers_input_size_65_node1_10_node2_80_node3_0_node4_0,0.5767597109320607
Train_U_1Layers_input_size_95_node1_80_node2_0_node3_0_node4_0,0.5767804826982567
Train_U_2Layers_input_size_85_node1_30_node2_20_node3_0_node4_0,0.5767901966008538
Test_U_2Layers_input_size_35_node1_10_node2_20_node3_0_node4_0,0.5767929350651105
Train_U_2Layers_input_size_85_node1_50_node2_20_node3_0_node4_0,0.5768012795505537
Train_U_2Layers_input_size_10_node1_10_node2_70_node3_0_node4_0,0.5768094430789344
Train_U_2Layers_input_size_40_node1_10_node2_60_node3_0_node4_0,0.5768912786499331
Train_U_2Layers_input_size_75_node1_10_node2_20_node3_0_node4_0,0.5769759435151015
Test_U_2Layers_input_size_90_node1_20_node2_70_node3_0_node4_0,0.5769813670152989
Test_U_2Layers_input_size_50_node1_10_node2_50_node3_0_node4_0,0.5769814703195698
Test_U_2Layers_input_size_10_node1_90_node2_100_node3_0_node4_0,0.5769960618620213
Train_U_2Layers_input_size_90_node1_30_node2_10_node3_0_node4_0,0.5770156888415567
Train_U_2Layers_input_size_75_node1_80_node2_30_node3_0_node4_0,0.5770300987515197
Test_U_2Layers_input_size_90_node1_60_node2_70_node3_0_node4_0,0.5770436819572367
Train_U_2Layers_input_size_45_node1_20_node2_40_node3_0_node4_0,0.5770566192760298
Train_U_2Layers_input_size_10_node1_40_node2_20_node3_0_node4_0,0.5771296670769192
Train_U_2Layers_input_size_65_node1_30_node2_70_node3_0_node4_0,0.5771342629178244
Train_U_2Layers_input_size_80_node1_90_node2_50_node3_0_node4_0,0.5771904170071552
Train_U_2Layers_input_size_35_node1_100_node2_20_node3_0_node4_0,0.5772262753121087
Train_U_2Layers_input_size_50_node1_20_node2_50_node3_0_node4_0,0.577255213327768
Test_U_2Layers_input_size_40_node1_20_node2_40_node3_0_node4_0,0.5772624153381485
Train_U_2Layers_input_size_15_node1_30_node2_90_node3_0_node4_0,0.5772670101221947
Test_U_2Layers_input_size_15_node1_90_node2_10_node3_0_node4_0,0.5772681717191115
Test_U_2Layers_input_size_80_node1_40_node2_60_node3_0_node4_0,0.5772681975323497
Test_U_2Layers_input_size_5_node1_10_node2_40_node3_0_node4_0,0.5772715016173183
Train_U_2Layers_input_size_50_node1_20_node2_40_node3_0_node4_0,0.5772791422413773
Train_U_2Layers_input_size_40_node1_100_node2_10_node3_0_node4_0,0.5772828334525822
Test_U_2Layers_input_size_40_node1_80_node2_50_node3_0_node4_0,0.5772914031666109
Test_U_2Layers_input_size_55_node1_30_node2_70_node3_0_node4_0,0.5773090326300683
Train_U_2Layers_input_size_25_node1_50_node2_90_node3_0_node4_0,0.5773197442666033
Train_U_2Layers_input_size_30_node1_10_node2_60_node3_0_node4_0,0.5773345853622742
Train_U_2Layers_input_size_65_node1_50_node2_100_node3_0_node4_0,0.5773472322557709
Train_U_2Layers_input_size_45_node1_40_node2_40_node3_0_node4_0,0.577357865755913
Train_U_2Layers_input_size_90_node1_70_node2_60_node3_0_node4_0,0.5773649890590888
Train_U_2Layers_input_size_85_node1_10_node2_70_node3_0_node4_0,0.5774221013527675
Train_U_2Layers_input_size_70_node1_90_node2_20_node3_0_node4_0,0.5774286819364401
Test_U_2Layers_input_size_55_node1_90_node2_30_node3_0_node4_0,0.5774477781076152
Train_U_2Layers_input_size_45_node1_70_node2_80_node3_0_node4_0,0.577455674447894
Train_U_2Layers_input_size_100_node1_60_node2_90_node3_0_node4_0,0.5774763695724935
Train_U_2Layers_input_size_40_node1_50_node2_40_node3_0_node4_0,0.5774795950550335
Test_U_2Layers_input_size_30_node1_20_node2_100_node3_0_node4_0,0.5775191251056743
Train_U_2Layers_input_size_40_node1_50_node2_70_node3_0_node4_0,0.5775564336244521
Train_U_2Layers_input_size_100_node1_20_node2_90_node3_0_node4_0,0.5775595554590063
Test_U_2Layers_input_size_95_node1_70_node2_70_node3_0_node4_0,0.5775706494452707
Test_U_2Layers_input_size_90_node1_30_node2_10_node3_0_node4_0,0.5776004473535227
Test_U_2Layers_input_size_65_node1_90_node2_100_node3_0_node4_0,0.5776518870512158
Test_U_2Layers_input_size_75_node1_30_node2_60_node3_0_node4_0,0.5777302760558484
Train_U_1Layers_input_size_90_node1_50_node2_0_node3_0_node4_0,0.5777769071799631
Train_U_2Layers_input_size_15_node1_60_node2_80_node3_0_node4_0,0.5777996539621582
Train_U_2Layers_input_size_70_node1_80_node2_100_node3_0_node4_0,0.5778696166259544
Test_U_2Layers_input_size_10_node1_40_node2_20_node3_0_node4_0,0.5778800084406361
Test_U_2Layers_input_size_100_node1_50_node2_100_node3_0_node4_0,0.5779426390191585
Test_U_2Layers_input_size_35_node1_50_node2_50_node3_0_node4_0,0.5779666941643067
Train_U_1Layers_input_size_80_node1_20_node2_0_node3_0_node4_0,0.5779732427657042
Train_U_2Layers_input_size_95_node1_20_node2_70_node3_0_node4_0,0.5779819311498832
Test_U_2Layers_input_size_40_node1_50_node2_60_node3_0_node4_0,0.577985617872841
Train_U_2Layers_input_size_65_node1_20_node2_10_node3_0_node4_0,0.5779871905237307
Train_U_2Layers_input_size_100_node1_80_node2_90_node3_0_node4_0,0.5779945123174385
Train_U_2Layers_input_size_40_node1_10_node2_30_node3_0_node4_0,0.5780249070820119
Test_U_2Layers_input_size_95_node1_40_node2_90_node3_0_node4_0,0.5780387246992786
Test_U_2Layers_input_size_75_node1_80_node2_50_node3_0_node4_0,0.578050711730276
Train_U_2Layers_input_size_65_node1_90_node2_90_node3_0_node4_0,0.5780999203989884
Test_U_2Layers_input_size_10_node1_90_node2_70_node3_0_node4_0,0.5781214172664667
Train_U_2Layers_input_size_55_node1_20_node2_90_node3_0_node4_0,0.5781337118781148
Train_U_2Layers_input_size_65_node1_10_node2_100_node3_0_node4_0,0.5781630426210622
Train_U_2Layers_input_size_55_node1_90_node2_90_node3_0_node4_0,0.5782471347363473
Test_U_2Layers_input_size_5_node1_90_node2_100_node3_0_node4_0,0.5782475212792798
Train_U_2Layers_input_size_80_node1_70_node2_80_node3_0_node4_0,0.5782627250963353
Train_U_1Layers_input_size_55_node1_70_node2_0_node3_0_node4_0,0.5782655081246483
Test_U_2Layers_input_size_30_node1_50_node2_70_node3_0_node4_0,0.5782763051169727
Train_U_2Layers_input_size_80_node1_30_node2_30_node3_0_node4_0,0.5783242062866268
Test_U_1Layers_input_size_100_node1_50_node2_0_node3_0_node4_0,0.578352754424376
Test_U_1Layers_input_size_75_node1_50_node2_0_node3_0_node4_0,0.5783552278428991
Train_U_2Layers_input_size_100_node1_70_node2_40_node3_0_node4_0,0.5783847276963194
Train_U_2Layers_input_size_45_node1_40_node2_60_node3_0_node4_0,0.5784022723104497
Train_U_1Layers_input_size_25_node1_30_node2_0_node3_0_node4_0,0.5784098722350751
Test_U_2Layers_input_size_40_node1_20_node2_60_node3_0_node4_0,0.5784735015843799
Train_U_1Layers_input_size_100_node1_50_node2_0_node3_0_node4_0,0.5784745319615974
Train_U_1Layers_input_size_15_node1_40_node2_0_node3_0_node4_0,0.5784775973229674
Test_U_2Layers_input_size_100_node1_60_node2_70_node3_0_node4_0,0.5784912753341585
Train_U_2Layers_input_size_45_node1_20_node2_10_node3_0_node4_0,0.5785229576207654
Test_U_2Layers_input_size_100_node1_100_node2_80_node3_0_node4_0,0.5785385405479245
Test_U_2Layers_input_size_95_node1_20_node2_40_node3_0_node4_0,0.5785556426493376
Train_U_2Layers_input_size_25_node1_50_node2_40_node3_0_node4_0,0.5786125601590971
Train_U_1Layers_input_size_5_node1_10_node2_0_node3_0_node4_0,0.5786381325837382
Train_U_2Layers_input_size_50_node1_80_node2_40_node3_0_node4_0,0.5786821927911736
Train_U_2Layers_input_size_80_node1_20_node2_10_node3_0_node4_0,0.5787520745159893
Train_U_2Layers_input_size_5_node1_20_node2_100_node3_0_node4_0,0.5788208150691684
Test_U_2Layers_input_size_100_node1_100_node2_60_node3_0_node4_0,0.5788210210211059
Train_U_2Layers_input_size_95_node1_10_node2_10_node3_0_node4_0,0.5788398395701362
Train_U_2Layers_input_size_50_node1_10_node2_20_node3_0_node4_0,0.578862287162243
Train_U_2Layers_input_size_80_node1_40_node2_10_node3_0_node4_0,0.5788654019542988
Train_U_2Layers_input_size_95_node1_60_node2_50_node3_0_node4_0,0.5788785302324916
Train_U_2Layers_input_size_100_node1_70_node2_20_node3_0_node4_0,0.578896085621589
Train_U_2Layers_input_size_35_node1_60_node2_20_node3_0_node4_0,0.5789164461172326
Train_U_2Layers_input_size_50_node1_20_node2_100_node3_0_node4_0,0.5789244253829224
Train_U_1Layers_input_size_75_node1_70_node2_0_node3_0_node4_0,0.5789807919015759
Train_U_2Layers_input_size_100_node1_100_node2_10_node3_0_node4_0,0.57900356859547
Train_U_2Layers_input_size_25_node1_30_node2_30_node3_0_node4_0,0.5790056017257154
Test_U_2Layers_input_size_40_node1_80_node2_30_node3_0_node4_0,0.5790264988025474
Test_U_1Layers_input_size_80_node1_20_node2_0_node3_0_node4_0,0.5790578687372507
Test_U_2Layers_input_size_75_node1_60_node2_10_node3_0_node4_0,0.5790690884161303
Train_U_2Layers_input_size_55_node1_20_node2_80_node3_0_node4_0,0.5791001472648838
Train_U_2Layers_input_size_100_node1_10_node2_80_node3_0_node4_0,0.5791022572505187
Train_U_2Layers_input_size_10_node1_10_node2_90_node3_0_node4_0,0.5791402099476152
Train_U_2Layers_input_size_60_node1_10_node2_60_node3_0_node4_0,0.57915726855312
Train_U_2Layers_input_size_30_node1_90_node2_20_node3_0_node4_0,0.579169875646067
Test_U_2Layers_input_size_25_node1_100_node2_10_node3_0_node4_0,0.579201520813281
Test_U_2Layers_input_size_65_node1_20_node2_60_node3_0_node4_0,0.5792157991641309
Train_U_2Layers_input_size_85_node1_100_node2_40_node3_0_node4_0,0.5792237485799081
Train_U_2Layers_input_size_80_node1_50_node2_100_node3_0_node4_0,0.579234116100634
Test_U_2Layers_input_size_45_node1_10_node2_70_node3_0_node4_0,0.5792342447287581
Test_U_1Layers_input_size_95_node1_40_node2_0_node3_0_node4_0,0.5792395956334058
Train_U_2Layers_input_size_100_node1_60_node2_50_node3_0_node4_0,0.5793203162648484
Train_U_2Layers_input_size_75_node1_40_node2_70_node3_0_node4_0,0.5793288043965982
Train_U_2Layers_input_size_15_node1_20_node2_20_node3_0_node4_0,0.579398556696431
Train_U_2Layers_input_size_100_node1_70_node2_50_node3_0_node4_0,0.5794207254696759
Train_U_2Layers_input_size_20_node1_30_node2_20_node3_0_node4_0,0.5794306779957112
Train_U_2Layers_input_size_70_node1_40_node2_70_node3_0_node4_0,0.5794417875902989
Train_U_1Layers_input_size_25_node1_20_node2_0_node3_0_node4_0,0.5794855552630669
Train_U_2Layers_input_size_80_node1_50_node2_30_node3_0_node4_0,0.5794950952511598
Train_U_2Layers_input_size_20_node1_100_node2_90_node3_0_node4_0,0.5795946000505794
Train_U_2Layers_input_size_30_node1_30_node2_50_node3_0_node4_0,0.5796128793073949
Train_U_2Layers_input_size_90_node1_50_node2_30_node3_0_node4_0,0.5796327004660535
Train_U_2Layers_input_size_50_node1_90_node2_40_node3_0_node4_0,0.5796669938401141
Train_U_2Layers_input_size_35_node1_30_node2_30_node3_0_node4_0,0.5796698729516158
Train_U_2Layers_input_size_95_node1_60_node2_40_node3_0_node4_0,0.5796790500240928
Train_U_2Layers_input_size_35_node1_10_node2_20_node3_0_node4_0,0.57971997234361
Test_U_2Layers_input_size_90_node1_90_node2_60_node3_0_node4_0,0.5797370395930739
Train_U_2Layers_input_size_20_node1_10_node2_30_node3_0_node4_0,0.5797534123707271
Train_U_1Layers_input_size_95_node1_40_node2_0_node3_0_node4_0,0.5798282020682078
Train_U_2Layers_input_size_60_node1_20_node2_10_node3_0_node4_0,0.5798515108370902
Test_U_2Layers_input_size_45_node1_30_node2_70_node3_0_node4_0,0.579852153292644
Test_U_2Layers_input_size_60_node1_20_node2_10_node3_0_node4_0,0.5798528985401945
Train_U_2Layers_input_size_30_node1_10_node2_10_node3_0_node4_0,0.5798728399810065
Test_U_2Layers_input_size_95_node1_20_node2_30_node3_0_node4_0,0.5798737650827496
Test_U_2Layers_input_size_95_node1_10_node2_100_node3_0_node4_0,0.5799316324027005
Test_U_2Layers_input_size_80_node1_20_node2_80_node3_0_node4_0,0.5799438629442659
Train_U_1Layers_input_size_70_node1_80_node2_0_node3_0_node4_0,0.5799487448111007
Train_U_2Layers_input_size_25_node1_70_node2_80_node3_0_node4_0,0.5799494128528395
Test_U_2Layers_input_size_20_node1_50_node2_30_node3_0_node4_0,0.5799642123493902
Train_U_2Layers_input_size_75_node1_30_node2_90_node3_0_node4_0,0.5800140294071845
Train_U_1Layers_input_size_20_node1_80_node2_0_node3_0_node4_0,0.5800306255788747
Train_U_2Layers_input_size_30_node1_80_node2_20_node3_0_node4_0,0.580033502885418
Test_U_2Layers_input_size_80_node1_80_node2_50_node3_0_node4_0,0.5800403878109938
Train_U_2Layers_input_size_15_node1_40_node2_100_node3_0_node4_0,0.5800459367960126
Train_U_2Layers_input_size_55_node1_30_node2_40_node3_0_node4_0,0.5800476836877173
Train_U_2Layers_input_size_80_node1_10_node2_60_node3_0_node4_0,0.5801027080836985
Train_U_2Layers_input_size_15_node1_10_node2_70_node3_0_node4_0,0.5801035300705876
Train_U_2Layers_input_size_65_node1_40_node2_50_node3_0_node4_0,0.5801072803709894
Train_U_1Layers_input_size_75_node1_40_node2_0_node3_0_node4_0,0.5801539259169775
Train_U_1Layers_input_size_80_node1_10_node2_0_node3_0_node4_0,0.5801567769272946
Test_U_2Layers_input_size_65_node1_40_node2_10_node3_0_node4_0,0.5801609378361262
Train_U_2Layers_input_size_75_node1_70_node2_90_node3_0_node4_0,0.580167333248924
Train_U_2Layers_input_size_15_node1_70_node2_90_node3_0_node4_0,0.5801676414598084
Train_U_2Layers_input_size_55_node1_80_node2_50_node3_0_node4_0,0.5801750384719119
Train_U_2Layers_input_size_35_node1_40_node2_20_node3_0_node4_0,0.5801767592910667
Test_U_2Layers_input_size_15_node1_20_node2_20_node3_0_node4_0,0.580189344231221
Train_U_2Layers_input_size_80_node1_70_node2_20_node3_0_node4_0,0.5801985387700224
Test_U_2Layers_input_size_45_node1_20_node2_40_node3_0_node4_0,0.5802183142396555
Train_U_2Layers_input_size_25_node1_70_node2_10_node3_0_node4_0,0.5802204715228413
Train_U_2Layers_input_size_100_node1_10_node2_90_node3_0_node4_0,0.580243687491408
Train_U_2Layers_input_size_80_node1_60_node2_100_node3_0_node4_0,0.5802731426986824
Train_U_2Layers_input_size_80_node1_10_node2_90_node3_0_node4_0,0.5802765580706177
Train_U_2Layers_input_size_55_node1_20_node2_30_node3_0_node4_0,0.5802806924413283
Train_U_1Layers_input_size_20_node1_90_node2_0_node3_0_node4_0,0.5802869581395483
Train_U_2Layers_input_size_20_node1_20_node2_10_node3_0_node4_0,0.5802958173105108
Test_U_2Layers_input_size_55_node1_10_node2_30_node3_0_node4_0,0.5803089645845015
Test_U_2Layers_input_size_100_node1_100_node2_50_node3_0_node4_0,0.5803822449086729
Train_U_2Layers_input_size_60_node1_10_node2_40_node3_0_node4_0,0.5803833489212913
Train_U_2Layers_input_size_25_node1_10_node2_80_node3_0_node4_0,0.5803955956180856
Train_U_2Layers_input_size_95_node1_80_node2_10_node3_0_node4_0,0.5804024249007127
Train_U_2Layers_input_size_95_node1_100_node2_20_node3_0_node4_0,0.5804128227143112
Train_U_2Layers_input_size_75_node1_20_node2_80_node3_0_node4_0,0.5804380334297359
Train_U_2Layers_input_size_70_node1_70_node2_70_node3_0_node4_0,0.580464757646306
Train_U_2Layers_input_size_80_node1_60_node2_60_node3_0_node4_0,0.5804665546196024
Train_U_2Layers_input_size_90_node1_40_node2_40_node3_0_node4_0,0.580483625588474
Train_U_2Layers_input_size_25_node1_70_node2_20_node3_0_node4_0,0.5805607339054135
Test_U_2Layers_input_size_50_node1_60_node2_10_node3_0_node4_0,0.5806580030918731
Test_U_1Layers_input_size_95_node1_30_node2_0_node3_0_node4_0,0.5806718863618708
Test_U_2Layers_input_size_90_node1_50_node2_60_node3_0_node4_0,0.5807259022117746
Train_U_2Layers_input_size_90_node1_90_node2_30_node3_0_node4_0,0.5807274161228316
Test_U_1Layers_input_size_40_node1_10_node2_0_node3_0_node4_0,0.5807432734624965
Train_U_2Layers_input_size_70_node1_100_node2_40_node3_0_node4_0,0.5807649034073158
Train_U_2Layers_input_size_60_node1_80_node2_50_node3_0_node4_0,0.5807763466821749
Train_U_2Layers_input_size_75_node1_10_node2_40_node3_0_node4_0,0.5807977188316451
Train_U_2Layers_input_size_70_node1_10_node2_40_node3_0_node4_0,0.5808339701511754
Train_U_1Layers_input_size_95_node1_60_node2_0_node3_0_node4_0,0.5808370743699006
Train_U_2Layers_input_size_60_node1_30_node2_60_node3_0_node4_0,0.580846976973305
Train_U_2Layers_input_size_5_node1_70_node2_80_node3_0_node4_0,0.5808525439067864
Train_U_2Layers_input_size_30_node1_40_node2_40_node3_0_node4_0,0.5808849952450189
Test_U_2Layers_input_size_85_node1_80_node2_30_node3_0_node4_0,0.5808893818085625
Test_U_1Layers_input_size_75_node1_30_node2_0_node3_0_node4_0,0.5809543298558154
Train_U_2Layers_input_size_20_node1_60_node2_30_node3_0_node4_0,0.5809982144136288
Train_U_2Layers_input_size_35_node1_50_node2_40_node3_0_node4_0,0.5810069088566111
Train_U_2Layers_input_size_50_node1_10_node2_60_node3_0_node4_0,0.5810473786222963
Test_U_2Layers_input_size_100_node1_30_node2_10_node3_0_node4_0,0.5811021032140716
Train_U_2Layers_input_size_95_node1_10_node2_40_node3_0_node4_0,0.581103385359212
Train_U_2Layers_input_size_75_node1_10_node2_90_node3_0_node4_0,0.5811071548495406
Train_U_2Layers_input_size_95_node1_70_node2_40_node3_0_node4_0,0.5811156425239629
Train_U_2Layers_input_size_65_node1_70_node2_100_node3_0_node4_0,0.581122591554833
Test_U_2Layers_input_size_100_node1_40_node2_30_node3_0_node4_0,0.5811801037755171
Train_U_2Layers_input_size_50_node1_10_node2_10_node3_0_node4_0,0.5812852674470214
Test_U_2Layers_input_size_55_node1_100_node2_80_node3_0_node4_0,0.5813075180717928
Test_U_2Layers_input_size_70_node1_40_node2_10_node3_0_node4_0,0.5813724450379427
Test_U_2Layers_input_size_20_node1_30_node2_20_node3_0_node4_0,0.5813861574649616
Train_U_2Layers_input_size_75_node1_50_node2_80_node3_0_node4_0,0.581408378599228
Test_U_2Layers_input_size_80_node1_50_node2_90_node3_0_node4_0,0.5814129918770418
Test_U_2Layers_input_size_50_node1_30_node2_80_node3_0_node4_0,0.5814557910983436
Test_U_2Layers_input_size_80_node1_10_node2_20_node3_0_node4_0,0.5815189590430274
Test_U_1Layers_input_size_15_node1_70_node2_0_node3_0_node4_0,0.5815354353947673
Train_U_2Layers_input_size_85_node1_10_node2_100_node3_0_node4_0,0.5815439680653016
Test_U_2Layers_input_size_80_node1_30_node2_60_node3_0_node4_0,0.5815553703875489
Test_U_2Layers_input_size_95_node1_80_node2_60_node3_0_node4_0,0.581567771760639
Test_U_2Layers_input_size_80_node1_100_node2_40_node3_0_node4_0,0.5815719225743808
Test_U_2Layers_input_size_65_node1_90_node2_10_node3_0_node4_0,0.581581915152623
Train_U_2Layers_input_size_90_node1_40_node2_70_node3_0_node4_0,0.5816128654337326
Train_U_2Layers_input_size_75_node1_90_node2_60_node3_0_node4_0,0.5816285961539229
Test_U_2Layers_input_size_80_node1_20_node2_10_node3_0_node4_0,0.5816414314915156
Train_U_2Layers_input_size_55_node1_50_node2_70_node3_0_node4_0,0.5816627974732188
Test_U_1Layers_input_size_55_node1_10_node2_0_node3_0_node4_0,0.581666640192412
Test_U_2Layers_input_size_35_node1_50_node2_20_node3_0_node4_0,0.5816703035610726
Train_U_2Layers_input_size_55_node1_50_node2_30_node3_0_node4_0,0.5816759394678068
Train_U_2Layers_input_size_45_node1_20_node2_30_node3_0_node4_0,0.5816839064973504
Test_U_2Layers_input_size_95_node1_40_node2_40_node3_0_node4_0,0.5816884663558348
Test_U_2Layers_input_size_45_node1_40_node2_20_node3_0_node4_0,0.5816908999735427
Test_U_2Layers_input_size_70_node1_40_node2_50_node3_0_node4_0,0.5817398519528406
Train_U_2Layers_input_size_60_node1_40_node2_30_node3_0_node4_0,0.581764697796995
Train_U_2Layers_input_size_70_node1_70_node2_100_node3_0_node4_0,0.5817757628211238
Train_U_2Layers_input_size_100_node1_50_node2_10_node3_0_node4_0,0.5817759933402219
Train_U_2Layers_input_size_70_node1_70_node2_60_node3_0_node4_0,0.5818667851492009
Train_U_2Layers_input_size_90_node1_80_node2_30_node3_0_node4_0,0.5818703192124134
Train_U_2Layers_input_size_100_node1_10_node2_30_node3_0_node4_0,0.5818884757639806
Test_U_2Layers_input_size_30_node1_20_node2_80_node3_0_node4_0,0.5819005371373817
Train_U_2Layers_input_size_40_node1_20_node2_10_node3_0_node4_0,0.5819033795902533
Train_U_2Layers_input_size_55_node1_100_node2_100_node3_0_node4_0,0.5819850109601882
Test_U_2Layers_input_size_90_node1_50_node2_40_node3_0_node4_0,0.5819868032394699
Train_U_2Layers_input_size_65_node1_60_node2_30_node3_0_node4_0,0.5820356023228892
Test_U_2Layers_input_size_100_node1_30_node2_40_node3_0_node4_0,0.5820462269744211
Train_U_2Layers_input_size_65_node1_60_node2_70_node3_0_node4_0,0.5820676804988576
Train_U_1Layers_input_size_50_node1_50_node2_0_node3_0_node4_0,0.5821422496662096
Train_U_2Layers_input_size_70_node1_10_node2_80_node3_0_node4_0,0.5821773422509924
Train_U_2Layers_input_size_40_node1_80_node2_70_node3_0_node4_0,0.5821814887186434
Train_U_2Layers_input_size_70_node1_30_node2_30_node3_0_node4_0,0.5822119208398046
Train_U_2Layers_input_size_45_node1_10_node2_10_node3_0_node4_0,0.5822285311415136
Train_U_2Layers_input_size_40_node1_70_node2_80_node3_0_node4_0,0.5822347246920457
Train_U_2Layers_input_size_60_node1_40_node2_80_node3_0_node4_0,0.5822402015785352
Train_U_2Layers_input_size_90_node1_10_node2_20_node3_0_node4_0,0.5822661776983417
Train_U_2Layers_input_size_40_node1_40_node2_90_node3_0_node4_0,0.582323218726541
Test_U_2Layers_input_size_55_node1_20_node2_20_node3_0_node4_0,0.5823334031226006
Train_U_2Layers_input_size_100_node1_30_node2_10_node3_0_node4_0,0.5823443549879497
Train_U_2Layers_input_size_25_node1_20_node2_10_node3_0_node4_0,0.5823497029034275
Train_U_2Layers_input_size_40_node1_10_node2_80_node3_0_node4_0,0.5824854313989123
Train_U_1Layers_input_size_5_node1_100_node2_0_node3_0_node4_0,0.582548717909124
Train_U_2Layers_input_size_25_node1_60_node2_60_node3_0_node4_0,0.5825536546840857
Train_U_2Layers_input_size_60_node1_20_node2_20_node3_0_node4_0,0.5825652674509089
Train_U_1Layers_input_size_60_node1_50_node2_0_node3_0_node4_0,0.582566418483469
Train_U_2Layers_input_size_100_node1_20_node2_70_node3_0_node4_0,0.5825684647579608
Train_U_2Layers_input_size_40_node1_20_node2_30_node3_0_node4_0,0.5826049639717247
Test_U_2Layers_input_size_45_node1_10_node2_80_node3_0_node4_0,0.5826189287283055
Train_U_1Layers_input_size_5_node1_20_node2_0_node3_0_node4_0,0.5826397473593283
Train_U_2Layers_input_size_50_node1_60_node2_90_node3_0_node4_0,0.582643813810978
Test_U_2Layers_input_size_80_node1_70_node2_60_node3_0_node4_0,0.5826770860379082
Train_U_2Layers_input_size_25_node1_50_node2_30_node3_0_node4_0,0.5827281287436825
Train_U_2Layers_input_size_100_node1_90_node2_80_node3_0_node4_0,0.582773644018811
Train_U_2Layers_input_size_20_node1_60_node2_40_node3_0_node4_0,0.5827787578725235
Train_U_2Layers_input_size_45_node1_60_node2_40_node3_0_node4_0,0.5827911587814278
Test_U_2Layers_input_size_30_node1_70_node2_50_node3_0_node4_0,0.5828472280510526
Train_U_1Layers_input_size_30_node1_60_node2_0_node3_0_node4_0,0.5828514464509714
Test_U_2Layers_input_size_25_node1_40_node2_20_node3_0_node4_0,0.5828731515533176
Train_U_2Layers_input_size_30_node1_30_node2_30_node3_0_node4_0,0.5829323059976191
Test_U_2Layers_input_size_20_node1_50_node2_100_node3_0_node4_0,0.5829384409464475
Train_U_2Layers_input_size_35_node1_60_node2_40_node3_0_node4_0,0.5829400257977342
Train_U_2Layers_input_size_90_node1_80_node2_70_node3_0_node4_0,0.5829546982485977
Test_U_2Layers_input_size_35_node1_70_node2_80_node3_0_node4_0,0.5830203363297074
Train_U_2Layers_input_size_75_node1_40_node2_80_node3_0_node4_0,0.5830560916610215
Train_U_2Layers_input_size_65_node1_10_node2_10_node3_0_node4_0,0.5831889728890984
Train_U_2Layers_input_size_60_node1_10_node2_20_node3_0_node4_0,0.5831919112663653
Train_U_2Layers_input_size_60_node1_30_node2_30_node3_0_node4_0,0.5832371093087442
Train_U_1Layers_input_size_60_node1_10_node2_0_node3_0_node4_0,0.5832632198658683
Train_U_2Layers_input_size_40_node1_40_node2_30_node3_0_node4_0,0.5832962779355529
Train_U_1Layers_input_size_45_node1_40_node2_0_node3_0_node4_0,0.5833137259139893
Train_U_2Layers_input_size_60_node1_50_node2_80_node3_0_node4_0,0.583396437047358
Train_U_1Layers_input_size_90_node1_80_node2_0_node3_0_node4_0,0.5834076499147746
Train_U_2Layers_input_size_35_node1_50_node2_30_node3_0_node4_0,0.5834077520811407
Train_U_2Layers_input_size_25_node1_80_node2_50_node3_0_node4_0,0.58341518463628
Test_U_2Layers_input_size_70_node1_50_node2_30_node3_0_node4_0,0.5834197820456677
Test_U_1Layers_input_size_45_node1_20_node2_0_node3_0_node4_0,0.5834595992035925
Test_U_2Layers_input_size_15_node1_80_node2_50_node3_0_node4_0,0.5835034741050638
Train_U_2Layers_input_size_85_node1_20_node2_10_node3_0_node4_0,0.5835834517585271
Train_U_1Layers_input_size_70_node1_50_node2_0_node3_0_node4_0,0.5836064573485016
Test_U_2Layers_input_size_60_node1_10_node2_40_node3_0_node4_0,0.583611614970085
Train_U_1Layers_input_size_40_node1_10_node2_0_node3_0_node4_0,0.5836254535116892
Train_U_2Layers_input_size_30_node1_20_node2_10_node3_0_node4_0,0.5837000789575619
Train_U_2Layers_input_size_55_node1_50_node2_40_node3_0_node4_0,0.5837023254874305
Test_U_1Layers_input_size_65_node1_80_node2_0_node3_0_node4_0,0.5837142472682925
Train_U_2Layers_input_size_50_node1_20_node2_30_node3_0_node4_0,0.5837994285829655
Train_U_2Layers_input_size_35_node1_30_node2_20_node3_0_node4_0,0.5838060393789152
Train_U_2Layers_input_size_100_node1_20_node2_30_node3_0_node4_0,0.583812420385086
Train_U_2Layers_input_size_95_node1_40_node2_20_node3_0_node4_0,0.5839131034303922
Train_U_2Layers_input_size_60_node1_80_node2_40_node3_0_node4_0,0.5839283128448687
Train_U_2Layers_input_size_95_node1_90_node2_100_node3_0_node4_0,0.5839504372422072
Test_U_2Layers_input_size_80_node1_90_node2_60_node3_0_node4_0,0.5839509220812057
Train_U_2Layers_input_size_60_node1_10_node2_70_node3_0_node4_0,0.5839629408561257
Train_U_2Layers_input_size_25_node1_10_node2_100_node3_0_node4_0,0.5839813130276122
Train_U_2Layers_input_size_50_node1_70_node2_70_node3_0_node4_0,0.5839958317376013
Train_U_2Layers_input_size_70_node1_20_node2_80_node3_0_node4_0,0.5840161165012409
Test_U_2Layers_input_size_100_node1_10_node2_90_node3_0_node4_0,0.5840366046730875
Train_U_2Layers_input_size_85_node1_20_node2_30_node3_0_node4_0,0.5840567859678345
Train_U_1Layers_input_size_100_node1_30_node2_0_node3_0_node4_0,0.5841208206050098
Train_U_2Layers_input_size_100_node1_80_node2_60_node3_0_node4_0,0.5841371980581642
Test_U_2Layers_input_size_75_node1_80_node2_60_node3_0_node4_0,0.584150258875493
Train_U_2Layers_input_size_80_node1_60_node2_80_node3_0_node4_0,0.5842106358509721
Train_U_2Layers_input_size_95_node1_30_node2_60_node3_0_node4_0,0.5842730978993681
Train_U_2Layers_input_size_90_node1_70_node2_10_node3_0_node4_0,0.5842769744581139
Test_U_2Layers_input_size_25_node1_50_node2_40_node3_0_node4_0,0.5842898026237395
Train_U_2Layers_input_size_90_node1_60_node2_30_node3_0_node4_0,0.5842931180084179
Test_U_2Layers_input_size_45_node1_10_node2_10_node3_0_node4_0,0.584314361526865
Train_U_1Layers_input_size_90_node1_10_node2_0_node3_0_node4_0,0.5843282854308625
Test_U_2Layers_input_size_65_node1_30_node2_70_node3_0_node4_0,0.5843467481179134
Train_U_2Layers_input_size_15_node1_60_node2_20_node3_0_node4_0,0.5843541432294912
Train_U_2Layers_input_size_95_node1_40_node2_10_node3_0_node4_0,0.5843543727314566
Train_U_2Layers_input_size_15_node1_10_node2_90_node3_0_node4_0,0.5843641392315656
Train_U_2Layers_input_size_60_node1_100_node2_50_node3_0_node4_0,0.5844195221449012
Test_U_2Layers_input_size_30_node1_80_node2_50_node3_0_node4_0,0.5844344379164113
Train_U_2Layers_input_size_90_node1_90_node2_90_node3_0_node4_0,0.5844528207623889
Train_U_2Layers_input_size_70_node1_30_node2_80_node3_0_node4_0,0.5844734975861348
Test_U_2Layers_input_size_65_node1_90_node2_60_node3_0_node4_0,0.5845135743773303
Train_U_2Layers_input_size_80_node1_90_node2_10_node3_0_node4_0,0.5845265757994076
Train_U_2Layers_input_size_60_node1_90_node2_90_node3_0_node4_0,0.5845349373455139
Train_U_2Layers_input_size_15_node1_100_node2_70_node3_0_node4_0,0.5845385827382357
Train_U_2Layers_input_size_65_node1_60_node2_60_node3_0_node4_0,0.5845962686890745
Test_U_1Layers_input_size_35_node1_60_node2_0_node3_0_node4_0,0.5846234400371353
Train_U_2Layers_input_size_90_node1_80_node2_10_node3_0_node4_0,0.584632845209551
Train_U_2Layers_input_size_40_node1_50_node2_90_node3_0_node4_0,0.5846360312092588
Train_U_2Layers_input_size_55_node1_10_node2_20_node3_0_node4_0,0.5846401347512996
Train_U_2Layers_input_size_75_node1_100_node2_10_node3_0_node4_0,0.584693554633316
Test_U_1Layers_input_size_85_node1_80_node2_0_node3_0_node4_0,0.5846988300915923
Test_U_2Layers_input_size_35_node1_40_node2_70_node3_0_node4_0,0.5847080811426361
Test_U_2Layers_input_size_30_node1_90_node2_20_node3_0_node4_0,0.5847486769998432
Train_U_2Layers_input_size_10_node1_100_node2_50_node3_0_node4_0,0.5848056032916247
Train_U_2Layers_input_size_90_node1_20_node2_20_node3_0_node4_0,0.5848214010115922
Train_U_2Layers_input_size_80_node1_10_node2_100_node3_0_node4_0,0.5848455808887568
Test_U_2Layers_input_size_75_node1_70_node2_30_node3_0_node4_0,0.5848847404870615
Train_U_2Layers_input_size_5_node1_100_node2_90_node3_0_node4_0,0.584893912167563
Train_U_2Layers_input_size_70_node1_50_node2_10_node3_0_node4_0,0.5848969693624368
Train_U_2Layers_input_size_90_node1_40_node2_60_node3_0_node4_0,0.5849123060488989
Test_U_2Layers_input_size_15_node1_30_node2_90_node3_0_node4_0,0.5849488118591424
Train_U_2Layers_input_size_10_node1_50_node2_60_node3_0_node4_0,0.5849958609980693
Train_U_2Layers_input_size_45_node1_30_node2_50_node3_0_node4_0,0.58501954971154
Test_U_2Layers_input_size_40_node1_10_node2_60_node3_0_node4_0,0.5850603786511956
Test_U_2Layers_input_size_95_node1_80_node2_10_node3_0_node4_0,0.5850752271472724
Train_U_2Layers_input_size_95_node1_60_node2_10_node3_0_node4_0,0.585082944141355
Train_U_2Layers_input_size_45_node1_60_node2_60_node3_0_node4_0,0.5850880632792946
Train_U_1Layers_input_size_10_node1_30_node2_0_node3_0_node4_0,0.5850943538999036
Train_U_2Layers_input_size_95_node1_60_node2_90_node3_0_node4_0,0.5851694795668938
Train_U_2Layers_input_size_80_node1_50_node2_10_node3_0_node4_0,0.5851940015525182
Train_U_2Layers_input_size_5_node1_30_node2_60_node3_0_node4_0,0.5852282745894823
Train_U_2Layers_input_size_95_node1_90_node2_90_node3_0_node4_0,0.5852706420481346
Train_U_2Layers_input_size_95_node1_30_node2_100_node3_0_node4_0,0.5852813098130814
Train_U_2Layers_input_size_50_node1_20_node2_20_node3_0_node4_0,0.5852938868327394
Train_U_2Layers_input_size_40_node1_60_node2_100_node3_0_node4_0,0.5852954653059971
Train_U_1Layers_input_size_30_node1_40_node2_0_node3_0_node4_0,0.5852963054593823
Train_U_2Layers_input_size_95_node1_50_node2_60_node3_0_node4_0,0.5853278739853103
Train_U_1Layers_input_size_55_node1_20_node2_0_node3_0_node4_0,0.5853636665607461
Test_U_2Layers_input_size_40_node1_50_node2_70_node3_0_node4_0,0.5853711761049947
Train_U_2Layers_input_size_95_node1_30_node2_70_node3_0_node4_0,0.5853977514810912
Train_U_2Layers_input_size_75_node1_40_node2_20_node3_0_node4_0,0.5854422447164631
Test_U_2Layers_input_size_10_node1_20_node2_80_node3_0_node4_0,0.5854733726984783
Train_U_2Layers_input_size_55_node1_90_node2_40_node3_0_node4_0,0.5855096399277587
Train_U_2Layers_input_size_50_node1_80_node2_10_node3_0_node4_0,0.5855255967969896
Train_U_2Layers_input_size_90_node1_60_node2_40_node3_0_node4_0,0.5856376643730031
Test_U_2Layers_input_size_100_node1_80_node2_50_node3_0_node4_0,0.5856583248089666
Train_U_2Layers_input_size_75_node1_20_node2_30_node3_0_node4_0,0.5857736485584073
Test_U_2Layers_input_size_35_node1_40_node2_50_node3_0_node4_0,0.5858291525802368
Train_U_2Layers_input_size_90_node1_30_node2_100_node3_0_node4_0,0.5858781911715454
Train_U_2Layers_input_size_60_node1_10_node2_80_node3_0_node4_0,0.5858849565470998
Train_U_2Layers_input_size_55_node1_10_node2_80_node3_0_node4_0,0.5858992246206309
Train_U_2Layers_input_size_65_node1_70_node2_90_node3_0_node4_0,0.5859256234554817
Test_U_2Layers_input_size_80_node1_10_node2_40_node3_0_node4_0,0.5859365336092291
Train_U_2Layers_input_size_30_node1_80_node2_40_node3_0_node4_0,0.5859750099891392
Train_U_2Layers_input_size_5_node1_100_node2_50_node3_0_node4_0,0.5860238838096968
Train_U_2Layers_input_size_45_node1_20_node2_90_node3_0_node4_0,0.5860896358076089
Train_U_2Layers_input_size_85_node1_10_node2_20_node3_0_node4_0,0.5860984326925314
Train_U_2Layers_input_size_100_node1_90_node2_30_node3_0_node4_0,0.5861147294628349
Train_U_2Layers_input_size_80_node1_30_node2_50_node3_0_node4_0,0.5861571345356422
Test_U_2Layers_input_size_85_node1_30_node2_80_node3_0_node4_0,0.5862016718125752
Train_U_2Layers_input_size_85_node1_70_node2_80_node3_0_node4_0,0.5862322510999293
Test_U_2Layers_input_size_45_node1_70_node2_80_node3_0_node4_0,0.5862585332692731
Train_U_2Layers_input_size_55_node1_40_node2_20_node3_0_node4_0,0.5863826078329201
Test_U_2Layers_input_size_100_node1_100_node2_30_node3_0_node4_0,0.5865559429519618
Test_U_2Layers_input_size_80_node1_40_node2_50_node3_0_node4_0,0.5865717443389088
Test_U_2Layers_input_size_60_node1_90_node2_50_node3_0_node4_0,0.5865801021351268
Train_U_2Layers_input_size_75_node1_60_node2_60_node3_0_node4_0,0.5865821598113679
Test_U_2Layers_input_size_100_node1_10_node2_30_node3_0_node4_0,0.5866040317015772
Train_U_2Layers_input_size_80_node1_20_node2_20_node3_0_node4_0,0.5866104838804292
Test_U_2Layers_input_size_100_node1_20_node2_100_node3_0_node4_0,0.5866362156831183
Train_U_2Layers_input_size_85_node1_20_node2_50_node3_0_node4_0,0.5866462490022017
Test_U_2Layers_input_size_100_node1_100_node2_40_node3_0_node4_0,0.5866928064373126
Train_U_2Layers_input_size_85_node1_70_node2_10_node3_0_node4_0,0.5867840056315305
Train_U_2Layers_input_size_65_node1_20_node2_90_node3_0_node4_0,0.5868831124928228
Train_U_2Layers_input_size_80_node1_40_node2_20_node3_0_node4_0,0.5869111935359762
Train_U_2Layers_input_size_30_node1_40_node2_90_node3_0_node4_0,0.5869146210577365
Train_U_2Layers_input_size_95_node1_10_node2_60_node3_0_node4_0,0.5869813141082593
Test_U_2Layers_input_size_90_node1_20_node2_20_node3_0_node4_0,0.5869892345152881
Train_U_2Layers_input_size_35_node1_30_node2_100_node3_0_node4_0,0.5870926977087145
Train_U_2Layers_input_size_35_node1_50_node2_70_node3_0_node4_0,0.5871281796589175
Test_U_2Layers_input_size_70_node1_90_node2_70_node3_0_node4_0,0.5871404125666917
Test_U_2Layers_input_size_90_node1_40_node2_100_node3_0_node4_0,0.5871861948807826
Train_U_2Layers_input_size_40_node1_70_node2_60_node3_0_node4_0,0.5872035018989931
Train_U_2Layers_input_size_90_node1_10_node2_60_node3_0_node4_0,0.5873093376825537
Train_U_2Layers_input_size_95_node1_50_node2_100_node3_0_node4_0,0.5873389713288815
Test_U_2Layers_input_size_65_node1_70_node2_20_node3_0_node4_0,0.5873833936264878
Test_U_2Layers_input_size_15_node1_10_node2_70_node3_0_node4_0,0.5874485368711554
Train_U_2Layers_input_size_35_node1_60_node2_30_node3_0_node4_0,0.5874538383204592
Train_U_2Layers_input_size_75_node1_80_node2_40_node3_0_node4_0,0.5874713657381184
Test_U_1Layers_input_size_10_node1_20_node2_0_node3_0_node4_0,0.5874856967402348
Train_U_1Layers_input_size_15_node1_100_node2_0_node3_0_node4_0,0.587503857295583
Train_U_2Layers_input_size_90_node1_50_node2_20_node3_0_node4_0,0.5875466186207988
Train_U_2Layers_input_size_20_node1_20_node2_20_node3_0_node4_0,0.587563940383449
Train_U_2Layers_input_size_90_node1_10_node2_70_node3_0_node4_0,0.5876502372517265
Train_U_2Layers_input_size_75_node1_20_node2_20_node3_0_node4_0,0.5876990731785522
Train_U_2Layers_input_size_95_node1_30_node2_50_node3_0_node4_0,0.5877046512712439
Train_U_2Layers_input_size_100_node1_30_node2_20_node3_0_node4_0,0.5877308675977495
Train_U_2Layers_input_size_45_node1_40_node2_80_node3_0_node4_0,0.5879128284000122
Test_U_2Layers_input_size_95_node1_10_node2_80_node3_0_node4_0,0.5879365516542215
Test_U_1Layers_input_size_80_node1_80_node2_0_node3_0_node4_0,0.5879460305501094
Train_U_2Layers_input_size_25_node1_10_node2_70_node3_0_node4_0,0.5880001130914904
Test_U_2Layers_input_size_70_node1_60_node2_10_node3_0_node4_0,0.58800657529301
Train_U_2Layers_input_size_50_node1_50_node2_100_node3_0_node4_0,0.5880080197754027
Test_U_2Layers_input_size_70_node1_100_node2_100_node3_0_node4_0,0.5880428383299563
Train_U_2Layers_input_size_85_node1_20_node2_90_node3_0_node4_0,0.5880430157117826
Train_U_2Layers_input_size_70_node1_10_node2_90_node3_0_node4_0,0.5880588278196134
Train_U_2Layers_input_size_20_node1_30_node2_100_node3_0_node4_0,0.5881880454588949
Train_U_1Layers_input_size_75_node1_20_node2_0_node3_0_node4_0,0.5881989389818565
Train_U_1Layers_input_size_45_node1_20_node2_0_node3_0_node4_0,0.5882279958342347
Train_U_2Layers_input_size_75_node1_90_node2_90_node3_0_node4_0,0.5882388886173602
Train_U_1Layers_input_size_100_node1_70_node2_0_node3_0_node4_0,0.5882395979078712
Train_U_2Layers_input_size_20_node1_20_node2_30_node3_0_node4_0,0.5882411178132291
Train_U_2Layers_input_size_80_node1_60_node2_10_node3_0_node4_0,0.5882764798359785
Train_U_2Layers_input_size_50_node1_30_node2_10_node3_0_node4_0,0.5882836482390499
Test_U_2Layers_input_size_85_node1_70_node2_100_node3_0_node4_0,0.58829876999014
Train_U_2Layers_input_size_75_node1_60_node2_80_node3_0_node4_0,0.5883207806886194
Test_U_2Layers_input_size_70_node1_10_node2_90_node3_0_node4_0,0.5883339765813551
Train_U_2Layers_input_size_95_node1_100_node2_30_node3_0_node4_0,0.5883862000325925
Train_U_2Layers_input_size_100_node1_80_node2_70_node3_0_node4_0,0.5883915436839807
Test_U_2Layers_input_size_90_node1_10_node2_70_node3_0_node4_0,0.5883924553921674
Train_U_2Layers_input_size_60_node1_90_node2_80_node3_0_node4_0,0.5884015217467053
Test_U_1Layers_input_size_100_node1_80_node2_0_node3_0_node4_0,0.5884318347725049
Train_U_2Layers_input_size_55_node1_50_node2_60_node3_0_node4_0,0.58845280226767
Train_U_2Layers_input_size_60_node1_40_node2_20_node3_0_node4_0,0.588499571270977
Test_U_2Layers_input_size_90_node1_100_node2_60_node3_0_node4_0,0.5885433742757236
Train_U_2Layers_input_size_70_node1_30_node2_70_node3_0_node4_0,0.5885941361075913
Train_U_2Layers_input_size_15_node1_10_node2_50_node3_0_node4_0,0.5886098574628567
Train_U_2Layers_input_size_100_node1_80_node2_40_node3_0_node4_0,0.5886484628741382
Train_U_1Layers_input_size_90_node1_70_node2_0_node3_0_node4_0,0.5886686379407592
Train_U_2Layers_input_size_75_node1_20_node2_90_node3_0_node4_0,0.5888198150254884
Train_U_2Layers_input_size_50_node1_80_node2_80_node3_0_node4_0,0.5888602033362258
Train_U_2Layers_input_size_95_node1_70_node2_20_node3_0_node4_0,0.5889317364844343
Train_U_2Layers_input_size_90_node1_40_node2_10_node3_0_node4_0,0.5890297230472998
Test_U_2Layers_input_size_85_node1_30_node2_20_node3_0_node4_0,0.5890589412915626
Train_U_2Layers_input_size_40_node1_30_node2_50_node3_0_node4_0,0.5891150716701405
Train_U_2Layers_input_size_15_node1_70_node2_30_node3_0_node4_0,0.5891952486492774
Train_U_2Layers_input_size_100_node1_60_node2_30_node3_0_node4_0,0.5892056177456753
Train_U_2Layers_input_size_30_node1_90_node2_40_node3_0_node4_0,0.5892116620859718
Test_U_2Layers_input_size_80_node1_100_node2_50_node3_0_node4_0,0.589229541842601
Train_U_2Layers_input_size_40_node1_90_node2_20_node3_0_node4_0,0.589278676767148
Train_U_2Layers_input_size_45_node1_50_node2_100_node3_0_node4_0,0.589313445532786
Train_U_2Layers_input_size_45_node1_10_node2_50_node3_0_node4_0,0.589321233455082
Train_U_2Layers_input_size_45_node1_60_node2_10_node3_0_node4_0,0.5893653799265004
Test_U_2Layers_input_size_25_node1_70_node2_10_node3_0_node4_0,0.5893860361030782
Train_U_2Layers_input_size_40_node1_30_node2_70_node3_0_node4_0,0.589493906722476
Train_U_2Layers_input_size_75_node1_90_node2_10_node3_0_node4_0,0.5895003525487802
Test_U_2Layers_input_size_70_node1_10_node2_10_node3_0_node4_0,0.5895190829617184
Test_U_2Layers_input_size_100_node1_50_node2_20_node3_0_node4_0,0.589544081195687
Test_U_2Layers_input_size_95_node1_80_node2_50_node3_0_node4_0,0.5895838133155118
Train_U_2Layers_input_size_15_node1_10_node2_20_node3_0_node4_0,0.5896309980484049
Test_U_2Layers_input_size_85_node1_90_node2_70_node3_0_node4_0,0.5896324132793345
Train_U_2Layers_input_size_25_node1_10_node2_10_node3_0_node4_0,0.5896433812038664
Test_U_2Layers_input_size_85_node1_100_node2_100_node3_0_node4_0,0.5896852798298825
Train_U_2Layers_input_size_90_node1_50_node2_100_node3_0_node4_0,0.5897082495260663
Train_U_2Layers_input_size_50_node1_30_node2_40_node3_0_node4_0,0.5897366508616037
Train_U_2Layers_input_size_75_node1_90_node2_100_node3_0_node4_0,0.5897508257495877
Train_U_1Layers_input_size_80_node1_30_node2_0_node3_0_node4_0,0.5898307647286255
Train_U_1Layers_input_size_70_node1_10_node2_0_node3_0_node4_0,0.5898377121370012
Train_U_2Layers_input_size_75_node1_50_node2_10_node3_0_node4_0,0.5898637831361712
Train_U_2Layers_input_size_75_node1_30_node2_40_node3_0_node4_0,0.5898671935014171
Test_U_2Layers_input_size_50_node1_20_node2_20_node3_0_node4_0,0.5899001593489819
Train_U_2Layers_input_size_70_node1_30_node2_100_node3_0_node4_0,0.5899034432022453
Train_U_2Layers_input_size_55_node1_80_node2_100_node3_0_node4_0,0.5899742436848555
Test_U_2Layers_input_size_90_node1_70_node2_60_node3_0_node4_0,0.5900076076453519
Train_U_2Layers_input_size_95_node1_70_node2_100_node3_0_node4_0,0.5900735975688037
Test_U_2Layers_input_size_75_node1_100_node2_100_node3_0_node4_0,0.5901084962592306
Train_U_2Layers_input_size_75_node1_30_node2_20_node3_0_node4_0,0.5901553360475185
Train_U_2Layers_input_size_35_node1_30_node2_60_node3_0_node4_0,0.5901608656747434
Train_U_2Layers_input_size_60_node1_40_node2_10_node3_0_node4_0,0.5901713188011011
Train_U_2Layers_input_size_85_node1_10_node2_30_node3_0_node4_0,0.5902031315247653
Test_U_2Layers_input_size_95_node1_90_node2_40_node3_0_node4_0,0.5902111854264379
Train_U_2Layers_input_size_65_node1_40_node2_20_node3_0_node4_0,0.5902177749006076
Train_U_2Layers_input_size_45_node1_70_node2_90_node3_0_node4_0,0.5902209307529874
Test_U_2Layers_input_size_75_node1_10_node2_100_node3_0_node4_0,0.5902424405933523
Test_U_2Layers_input_size_65_node1_80_node2_10_node3_0_node4_0,0.5902679383324225
Train_U_2Layers_input_size_100_node1_40_node2_90_node3_0_node4_0,0.5902725076128489
Train_U_2Layers_input_size_25_node1_50_node2_10_node3_0_node4_0,0.5902950000743765
Train_U_2Layers_input_size_55_node1_10_node2_60_node3_0_node4_0,0.5902998973092842
Train_U_2Layers_input_size_100_node1_10_node2_40_node3_0_node4_0,0.5903747139291355
Train_U_2Layers_input_size_50_node1_90_node2_30_node3_0_node4_0,0.5904107305604767
Train_U_2Layers_input_size_70_node1_60_node2_40_node3_0_node4_0,0.5904732433510516
Train_U_2Layers_input_size_65_node1_90_node2_80_node3_0_node4_0,0.590496232866227
Test_U_2Layers_input_size_100_node1_50_node2_90_node3_0_node4_0,0.5905018097706839
Test_U_2Layers_input_size_75_node1_70_node2_100_node3_0_node4_0,0.5905287850944148
Train_U_2Layers_input_size_95_node1_20_node2_90_node3_0_node4_0,0.59056968732714
Train_U_2Layers_input_size_65_node1_10_node2_30_node3_0_node4_0,0.5905947167842636
Train_U_2Layers_input_size_90_node1_50_node2_10_node3_0_node4_0,0.590609400911562
Test_U_2Layers_input_size_45_node1_10_node2_100_node3_0_node4_0,0.5906177268009335
Train_U_1Layers_input_size_85_node1_40_node2_0_node3_0_node4_0,0.5906304929366839
Train_U_1Layers_input_size_25_node1_60_node2_0_node3_0_node4_0,0.5906845567335471
Train_U_2Layers_input_size_80_node1_20_node2_30_node3_0_node4_0,0.5907001720001993
Train_U_2Layers_input_size_45_node1_100_node2_20_node3_0_node4_0,0.5907355633948027
Train_U_2Layers_input_size_75_node1_10_node2_10_node3_0_node4_0,0.5907514295540527
Test_U_1Layers_input_size_95_node1_60_node2_0_node3_0_node4_0,0.5907619983489436
Train_U_2Layers_input_size_75_node1_20_node2_40_node3_0_node4_0,0.5908175129469443
Train_U_2Layers_input_size_70_node1_80_node2_30_node3_0_node4_0,0.5908180678143697
Test_U_2Layers_input_size_95_node1_80_node2_100_node3_0_node4_0,0.5908231120397903
Train_U_2Layers_input_size_90_node1_100_node2_90_node3_0_node4_0,0.5908531495103893
Train_U_2Layers_input_size_20_node1_80_node2_100_node3_0_node4_0,0.5908837654782242
Train_U_2Layers_input_size_35_node1_40_node2_80_node3_0_node4_0,0.5908847489961966
Test_U_2Layers_input_size_100_node1_30_node2_70_node3_0_node4_0,0.5908896917796809
Train_U_1Layers_input_size_45_node1_70_node2_0_node3_0_node4_0,0.5909357383778426
Train_U_2Layers_input_size_70_node1_90_node2_90_node3_0_node4_0,0.5909535911866656
Train_U_2Layers_input_size_80_node1_70_node2_30_node3_0_node4_0,0.5910317034907465
Test_U_2Layers_input_size_80_node1_20_node2_100_node3_0_node4_0,0.5910336448206629
Test_U_1Layers_input_size_90_node1_10_node2_0_node3_0_node4_0,0.5910588563183748
Train_U_2Layers_input_size_70_node1_10_node2_10_node3_0_node4_0,0.5911543225142378
Train_U_2Layers_input_size_100_node1_10_node2_10_node3_0_node4_0,0.5911557845119727
Train_U_2Layers_input_size_100_node1_40_node2_60_node3_0_node4_0,0.5911748657715528
Test_U_2Layers_input_size_100_node1_30_node2_90_node3_0_node4_0,0.5912310473043644
Train_U_2Layers_input_size_55_node1_50_node2_10_node3_0_node4_0,0.5912583925970153
Test_U_2Layers_input_size_95_node1_50_node2_90_node3_0_node4_0,0.5913263849027949
Train_U_2Layers_input_size_40_node1_90_node2_70_node3_0_node4_0,0.5913336423298238
Train_U_1Layers_input_size_65_node1_30_node2_0_node3_0_node4_0,0.5913570519648464
Train_U_2Layers_input_size_45_node1_10_node2_100_node3_0_node4_0,0.5914347834487925
Train_U_2Layers_input_size_90_node1_60_node2_10_node3_0_node4_0,0.5914550902181539
Train_U_2Layers_input_size_90_node1_100_node2_50_node3_0_node4_0,0.5914701056935233
Train_U_1Layers_input_size_35_node1_10_node2_0_node3_0_node4_0,0.5914733052505843
Train_U_1Layers_input_size_50_node1_10_node2_0_node3_0_node4_0,0.5915010928017331
Train_U_2Layers_input_size_80_node1_20_node2_70_node3_0_node4_0,0.5915079953998752
Test_U_2Layers_input_size_15_node1_70_node2_40_node3_0_node4_0,0.591558855491894
Test_U_2Layers_input_size_45_node1_40_node2_60_node3_0_node4_0,0.5915599638355055
Train_U_2Layers_input_size_45_node1_80_node2_100_node3_0_node4_0,0.5916168392270592
Train_U_2Layers_input_size_55_node1_10_node2_30_node3_0_node4_0,0.5916472897468412
Train_U_2Layers_input_size_80_node1_30_node2_20_node3_0_node4_0,0.5916665818209879
Train_U_2Layers_input_size_100_node1_90_node2_70_node3_0_node4_0,0.5917132479057031
Test_U_2Layers_input_size_75_node1_50_node2_30_node3_0_node4_0,0.5917207020499983
Test_U_2Layers_input_size_90_node1_20_node2_90_node3_0_node4_0,0.5917286093842113
Test_U_2Layers_input_size_85_node1_70_node2_70_node3_0_node4_0,0.5917368439798162
Train_U_2Layers_input_size_55_node1_90_node2_80_node3_0_node4_0,0.5918679525163244
Test_U_2Layers_input_size_80_node1_30_node2_30_node3_0_node4_0,0.5919580019925796
Train_U_1Layers_input_size_10_node1_10_node2_0_node3_0_node4_0,0.5919657047783237
Test_U_2Layers_input_size_35_node1_90_node2_50_node3_0_node4_0,0.5919723250663712
Train_U_1Layers_input_size_95_node1_50_node2_0_node3_0_node4_0,0.5920007436367468
Train_U_2Layers_input_size_85_node1_80_node2_20_node3_0_node4_0,0.5920173561638519
Train_U_2Layers_input_size_50_node1_40_node2_70_node3_0_node4_0,0.5920235983262738
Test_U_2Layers_input_size_95_node1_100_node2_50_node3_0_node4_0,0.5920669644361719
Train_U_2Layers_input_size_5_node1_60_node2_10_node3_0_node4_0,0.5920790449690052
Train_U_2Layers_input_size_80_node1_70_node2_70_node3_0_node4_0,0.5921120890006422
Train_U_2Layers_input_size_80_node1_30_node2_70_node3_0_node4_0,0.5921478238062645
Train_U_2Layers_input_size_55_node1_80_node2_30_node3_0_node4_0,0.5922021013538242
Train_U_2Layers_input_size_60_node1_80_node2_30_node3_0_node4_0,0.5922226837496165
Train_U_2Layers_input_size_35_node1_20_node2_30_node3_0_node4_0,0.5922419319199079
Train_U_2Layers_input_size_20_node1_30_node2_30_node3_0_node4_0,0.5922439950853539
Train_U_2Layers_input_size_50_node1_100_node2_80_node3_0_node4_0,0.5922921251860338
Test_U_2Layers_input_size_5_node1_20_node2_100_node3_0_node4_0,0.5923207296709639
Test_U_2Layers_input_size_55_node1_20_node2_80_node3_0_node4_0,0.5923406287221499
Train_U_1Layers_input_size_30_node1_20_node2_0_node3_0_node4_0,0.5925203188297339
Test_U_2Layers_input_size_35_node1_30_node2_20_node3_0_node4_0,0.5925951820086269
Test_U_2Layers_input_size_100_node1_100_node2_70_node3_0_node4_0,0.592673832224999
Train_U_1Layers_input_size_100_node1_20_node2_0_node3_0_node4_0,0.5927124997636701
Test_U_2Layers_input_size_70_node1_50_node2_20_node3_0_node4_0,0.5927221536840811
Train_U_2Layers_input_size_75_node1_30_node2_10_node3_0_node4_0,0.5927341203046709
Train_U_2Layers_input_size_95_node1_10_node2_70_node3_0_node4_0,0.5927440755444272
Train_U_2Layers_input_size_65_node1_100_node2_40_node3_0_node4_0,0.5927541060335645
Train_U_1Layers_input_size_10_node1_20_node2_0_node3_0_node4_0,0.5927819089582703
Test_U_2Layers_input_size_75_node1_80_node2_30_node3_0_node4_0,0.5928669436263492
Train_U_2Layers_input_size_90_node1_90_node2_80_node3_0_node4_0,0.5928866484123256
Train_U_2Layers_input_size_55_node1_70_node2_90_node3_0_node4_0,0.5929251261509974
Train_U_2Layers_input_size_80_node1_70_node2_10_node3_0_node4_0,0.592945859364197
Train_U_1Layers_input_size_15_node1_90_node2_0_node3_0_node4_0,0.5929467892004091
Train_U_2Layers_input_size_90_node1_10_node2_100_node3_0_node4_0,0.5929744323136544
Train_U_2Layers_input_size_25_node1_10_node2_20_node3_0_node4_0,0.5930547408123906
Train_U_2Layers_input_size_80_node1_50_node2_20_node3_0_node4_0,0.5930791377675414
Train_U_2Layers_input_size_35_node1_20_node2_40_node3_0_node4_0,0.5930888610940643
Test_U_2Layers_input_size_30_node1_20_node2_10_node3_0_node4_0,0.5931153167802435
Test_U_2Layers_input_size_100_node1_50_node2_70_node3_0_node4_0,0.593128606988292
Train_U_2Layers_input_size_100_node1_10_node2_60_node3_0_node4_0,0.5931434544866889
Test_U_2Layers_input_size_70_node1_70_node2_40_node3_0_node4_0,0.5932530029661338
Test_U_1Layers_input_size_40_node1_20_node2_0_node3_0_node4_0,0.5932828420638272
Test_U_2Layers_input_size_35_node1_50_node2_40_node3_0_node4_0,0.5933375934071069
Test_U_1Layers_input_size_65_node1_100_node2_0_node3_0_node4_0,0.593369010359864
Test_U_2Layers_input_size_80_node1_60_node2_10_node3_0_node4_0,0.5933991700741011
Train_U_2Layers_input_size_100_node1_50_node2_40_node3_0_node4_0,0.5934987038322634
Train_U_2Layers_input_size_60_node1_40_node2_50_node3_0_node4_0,0.5935222038174576
Train_U_2Layers_input_size_95_node1_20_node2_60_node3_0_node4_0,0.5935450250279098
Train_U_2Layers_input_size_60_node1_30_node2_70_node3_0_node4_0,0.593570230273604
Test_U_2Layers_input_size_70_node1_50_node2_10_node3_0_node4_0,0.5937057026852494
Test_U_2Layers_input_size_50_node1_70_node2_70_node3_0_node4_0,0.5937132573052621
Train_U_2Layers_input_size_20_node1_30_node2_80_node3_0_node4_0,0.5937694747140281
Train_U_1Layers_input_size_50_node1_80_node2_0_node3_0_node4_0,0.5938123118178745
Train_U_2Layers_input_size_80_node1_70_node2_50_node3_0_node4_0,0.5939479297202694
Test_U_2Layers_input_size_15_node1_70_node2_90_node3_0_node4_0,0.5939791889558835
Test_U_1Layers_input_size_30_node1_30_node2_0_node3_0_node4_0,0.5940260496400048
Test_U_2Layers_input_size_95_node1_40_node2_10_node3_0_node4_0,0.5941001211150527
Test_U_2Layers_input_size_50_node1_100_node2_60_node3_0_node4_0,0.59415442095207
Test_U_2Layers_input_size_95_node1_50_node2_80_node3_0_node4_0,0.5941988603591903
Train_U_2Layers_input_size_55_node1_20_node2_10_node3_0_node4_0,0.5942092173732302
Train_U_2Layers_input_size_60_node1_10_node2_30_node3_0_node4_0,0.5942825388667989
Train_U_2Layers_input_size_45_node1_40_node2_100_node3_0_node4_0,0.5943750304052624
Train_U_2Layers_input_size_70_node1_20_node2_70_node3_0_node4_0,0.5943800444444061
Train_U_1Layers_input_size_60_node1_20_node2_0_node3_0_node4_0,0.5944486573204697
Train_U_2Layers_input_size_35_node1_100_node2_90_node3_0_node4_0,0.5945422508635572
Test_U_2Layers_input_size_70_node1_100_node2_40_node3_0_node4_0,0.594549744728142
Train_U_2Layers_input_size_25_node1_20_node2_20_node3_0_node4_0,0.5946158069527859
Train_U_2Layers_input_size_50_node1_100_node2_90_node3_0_node4_0,0.5946467053146909
Train_U_1Layers_input_size_85_node1_90_node2_0_node3_0_node4_0,0.5946620160734968
Test_U_2Layers_input_size_45_node1_60_node2_40_node3_0_node4_0,0.5947260112791216
Train_U_2Layers_input_size_85_node1_30_node2_10_node3_0_node4_0,0.5947699820668191
Train_U_1Layers_input_size_45_node1_60_node2_0_node3_0_node4_0,0.5947903252857625
Train_U_2Layers_input_size_30_node1_50_node2_100_node3_0_node4_0,0.5947930309816692
Train_U_2Layers_input_size_40_node1_100_node2_100_node3_0_node4_0,0.5948711401182325
Train_U_2Layers_input_size_100_node1_30_node2_60_node3_0_node4_0,0.5949095145511322
Train_U_2Layers_input_size_30_node1_50_node2_40_node3_0_node4_0,0.595066568433446
Train_U_2Layers_input_size_100_node1_50_node2_30_node3_0_node4_0,0.5951003980881736
Train_U_1Layers_input_size_15_node1_10_node2_0_node3_0_node4_0,0.5951121916903966
Train_U_2Layers_input_size_55_node1_30_node2_30_node3_0_node4_0,0.5951173247139062
Test_U_1Layers_input_size_60_node1_20_node2_0_node3_0_node4_0,0.5951269897014237
Train_U_2Layers_input_size_95_node1_10_node2_30_node3_0_node4_0,0.5951340505516315
Test_U_2Layers_input_size_100_node1_30_node2_30_node3_0_node4_0,0.5951352774284085
Train_U_1Layers_input_size_90_node1_30_node2_0_node3_0_node4_0,0.5951779411210881
Train_U_2Layers_input_size_55_node1_40_node2_60_node3_0_node4_0,0.5952044541638999
Train_U_2Layers_input_size_70_node1_10_node2_20_node3_0_node4_0,0.5952162206694877
Test_U_1Layers_input_size_70_node1_10_node2_0_node3_0_node4_0,0.5952210774146119
Train_U_2Layers_input_size_80_node1_40_node2_80_node3_0_node4_0,0.595223881290661
Train_U_2Layers_input_size_80_node1_10_node2_10_node3_0_node4_0,0.5952358727186581
Train_U_2Layers_input_size_95_node1_40_node2_60_node3_0_node4_0,0.5953028350205715
Test_U_2Layers_input_size_20_node1_60_node2_40_node3_0_node4_0,0.595463739042236
Train_U_2Layers_input_size_75_node1_40_node2_40_node3_0_node4_0,0.5955939771372677
Test_U_2Layers_input_size_90_node1_30_node2_70_node3_0_node4_0,0.5956728067656201
Train_U_2Layers_input_size_60_node1_60_node2_10_node3_0_node4_0,0.595967868697266
Test_U_2Layers_input_size_85_node1_20_node2_30_node3_0_node4_0,0.5959850707168465
Train_U_1Layers_input_size_65_node1_10_node2_0_node3_0_node4_0,0.5960868725061199
Train_U_2Layers_input_size_70_node1_50_node2_80_node3_0_node4_0,0.5961663618146532
Test_U_2Layers_input_size_95_node1_10_node2_70_node3_0_node4_0,0.596187532179584
Train_U_2Layers_input_size_80_node1_20_node2_50_node3_0_node4_0,0.5962415169566271
Train_U_2Layers_input_size_60_node1_100_node2_40_node3_0_node4_0,0.5962462653836865
Test_U_2Layers_input_size_35_node1_50_node2_30_node3_0_node4_0,0.5963484473696874
Train_U_2Layers_input_size_85_node1_30_node2_30_node3_0_node4_0,0.5963950469374221
Test_U_2Layers_input_size_95_node1_70_node2_90_node3_0_node4_0,0.5964482384548162
Train_U_2Layers_input_size_100_node1_20_node2_50_node3_0_node4_0,0.5964958544552713
Train_U_2Layers_input_size_95_node1_90_node2_20_node3_0_node4_0,0.5965352484511955
Test_U_2Layers_input_size_20_node1_60_node2_30_node3_0_node4_0,0.596558978518468
Train_U_2Layers_input_size_60_node1_90_node2_10_node3_0_node4_0,0.5966127048986251
Train_U_2Layers_input_size_60_node1_20_node2_70_node3_0_node4_0,0.5966806115176074
Train_U_2Layers_input_size_15_node1_30_node2_100_node3_0_node4_0,0.5967301567447746
Test_U_2Layers_input_size_45_node1_60_node2_10_node3_0_node4_0,0.5967975506289948
Train_U_2Layers_input_size_35_node1_90_node2_100_node3_0_node4_0,0.5968184489278177
Train_U_2Layers_input_size_45_node1_100_node2_80_node3_0_node4_0,0.5968395212623753
Train_U_2Layers_input_size_70_node1_20_node2_30_node3_0_node4_0,0.5968530031714598
Train_U_1Layers_input_size_55_node1_10_node2_0_node3_0_node4_0,0.596904381433295
Test_U_2Layers_input_size_30_node1_30_node2_30_node3_0_node4_0,0.5970035554342292
Train_U_2Layers_input_size_45_node1_60_node2_70_node3_0_node4_0,0.59702030330587
Test_U_1Layers_input_size_30_node1_20_node2_0_node3_0_node4_0,0.5970542468803653
Train_U_2Layers_input_size_60_node1_30_node2_10_node3_0_node4_0,0.5970582900304685
Test_U_1Layers_input_size_10_node1_30_node2_0_node3_0_node4_0,0.5970772575296447
Test_U_2Layers_input_size_55_node1_50_node2_70_node3_0_node4_0,0.597152971779632
Test_U_1Layers_input_size_35_node1_10_node2_0_node3_0_node4_0,0.5971961899808316
Test_U_2Layers_input_size_60_node1_80_node2_50_node3_0_node4_0,0.5971976122356799
Train_U_2Layers_input_size_75_node1_100_node2_80_node3_0_node4_0,0.5972398791056424
Test_U_2Layers_input_size_100_node1_70_node2_20_node3_0_node4_0,0.5972423242049381
Train_U_1Layers_input_size_30_node1_10_node2_0_node3_0_node4_0,0.5972673484722492
Train_U_2Layers_input_size_90_node1_80_node2_40_node3_0_node4_0,0.5972748829914349
Test_U_2Layers_input_size_60_node1_40_node2_30_node3_0_node4_0,0.5973376752707652
Train_U_2Layers_input_size_30_node1_60_node2_40_node3_0_node4_0,0.5975150895308216
Train_U_1Layers_input_size_65_node1_50_node2_0_node3_0_node4_0,0.5975237930221181
Train_U_1Layers_input_size_45_node1_50_node2_0_node3_0_node4_0,0.5975242668475185
Test_U_2Layers_input_size_15_node1_100_node2_70_node3_0_node4_0,0.5975489052505941
Train_U_2Layers_input_size_10_node1_80_node2_90_node3_0_node4_0,0.5976379242125683
Train_U_2Layers_input_size_20_node1_70_node2_80_node3_0_node4_0,0.5976411406159181
Train_U_1Layers_input_size_30_node1_30_node2_0_node3_0_node4_0,0.597737749314821
Test_U_2Layers_input_size_40_node1_80_node2_70_node3_0_node4_0,0.5977450535440737
Train_U_2Layers_input_size_35_node1_40_node2_30_node3_0_node4_0,0.5977651459463423
Test_U_2Layers_input_size_75_node1_10_node2_10_node3_0_node4_0,0.597812432719345
Train_U_2Layers_input_size_65_node1_80_node2_40_node3_0_node4_0,0.5979122286863363
Test_U_2Layers_input_size_40_node1_70_node2_80_node3_0_node4_0,0.5980951530160646
Test_U_2Layers_input_size_40_node1_40_node2_90_node3_0_node4_0,0.5981631404550984
Train_U_2Layers_input_size_50_node1_30_node2_20_node3_0_node4_0,0.5982307216281555
Test_U_2Layers_input_size_20_node1_70_node2_70_node3_0_node4_0,0.5982328139569278
Train_U_2Layers_input_size_25_node1_60_node2_90_node3_0_node4_0,0.5982455919488325
Train_U_2Layers_input_size_40_node1_100_node2_90_node3_0_node4_0,0.5982786689915829
Test_U_2Layers_input_size_80_node1_70_node2_90_node3_0_node4_0,0.5983268366552162
Train_U_2Layers_input_size_95_node1_20_node2_20_node3_0_node4_0,0.5984318008350675
Test_U_2Layers_input_size_55_node1_10_node2_20_node3_0_node4_0,0.598435436275101
Train_U_1Layers_input_size_40_node1_20_node2_0_node3_0_node4_0,0.5984373286872001
Train_U_2Layers_input_size_60_node1_80_node2_60_node3_0_node4_0,0.5984679550509023
Train_U_2Layers_input_size_80_node1_60_node2_30_node3_0_node4_0,0.5984858819512187
Train_U_2Layers_input_size_55_node1_100_node2_60_node3_0_node4_0,0.5985339582508737
Train_U_2Layers_input_size_65_node1_30_node2_30_node3_0_node4_0,0.5985539992757385
Test_U_2Layers_input_size_60_node1_10_node2_80_node3_0_node4_0,0.5986518296772878
Test_U_2Layers_input_size_35_node1_60_node2_20_node3_0_node4_0,0.5987309535666541
Train_U_2Layers_input_size_75_node1_10_node2_30_node3_0_node4_0,0.5987641780026778
Test_U_2Layers_input_size_95_node1_40_node2_20_node3_0_node4_0,0.5988688415898635
Train_U_2Layers_input_size_100_node1_20_node2_60_node3_0_node4_0,0.5989252965910546
Test_U_2Layers_input_size_35_node1_50_node2_70_node3_0_node4_0,0.598928108005554
Test_U_2Layers_input_size_15_node1_10_node2_20_node3_0_node4_0,0.5989510217856144
Train_U_2Layers_input_size_75_node1_20_node2_10_node3_0_node4_0,0.5990470709925644
Train_U_2Layers_input_size_95_node1_60_node2_80_node3_0_node4_0,0.5990606524658368
Train_U_2Layers_input_size_90_node1_40_node2_90_node3_0_node4_0,0.5990896799670485
Train_U_2Layers_input_size_65_node1_10_node2_20_node3_0_node4_0,0.5991027132804122
Train_U_2Layers_input_size_15_node1_40_node2_10_node3_0_node4_0,0.5991350217411209
Test_U_2Layers_input_size_100_node1_60_node2_50_node3_0_node4_0,0.5991667315846047
Train_U_2Layers_input_size_5_node1_70_node2_50_node3_0_node4_0,0.5991869503968514
Train_U_2Layers_input_size_85_node1_100_node2_20_node3_0_node4_0,0.5992804255569627
Test_U_1Layers_input_size_10_node1_10_node2_0_node3_0_node4_0,0.5993545189422114
Train_U_2Layers_input_size_60_node1_60_node2_50_node3_0_node4_0,0.5993680934488199
Train_U_2Layers_input_size_40_node1_30_node2_100_node3_0_node4_0,0.5994390438339563
Train_U_1Layers_input_size_65_node1_60_node2_0_node3_0_node4_0,0.5994873419722614
Train_U_1Layers_input_size_55_node1_40_node2_0_node3_0_node4_0,0.5995210713031254
Train_U_2Layers_input_size_95_node1_10_node2_50_node3_0_node4_0,0.5995831312966111
Test_U_2Layers_input_size_85_node1_30_node2_90_node3_0_node4_0,0.5995914816904685
Train_U_1Layers_input_size_45_node1_30_node2_0_node3_0_node4_0,0.5996705809925409
Train_U_2Layers_input_size_100_node1_80_node2_20_node3_0_node4_0,0.5996874283178782
Train_U_2Layers_input_size_85_node1_80_node2_60_node3_0_node4_0,0.5996890931458654
Train_U_2Layers_input_size_20_node1_50_node2_50_node3_0_node4_0,0.599705095137375
Train_U_1Layers_input_size_55_node1_90_node2_0_node3_0_node4_0,0.5997236062253235
Train_U_2Layers_input_size_15_node1_100_node2_40_node3_0_node4_0,0.5997652975630329
Train_U_2Layers_input_size_15_node1_10_node2_60_node3_0_node4_0,0.5997892973405744
Train_U_1Layers_input_size_50_node1_20_node2_0_node3_0_node4_0,0.5998143892488005
Train_U_2Layers_input_size_50_node1_60_node2_50_node3_0_node4_0,0.5998161530959307
Train_U_2Layers_input_size_80_node1_60_node2_40_node3_0_node4_0,0.5998206993258886
Train_U_1Layers_input_size_65_node1_20_node2_0_node3_0_node4_0,0.599865513869055
Train_U_2Layers_input_size_20_node1_90_node2_50_node3_0_node4_0,0.5998977067294056
Train_U_2Layers_input_size_30_node1_30_node2_100_node3_0_node4_0,0.599904736267714
Train_U_2Layers_input_size_40_node1_50_node2_50_node3_0_node4_0,0.5999197638030274
Test_U_2Layers_input_size_95_node1_20_node2_70_node3_0_node4_0,0.599974083340724
Train_U_2Layers_input_size_75_node1_100_node2_60_node3_0_node4_0,0.600209932555752
Train_U_2Layers_input_size_45_node1_100_node2_100_node3_0_node4_0,0.6002503985205443
Train_U_2Layers_input_size_90_node1_70_node2_30_node3_0_node4_0,0.6002983086818424
Train_U_2Layers_input_size_15_node1_100_node2_20_node3_0_node4_0,0.6003073441593312
Test_U_2Layers_input_size_85_node1_20_node2_20_node3_0_node4_0,0.6003581785966438
Train_U_2Layers_input_size_95_node1_50_node2_50_node3_0_node4_0,0.6003583523397807
Train_U_2Layers_input_size_60_node1_10_node2_10_node3_0_node4_0,0.6004457387651805
Train_U_2Layers_input_size_60_node1_50_node2_40_node3_0_node4_0,0.600454474226601
Train_U_2Layers_input_size_15_node1_20_node2_50_node3_0_node4_0,0.6004691157661255
Train_U_2Layers_input_size_45_node1_70_node2_20_node3_0_node4_0,0.6004878762678542
Test_U_1Layers_input_size_30_node1_60_node2_0_node3_0_node4_0,0.6005040058602688
Train_U_2Layers_input_size_25_node1_100_node2_70_node3_0_node4_0,0.6005383728545052
Train_U_2Layers_input_size_80_node1_50_node2_50_node3_0_node4_0,0.6006190593239125
Train_U_2Layers_input_size_75_node1_70_node2_80_node3_0_node4_0,0.6006443150378867
Train_U_2Layers_input_size_20_node1_50_node2_10_node3_0_node4_0,0.600681328369989
Train_U_1Layers_input_size_95_node1_10_node2_0_node3_0_node4_0,0.6006855207550937
Test_U_2Layers_input_size_55_node1_40_node2_20_node3_0_node4_0,0.6007062837932167
Train_U_2Layers_input_size_65_node1_70_node2_40_node3_0_node4_0,0.6007206215296731
Test_U_1Layers_input_size_70_node1_50_node2_0_node3_0_node4_0,0.6007951573621176
Train_U_2Layers_input_size_90_node1_100_node2_70_node3_0_node4_0,0.60089569787504
Test_U_2Layers_input_size_85_node1_20_node2_10_node3_0_node4_0,0.6009984530335383
Train_U_2Layers_input_size_60_node1_90_node2_40_node3_0_node4_0,0.6010307587592978
Test_U_2Layers_input_size_20_node1_20_node2_20_node3_0_node4_0,0.6010430310088947
Train_U_1Layers_input_size_70_node1_70_node2_0_node3_0_node4_0,0.6010978439980952
Test_U_2Layers_input_size_80_node1_50_node2_40_node3_0_node4_0,0.6011279629836391
Test_U_2Layers_input_size_55_node1_80_node2_50_node3_0_node4_0,0.6011911459765734
Train_U_2Layers_input_size_65_node1_80_node2_50_node3_0_node4_0,0.6012059678591135
Train_U_2Layers_input_size_65_node1_20_node2_20_node3_0_node4_0,0.6012699109228514
Test_U_2Layers_input_size_5_node1_100_node2_50_node3_0_node4_0,0.6013377376629118
Train_U_2Layers_input_size_50_node1_40_node2_80_node3_0_node4_0,0.6013554055576547
Train_U_2Layers_input_size_40_node1_30_node2_10_node3_0_node4_0,0.6014234456443213
Train_U_2Layers_input_size_95_node1_20_node2_10_node3_0_node4_0,0.6014623930234386
Train_U_2Layers_input_size_80_node1_70_node2_100_node3_0_node4_0,0.6014987614540419
Train_U_2Layers_input_size_55_node1_60_node2_50_node3_0_node4_0,0.601587716106671
Train_U_2Layers_input_size_15_node1_100_node2_80_node3_0_node4_0,0.6016655375433952
Train_U_1Layers_input_size_55_node1_60_node2_0_node3_0_node4_0,0.6017425317257258
Test_U_1Layers_input_size_85_node1_40_node2_0_node3_0_node4_0,0.601770860331819
Train_U_2Layers_input_size_40_node1_10_node2_10_node3_0_node4_0,0.6018155048947831
Train_U_2Layers_input_size_60_node1_80_node2_100_node3_0_node4_0,0.6018313265490327
Train_U_2Layers_input_size_75_node1_20_node2_60_node3_0_node4_0,0.6018454889289893
Test_U_2Layers_input_size_60_node1_30_node2_30_node3_0_node4_0,0.6018679945430099
Train_U_2Layers_input_size_65_node1_50_node2_70_node3_0_node4_0,0.601884928905632
Test_U_2Layers_input_size_25_node1_10_node2_10_node3_0_node4_0,0.6018933959082741
Test_U_2Layers_input_size_85_node1_50_node2_80_node3_0_node4_0,0.6019408287262871
Test_U_2Layers_input_size_45_node1_70_node2_90_node3_0_node4_0,0.6020225153194593
Train_U_2Layers_input_size_75_node1_30_node2_50_node3_0_node4_0,0.6020826840204699
Train_U_2Layers_input_size_80_node1_10_node2_80_node3_0_node4_0,0.6020891188197258
Train_U_2Layers_input_size_100_node1_70_node2_90_node3_0_node4_0,0.6021049085357113
Test_U_2Layers_input_size_75_node1_100_node2_10_node3_0_node4_0,0.6021389861823639
Train_U_1Layers_input_size_35_node1_30_node2_0_node3_0_node4_0,0.6022124804238256
Test_U_2Layers_input_size_15_node1_70_node2_30_node3_0_node4_0,0.6023054860351779
Train_U_2Layers_input_size_55_node1_100_node2_50_node3_0_node4_0,0.6023126606518946
Train_U_2Layers_input_size_45_node1_60_node2_20_node3_0_node4_0,0.6023523421608603
Test_U_2Layers_input_size_55_node1_50_node2_40_node3_0_node4_0,0.6023628558383136
Test_U_2Layers_input_size_20_node1_30_node2_100_node3_0_node4_0,0.6024855183408225
Train_U_2Layers_input_size_85_node1_60_node2_90_node3_0_node4_0,0.6025195744607286
Test_U_2Layers_input_size_95_node1_60_node2_40_node3_0_node4_0,0.6025604788314337
Train_U_2Layers_input_size_75_node1_60_node2_100_node3_0_node4_0,0.6025973250105947
Test_U_2Layers_input_size_10_node1_50_node2_60_node3_0_node4_0,0.6026039274100375
Test_U_2Layers_input_size_100_node1_70_node2_40_node3_0_node4_0,0.6027318809788961
Test_U_2Layers_input_size_70_node1_20_node2_80_node3_0_node4_0,0.6027538837828282
Test_U_2Layers_input_size_95_node1_70_node2_20_node3_0_node4_0,0.6028273277772808
Train_U_2Layers_input_size_75_node1_100_node2_30_node3_0_node4_0,0.6028426532313199
Test_U_2Layers_input_size_95_node1_100_node2_100_node3_0_node4_0,0.60291079734717
Train_U_2Layers_input_size_95_node1_90_node2_30_node3_0_node4_0,0.6031080678430867
Test_U_2Layers_input_size_75_node1_20_node2_80_node3_0_node4_0,0.6031106373949556
Train_U_2Layers_input_size_70_node1_40_node2_40_node3_0_node4_0,0.6032305541099684
Test_U_2Layers_input_size_60_node1_50_node2_80_node3_0_node4_0,0.6032582941160949
Train_U_2Layers_input_size_90_node1_30_node2_30_node3_0_node4_0,0.6033342453078584
Test_U_2Layers_input_size_95_node1_100_node2_20_node3_0_node4_0,0.6033638575070153
Test_U_2Layers_input_size_70_node1_10_node2_20_node3_0_node4_0,0.6033789964602426
Train_U_2Layers_input_size_95_node1_30_node2_90_node3_0_node4_0,0.6034403386733278
Train_U_2Layers_input_size_65_node1_100_node2_20_node3_0_node4_0,0.6034777978196403
Train_U_2Layers_input_size_100_node1_10_node2_20_node3_0_node4_0,0.6034780447410383
Train_U_2Layers_input_size_75_node1_80_node2_70_node3_0_node4_0,0.6035368585400515
Train_U_2Layers_input_size_70_node1_80_node2_70_node3_0_node4_0,0.60355043773798
Test_U_2Layers_input_size_75_node1_100_node2_50_node3_0_node4_0,0.6035675717808606
Test_U_2Layers_input_size_85_node1_10_node2_100_node3_0_node4_0,0.6035800146425723
Train_U_2Layers_input_size_50_node1_90_node2_100_node3_0_node4_0,0.603590457560669
Test_U_2Layers_input_size_40_node1_70_node2_60_node3_0_node4_0,0.6036832508759482
Train_U_2Layers_input_size_70_node1_40_node2_100_node3_0_node4_0,0.6036904584853816
Train_U_2Layers_input_size_100_node1_70_node2_30_node3_0_node4_0,0.6037253351879678
Test_U_2Layers_input_size_100_node1_100_node2_20_node3_0_node4_0,0.6037518677771447
Train_U_1Layers_input_size_70_node1_20_node2_0_node3_0_node4_0,0.6037529784182422
Train_U_2Layers_input_size_50_node1_80_node2_90_node3_0_node4_0,0.6037764001290911
Train_U_2Layers_input_size_85_node1_20_node2_60_node3_0_node4_0,0.6039006754826398
Test_U_2Layers_input_size_100_node1_80_node2_60_node3_0_node4_0,0.6039895724397496
Test_U_2Layers_input_size_95_node1_10_node2_60_node3_0_node4_0,0.6040602020204174
Train_U_2Layers_input_size_40_node1_90_node2_50_node3_0_node4_0,0.6040934786917075
Train_U_2Layers_input_size_90_node1_30_node2_40_node3_0_node4_0,0.6041399001626876
Train_U_2Layers_input_size_90_node1_20_node2_10_node3_0_node4_0,0.6042440271725513
Train_U_2Layers_input_size_95_node1_90_node2_50_node3_0_node4_0,0.6042704876672573
Train_U_2Layers_input_size_95_node1_80_node2_90_node3_0_node4_0,0.6042766772336529
Test_U_2Layers_input_size_100_node1_20_node2_30_node3_0_node4_0,0.6043349694818833
Test_U_2Layers_input_size_70_node1_20_node2_10_node3_0_node4_0,0.6043928369771706
Test_U_2Layers_input_size_60_node1_80_node2_40_node3_0_node4_0,0.6044713572917393
Test_U_2Layers_input_size_100_node1_10_node2_10_node3_0_node4_0,0.604483165273063
Train_U_2Layers_input_size_20_node1_80_node2_30_node3_0_node4_0,0.6045980530262981
Train_U_2Layers_input_size_75_node1_80_node2_100_node3_0_node4_0,0.604600912001121
Test_U_2Layers_input_size_75_node1_30_node2_90_node3_0_node4_0,0.604650818651081
Train_U_2Layers_input_size_60_node1_20_node2_90_node3_0_node4_0,0.6048557500848618
Test_U_2Layers_input_size_50_node1_60_node2_70_node3_0_node4_0,0.6048969152603034
Test_U_2Layers_input_size_15_node1_10_node2_50_node3_0_node4_0,0.6049869712498609
Train_U_2Layers_input_size_100_node1_50_node2_60_node3_0_node4_0,0.6049952224274833
Train_U_2Layers_input_size_95_node1_60_node2_70_node3_0_node4_0,0.6050177832819356
Test_U_2Layers_input_size_90_node1_10_node2_60_node3_0_node4_0,0.6050227337498872
Test_U_2Layers_input_size_85_node1_20_node2_100_node3_0_node4_0,0.6050937106327485
Train_U_1Layers_input_size_95_node1_70_node2_0_node3_0_node4_0,0.6052265790420248
Train_U_2Layers_input_size_50_node1_100_node2_40_node3_0_node4_0,0.6052900727488848
Test_U_2Layers_input_size_95_node1_30_node2_100_node3_0_node4_0,0.6052944055392305
Test_U_1Layers_input_size_25_node1_60_node2_0_node3_0_node4_0,0.6053182599488339
Train_U_2Layers_input_size_35_node1_40_node2_60_node3_0_node4_0,0.6053197369711543
Train_U_2Layers_input_size_85_node1_20_node2_40_node3_0_node4_0,0.6054265407493031
Train_U_2Layers_input_size_70_node1_30_node2_10_node3_0_node4_0,0.6055000050999132
Train_U_2Layers_input_size_60_node1_30_node2_50_node3_0_node4_0,0.6055530120298454
Train_U_2Layers_input_size_35_node1_70_node2_70_node3_0_node4_0,0.6056179232031337
Test_U_2Layers_input_size_35_node1_40_node2_80_node3_0_node4_0,0.6056333010629196
Test_U_2Layers_input_size_50_node1_30_node2_40_node3_0_node4_0,0.6056566500586904
Test_U_2Layers_input_size_80_node1_30_node2_50_node3_0_node4_0,0.6057044524128201
Test_U_2Layers_input_size_80_node1_90_node2_50_node3_0_node4_0,0.605758154829538
Test_U_2Layers_input_size_75_node1_30_node2_20_node3_0_node4_0,0.6057904773055648
Train_U_2Layers_input_size_80_node1_90_node2_80_node3_0_node4_0,0.6057977828317409
Train_U_2Layers_input_size_85_node1_70_node2_90_node3_0_node4_0,0.6059046007169635
Train_U_2Layers_input_size_15_node1_60_node2_100_node3_0_node4_0,0.6060183338076712
Train_U_2Layers_input_size_60_node1_100_node2_70_node3_0_node4_0,0.6060500768989544
Train_U_1Layers_input_size_65_node1_90_node2_0_node3_0_node4_0,0.6063475107643468
Test_U_2Layers_input_size_35_node1_30_node2_100_node3_0_node4_0,0.6063510250195188
Train_U_2Layers_input_size_100_node1_90_node2_60_node3_0_node4_0,0.6063827261211364
Train_U_2Layers_input_size_45_node1_40_node2_10_node3_0_node4_0,0.6064945759935615
Train_U_2Layers_input_size_50_node1_20_node2_60_node3_0_node4_0,0.6065690410404797
Train_U_2Layers_input_size_30_node1_40_node2_100_node3_0_node4_0,0.6065701710895426
Test_U_2Layers_input_size_10_node1_100_node2_50_node3_0_node4_0,0.6067177226735508
Train_U_2Layers_input_size_95_node1_100_node2_60_node3_0_node4_0,0.6067824846930868
Test_U_2Layers_input_size_75_node1_50_node2_80_node3_0_node4_0,0.606786242004251
Train_U_2Layers_input_size_75_node1_60_node2_90_node3_0_node4_0,0.6068605975986836
Test_U_2Layers_input_size_40_node1_30_node2_50_node3_0_node4_0,0.6070217028717667
Train_U_2Layers_input_size_40_node1_40_node2_60_node3_0_node4_0,0.6073893204088356
Train_U_2Layers_input_size_80_node1_30_node2_100_node3_0_node4_0,0.607398324000835
Test_U_2Layers_input_size_60_node1_30_node2_10_node3_0_node4_0,0.6074447136906029
Train_U_2Layers_input_size_100_node1_90_node2_90_node3_0_node4_0,0.6076959071579743
Train_U_2Layers_input_size_25_node1_70_node2_40_node3_0_node4_0,0.6077099328667905
Train_U_2Layers_input_size_100_node1_40_node2_70_node3_0_node4_0,0.6077268270408047
Train_U_2Layers_input_size_95_node1_80_node2_30_node3_0_node4_0,0.6077288621563423
Test_U_2Layers_input_size_95_node1_90_node2_90_node3_0_node4_0,0.6077302107231248
Test_U_2Layers_input_size_30_node1_50_node2_40_node3_0_node4_0,0.6077762073184282
Test_U_2Layers_input_size_75_node1_20_node2_10_node3_0_node4_0,0.6078444847575922
Train_U_2Layers_input_size_50_node1_80_node2_100_node3_0_node4_0,0.6078662289601066
Train_U_2Layers_input_size_100_node1_60_node2_20_node3_0_node4_0,0.6079214072048091
Train_U_1Layers_input_size_75_node1_10_node2_0_node3_0_node4_0,0.607946629176947
Train_U_2Layers_input_size_80_node1_10_node2_70_node3_0_node4_0,0.6079571931711651
Test_U_2Layers_input_size_60_node1_100_node2_30_node3_0_node4_0,0.6081165131998997
Test_U_2Layers_input_size_25_node1_50_node2_10_node3_0_node4_0,0.6081584867488523
Test_U_2Layers_input_size_85_node1_20_node2_50_node3_0_node4_0,0.6081594423300744
Test_U_2Layers_input_size_65_node1_70_node2_90_node3_0_node4_0,0.6081712767115365
Test_U_2Layers_input_size_70_node1_30_node2_70_node3_0_node4_0,0.6081843849190949
Train_U_2Layers_input_size_45_node1_10_node2_90_node3_0_node4_0,0.6083467317655952
Test_U_2Layers_input_size_90_node1_60_node2_40_node3_0_node4_0,0.6084131817691977
Test_U_1Layers_input_size_80_node1_30_node2_0_node3_0_node4_0,0.6085916276730711
Train_U_2Layers_input_size_90_node1_100_node2_10_node3_0_node4_0,0.6086294308193817
Test_U_2Layers_input_size_90_node1_90_node2_90_node3_0_node4_0,0.6086950176247553
Train_U_1Layers_input_size_15_node1_80_node2_0_node3_0_node4_0,0.6087399376932505
Test_U_2Layers_input_size_90_node1_70_node2_10_node3_0_node4_0,0.6088492007959946
Train_U_2Layers_input_size_85_node1_50_node2_30_node3_0_node4_0,0.6088663570422618
Train_U_2Layers_input_size_70_node1_60_node2_60_node3_0_node4_0,0.6088741885488981
Train_U_2Layers_input_size_95_node1_80_node2_80_node3_0_node4_0,0.6089249685306339
Test_U_2Layers_input_size_100_node1_20_node2_70_node3_0_node4_0,0.6089623105283258
Test_U_2Layers_input_size_85_node1_70_node2_80_node3_0_node4_0,0.6090346877753516
Train_U_2Layers_input_size_60_node1_60_node2_80_node3_0_node4_0,0.6090911057215054
Test_U_2Layers_input_size_90_node1_50_node2_10_node3_0_node4_0,0.6091587465434999
Train_U_2Layers_input_size_85_node1_100_node2_90_node3_0_node4_0,0.6092533087877314
Train_U_1Layers_input_size_40_node1_60_node2_0_node3_0_node4_0,0.6093702316097616
Train_U_2Layers_input_size_85_node1_90_node2_100_node3_0_node4_0,0.6093712831041491
Test_U_1Layers_input_size_45_node1_50_node2_0_node3_0_node4_0,0.609374584295669
Test_U_2Layers_input_size_80_node1_10_node2_100_node3_0_node4_0,0.6093842676876265
Train_U_2Layers_input_size_100_node1_40_node2_30_node3_0_node4_0,0.6094122410667482
Test_U_2Layers_input_size_40_node1_10_node2_10_node3_0_node4_0,0.6095474439326282
Train_U_1Layers_input_size_25_node1_10_node2_0_node3_0_node4_0,0.6095530421026764
Train_U_2Layers_input_size_70_node1_50_node2_70_node3_0_node4_0,0.6095917634083398
Test_U_1Layers_input_size_15_node1_90_node2_0_node3_0_node4_0,0.6095995855957035
Test_U_2Layers_input_size_100_node1_90_node2_30_node3_0_node4_0,0.6097194725033513
Train_U_2Layers_input_size_70_node1_40_node2_60_node3_0_node4_0,0.6097234805472368
Train_U_2Layers_input_size_100_node1_40_node2_80_node3_0_node4_0,0.6099847042010836
Test_U_2Layers_input_size_55_node1_50_node2_60_node3_0_node4_0,0.6100073736558101
Train_U_2Layers_input_size_90_node1_30_node2_60_node3_0_node4_0,0.6100252301439053
Test_U_2Layers_input_size_95_node1_50_node2_60_node3_0_node4_0,0.6100531252803245
Test_U_2Layers_input_size_90_node1_50_node2_100_node3_0_node4_0,0.6101047596715001
Train_U_1Layers_input_size_20_node1_20_node2_0_node3_0_node4_0,0.6101159457328357
Train_U_2Layers_input_size_90_node1_40_node2_50_node3_0_node4_0,0.610207673468927
Test_U_2Layers_input_size_80_node1_10_node2_10_node3_0_node4_0,0.6102212995760251
Test_U_2Layers_input_size_90_node1_80_node2_30_node3_0_node4_0,0.6102871548047957
Train_U_1Layers_input_size_85_node1_10_node2_0_node3_0_node4_0,0.6103234856823433
Train_U_1Layers_input_size_30_node1_80_node2_0_node3_0_node4_0,0.6103277094948407
Test_U_2Layers_input_size_75_node1_40_node2_20_node3_0_node4_0,0.6104292186926398
Train_U_2Layers_input_size_20_node1_100_node2_60_node3_0_node4_0,0.6104498944227683
Test_U_2Layers_input_size_85_node1_20_node2_90_node3_0_node4_0,0.6104805771849015
Test_U_1Layers_input_size_85_node1_10_node2_0_node3_0_node4_0,0.6106122002094678
Train_U_2Layers_input_size_65_node1_80_node2_20_node3_0_node4_0,0.610621083070341
Train_U_2Layers_input_size_60_node1_50_node2_10_node3_0_node4_0,0.6106797213521127
Train_U_2Layers_input_size_80_node1_90_node2_90_node3_0_node4_0,0.6106808681953662
Test_U_2Layers_input_size_95_node1_90_node2_100_node3_0_node4_0,0.6106852115396534
Test_U_2Layers_input_size_60_node1_10_node2_10_node3_0_node4_0,0.6107064398004237
Test_U_2Layers_input_size_95_node1_20_node2_10_node3_0_node4_0,0.6108225965618792
Train_U_2Layers_input_size_65_node1_20_node2_50_node3_0_node4_0,0.6108365748719738
Train_U_2Layers_input_size_40_node1_100_node2_60_node3_0_node4_0,0.6108992659758733
Train_U_2Layers_input_size_50_node1_90_node2_20_node3_0_node4_0,0.6109528288418217
Test_U_2Layers_input_size_90_node1_80_node2_10_node3_0_node4_0,0.6110062406848668
Train_U_2Layers_input_size_55_node1_40_node2_10_node3_0_node4_0,0.61103070126239
Train_U_2Layers_input_size_80_node1_50_node2_80_node3_0_node4_0,0.6110449430618689
Test_U_2Layers_input_size_45_node1_100_node2_20_node3_0_node4_0,0.6111026872309568
Train_U_2Layers_input_size_60_node1_70_node2_70_node3_0_node4_0,0.6111363362996768
Train_U_2Layers_input_size_65_node1_20_node2_70_node3_0_node4_0,0.6111663019179036
Test_U_2Layers_input_size_85_node1_70_node2_10_node3_0_node4_0,0.6112721085401891
Test_U_1Layers_input_size_90_node1_70_node2_0_node3_0_node4_0,0.6113133291580728
Train_U_2Layers_input_size_35_node1_90_node2_60_node3_0_node4_0,0.6113259799907456
Test_U_2Layers_input_size_20_node1_30_node2_80_node3_0_node4_0,0.6115440255533924
Test_U_1Layers_input_size_45_node1_60_node2_0_node3_0_node4_0,0.6117059192310587
Test_U_2Layers_input_size_45_node1_40_node2_100_node3_0_node4_0,0.6117173439682042
Train_U_1Layers_input_size_85_node1_50_node2_0_node3_0_node4_0,0.6118155050918019
Train_U_2Layers_input_size_80_node1_40_node2_30_node3_0_node4_0,0.6119061744393385
Train_U_2Layers_input_size_40_node1_70_node2_90_node3_0_node4_0,0.6119075625038166
Test_U_2Layers_input_size_95_node1_50_node2_100_node3_0_node4_0,0.6119513944993181
Train_U_2Layers_input_size_90_node1_40_node2_20_node3_0_node4_0,0.6121272996762284
Test_U_2Layers_input_size_75_node1_90_node2_90_node3_0_node4_0,0.6122799370978967
Test_U_2Layers_input_size_75_node1_60_node2_80_node3_0_node4_0,0.6123416287170562
Train_U_1Layers_input_size_80_node1_40_node2_0_node3_0_node4_0,0.612373628035856
Train_U_2Layers_input_size_20_node1_60_node2_80_node3_0_node4_0,0.6126261571465761
Test_U_2Layers_input_size_95_node1_10_node2_30_node3_0_node4_0,0.6126332838661648
Test_U_2Layers_input_size_90_node1_60_node2_10_node3_0_node4_0,0.6127702564422725
Test_U_2Layers_input_size_50_node1_90_node2_90_node3_0_node4_0,0.6127783055469888
Train_U_2Layers_input_size_85_node1_60_node2_100_node3_0_node4_0,0.6128041786901092
Test_U_2Layers_input_size_35_node1_30_node2_60_node3_0_node4_0,0.612850037611227
Test_U_2Layers_input_size_70_node1_90_node2_90_node3_0_node4_0,0.6129421341344442
Test_U_2Layers_input_size_70_node1_30_node2_80_node3_0_node4_0,0.6131440513365204
Test_U_2Layers_input_size_40_node1_100_node2_100_node3_0_node4_0,0.6132667199618569
Test_U_2Layers_input_size_85_node1_90_node2_60_node3_0_node4_0,0.6132679105632152
Test_U_2Layers_input_size_95_node1_70_node2_100_node3_0_node4_0,0.6133466795016931
Train_U_2Layers_input_size_85_node1_40_node2_50_node3_0_node4_0,0.6134887878696077
Train_U_2Layers_input_size_95_node1_20_node2_100_node3_0_node4_0,0.613569884199162
Test_U_2Layers_input_size_70_node1_60_node2_40_node3_0_node4_0,0.6136648351312864
Test_U_1Layers_input_size_35_node1_30_node2_0_node3_0_node4_0,0.6136769032894555
Test_U_2Layers_input_size_75_node1_20_node2_90_node3_0_node4_0,0.6137256591460798
Test_U_2Layers_input_size_45_node1_60_node2_70_node3_0_node4_0,0.613754041623484
Test_U_2Layers_input_size_90_node1_100_node2_10_node3_0_node4_0,0.6138342289902119
Train_U_2Layers_input_size_40_node1_20_node2_70_node3_0_node4_0,0.6138420456663235
Train_U_2Layers_input_size_90_node1_60_node2_50_node3_0_node4_0,0.6140345666564676
Test_U_2Layers_input_size_85_node1_80_node2_20_node3_0_node4_0,0.6140391289532002
Train_U_2Layers_input_size_20_node1_80_node2_70_node3_0_node4_0,0.6141632929191249
Test_U_2Layers_input_size_80_node1_20_node2_20_node3_0_node4_0,0.6141734345769285
Train_U_2Layers_input_size_5_node1_80_node2_40_node3_0_node4_0,0.6141750601380853
Test_U_1Layers_input_size_50_node1_20_node2_0_node3_0_node4_0,0.6142066970686776
Test_U_2Layers_input_size_80_node1_60_node2_80_node3_0_node4_0,0.6142323159655927
Train_U_2Layers_input_size_85_node1_30_node2_70_node3_0_node4_0,0.6142664000573451
Test_U_1Layers_input_size_95_node1_50_node2_0_node3_0_node4_0,0.6143431247968213
Test_U_2Layers_input_size_80_node1_20_node2_30_node3_0_node4_0,0.6143628441509332
Train_U_2Layers_input_size_100_node1_10_node2_70_node3_0_node4_0,0.6144179967695718
Train_U_1Layers_input_size_25_node1_90_node2_0_node3_0_node4_0,0.6144242781302118
Test_U_2Layers_input_size_95_node1_20_node2_90_node3_0_node4_0,0.6144387080398277
Train_U_2Layers_input_size_20_node1_50_node2_20_node3_0_node4_0,0.614444867931647
Train_U_2Layers_input_size_80_node1_80_node2_30_node3_0_node4_0,0.6144456924794088
Test_U_1Layers_input_size_70_node1_60_node2_0_node3_0_node4_0,0.6145176663850657
Test_U_2Layers_input_size_65_node1_10_node2_20_node3_0_node4_0,0.614620859541416
Train_U_2Layers_input_size_40_node1_100_node2_80_node3_0_node4_0,0.6146389456550326
Test_U_2Layers_input_size_95_node1_20_node2_20_node3_0_node4_0,0.614798473159753
Train_U_2Layers_input_size_80_node1_80_node2_10_node3_0_node4_0,0.6150638162253644
Test_U_2Layers_input_size_90_node1_40_node2_60_node3_0_node4_0,0.6150969578909777
Train_U_2Layers_input_size_40_node1_70_node2_30_node3_0_node4_0,0.6151112993447517
Train_U_2Layers_input_size_85_node1_10_node2_40_node3_0_node4_0,0.615138552030577
Train_U_2Layers_input_size_10_node1_40_node2_70_node3_0_node4_0,0.6151635507659561
Train_U_2Layers_input_size_60_node1_70_node2_10_node3_0_node4_0,0.615221344340552
Test_U_2Layers_input_size_20_node1_50_node2_10_node3_0_node4_0,0.6153906729633873
Test_U_2Layers_input_size_65_node1_20_node2_20_node3_0_node4_0,0.6155313895066994
Train_U_2Layers_input_size_50_node1_30_node2_50_node3_0_node4_0,0.6155413875826663
Train_U_2Layers_input_size_80_node1_100_node2_80_node3_0_node4_0,0.6155806278561604
Train_U_2Layers_input_size_80_node1_20_node2_90_node3_0_node4_0,0.6157607233923511
Test_U_2Layers_input_size_90_node1_100_node2_90_node3_0_node4_0,0.6158364876686565
Train_U_2Layers_input_size_55_node1_40_node2_100_node3_0_node4_0,0.6159072345205315
Train_U_2Layers_input_size_90_node1_90_node2_100_node3_0_node4_0,0.6159285731179184
Train_U_2Layers_input_size_70_node1_50_node2_60_node3_0_node4_0,0.6159589829707139
Train_U_2Layers_input_size_50_node1_30_node2_30_node3_0_node4_0,0.6159721189821604
Train_U_2Layers_input_size_95_node1_30_node2_20_node3_0_node4_0,0.6161159677971448
Train_U_2Layers_input_size_100_node1_40_node2_100_node3_0_node4_0,0.6162286142271343
Test_U_2Layers_input_size_15_node1_30_node2_100_node3_0_node4_0,0.6162312257936238
Train_U_2Layers_input_size_100_node1_40_node2_20_node3_0_node4_0,0.616285002257967
Test_U_2Layers_input_size_60_node1_40_node2_50_node3_0_node4_0,0.6167126531036216
Test_U_2Layers_input_size_65_node1_90_node2_80_node3_0_node4_0,0.6167502000867924
Train_U_2Layers_input_size_70_node1_60_node2_50_node3_0_node4_0,0.6169015487554373
Train_U_2Layers_input_size_90_node1_100_node2_40_node3_0_node4_0,0.6169117661701934
Train_U_2Layers_input_size_50_node1_50_node2_80_node3_0_node4_0,0.6171495450095191
Train_U_2Layers_input_size_45_node1_10_node2_60_node3_0_node4_0,0.6171732067915753
Test_U_2Layers_input_size_75_node1_90_node2_100_node3_0_node4_0,0.6172777665197877
Test_U_2Layers_input_size_80_node1_40_node2_80_node3_0_node4_0,0.6174045856984564
Train_U_2Layers_input_size_10_node1_80_node2_10_node3_0_node4_0,0.6175614202123382
Test_U_1Layers_input_size_20_node1_20_node2_0_node3_0_node4_0,0.6175706615636422
Test_U_2Layers_input_size_90_node1_100_node2_50_node3_0_node4_0,0.6175884923963522
Test_U_2Layers_input_size_40_node1_40_node2_10_node3_0_node4_0,0.6176338995805952
Train_U_2Layers_input_size_60_node1_80_node2_70_node3_0_node4_0,0.6176729104197737
Train_U_2Layers_input_size_60_node1_10_node2_50_node3_0_node4_0,0.6176887360069957
Test_U_2Layers_input_size_100_node1_90_node2_70_node3_0_node4_0,0.6177091205027959
Train_U_2Layers_input_size_100_node1_20_node2_20_node3_0_node4_0,0.6177196140342124
Train_U_2Layers_input_size_80_node1_60_node2_90_node3_0_node4_0,0.617764119099986
Train_U_2Layers_input_size_60_node1_20_node2_60_node3_0_node4_0,0.6177734056606037
Train_U_2Layers_input_size_50_node1_100_node2_10_node3_0_node4_0,0.6178289532629235
Test_U_2Layers_input_size_20_node1_70_node2_80_node3_0_node4_0,0.6179018353332634
Train_U_2Layers_input_size_95_node1_30_node2_10_node3_0_node4_0,0.6179854871795762
Train_U_2Layers_input_size_65_node1_100_node2_50_node3_0_node4_0,0.6180599420251336
Train_U_2Layers_input_size_35_node1_10_node2_10_node3_0_node4_0,0.6181208880203836
Train_U_2Layers_input_size_85_node1_10_node2_10_node3_0_node4_0,0.618172210109344
Train_U_2Layers_input_size_75_node1_80_node2_20_node3_0_node4_0,0.6182298429421698
Test_U_2Layers_input_size_50_node1_90_node2_70_node3_0_node4_0,0.6182644056021694
Test_U_2Layers_input_size_35_node1_90_node2_100_node3_0_node4_0,0.6182906757876966
Train_U_2Layers_input_size_75_node1_70_node2_40_node3_0_node4_0,0.6183509965860352
Test_U_2Layers_input_size_50_node1_30_node2_10_node3_0_node4_0,0.6185201911714356
Test_U_1Layers_input_size_50_node1_80_node2_0_node3_0_node4_0,0.618736737041704
Test_U_2Layers_input_size_40_node1_100_node2_90_node3_0_node4_0,0.6188899835549853
Test_U_1Layers_input_size_90_node1_30_node2_0_node3_0_node4_0,0.6189038518884701
Train_U_2Layers_input_size_65_node1_50_node2_40_node3_0_node4_0,0.6189943255070423
Train_U_2Layers_input_size_80_node1_10_node2_20_node3_0_node4_0,0.6190969891017899
Test_U_2Layers_input_size_100_node1_20_node2_50_node3_0_node4_0,0.6191354745355815
Train_U_2Layers_input_size_60_node1_50_node2_20_node3_0_node4_0,0.6192684342509246
Train_U_2Layers_input_size_25_node1_10_node2_40_node3_0_node4_0,0.619374853648025
Test_U_2Layers_input_size_95_node1_20_node2_60_node3_0_node4_0,0.6194361754460896
Test_U_2Layers_input_size_15_node1_10_node2_60_node3_0_node4_0,0.6194385088744082
Test_U_2Layers_input_size_55_node1_70_node2_90_node3_0_node4_0,0.6196094747371783
Test_U_2Layers_input_size_70_node1_80_node2_30_node3_0_node4_0,0.6196540124013916
Test_U_2Layers_input_size_15_node1_100_node2_40_node3_0_node4_0,0.6196575473812411
Test_U_2Layers_input_size_5_node1_60_node2_10_node3_0_node4_0,0.6196700278630993
Train_U_2Layers_input_size_80_node1_60_node2_70_node3_0_node4_0,0.619809484359269
Train_U_2Layers_input_size_80_node1_10_node2_50_node3_0_node4_0,0.6200041420090663
Train_U_2Layers_input_size_50_node1_70_node2_20_node3_0_node4_0,0.6200437246947759
Test_U_1Layers_input_size_70_node1_20_node2_0_node3_0_node4_0,0.6201160340786517
Test_U_2Layers_input_size_60_node1_80_node2_60_node3_0_node4_0,0.6201527983285158
Train_U_2Layers_input_size_100_node1_70_node2_10_node3_0_node4_0,0.6202032795414946
Test_U_2Layers_input_size_40_node1_50_node2_50_node3_0_node4_0,0.6206126959235091
Train_U_2Layers_input_size_70_node1_70_node2_30_node3_0_node4_0,0.6207293995217018
Train_U_1Layers_input_size_75_node1_60_node2_0_node3_0_node4_0,0.6207762572488362
Test_U_2Layers_input_size_65_node1_100_node2_40_node3_0_node4_0,0.6212255949756942
Test_U_2Layers_input_size_60_node1_100_node2_40_node3_0_node4_0,0.6212431290167889
Test_U_2Layers_input_size_20_node1_90_node2_50_node3_0_node4_0,0.6216289925047201
Test_U_2Layers_input_size_10_node1_80_node2_90_node3_0_node4_0,0.621644837232267
Test_U_2Layers_input_size_85_node1_30_node2_50_node3_0_node4_0,0.6216552643288484
Train_U_1Layers_input_size_75_node1_30_node2_0_node3_0_node4_0,0.6218714134074543
Train_U_2Layers_input_size_5_node1_20_node2_40_node3_0_node4_0,0.6220249177427887
Test_U_2Layers_input_size_70_node1_20_node2_70_node3_0_node4_0,0.6222164635117408
Train_U_2Layers_input_size_75_node1_70_node2_20_node3_0_node4_0,0.6222967098156462
Train_U_1Layers_input_size_20_node1_30_node2_0_node3_0_node4_0,0.6223153390799524
Test_U_2Layers_input_size_65_node1_30_node2_30_node3_0_node4_0,0.622569460306512
Test_U_2Layers_input_size_20_node1_80_node2_30_node3_0_node4_0,0.6228181185854118
Test_U_1Layers_input_size_80_node1_60_node2_0_node3_0_node4_0,0.6230707193912149
Test_U_2Layers_input_size_80_node1_60_node2_30_node3_0_node4_0,0.6231111355829884
Test_U_2Layers_input_size_55_node1_60_node2_50_node3_0_node4_0,0.6232003767286026
Test_U_2Layers_input_size_75_node1_60_node2_100_node3_0_node4_0,0.6232079802868313
Train_U_2Layers_input_size_85_node1_60_node2_20_node3_0_node4_0,0.6232738978138058
Train_U_2Layers_input_size_10_node1_100_node2_90_node3_0_node4_0,0.6232865927718984
Test_U_2Layers_input_size_45_node1_70_node2_20_node3_0_node4_0,0.6233076787410438
Train_U_2Layers_input_size_70_node1_60_node2_80_node3_0_node4_0,0.6234171135038235
Train_U_2Layers_input_size_30_node1_70_node2_70_node3_0_node4_0,0.6234242602785306
Test_U_2Layers_input_size_55_node1_50_node2_10_node3_0_node4_0,0.6234267938980536
Train_U_2Layers_input_size_80_node1_30_node2_40_node3_0_node4_0,0.62358992775912
Test_U_2Layers_input_size_85_node1_100_node2_20_node3_0_node4_0,0.6236066545734545
Test_U_2Layers_input_size_50_node1_60_node2_50_node3_0_node4_0,0.6237068865827219
Train_U_2Layers_input_size_90_node1_10_node2_10_node3_0_node4_0,0.6237133610883122
Test_U_2Layers_input_size_65_node1_50_node2_70_node3_0_node4_0,0.6237633630318767
Test_U_2Layers_input_size_80_node1_20_node2_50_node3_0_node4_0,0.6237869411530138
Test_U_2Layers_input_size_100_node1_20_node2_60_node3_0_node4_0,0.6238209331673562
Train_U_2Layers_input_size_20_node1_60_node2_100_node3_0_node4_0,0.6238412844918694
Train_U_2Layers_input_size_30_node1_40_node2_20_node3_0_node4_0,0.6239303734383922
Train_U_2Layers_input_size_85_node1_50_node2_10_node3_0_node4_0,0.624153493781267
Test_U_2Layers_input_size_80_node1_70_node2_50_node3_0_node4_0,0.624343670506737
Train_U_1Layers_input_size_100_node1_100_node2_0_node3_0_node4_0,0.6247120909361474
Test_U_1Layers_input_size_55_node1_90_node2_0_node3_0_node4_0,0.6247149294183528
Train_U_2Layers_input_size_70_node1_90_node2_40_node3_0_node4_0,0.6248029159706808
Test_U_2Layers_input_size_100_node1_50_node2_30_node3_0_node4_0,0.624840763787939
Train_U_2Layers_input_size_75_node1_10_node2_70_node3_0_node4_0,0.6250445588440416
Train_U_2Layers_input_size_90_node1_10_node2_30_node3_0_node4_0,0.6253535224540231
Test_U_2Layers_input_size_75_node1_10_node2_30_node3_0_node4_0,0.6254057520812614
Train_U_2Layers_input_size_85_node1_50_node2_90_node3_0_node4_0,0.6257006532579998
Test_U_2Layers_input_size_75_node1_100_node2_80_node3_0_node4_0,0.6257562829988889
Test_U_2Layers_input_size_75_node1_40_node2_100_node3_0_node4_0,0.6257937874175055
Test_U_2Layers_input_size_50_node1_40_node2_80_node3_0_node4_0,0.6258954071426764
Test_U_2Layers_input_size_40_node1_90_node2_50_node3_0_node4_0,0.6261015959082191
Test_U_2Layers_input_size_50_node1_80_node2_90_node3_0_node4_0,0.6263483523423522
Test_U_1Layers_input_size_55_node1_40_node2_0_node3_0_node4_0,0.6264444349358554
Train_U_2Layers_input_size_30_node1_100_node2_80_node3_0_node4_0,0.6266902479425561
Train_U_1Layers_input_size_60_node1_100_node2_0_node3_0_node4_0,0.6267311202250028
Test_U_2Layers_input_size_70_node1_40_node2_40_node3_0_node4_0,0.627191064669558
Train_U_2Layers_input_size_35_node1_70_node2_10_node3_0_node4_0,0.6272396253014426
Test_U_2Layers_input_size_95_node1_10_node2_50_node3_0_node4_0,0.6273539085088267
Test_U_2Layers_input_size_80_node1_50_node2_50_node3_0_node4_0,0.6273783017497445
Train_U_2Layers_input_size_50_node1_60_node2_30_node3_0_node4_0,0.6273993927066503
Test_U_2Layers_input_size_85_node1_80_node2_60_node3_0_node4_0,0.6276305867143828
Train_U_2Layers_input_size_100_node1_10_node2_50_node3_0_node4_0,0.6276689287594985
Train_U_1Layers_input_size_100_node1_90_node2_0_node3_0_node4_0,0.6277924857929763
Test_U_2Layers_input_size_85_node1_20_node2_60_node3_0_node4_0,0.6278192592122176
Test_U_2Layers_input_size_100_node1_10_node2_20_node3_0_node4_0,0.6280185286588822
Test_U_2Layers_input_size_35_node1_40_node2_60_node3_0_node4_0,0.6281781454045433
Train_U_2Layers_input_size_85_node1_40_node2_70_node3_0_node4_0,0.6282290728309682
Train_U_2Layers_input_size_65_node1_60_node2_100_node3_0_node4_0,0.6282574404872844
Train_U_2Layers_input_size_30_node1_90_node2_100_node3_0_node4_0,0.628704654772422
Test_U_2Layers_input_size_65_node1_70_node2_40_node3_0_node4_0,0.628822747604576
Test_U_2Layers_input_size_75_node1_30_node2_50_node3_0_node4_0,0.6289577107670186
Train_U_2Layers_input_size_35_node1_30_node2_50_node3_0_node4_0,0.6292492186049292
Train_U_2Layers_input_size_75_node1_20_node2_50_node3_0_node4_0,0.6292541442040493
Test_U_2Layers_input_size_90_node1_80_node2_40_node3_0_node4_0,0.6293045109783413
Train_U_2Layers_input_size_45_node1_10_node2_20_node3_0_node4_0,0.6293668541101731
Train_U_2Layers_input_size_85_node1_80_node2_100_node3_0_node4_0,0.6294404361577964
Train_U_2Layers_input_size_55_node1_30_node2_100_node3_0_node4_0,0.6297464385740243
Test_U_2Layers_input_size_90_node1_30_node2_30_node3_0_node4_0,0.6298869524679234
Train_U_2Layers_input_size_50_node1_50_node2_60_node3_0_node4_0,0.629890761214381
Test_U_2Layers_input_size_95_node1_40_node2_60_node3_0_node4_0,0.6299277592672408
Test_U_2Layers_input_size_100_node1_70_node2_30_node3_0_node4_0,0.6300099089388191
Train_U_2Layers_input_size_20_node1_60_node2_50_node3_0_node4_0,0.630029705573426
Test_U_1Layers_input_size_95_node1_10_node2_0_node3_0_node4_0,0.6302343526045536
Train_U_2Layers_input_size_60_node1_90_node2_70_node3_0_node4_0,0.6305081833770438
Test_U_2Layers_input_size_60_node1_90_node2_40_node3_0_node4_0,0.6305147062094578
Test_U_2Layers_input_size_75_node1_100_node2_30_node3_0_node4_0,0.6307835725293173
Train_U_2Layers_input_size_55_node1_10_node2_50_node3_0_node4_0,0.6308738069094084
Test_U_2Layers_input_size_45_node1_40_node2_10_node3_0_node4_0,0.6309211866018443
Test_U_2Layers_input_size_80_node1_60_node2_40_node3_0_node4_0,0.6310252393807394
Train_U_2Layers_input_size_20_node1_90_node2_90_node3_0_node4_0,0.6312828178184238
Train_U_2Layers_input_size_25_node1_30_node2_100_node3_0_node4_0,0.631342534562982
Test_U_2Layers_input_size_100_node1_90_node2_40_node3_0_node4_0,0.6315322452718346
Train_U_2Layers_input_size_50_node1_40_node2_90_node3_0_node4_0,0.6316812081118455
Train_U_2Layers_input_size_40_node1_90_node2_80_node3_0_node4_0,0.6318249708871861
Test_U_2Layers_input_size_100_node1_50_node2_60_node3_0_node4_0,0.6318860277370084
Train_U_1Layers_input_size_20_node1_100_node2_0_node3_0_node4_0,0.6318975592490471
Train_U_2Layers_input_size_50_node1_60_node2_100_node3_0_node4_0,0.6319925152540639
Test_U_1Layers_input_size_15_node1_80_node2_0_node3_0_node4_0,0.6320425459296747
Test_U_2Layers_input_size_85_node1_60_node2_90_node3_0_node4_0,0.6321826908986513
Test_U_2Layers_input_size_85_node1_60_node2_60_node3_0_node4_0,0.6321854958382261
Train_U_2Layers_input_size_100_node1_40_node2_10_node3_0_node4_0,0.6322349927244126
Test_U_2Layers_input_size_45_node1_60_node2_20_node3_0_node4_0,0.632255073213266
Test_U_2Layers_input_size_90_node1_100_node2_70_node3_0_node4_0,0.6323564793667782
Test_U_2Layers_input_size_15_node1_60_node2_100_node3_0_node4_0,0.6324280406894037
Train_U_2Layers_input_size_50_node1_80_node2_50_node3_0_node4_0,0.6324973793503219
Train_U_1Layers_input_size_40_node1_30_node2_0_node3_0_node4_0,0.632642982289145
Train_U_2Layers_input_size_30_node1_50_node2_80_node3_0_node4_0,0.6328412744078943
Test_U_2Layers_input_size_10_node1_80_node2_10_node3_0_node4_0,0.632849068232638
Train_U_2Layers_input_size_45_node1_80_node2_90_node3_0_node4_0,0.6328867174119046
Test_U_2Layers_input_size_85_node1_90_node2_50_node3_0_node4_0,0.633168838391651
Train_U_2Layers_input_size_80_node1_100_node2_30_node3_0_node4_0,0.6332644038168015
Test_U_2Layers_input_size_60_node1_20_node2_90_node3_0_node4_0,0.6332725453902096
Test_U_1Layers_input_size_95_node1_70_node2_0_node3_0_node4_0,0.6333254865946636
Test_U_2Layers_input_size_100_node1_70_node2_90_node3_0_node4_0,0.633379364432277
Train_U_2Layers_input_size_85_node1_70_node2_40_node3_0_node4_0,0.6334444822689708
Train_U_2Layers_input_size_20_node1_60_node2_60_node3_0_node4_0,0.633470005317375
Test_U_2Layers_input_size_90_node1_30_node2_40_node3_0_node4_0,0.6335065355964871
Test_U_2Layers_input_size_60_node1_30_node2_50_node3_0_node4_0,0.6335318444579975
Test_U_2Layers_input_size_80_node1_10_node2_70_node3_0_node4_0,0.6337771892170174
Test_U_2Layers_input_size_25_node1_10_node2_40_node3_0_node4_0,0.6339765368416017
Test_U_2Layers_input_size_20_node1_100_node2_60_node3_0_node4_0,0.6342510778848753
Train_U_1Layers_input_size_90_node1_40_node2_0_node3_0_node4_0,0.634762080256028
Train_U_2Layers_input_size_75_node1_60_node2_20_node3_0_node4_0,0.6347738881673702
Test_U_1Layers_input_size_30_node1_80_node2_0_node3_0_node4_0,0.6349883173070628
Test_U_2Layers_input_size_75_node1_100_node2_40_node3_0_node4_0,0.6350042745491393
Train_U_2Layers_input_size_50_node1_80_node2_30_node3_0_node4_0,0.6351189671608853
Test_U_2Layers_input_size_70_node1_50_node2_70_node3_0_node4_0,0.635269317322734
Train_U_2Layers_input_size_60_node1_60_node2_70_node3_0_node4_0,0.6355594307867288
Train_U_2Layers_input_size_20_node1_40_node2_20_node3_0_node4_0,0.6355844937886568
Test_U_2Layers_input_size_90_node1_40_node2_20_node3_0_node4_0,0.6358424516359849
Test_U_2Layers_input_size_85_node1_50_node2_60_node3_0_node4_0,0.6358661208525512
Test_U_1Layers_input_size_25_node1_90_node2_0_node3_0_node4_0,0.6360208161534298
Test_U_2Layers_input_size_20_node1_50_node2_20_node3_0_node4_0,0.636077487731118
Train_U_2Layers_input_size_95_node1_70_node2_60_node3_0_node4_0,0.6362314992736762
Test_U_2Layers_input_size_60_node1_70_node2_70_node3_0_node4_0,0.6365429220058818
Train_U_2Layers_input_size_65_node1_100_node2_70_node3_0_node4_0,0.6365904415479651
Train_U_1Layers_input_size_85_node1_80_node2_0_node3_0_node4_0,0.6370644362345466
Test_U_2Layers_input_size_80_node1_90_node2_90_node3_0_node4_0,0.6371030291458206
Train_U_2Layers_input_size_95_node1_80_node2_20_node3_0_node4_0,0.6371317501103461
Train_U_2Layers_input_size_50_node1_90_node2_10_node3_0_node4_0,0.6373218184520594
Train_U_2Layers_input_size_10_node1_80_node2_70_node3_0_node4_0,0.6376094789558439
Test_U_2Layers_input_size_100_node1_90_node2_90_node3_0_node4_0,0.6376934197530654
Test_U_2Layers_input_size_40_node1_100_node2_60_node3_0_node4_0,0.6380483167269334
Train_U_2Layers_input_size_75_node1_70_node2_30_node3_0_node4_0,0.6383158306713604
Test_U_2Layers_input_size_40_node1_20_node2_70_node3_0_node4_0,0.638466408252926
Train_U_1Layers_input_size_75_node1_50_node2_0_node3_0_node4_0,0.6390224742713084
Test_U_2Layers_input_size_20_node1_80_node2_70_node3_0_node4_0,0.6391303373860379
Train_U_2Layers_input_size_50_node1_30_node2_90_node3_0_node4_0,0.6394332873343891
Train_U_2Layers_input_size_25_node1_90_node2_80_node3_0_node4_0,0.6395706711881505
Test_U_2Layers_input_size_60_node1_60_node2_80_node3_0_node4_0,0.6397925993393866
Test_U_2Layers_input_size_5_node1_80_node2_40_node3_0_node4_0,0.6398127221117066
Test_U_2Layers_input_size_80_node1_50_node2_80_node3_0_node4_0,0.6398588344114031
Train_U_2Layers_input_size_50_node1_60_node2_20_node3_0_node4_0,0.6402834237507842
Train_U_2Layers_input_size_65_node1_10_node2_60_node3_0_node4_0,0.6403678750202662
Test_U_2Layers_input_size_40_node1_100_node2_80_node3_0_node4_0,0.640436028312153
Train_U_2Layers_input_size_65_node1_80_node2_100_node3_0_node4_0,0.6408081490694412
Train_U_2Layers_input_size_50_node1_100_node2_70_node3_0_node4_0,0.6408431216816438
Test_U_1Layers_input_size_15_node1_10_node2_0_node3_0_node4_0,0.640904528412852
Train_U_2Layers_input_size_20_node1_50_node2_40_node3_0_node4_0,0.6409240117878725
Test_U_1Layers_input_size_75_node1_10_node2_0_node3_0_node4_0,0.6411279239420522
Test_U_2Layers_input_size_70_node1_60_node2_60_node3_0_node4_0,0.6412011556259779
Train_U_2Layers_input_size_65_node1_80_node2_80_node3_0_node4_0,0.6412278339577834
Train_U_2Layers_input_size_45_node1_80_node2_20_node3_0_node4_0,0.6413815613245423
Test_U_2Layers_input_size_100_node1_40_node2_20_node3_0_node4_0,0.6415968245936652
Train_U_2Layers_input_size_75_node1_50_node2_50_node3_0_node4_0,0.6416183306913895
Train_U_2Layers_input_size_55_node1_80_node2_20_node3_0_node4_0,0.6416820783333126
Test_U_2Layers_input_size_50_node1_30_node2_50_node3_0_node4_0,0.6417629323517474
Train_U_2Layers_input_size_95_node1_80_node2_100_node3_0_node4_0,0.6419032068564388
Test_U_2Layers_input_size_85_node1_10_node2_40_node3_0_node4_0,0.6419150691168731
Train_U_2Layers_input_size_60_node1_70_node2_100_node3_0_node4_0,0.6419930620828723
Test_U_2Layers_input_size_40_node1_70_node2_30_node3_0_node4_0,0.6423327780537893
Test_U_2Layers_input_size_80_node1_70_node2_100_node3_0_node4_0,0.6424310858018762
Test_U_2Layers_input_size_85_node1_100_node2_90_node3_0_node4_0,0.6425467254480429
Train_U_2Layers_input_size_20_node1_10_node2_90_node3_0_node4_0,0.6427407334341122
Train_U_2Layers_input_size_20_node1_60_node2_90_node3_0_node4_0,0.642747155309708
Test_U_2Layers_input_size_60_node1_80_node2_70_node3_0_node4_0,0.6427648441154072
Train_U_2Layers_input_size_30_node1_100_node2_70_node3_0_node4_0,0.642789718899288
Test_U_2Layers_input_size_100_node1_40_node2_80_node3_0_node4_0,0.6432800401551622
Train_U_2Layers_input_size_85_node1_80_node2_40_node3_0_node4_0,0.6436697780289299
Test_U_2Layers_input_size_90_node1_30_node2_60_node3_0_node4_0,0.6436856589523879
Train_U_2Layers_input_size_70_node1_60_node2_90_node3_0_node4_0,0.6438330365301336
Test_U_2Layers_input_size_10_node1_40_node2_70_node3_0_node4_0,0.6439688569781195
Test_U_2Layers_input_size_85_node1_60_node2_70_node3_0_node4_0,0.6440244820973234
Test_U_2Layers_input_size_95_node1_20_node2_100_node3_0_node4_0,0.6440848683226129
Test_U_2Layers_input_size_85_node1_10_node2_10_node3_0_node4_0,0.6441799477996587
Train_U_2Layers_input_size_65_node1_100_node2_80_node3_0_node4_0,0.6442025936153848
Train_U_2Layers_input_size_80_node1_100_node2_50_node3_0_node4_0,0.6444353668100632
Test_U_2Layers_input_size_50_node1_30_node2_30_node3_0_node4_0,0.6444363842132176
Test_U_1Layers_input_size_80_node1_40_node2_0_node3_0_node4_0,0.6444378409467558
Test_U_2Layers_input_size_90_node1_90_node2_100_node3_0_node4_0,0.6444389277140763
Train_U_2Layers_input_size_35_node1_70_node2_20_node3_0_node4_0,0.6444618418919421
Train_U_2Layers_input_size_15_node1_50_node2_90_node3_0_node4_0,0.6444746050363138
Test_U_2Layers_input_size_90_node1_40_node2_50_node3_0_node4_0,0.6448455275521945
Train_U_2Layers_input_size_70_node1_70_node2_10_node3_0_node4_0,0.6448553715317917
Test_U_2Layers_input_size_95_node1_30_node2_20_node3_0_node4_0,0.6450502791140142
Test_U_2Layers_input_size_50_node1_100_node2_10_node3_0_node4_0,0.6451979916558459
Train_U_2Layers_input_size_75_node1_40_node2_10_node3_0_node4_0,0.6452659119052232
Train_U_2Layers_input_size_50_node1_10_node2_70_node3_0_node4_0,0.6456289480703493
Train_U_2Layers_input_size_80_node1_90_node2_60_node3_0_node4_0,0.6456457732220094
Test_U_2Layers_input_size_80_node1_20_node2_90_node3_0_node4_0,0.6456608670178857
Test_U_2Layers_input_size_5_node1_20_node2_40_node3_0_node4_0,0.6459318490927731
Train_U_1Layers_input_size_80_node1_80_node2_0_node3_0_node4_0,0.6459786548985451
Train_U_2Layers_input_size_55_node1_80_node2_90_node3_0_node4_0,0.646000291921709
Train_U_2Layers_input_size_100_node1_50_node2_70_node3_0_node4_0,0.6462537002457543
Train_U_2Layers_input_size_100_node1_50_node2_90_node3_0_node4_0,0.6464847898914123
Train_U_2Layers_input_size_20_node1_70_node2_100_node3_0_node4_0,0.6467222024070162
Test_U_2Layers_input_size_45_node1_80_node2_60_node3_0_node4_0,0.6468211100885561
Test_U_2Layers_input_size_100_node1_70_node2_10_node3_0_node4_0,0.6468401388090292
Test_U_2Layers_input_size_85_node1_60_node2_100_node3_0_node4_0,0.6468536152276503
Test_U_2Layers_input_size_75_node1_70_node2_20_node3_0_node4_0,0.647183504115303
Train_U_2Layers_input_size_90_node1_20_node2_90_node3_0_node4_0,0.647340397956156
Test_U_2Layers_input_size_60_node1_10_node2_50_node3_0_node4_0,0.6476850165040027
Train_U_2Layers_input_size_45_node1_50_node2_30_node3_0_node4_0,0.647719456771529
Train_U_1Layers_input_size_50_node1_30_node2_0_node3_0_node4_0,0.648426331573271
Test_U_2Layers_input_size_20_node1_90_node2_70_node3_0_node4_0,0.6490926764741373
Test_U_2Layers_input_size_60_node1_50_node2_20_node3_0_node4_0,0.6493911853862303
Train_U_2Layers_input_size_50_node1_60_node2_40_node3_0_node4_0,0.6494021307057071
Train_U_2Layers_input_size_45_node1_90_node2_50_node3_0_node4_0,0.649417756722634
Test_U_1Layers_input_size_55_node1_30_node2_0_node3_0_node4_0,0.6494558679418828
Test_U_2Layers_input_size_65_node1_100_node2_50_node3_0_node4_0,0.6495763819626195
Test_U_1Layers_input_size_50_node1_40_node2_0_node3_0_node4_0,0.6498271116166123
Train_U_2Layers_input_size_85_node1_70_node2_70_node3_0_node4_0,0.6503976357571891
Test_U_2Layers_input_size_20_node1_60_node2_100_node3_0_node4_0,0.6504570637811653
Train_U_2Layers_input_size_40_node1_90_node2_90_node3_0_node4_0,0.6505308028822163
Test_U_2Layers_input_size_90_node1_100_node2_40_node3_0_node4_0,0.6507591601008077
Train_U_2Layers_input_size_75_node1_50_node2_70_node3_0_node4_0,0.6512047194702947
Train_U_2Layers_input_size_40_node1_80_node2_80_node3_0_node4_0,0.6512422684926273
Test_U_2Layers_input_size_75_node1_10_node2_70_node3_0_node4_0,0.6515094881881874
Test_U_2Layers_input_size_100_node1_40_node2_100_node3_0_node4_0,0.651531353212903
Test_U_2Layers_input_size_90_node1_10_node2_30_node3_0_node4_0,0.651733912874838
Train_U_2Layers_input_size_75_node1_10_node2_80_node3_0_node4_0,0.6522324746987933
Train_U_2Layers_input_size_45_node1_50_node2_60_node3_0_node4_0,0.6526224374813967
Train_U_2Layers_input_size_80_node1_90_node2_70_node3_0_node4_0,0.6531000150802323
Test_U_2Layers_input_size_80_node1_30_node2_40_node3_0_node4_0,0.6531056734355871
Test_U_2Layers_input_size_10_node1_100_node2_90_node3_0_node4_0,0.6532737133701766
Train_U_2Layers_input_size_60_node1_100_node2_100_node3_0_node4_0,0.6536626446349096
Train_U_2Layers_input_size_50_node1_20_node2_80_node3_0_node4_0,0.6537893803845239
Test_U_2Layers_input_size_70_node1_70_node2_30_node3_0_node4_0,0.6538589150490988
Test_U_1Layers_input_size_60_node1_100_node2_0_node3_0_node4_0,0.6543480241055584
Train_U_2Layers_input_size_50_node1_100_node2_50_node3_0_node4_0,0.6544151085454878
Test_U_2Layers_input_size_85_node1_60_node2_20_node3_0_node4_0,0.6547286473638131
Test_U_1Layers_input_size_85_node1_30_node2_0_node3_0_node4_0,0.6547349971757997
Test_U_1Layers_input_size_40_node1_30_node2_0_node3_0_node4_0,0.6547406186425463
Test_U_2Layers_input_size_85_node1_40_node2_20_node3_0_node4_0,0.6547994704534502
Train_U_2Layers_input_size_50_node1_70_node2_100_node3_0_node4_0,0.6548386110337612
Train_U_2Layers_input_size_50_node1_40_node2_50_node3_0_node4_0,0.6556054537671391
Train_U_2Layers_input_size_85_node1_40_node2_30_node3_0_node4_0,0.6558412232423246
Test_U_2Layers_input_size_20_node1_90_node2_90_node3_0_node4_0,0.6560373188705344
Test_U_2Layers_input_size_30_node1_90_node2_100_node3_0_node4_0,0.656614429466496
Train_U_2Layers_input_size_15_node1_100_node2_60_node3_0_node4_0,0.6569494425570271
Train_U_2Layers_input_size_80_node1_80_node2_20_node3_0_node4_0,0.657097881807586
Test_U_2Layers_input_size_85_node1_50_node2_90_node3_0_node4_0,0.657311217253564
Train_U_2Layers_input_size_65_node1_60_node2_80_node3_0_node4_0,0.657754354557483
Test_U_2Layers_input_size_30_node1_100_node2_80_node3_0_node4_0,0.6578098559836124
Train_U_2Layers_input_size_100_node1_100_node2_20_node3_0_node4_0,0.6582555551899395
Train_U_2Layers_input_size_20_node1_100_node2_70_node3_0_node4_0,0.6585399773163826
Test_U_2Layers_input_size_100_node1_10_node2_50_node3_0_node4_0,0.6588792130204045
Test_U_2Layers_input_size_55_node1_10_node2_50_node3_0_node4_0,0.6592440651433715
Train_U_2Layers_input_size_85_node1_20_node2_100_node3_0_node4_0,0.6592546660555066
Test_U_2Layers_input_size_85_node1_10_node2_80_node3_0_node4_0,0.6593669936069173
Test_U_2Layers_input_size_20_node1_60_node2_50_node3_0_node4_0,0.6593697733016567
Train_U_2Layers_input_size_85_node1_20_node2_20_node3_0_node4_0,0.6595043823799366
Test_U_2Layers_input_size_25_node1_30_node2_100_node3_0_node4_0,0.6603488528295625
Test_U_2Layers_input_size_55_node1_30_node2_100_node3_0_node4_0,0.6606932718661603
Train_U_2Layers_input_size_20_node1_40_node2_30_node3_0_node4_0,0.660908152332262
Test_U_1Layers_input_size_50_node1_30_node2_0_node3_0_node4_0,0.6609524772516241
Train_U_2Layers_input_size_50_node1_30_node2_80_node3_0_node4_0,0.6610160961268922
Test_U_2Layers_input_size_80_node1_100_node2_90_node3_0_node4_0,0.6619578950607217
Test_U_2Layers_input_size_85_node1_40_node2_70_node3_0_node4_0,0.6619583002538939
Train_U_2Layers_input_size_50_node1_20_node2_10_node3_0_node4_0,0.6625296235209188
Train_U_2Layers_input_size_15_node1_90_node2_40_node3_0_node4_0,0.6626221463225277
Train_U_2Layers_input_size_75_node1_40_node2_60_node3_0_node4_0,0.6634777636176044
Test_U_2Layers_input_size_30_node1_50_node2_80_node3_0_node4_0,0.663686870475145
Test_U_2Layers_input_size_45_node1_80_node2_90_node3_0_node4_0,0.6642344083984091
Train_U_2Layers_input_size_85_node1_60_node2_80_node3_0_node4_0,0.6646680651335638
Test_U_2Layers_input_size_75_node1_60_node2_20_node3_0_node4_0,0.6649744615813717
Test_U_1Layers_input_size_90_node1_40_node2_0_node3_0_node4_0,0.6656031519926385
Train_U_2Layers_input_size_80_node1_50_node2_40_node3_0_node4_0,0.6658897840356407
Train_U_2Layers_input_size_85_node1_50_node2_80_node3_0_node4_0,0.6670248266586811
Test_U_2Layers_input_size_85_node1_70_node2_40_node3_0_node4_0,0.667037046384524
Test_U_2Layers_input_size_75_node1_20_node2_100_node3_0_node4_0,0.6670456022933245
Test_U_2Layers_input_size_80_node1_70_node2_10_node3_0_node4_0,0.6672099527337649
Test_U_2Layers_input_size_85_node1_70_node2_30_node3_0_node4_0,0.667211158743918
Train_U_2Layers_input_size_65_node1_90_node2_10_node3_0_node4_0,0.6672665658597362
Train_U_2Layers_input_size_20_node1_90_node2_100_node3_0_node4_0,0.667823441076196
Test_U_2Layers_input_size_65_node1_10_node2_60_node3_0_node4_0,0.6680240942798443
Train_U_2Layers_input_size_85_node1_30_node2_90_node3_0_node4_0,0.6681527447627066
Train_U_2Layers_input_size_20_node1_20_node2_40_node3_0_node4_0,0.6682442214193647
Train_U_2Layers_input_size_20_node1_90_node2_80_node3_0_node4_0,0.6688821136247468
Test_U_2Layers_input_size_20_node1_50_node2_40_node3_0_node4_0,0.6689692806210251
Test_U_1Layers_input_size_100_node1_90_node2_0_node3_0_node4_0,0.6694338386028796
Train_U_2Layers_input_size_65_node1_40_node2_70_node3_0_node4_0,0.6698692901703966
Train_U_2Layers_input_size_50_node1_40_node2_100_node3_0_node4_0,0.6699910475716383
Train_U_2Layers_input_size_60_node1_70_node2_90_node3_0_node4_0,0.6700909459605516
Test_U_2Layers_input_size_50_node1_90_node2_10_node3_0_node4_0,0.6703699242952563
Train_U_2Layers_input_size_100_node1_60_node2_80_node3_0_node4_0,0.6709709516980129
Test_U_2Layers_input_size_35_node1_70_node2_20_node3_0_node4_0,0.6718755322831286
Test_U_2Layers_input_size_55_node1_80_node2_20_node3_0_node4_0,0.6729536269778003
Test_U_2Layers_input_size_60_node1_60_node2_70_node3_0_node4_0,0.6729896304095471
Train_U_2Layers_input_size_65_node1_80_node2_10_node3_0_node4_0,0.6733502227448018
Test_U_2Layers_input_size_20_node1_10_node2_90_node3_0_node4_0,0.6733772427889954
Test_U_2Layers_input_size_50_node1_60_node2_20_node3_0_node4_0,0.6738332333578444
Test_U_2Layers_input_size_65_node1_100_node2_70_node3_0_node4_0,0.6738630645096881
Test_U_2Layers_input_size_85_node1_50_node2_50_node3_0_node4_0,0.6740378012131205
Test_U_2Layers_input_size_85_node1_80_node2_100_node3_0_node4_0,0.6744437460024634
Train_U_2Layers_input_size_35_node1_70_node2_80_node3_0_node4_0,0.6745716360521969
Train_U_2Layers_input_size_20_node1_100_node2_80_node3_0_node4_0,0.6748041354451771
Test_U_2Layers_input_size_75_node1_50_node2_50_node3_0_node4_0,0.6751489713312231
Test_U_2Layers_input_size_30_node1_100_node2_70_node3_0_node4_0,0.6754505031643967
Test_U_2Layers_input_size_75_node1_40_node2_10_node3_0_node4_0,0.6759343938451923
Test_U_2Layers_input_size_95_node1_80_node2_20_node3_0_node4_0,0.6763474622643157
Train_U_2Layers_input_size_75_node1_100_node2_50_node3_0_node4_0,0.6771651634260965
Train_U_1Layers_input_size_80_node1_100_node2_0_node3_0_node4_0,0.6773428321840961
Test_U_2Layers_input_size_70_node1_60_node2_90_node3_0_node4_0,0.67768569463644
Test_U_2Layers_input_size_55_node1_80_node2_90_node3_0_node4_0,0.6777670684756166
Test_U_2Layers_input_size_20_node1_70_node2_100_node3_0_node4_0,0.6779757243103437
Train_U_2Layers_input_size_50_node1_100_node2_60_node3_0_node4_0,0.6781441716591221
Train_U_2Layers_input_size_85_node1_90_node2_60_node3_0_node4_0,0.678533758734805
Test_U_2Layers_input_size_60_node1_70_node2_100_node3_0_node4_0,0.6810136988924286
Test_U_2Layers_input_size_95_node1_70_node2_60_node3_0_node4_0,0.6817443244118706
Test_U_2Layers_input_size_45_node1_90_node2_50_node3_0_node4_0,0.6836704974007505
Train_U_1Layers_input_size_100_node1_10_node2_0_node3_0_node4_0,0.6837010762566486
Test_U_2Layers_input_size_85_node1_80_node2_40_node3_0_node4_0,0.6839629783747635
Test_U_2Layers_input_size_75_node1_50_node2_70_node3_0_node4_0,0.6858621073589221
Test_U_2Layers_input_size_75_node1_10_node2_80_node3_0_node4_0,0.6874071622068055
Test_U_2Layers_input_size_60_node1_100_node2_100_node3_0_node4_0,0.6875175343791688
Test_U_2Layers_input_size_15_node1_100_node2_60_node3_0_node4_0,0.6894467275176805
Train_U_2Layers_input_size_85_node1_10_node2_50_node3_0_node4_0,0.6897999266791699
Train_U_2Layers_input_size_85_node1_10_node2_60_node3_0_node4_0,0.6898178346287138
Train_U_2Layers_input_size_85_node1_40_node2_60_node3_0_node4_0,0.6902126418935974
Train_U_2Layers_input_size_60_node1_100_node2_30_node3_0_node4_0,0.6903361212581861
Train_U_2Layers_input_size_85_node1_80_node2_90_node3_0_node4_0,0.6904156803506986
Train_U_1Layers_input_size_70_node1_60_node2_0_node3_0_node4_0,0.690844679541033
Test_U_2Layers_input_size_20_node1_100_node2_70_node3_0_node4_0,0.6910287505391737
Test_U_2Layers_input_size_80_node1_90_node2_70_node3_0_node4_0,0.6910870564201502
Test_U_2Layers_input_size_50_node1_20_node2_10_node3_0_node4_0,0.6913166957983451
Test_U_2Layers_input_size_50_node1_40_node2_50_node3_0_node4_0,0.6919266848741867
Test_U_2Layers_input_size_15_node1_90_node2_40_node3_0_node4_0,0.6920916721324687
Train_U_1Layers_input_size_80_node1_60_node2_0_node3_0_node4_0,0.6923451702608707
Test_U_2Layers_input_size_50_node1_100_node2_50_node3_0_node4_0,0.692752540344184
Test_U_2Layers_input_size_20_node1_40_node2_30_node3_0_node4_0,0.6933350679676964
Test_U_2Layers_input_size_80_node1_80_node2_20_node3_0_node4_0,0.6937734093024349
Test_U_2Layers_input_size_85_node1_90_node2_80_node3_0_node4_0,0.6947426550381857
Test_U_2Layers_input_size_65_node1_60_node2_80_node3_0_node4_0,0.695601349743054
Train_U_2Layers_input_size_100_node1_30_node2_100_node3_0_node4_0,0.6963904308348008
Test_U_2Layers_input_size_85_node1_40_node2_30_node3_0_node4_0,0.6974940206414982
Train_U_2Layers_input_size_50_node1_60_node2_70_node3_0_node4_0,0.6985802745607269
Train_U_2Layers_input_size_45_node1_90_node2_70_node3_0_node4_0,0.6986233824449952
Train_U_2Layers_input_size_85_node1_20_node2_80_node3_0_node4_0,0.6988248301514195
Train_U_2Layers_input_size_80_node1_20_node2_40_node3_0_node4_0,0.6993547019706066
Train_U_2Layers_input_size_85_node1_30_node2_50_node3_0_node4_0,0.7005685106996854
Test_U_2Layers_input_size_20_node1_20_node2_40_node3_0_node4_0,0.7007557901544027
Train_U_2Layers_input_size_20_node1_40_node2_10_node3_0_node4_0,0.7009029031923907
Train_U_2Layers_input_size_75_node1_40_node2_100_node3_0_node4_0,0.7014433991198491
Train_U_2Layers_input_size_15_node1_70_node2_40_node3_0_node4_0,0.7023986455491548
Train_U_2Layers_input_size_85_node1_90_node2_50_node3_0_node4_0,0.7025721813940122
Test_U_1Layers_input_size_85_node1_20_node2_0_node3_0_node4_0,0.7032273112141534
Test_U_2Layers_input_size_20_node1_90_node2_100_node3_0_node4_0,0.7039208252950561
Train_U_2Layers_input_size_20_node1_80_node2_20_node3_0_node4_0,0.7045733475687163
Train_U_2Layers_input_size_50_node1_90_node2_90_node3_0_node4_0,0.7047811078069887
Test_U_2Layers_input_size_75_node1_40_node2_60_node3_0_node4_0,0.7053215895689474
Train_U_2Layers_input_size_100_node1_90_node2_40_node3_0_node4_0,0.7055964796791577
Test_U_2Layers_input_size_85_node1_60_node2_80_node3_0_node4_0,0.7062102762376706
Train_U_2Layers_input_size_50_node1_50_node2_70_node3_0_node4_0,0.7074908454087075
Test_U_2Layers_input_size_20_node1_100_node2_80_node3_0_node4_0,0.7077965993547843
Train_U_2Layers_input_size_85_node1_30_node2_40_node3_0_node4_0,0.7081589530892225
Train_U_2Layers_input_size_50_node1_90_node2_70_node3_0_node4_0,0.7087491488577763
Test_U_2Layers_input_size_50_node1_40_node2_100_node3_0_node4_0,0.7089674345992883
Train_U_2Layers_input_size_20_node1_70_node2_70_node3_0_node4_0,0.709278308479612
Train_U_2Layers_input_size_80_node1_30_node2_90_node3_0_node4_0,0.7094868122324192
Test_U_2Layers_input_size_85_node1_50_node2_100_node3_0_node4_0,0.7095454074343528
Train_U_2Layers_input_size_55_node1_100_node2_70_node3_0_node4_0,0.7102470818271326
Train_U_2Layers_input_size_85_node1_30_node2_100_node3_0_node4_0,0.7104361726277458
Train_U_2Layers_input_size_85_node1_60_node2_60_node3_0_node4_0,0.7107844764433308
Train_U_2Layers_input_size_100_node1_50_node2_50_node3_0_node4_0,0.7110355016212164
Train_U_2Layers_input_size_20_node1_80_node2_50_node3_0_node4_0,0.7116089469215348
Test_U_2Layers_input_size_60_node1_70_node2_90_node3_0_node4_0,0.7118701895131789
Test_U_2Layers_input_size_65_node1_40_node2_70_node3_0_node4_0,0.7123311394815514
Train_U_2Layers_input_size_85_node1_50_node2_60_node3_0_node4_0,0.7136442616533144
Train_U_2Layers_input_size_85_node1_60_node2_70_node3_0_node4_0,0.714076563323117
Test_U_2Layers_input_size_100_node1_60_node2_80_node3_0_node4_0,0.7150272905036622
Test_U_1Layers_input_size_80_node1_100_node2_0_node3_0_node4_0,0.7168786524552386
Train_U_2Layers_input_size_85_node1_90_node2_20_node3_0_node4_0,0.7184168416654215
Train_U_2Layers_input_size_75_node1_100_node2_40_node3_0_node4_0,0.7192244829458629
Train_U_2Layers_input_size_20_node1_50_node2_80_node3_0_node4_0,0.721742165303956
Train_U_2Layers_input_size_40_node1_40_node2_10_node3_0_node4_0,0.7222620120662196
Train_U_2Layers_input_size_85_node1_10_node2_80_node3_0_node4_0,0.7230540649782008
Train_U_2Layers_input_size_85_node1_60_node2_40_node3_0_node4_0,0.7239834943465301
Train_U_1Layers_input_size_85_node1_30_node2_0_node3_0_node4_0,0.7306594191798548
Test_U_2Layers_input_size_85_node1_80_node2_90_node3_0_node4_0,0.7317997439138753
Test_U_2Layers_input_size_85_node1_10_node2_50_node3_0_node4_0,0.7334482554495143
Test_U_2Layers_input_size_85_node1_10_node2_60_node3_0_node4_0,0.7340003336196266
Test_U_1Layers_input_size_100_node1_10_node2_0_node3_0_node4_0,0.7352639357599331
Test_U_2Layers_input_size_20_node1_40_node2_10_node3_0_node4_0,0.7357997870727754
Test_U_2Layers_input_size_85_node1_40_node2_60_node3_0_node4_0,0.7360804214517833
Test_U_2Layers_input_size_45_node1_90_node2_70_node3_0_node4_0,0.7375771934714312
Train_U_1Layers_input_size_55_node1_30_node2_0_node3_0_node4_0,0.7376898763596201
Test_U_2Layers_input_size_80_node1_20_node2_40_node3_0_node4_0,0.7382831876214653
Train_U_2Layers_input_size_85_node1_40_node2_20_node3_0_node4_0,0.73914976350824
Test_U_2Layers_input_size_100_node1_30_node2_100_node3_0_node4_0,0.7401911740542416
Test_U_2Layers_input_size_85_node1_20_node2_80_node3_0_node4_0,0.7426325216742329
Test_U_2Layers_input_size_85_node1_30_node2_100_node3_0_node4_0,0.7429413831546274
Test_U_2Layers_input_size_80_node1_30_node2_90_node3_0_node4_0,0.7487532266283008
Test_U_2Layers_input_size_20_node1_80_node2_20_node3_0_node4_0,0.7488634319070965
Train_U_2Layers_input_size_45_node1_80_node2_60_node3_0_node4_0,0.7492297906628956
Test_U_2Layers_input_size_50_node1_50_node2_70_node3_0_node4_0,0.7509887456215721
Test_U_2Layers_input_size_85_node1_30_node2_40_node3_0_node4_0,0.751282390334184
Train_U_1Layers_input_size_50_node1_40_node2_0_node3_0_node4_0,0.751493476981497
Train_U_2Layers_input_size_75_node1_20_node2_100_node3_0_node4_0,0.7519672342933604
Test_U_2Layers_input_size_20_node1_80_node2_50_node3_0_node4_0,0.752426751332587
Train_U_2Layers_input_size_85_node1_100_node2_50_node3_0_node4_0,0.7534251679368862
Train_U_2Layers_input_size_85_node1_50_node2_50_node3_0_node4_0,0.7536004587753179
Test_U_2Layers_input_size_55_node1_100_node2_70_node3_0_node4_0,0.754156673920187
Train_U_2Layers_input_size_80_node1_100_node2_90_node3_0_node4_0,0.7551492514464568
Train_U_2Layers_input_size_85_node1_90_node2_40_node3_0_node4_0,0.7570916512941613
Train_U_2Layers_input_size_85_node1_70_node2_30_node3_0_node4_0,0.7575584064288383
Test_U_2Layers_input_size_100_node1_50_node2_50_node3_0_node4_0,0.7576969097899602
Train_U_2Layers_input_size_85_node1_40_node2_90_node3_0_node4_0,0.7586534297893996
Test_U_2Layers_input_size_85_node1_10_node2_90_node3_0_node4_0,0.7599212565536704
Test_U_2Layers_input_size_85_node1_90_node2_20_node3_0_node4_0,0.7609977244018538
Test_U_2Layers_input_size_20_node1_50_node2_80_node3_0_node4_0,0.7616320829727337
Test_U_2Layers_input_size_85_node1_60_node2_40_node3_0_node4_0,0.7662993594726848
Train_U_2Layers_input_size_20_node1_90_node2_70_node3_0_node4_0,0.7722112008397655
Train_U_2Layers_input_size_85_node1_90_node2_30_node3_0_node4_0,0.776727556766915
Train_U_2Layers_input_size_95_node1_50_node2_70_node3_0_node4_0,0.7796457604376112
Train_U_2Layers_input_size_85_node1_90_node2_80_node3_0_node4_0,0.7839669857177881
Train_U_2Layers_input_size_85_node1_100_node2_70_node3_0_node4_0,0.7844368594880263
Train_U_2Layers_input_size_80_node1_90_node2_100_node3_0_node4_0,0.7880957318043607
Train_U_1Layers_input_size_85_node1_20_node2_0_node3_0_node4_0,0.7894117507776139
Train_U_2Layers_input_size_85_node1_50_node2_100_node3_0_node4_0,0.7917034408326885
Test_U_2Layers_input_size_85_node1_90_node2_40_node3_0_node4_0,0.7983493256078741
Test_U_2Layers_input_size_85_node1_100_node2_50_node3_0_node4_0,0.7987186944524896
Train_U_2Layers_input_size_85_node1_70_node2_50_node3_0_node4_0,0.8031932326843888
Test_U_2Layers_input_size_85_node1_40_node2_90_node3_0_node4_0,0.8045020028534515
Test_U_2Layers_input_size_85_node1_90_node2_30_node3_0_node4_0,0.819463199375709
Train_U_2Layers_input_size_85_node1_40_node2_40_node3_0_node4_0,0.8202799472707664
Test_U_2Layers_input_size_85_node1_100_node2_70_node3_0_node4_0,0.825818610812338
Test_U_2Layers_input_size_95_node1_50_node2_70_node3_0_node4_0,0.829354650827045
Test_U_2Layers_input_size_80_node1_90_node2_100_node3_0_node4_0,0.8346352103595608
Test_U_2Layers_input_size_85_node1_100_node2_80_node3_0_node4_0,0.8426726138384418
Test_U_2Layers_input_size_85_node1_70_node2_50_node3_0_node4_0,0.8463123056867757
Train_U_1Layers_input_size_85_node1_60_node2_0_node3_0_node4_0,0.8552567380401654
Train_U_2Layers_input_size_80_node1_100_node2_10_node3_0_node4_0,0.8601028481241931
Train_U_2Layers_input_size_85_node1_10_node2_90_node3_0_node4_0,0.8651889763281931
Test_U_2Layers_input_size_85_node1_80_node2_80_node3_0_node4_0,0.874604680814153
Test_U_2Layers_input_size_85_node1_40_node2_40_node3_0_node4_0,0.8754354142897938
Train_U_2Layers_input_size_50_node1_60_node2_80_node3_0_node4_0,0.8879310622197707
Test_U_1Layers_input_size_85_node1_60_node2_0_node3_0_node4_0,0.8991443341415921
Test_U_2Layers_input_size_80_node1_100_node2_10_node3_0_node4_0,0.9077647145706319
Test_U_2Layers_input_size_50_node1_60_node2_80_node3_0_node4_0,0.9337163230205414
Train_U_2Layers_input_size_15_node1_70_node2_10_node3_0_node4_0,0.9507434984797849
Train_U_2Layers_input_size_45_node1_70_node2_10_node3_0_node4_0,0.9508795945172005
Train_U_2Layers_input_size_95_node1_70_node2_10_node3_0_node4_0,0.9510255736333063
Train_U_2Layers_input_size_65_node1_100_node2_10_node3_0_node4_0,0.9511236534976439
Train_U_1Layers_input_size_45_node1_10_node2_0_node3_0_node4_0,0.9511542347989663
Train_U_2Layers_input_size_90_node1_10_node2_80_node3_0_node4_0,0.9554680962299097
Train_U_2Layers_input_size_85_node1_100_node2_80_node3_0_node4_0,0.9621852124674194
Train_U_2Layers_input_size_85_node1_80_node2_80_node3_0_node4_0,0.9947862907916838
Train_U_2Layers_input_size_85_node1_70_node2_60_node3_0_node4_0,1.016297161983336
Test_U_1Layers_input_size_85_node1_70_node2_0_node3_0_node4_0,1.0200570457064455
Test_U_2Layers_input_size_85_node1_70_node2_60_node3_0_node4_0,1.0612819646148464
Train_U_1Layers_input_size_85_node1_70_node2_0_node3_0_node4_0,1.1546712355442559
Test_U_2Layers_input_size_85_node1_60_node2_50_node3_0_node4_0,1.1564026809099197
Test_U_2Layers_input_size_90_node1_10_node2_80_node3_0_node4_0,1.1886485718979245
Test_U_2Layers_input_size_45_node1_70_node2_10_node3_0_node4_0,1.222435196951249
Test_U_2Layers_input_size_95_node1_70_node2_10_node3_0_node4_0,1.2352281832996728
Test_U_2Layers_input_size_15_node1_70_node2_10_node3_0_node4_0,1.2411984999038772
Test_U_2Layers_input_size_65_node1_100_node2_10_node3_0_node4_0,1.242258705641439
Test_U_1Layers_input_size_45_node1_10_node2_0_node3_0_node4_0,1.250749268084199
Train_U_2Layers_input_size_85_node1_60_node2_50_node3_0_node4_0,1.3045119207414344
